-- phpMyAdmin SQL Dump
-- version 5.1.1
-- https://www.phpmyadmin.net/
--
-- Gazdă: localhost
-- Timp de generare: mart. 14, 2022 la 05:34 PM
-- Versiune server: 8.0.27
-- Versiune PHP: 7.4.27

SET SQL_MODE = "NO_AUTO_VALUE_ON_ZERO";
START TRANSACTION;
SET time_zone = "+00:00";


/*!40101 SET @OLD_CHARACTER_SET_CLIENT=@@CHARACTER_SET_CLIENT */;
/*!40101 SET @OLD_CHARACTER_SET_RESULTS=@@CHARACTER_SET_RESULTS */;
/*!40101 SET @OLD_COLLATION_CONNECTION=@@COLLATION_CONNECTION */;
/*!40101 SET NAMES utf8mb4 */;

--
-- Bază de date: `tes1`
--

-- --------------------------------------------------------

--
-- Structură tabel pentru tabel `activity_log`
--

CREATE TABLE `activity_log` (
  `id` bigint UNSIGNED NOT NULL,
  `log_name` varchar(255) COLLATE utf8_unicode_ci DEFAULT NULL,
  `description` text COLLATE utf8_unicode_ci NOT NULL,
  `subject_id` bigint DEFAULT NULL,
  `subject_type` varchar(255) COLLATE utf8_unicode_ci DEFAULT NULL,
  `causer_id` int DEFAULT NULL,
  `causer_type` varchar(255) COLLATE utf8_unicode_ci DEFAULT NULL,
  `properties` text COLLATE utf8_unicode_ci,
  `created_at` timestamp NULL DEFAULT NULL,
  `updated_at` timestamp NULL DEFAULT NULL
) ENGINE=InnoDB DEFAULT CHARSET=utf8mb3 COLLATE=utf8_unicode_ci;

--
-- Eliminarea datelor din tabel `activity_log`
--

INSERT INTO `activity_log` (`id`, `log_name`, `description`, `subject_id`, `subject_type`, `causer_id`, `causer_type`, `properties`, `created_at`, `updated_at`) VALUES
(1, 'order', 'created', 1, 'App\\Models\\Order', NULL, NULL, '{\"attributes\":{\"order_number\":\"#330896\",\"shop_id\":2,\"customer_id\":9,\"ship_to\":null,\"shipping_zone_id\":null,\"shipping_rate_id\":48,\"packaging_id\":4,\"item_count\":9,\"quantity\":9,\"shipping_weight\":\"221.000000\",\"taxrate\":null,\"total\":\"153.202445\",\"discount\":null,\"shipping\":\"9.000000\",\"packaging\":null,\"handling\":null,\"taxes\":null,\"grand_total\":\"162.202445\",\"billing_address\":\"<address>6753 Pfeffer Mall Suite 015<br\\/>Wiza Radial<br\\/>Odabury, <br\\/>Pando 41365<br\\/><abbr title=\\\"Phone\\\">P:<\\/abbr> 1-724-241-0467<\\/address>\",\"shipping_address\":\"<address>6753 Pfeffer Mall Suite 015<br\\/>Wiza Radial<br\\/>Odabury, <br\\/>Pando 41365<br\\/><abbr title=\\\"Phone\\\">P:<\\/abbr> 1-724-241-0467<\\/address>\",\"shipping_date\":null,\"delivery_date\":null,\"tracking_id\":\"RR123456789CN\",\"coupon_id\":null,\"carrier_id\":null,\"message_to_customer\":null,\"send_invoice_to_customer\":null,\"admin_note\":\"Sequi adipisci rerum doloribus culpa magnam numquam.\",\"buyer_note\":\"Et velit ut aperiam omnis et ipsam.\",\"payment_method_id\":2,\"payment_instruction\":null,\"payment_ref_id\":null,\"payment_date\":null,\"payment_status\":1,\"order_status_id\":1,\"goods_received\":null,\"approved\":null,\"feedback_id\":null,\"disputed\":null,\"email\":null,\"customer_phone_number\":null,\"fulfilment_type\":\"deliver\",\"device_id\":null,\"razorpay_order_id\":null,\"razorpay_payment_id\":null,\"razorpay_signature\":null}}', '2022-03-14 15:33:37', '2022-03-14 15:33:37'),
(2, 'order', 'created', 2, 'App\\Models\\Order', NULL, NULL, '{\"attributes\":{\"order_number\":\"#430403\",\"shop_id\":3,\"customer_id\":8,\"ship_to\":null,\"shipping_zone_id\":null,\"shipping_rate_id\":32,\"packaging_id\":5,\"item_count\":9,\"quantity\":9,\"shipping_weight\":\"740.000000\",\"taxrate\":null,\"total\":\"195.080000\",\"discount\":null,\"shipping\":\"9.000000\",\"packaging\":null,\"handling\":null,\"taxes\":null,\"grand_total\":\"204.080000\",\"billing_address\":\"<address>756 Percy Way<br\\/>Fermin Points<br\\/>Port Jeffrey, <br\\/> 96075-1887<br\\/><abbr title=\\\"Phone\\\">P:<\\/abbr> 858-659-0445<\\/address>\",\"shipping_address\":\"<address>756 Percy Way<br\\/>Fermin Points<br\\/>Port Jeffrey, <br\\/> 96075-1887<br\\/><abbr title=\\\"Phone\\\">P:<\\/abbr> 858-659-0445<\\/address>\",\"shipping_date\":null,\"delivery_date\":null,\"tracking_id\":\"RR123456789CN\",\"coupon_id\":null,\"carrier_id\":null,\"message_to_customer\":null,\"send_invoice_to_customer\":null,\"admin_note\":\"Ad magni porro et asperiores recusandae officia saepe.\",\"buyer_note\":\"Quas qui distinctio minus eum.\",\"payment_method_id\":6,\"payment_instruction\":null,\"payment_ref_id\":null,\"payment_date\":null,\"payment_status\":1,\"order_status_id\":1,\"goods_received\":null,\"approved\":null,\"feedback_id\":null,\"disputed\":null,\"email\":null,\"customer_phone_number\":null,\"fulfilment_type\":\"deliver\",\"device_id\":null,\"razorpay_order_id\":null,\"razorpay_payment_id\":null,\"razorpay_signature\":null}}', '2022-03-14 15:33:37', '2022-03-14 15:33:37'),
(3, 'order', 'created', 3, 'App\\Models\\Order', NULL, NULL, '{\"attributes\":{\"order_number\":\"#619819\",\"shop_id\":5,\"customer_id\":6,\"ship_to\":null,\"shipping_zone_id\":null,\"shipping_rate_id\":38,\"packaging_id\":4,\"item_count\":4,\"quantity\":4,\"shipping_weight\":\"891.000000\",\"taxrate\":null,\"total\":\"374.287541\",\"discount\":null,\"shipping\":\"4.000000\",\"packaging\":null,\"handling\":null,\"taxes\":null,\"grand_total\":\"378.287541\",\"billing_address\":\"<address>1452 Cole Brooks<br\\/>Marquardt Wells<br\\/>South Blanchemouth, <br\\/>South-West 15086-1748<br\\/><abbr title=\\\"Phone\\\">P:<\\/abbr> 531.560.8675<\\/address>\",\"shipping_address\":\"<address>1452 Cole Brooks<br\\/>Marquardt Wells<br\\/>South Blanchemouth, <br\\/>South-West 15086-1748<br\\/><abbr title=\\\"Phone\\\">P:<\\/abbr> 531.560.8675<\\/address>\",\"shipping_date\":null,\"delivery_date\":null,\"tracking_id\":\"RR123456789CN\",\"coupon_id\":null,\"carrier_id\":null,\"message_to_customer\":null,\"send_invoice_to_customer\":null,\"admin_note\":\"Est voluptatibus non veniam sed.\",\"buyer_note\":\"Quasi quasi recusandae iure illo magni soluta fugiat.\",\"payment_method_id\":7,\"payment_instruction\":null,\"payment_ref_id\":null,\"payment_date\":null,\"payment_status\":1,\"order_status_id\":1,\"goods_received\":null,\"approved\":null,\"feedback_id\":null,\"disputed\":null,\"email\":null,\"customer_phone_number\":null,\"fulfilment_type\":\"deliver\",\"device_id\":null,\"razorpay_order_id\":null,\"razorpay_payment_id\":null,\"razorpay_signature\":null}}', '2022-03-14 15:33:37', '2022-03-14 15:33:37'),
(4, 'order', 'created', 4, 'App\\Models\\Order', NULL, NULL, '{\"attributes\":{\"order_number\":\"#477501\",\"shop_id\":1,\"customer_id\":9,\"ship_to\":null,\"shipping_zone_id\":null,\"shipping_rate_id\":40,\"packaging_id\":6,\"item_count\":1,\"quantity\":1,\"shipping_weight\":\"826.000000\",\"taxrate\":null,\"total\":\"150.599000\",\"discount\":null,\"shipping\":\"1.000000\",\"packaging\":null,\"handling\":null,\"taxes\":null,\"grand_total\":\"151.599000\",\"billing_address\":\"<address>6753 Pfeffer Mall Suite 015<br\\/>Wiza Radial<br\\/>Odabury, <br\\/>Pando 41365<br\\/><abbr title=\\\"Phone\\\">P:<\\/abbr> 1-724-241-0467<\\/address>\",\"shipping_address\":\"<address>6753 Pfeffer Mall Suite 015<br\\/>Wiza Radial<br\\/>Odabury, <br\\/>Pando 41365<br\\/><abbr title=\\\"Phone\\\">P:<\\/abbr> 1-724-241-0467<\\/address>\",\"shipping_date\":null,\"delivery_date\":null,\"tracking_id\":\"RR123456789CN\",\"coupon_id\":null,\"carrier_id\":null,\"message_to_customer\":null,\"send_invoice_to_customer\":null,\"admin_note\":\"Dolores voluptatem minus perspiciatis eum molestias ratione aut.\",\"buyer_note\":\"Inventore dolorem aut enim nisi quisquam id.\",\"payment_method_id\":4,\"payment_instruction\":null,\"payment_ref_id\":null,\"payment_date\":null,\"payment_status\":1,\"order_status_id\":1,\"goods_received\":null,\"approved\":null,\"feedback_id\":null,\"disputed\":null,\"email\":null,\"customer_phone_number\":null,\"fulfilment_type\":\"deliver\",\"device_id\":null,\"razorpay_order_id\":null,\"razorpay_payment_id\":null,\"razorpay_signature\":null}}', '2022-03-14 15:33:37', '2022-03-14 15:33:37'),
(5, 'order', 'created', 5, 'App\\Models\\Order', NULL, NULL, '{\"attributes\":{\"order_number\":\"#982416\",\"shop_id\":2,\"customer_id\":13,\"ship_to\":null,\"shipping_zone_id\":null,\"shipping_rate_id\":13,\"packaging_id\":1,\"item_count\":3,\"quantity\":3,\"shipping_weight\":\"571.000000\",\"taxrate\":null,\"total\":\"378.240430\",\"discount\":null,\"shipping\":\"3.000000\",\"packaging\":null,\"handling\":null,\"taxes\":null,\"grand_total\":\"381.240430\",\"billing_address\":\"<address>9650 Alison Parkways Apt. 259<br\\/>Luciano Plain<br\\/>New Brennantown, <br\\/> 92818-4794<br\\/><abbr title=\\\"Phone\\\">P:<\\/abbr> +1.234.655.3826<\\/address>\",\"shipping_address\":\"<address>9650 Alison Parkways Apt. 259<br\\/>Luciano Plain<br\\/>New Brennantown, <br\\/> 92818-4794<br\\/><abbr title=\\\"Phone\\\">P:<\\/abbr> +1.234.655.3826<\\/address>\",\"shipping_date\":null,\"delivery_date\":null,\"tracking_id\":\"RR123456789CN\",\"coupon_id\":null,\"carrier_id\":null,\"message_to_customer\":null,\"send_invoice_to_customer\":null,\"admin_note\":\"Dolorem placeat placeat qui accusamus autem fugiat odio.\",\"buyer_note\":\"Laborum et nobis quo est similique voluptatum vel.\",\"payment_method_id\":7,\"payment_instruction\":null,\"payment_ref_id\":null,\"payment_date\":null,\"payment_status\":1,\"order_status_id\":1,\"goods_received\":null,\"approved\":null,\"feedback_id\":null,\"disputed\":null,\"email\":null,\"customer_phone_number\":null,\"fulfilment_type\":\"deliver\",\"device_id\":null,\"razorpay_order_id\":null,\"razorpay_payment_id\":null,\"razorpay_signature\":null}}', '2022-03-14 15:33:37', '2022-03-14 15:33:37'),
(6, 'order', 'created', 6, 'App\\Models\\Order', NULL, NULL, '{\"attributes\":{\"order_number\":\"#080788\",\"shop_id\":1,\"customer_id\":5,\"ship_to\":null,\"shipping_zone_id\":null,\"shipping_rate_id\":43,\"packaging_id\":2,\"item_count\":1,\"quantity\":1,\"shipping_weight\":\"559.000000\",\"taxrate\":null,\"total\":\"261.428720\",\"discount\":null,\"shipping\":\"1.000000\",\"packaging\":null,\"handling\":null,\"taxes\":null,\"grand_total\":\"262.428720\",\"billing_address\":\"<address>45857 Borer Spring<br\\/>Trudie Grove<br\\/>West Ollie, <br\\/> 43882-3991<br\\/><abbr title=\\\"Phone\\\">P:<\\/abbr> +12485912476<\\/address>\",\"shipping_address\":\"<address>45857 Borer Spring<br\\/>Trudie Grove<br\\/>West Ollie, <br\\/> 43882-3991<br\\/><abbr title=\\\"Phone\\\">P:<\\/abbr> +12485912476<\\/address>\",\"shipping_date\":null,\"delivery_date\":null,\"tracking_id\":\"RR123456789CN\",\"coupon_id\":null,\"carrier_id\":null,\"message_to_customer\":null,\"send_invoice_to_customer\":null,\"admin_note\":\"Dolore omnis est nisi dolorem molestiae.\",\"buyer_note\":\"Aliquid rerum assumenda aut.\",\"payment_method_id\":4,\"payment_instruction\":null,\"payment_ref_id\":null,\"payment_date\":null,\"payment_status\":1,\"order_status_id\":1,\"goods_received\":null,\"approved\":null,\"feedback_id\":null,\"disputed\":null,\"email\":null,\"customer_phone_number\":null,\"fulfilment_type\":\"deliver\",\"device_id\":null,\"razorpay_order_id\":null,\"razorpay_payment_id\":null,\"razorpay_signature\":null}}', '2022-03-14 15:33:37', '2022-03-14 15:33:37'),
(7, 'order', 'created', 7, 'App\\Models\\Order', NULL, NULL, '{\"attributes\":{\"order_number\":\"#070353\",\"shop_id\":2,\"customer_id\":10,\"ship_to\":null,\"shipping_zone_id\":null,\"shipping_rate_id\":40,\"packaging_id\":4,\"item_count\":3,\"quantity\":3,\"shipping_weight\":\"623.000000\",\"taxrate\":null,\"total\":\"271.000000\",\"discount\":null,\"shipping\":\"3.000000\",\"packaging\":null,\"handling\":null,\"taxes\":null,\"grand_total\":\"274.000000\",\"billing_address\":\"<address>489 Kirsten Tunnel Suite 513<br\\/>Nicolas Field<br\\/>New Elliotville, <br\\/>Baluchistan 87727-2419<br\\/><abbr title=\\\"Phone\\\">P:<\\/abbr> 919-646-7909<\\/address>\",\"shipping_address\":\"<address>489 Kirsten Tunnel Suite 513<br\\/>Nicolas Field<br\\/>New Elliotville, <br\\/>Baluchistan 87727-2419<br\\/><abbr title=\\\"Phone\\\">P:<\\/abbr> 919-646-7909<\\/address>\",\"shipping_date\":null,\"delivery_date\":null,\"tracking_id\":\"RR123456789CN\",\"coupon_id\":null,\"carrier_id\":null,\"message_to_customer\":null,\"send_invoice_to_customer\":null,\"admin_note\":\"Non libero consequatur ipsam molestias et sunt et.\",\"buyer_note\":\"Perferendis sed doloremque perspiciatis ut dolores.\",\"payment_method_id\":7,\"payment_instruction\":null,\"payment_ref_id\":null,\"payment_date\":null,\"payment_status\":1,\"order_status_id\":1,\"goods_received\":null,\"approved\":null,\"feedback_id\":null,\"disputed\":null,\"email\":null,\"customer_phone_number\":null,\"fulfilment_type\":\"deliver\",\"device_id\":null,\"razorpay_order_id\":null,\"razorpay_payment_id\":null,\"razorpay_signature\":null}}', '2022-03-14 15:33:37', '2022-03-14 15:33:37'),
(8, 'order', 'created', 8, 'App\\Models\\Order', NULL, NULL, '{\"attributes\":{\"order_number\":\"#152871\",\"shop_id\":1,\"customer_id\":11,\"ship_to\":null,\"shipping_zone_id\":null,\"shipping_rate_id\":7,\"packaging_id\":2,\"item_count\":5,\"quantity\":5,\"shipping_weight\":\"413.000000\",\"taxrate\":null,\"total\":\"363.800000\",\"discount\":null,\"shipping\":\"5.000000\",\"packaging\":null,\"handling\":null,\"taxes\":null,\"grand_total\":\"368.800000\",\"billing_address\":\"<address>760 Luther Falls<br\\/>Rosa Ports<br\\/>Dickinsonton, <br\\/> 42531-7510<br\\/><abbr title=\\\"Phone\\\">P:<\\/abbr> 503-983-6957<\\/address>\",\"shipping_address\":\"<address>760 Luther Falls<br\\/>Rosa Ports<br\\/>Dickinsonton, <br\\/> 42531-7510<br\\/><abbr title=\\\"Phone\\\">P:<\\/abbr> 503-983-6957<\\/address>\",\"shipping_date\":null,\"delivery_date\":null,\"tracking_id\":\"RR123456789CN\",\"coupon_id\":null,\"carrier_id\":null,\"message_to_customer\":null,\"send_invoice_to_customer\":null,\"admin_note\":\"Aut ut unde corporis inventore nesciunt.\",\"buyer_note\":\"Eius et minus beatae quam.\",\"payment_method_id\":6,\"payment_instruction\":null,\"payment_ref_id\":null,\"payment_date\":null,\"payment_status\":1,\"order_status_id\":1,\"goods_received\":null,\"approved\":null,\"feedback_id\":null,\"disputed\":null,\"email\":null,\"customer_phone_number\":null,\"fulfilment_type\":\"deliver\",\"device_id\":null,\"razorpay_order_id\":null,\"razorpay_payment_id\":null,\"razorpay_signature\":null}}', '2022-03-14 15:33:37', '2022-03-14 15:33:37'),
(9, 'order', 'created', 9, 'App\\Models\\Order', NULL, NULL, '{\"attributes\":{\"order_number\":\"#336070\",\"shop_id\":3,\"customer_id\":2,\"ship_to\":null,\"shipping_zone_id\":null,\"shipping_rate_id\":27,\"packaging_id\":6,\"item_count\":5,\"quantity\":5,\"shipping_weight\":\"755.000000\",\"taxrate\":null,\"total\":\"291.200000\",\"discount\":null,\"shipping\":\"5.000000\",\"packaging\":null,\"handling\":null,\"taxes\":null,\"grand_total\":\"296.200000\",\"billing_address\":\"<address>90650 Sauer Village Apt. 211<br\\/>Georgiana Cove<br\\/>Ciaraborough, <br\\/> 54429-3618<br\\/><abbr title=\\\"Phone\\\">P:<\\/abbr> 540.974.3266<\\/address>\",\"shipping_address\":\"<address>90650 Sauer Village Apt. 211<br\\/>Georgiana Cove<br\\/>Ciaraborough, <br\\/> 54429-3618<br\\/><abbr title=\\\"Phone\\\">P:<\\/abbr> 540.974.3266<\\/address>\",\"shipping_date\":null,\"delivery_date\":null,\"tracking_id\":\"RR123456789CN\",\"coupon_id\":null,\"carrier_id\":null,\"message_to_customer\":null,\"send_invoice_to_customer\":null,\"admin_note\":\"Suscipit velit iusto rem officia nisi nihil dolor.\",\"buyer_note\":\"Nesciunt et quos vel delectus dolor est.\",\"payment_method_id\":1,\"payment_instruction\":null,\"payment_ref_id\":null,\"payment_date\":null,\"payment_status\":1,\"order_status_id\":1,\"goods_received\":null,\"approved\":null,\"feedback_id\":null,\"disputed\":null,\"email\":null,\"customer_phone_number\":null,\"fulfilment_type\":\"deliver\",\"device_id\":null,\"razorpay_order_id\":null,\"razorpay_payment_id\":null,\"razorpay_signature\":null}}', '2022-03-14 15:33:37', '2022-03-14 15:33:37'),
(10, 'order', 'created', 10, 'App\\Models\\Order', NULL, NULL, '{\"attributes\":{\"order_number\":\"#954684\",\"shop_id\":4,\"customer_id\":11,\"ship_to\":null,\"shipping_zone_id\":null,\"shipping_rate_id\":40,\"packaging_id\":3,\"item_count\":2,\"quantity\":2,\"shipping_weight\":\"763.000000\",\"taxrate\":null,\"total\":\"151.000000\",\"discount\":null,\"shipping\":\"2.000000\",\"packaging\":null,\"handling\":null,\"taxes\":null,\"grand_total\":\"153.000000\",\"billing_address\":\"<address>760 Luther Falls<br\\/>Rosa Ports<br\\/>Dickinsonton, <br\\/> 42531-7510<br\\/><abbr title=\\\"Phone\\\">P:<\\/abbr> 503-983-6957<\\/address>\",\"shipping_address\":\"<address>760 Luther Falls<br\\/>Rosa Ports<br\\/>Dickinsonton, <br\\/> 42531-7510<br\\/><abbr title=\\\"Phone\\\">P:<\\/abbr> 503-983-6957<\\/address>\",\"shipping_date\":null,\"delivery_date\":null,\"tracking_id\":\"RR123456789CN\",\"coupon_id\":null,\"carrier_id\":null,\"message_to_customer\":null,\"send_invoice_to_customer\":null,\"admin_note\":\"Veritatis et assumenda illum nulla.\",\"buyer_note\":\"Atque ea quos et quis est quidem nisi.\",\"payment_method_id\":6,\"payment_instruction\":null,\"payment_ref_id\":null,\"payment_date\":null,\"payment_status\":1,\"order_status_id\":1,\"goods_received\":null,\"approved\":null,\"feedback_id\":null,\"disputed\":null,\"email\":null,\"customer_phone_number\":null,\"fulfilment_type\":\"deliver\",\"device_id\":null,\"razorpay_order_id\":null,\"razorpay_payment_id\":null,\"razorpay_signature\":null}}', '2022-03-14 15:33:37', '2022-03-14 15:33:37'),
(11, 'order', 'created', 11, 'App\\Models\\Order', NULL, NULL, '{\"attributes\":{\"order_number\":\"#220521\",\"shop_id\":3,\"customer_id\":5,\"ship_to\":null,\"shipping_zone_id\":null,\"shipping_rate_id\":3,\"packaging_id\":5,\"item_count\":6,\"quantity\":6,\"shipping_weight\":\"609.000000\",\"taxrate\":null,\"total\":\"250.535315\",\"discount\":null,\"shipping\":\"6.000000\",\"packaging\":null,\"handling\":null,\"taxes\":null,\"grand_total\":\"256.535315\",\"billing_address\":\"<address>45857 Borer Spring<br\\/>Trudie Grove<br\\/>West Ollie, <br\\/> 43882-3991<br\\/><abbr title=\\\"Phone\\\">P:<\\/abbr> +12485912476<\\/address>\",\"shipping_address\":\"<address>45857 Borer Spring<br\\/>Trudie Grove<br\\/>West Ollie, <br\\/> 43882-3991<br\\/><abbr title=\\\"Phone\\\">P:<\\/abbr> +12485912476<\\/address>\",\"shipping_date\":null,\"delivery_date\":null,\"tracking_id\":\"RR123456789CN\",\"coupon_id\":null,\"carrier_id\":null,\"message_to_customer\":null,\"send_invoice_to_customer\":null,\"admin_note\":\"Inventore nesciunt doloribus amet corrupti voluptas.\",\"buyer_note\":\"Et nostrum recusandae nesciunt.\",\"payment_method_id\":3,\"payment_instruction\":null,\"payment_ref_id\":null,\"payment_date\":null,\"payment_status\":1,\"order_status_id\":1,\"goods_received\":null,\"approved\":null,\"feedback_id\":null,\"disputed\":null,\"email\":null,\"customer_phone_number\":null,\"fulfilment_type\":\"deliver\",\"device_id\":null,\"razorpay_order_id\":null,\"razorpay_payment_id\":null,\"razorpay_signature\":null}}', '2022-03-14 15:33:37', '2022-03-14 15:33:37'),
(12, 'order', 'created', 12, 'App\\Models\\Order', NULL, NULL, '{\"attributes\":{\"order_number\":\"#208507\",\"shop_id\":5,\"customer_id\":10,\"ship_to\":null,\"shipping_zone_id\":null,\"shipping_rate_id\":29,\"packaging_id\":6,\"item_count\":7,\"quantity\":7,\"shipping_weight\":\"354.000000\",\"taxrate\":null,\"total\":\"340.180000\",\"discount\":null,\"shipping\":\"7.000000\",\"packaging\":null,\"handling\":null,\"taxes\":null,\"grand_total\":\"347.180000\",\"billing_address\":\"<address>489 Kirsten Tunnel Suite 513<br\\/>Nicolas Field<br\\/>New Elliotville, <br\\/>Baluchistan 87727-2419<br\\/><abbr title=\\\"Phone\\\">P:<\\/abbr> 919-646-7909<\\/address>\",\"shipping_address\":\"<address>489 Kirsten Tunnel Suite 513<br\\/>Nicolas Field<br\\/>New Elliotville, <br\\/>Baluchistan 87727-2419<br\\/><abbr title=\\\"Phone\\\">P:<\\/abbr> 919-646-7909<\\/address>\",\"shipping_date\":null,\"delivery_date\":null,\"tracking_id\":\"RR123456789CN\",\"coupon_id\":null,\"carrier_id\":null,\"message_to_customer\":null,\"send_invoice_to_customer\":null,\"admin_note\":\"Commodi repudiandae blanditiis laboriosam numquam necessitatibus.\",\"buyer_note\":\"Dolores dolorem laborum omnis aut et possimus ipsam dolores.\",\"payment_method_id\":2,\"payment_instruction\":null,\"payment_ref_id\":null,\"payment_date\":null,\"payment_status\":1,\"order_status_id\":1,\"goods_received\":null,\"approved\":null,\"feedback_id\":null,\"disputed\":null,\"email\":null,\"customer_phone_number\":null,\"fulfilment_type\":\"deliver\",\"device_id\":null,\"razorpay_order_id\":null,\"razorpay_payment_id\":null,\"razorpay_signature\":null}}', '2022-03-14 15:33:37', '2022-03-14 15:33:37'),
(13, 'order', 'created', 13, 'App\\Models\\Order', NULL, NULL, '{\"attributes\":{\"order_number\":\"#822133\",\"shop_id\":4,\"customer_id\":4,\"ship_to\":null,\"shipping_zone_id\":null,\"shipping_rate_id\":22,\"packaging_id\":1,\"item_count\":6,\"quantity\":6,\"shipping_weight\":\"787.000000\",\"taxrate\":null,\"total\":\"101.061101\",\"discount\":null,\"shipping\":\"6.000000\",\"packaging\":null,\"handling\":null,\"taxes\":null,\"grand_total\":\"107.061101\",\"billing_address\":\"<address>8915 Keeling Plaza Suite 477<br\\/>Konopelski Court<br\\/>Port Jalon, <br\\/> 49414<br\\/><abbr title=\\\"Phone\\\">P:<\\/abbr> 850-519-8960<\\/address>\",\"shipping_address\":\"<address>8915 Keeling Plaza Suite 477<br\\/>Konopelski Court<br\\/>Port Jalon, <br\\/> 49414<br\\/><abbr title=\\\"Phone\\\">P:<\\/abbr> 850-519-8960<\\/address>\",\"shipping_date\":null,\"delivery_date\":null,\"tracking_id\":\"RR123456789CN\",\"coupon_id\":null,\"carrier_id\":null,\"message_to_customer\":null,\"send_invoice_to_customer\":null,\"admin_note\":\"Quidem provident pariatur repellat in eius laborum.\",\"buyer_note\":\"Id aut accusamus ex id occaecati.\",\"payment_method_id\":6,\"payment_instruction\":null,\"payment_ref_id\":null,\"payment_date\":null,\"payment_status\":1,\"order_status_id\":1,\"goods_received\":null,\"approved\":null,\"feedback_id\":null,\"disputed\":null,\"email\":null,\"customer_phone_number\":null,\"fulfilment_type\":\"deliver\",\"device_id\":null,\"razorpay_order_id\":null,\"razorpay_payment_id\":null,\"razorpay_signature\":null}}', '2022-03-14 15:33:37', '2022-03-14 15:33:37'),
(14, 'order', 'created', 14, 'App\\Models\\Order', NULL, NULL, '{\"attributes\":{\"order_number\":\"#474788\",\"shop_id\":2,\"customer_id\":3,\"ship_to\":null,\"shipping_zone_id\":null,\"shipping_rate_id\":29,\"packaging_id\":4,\"item_count\":5,\"quantity\":5,\"shipping_weight\":\"696.000000\",\"taxrate\":null,\"total\":\"304.453340\",\"discount\":null,\"shipping\":\"5.000000\",\"packaging\":null,\"handling\":null,\"taxes\":null,\"grand_total\":\"309.453340\",\"billing_address\":\"<address>799 Cassin Point Suite 637<br\\/>VonRueden Road<br\\/>Norbertochester, <br\\/> 58020<br\\/><abbr title=\\\"Phone\\\">P:<\\/abbr> 341-431-0188<\\/address>\",\"shipping_address\":\"<address>799 Cassin Point Suite 637<br\\/>VonRueden Road<br\\/>Norbertochester, <br\\/> 58020<br\\/><abbr title=\\\"Phone\\\">P:<\\/abbr> 341-431-0188<\\/address>\",\"shipping_date\":null,\"delivery_date\":null,\"tracking_id\":\"RR123456789CN\",\"coupon_id\":null,\"carrier_id\":null,\"message_to_customer\":null,\"send_invoice_to_customer\":null,\"admin_note\":\"Aliquam eos quasi perferendis cupiditate rem dignissimos.\",\"buyer_note\":\"Quo facilis accusamus facilis nostrum distinctio omnis.\",\"payment_method_id\":7,\"payment_instruction\":null,\"payment_ref_id\":null,\"payment_date\":null,\"payment_status\":1,\"order_status_id\":1,\"goods_received\":null,\"approved\":null,\"feedback_id\":null,\"disputed\":null,\"email\":null,\"customer_phone_number\":null,\"fulfilment_type\":\"deliver\",\"device_id\":null,\"razorpay_order_id\":null,\"razorpay_payment_id\":null,\"razorpay_signature\":null}}', '2022-03-14 15:33:37', '2022-03-14 15:33:37'),
(15, 'order', 'created', 15, 'App\\Models\\Order', NULL, NULL, '{\"attributes\":{\"order_number\":\"#482783\",\"shop_id\":1,\"customer_id\":11,\"ship_to\":null,\"shipping_zone_id\":null,\"shipping_rate_id\":7,\"packaging_id\":2,\"item_count\":2,\"quantity\":2,\"shipping_weight\":\"626.000000\",\"taxrate\":null,\"total\":\"395.000000\",\"discount\":null,\"shipping\":\"2.000000\",\"packaging\":null,\"handling\":null,\"taxes\":null,\"grand_total\":\"397.000000\",\"billing_address\":\"<address>760 Luther Falls<br\\/>Rosa Ports<br\\/>Dickinsonton, <br\\/> 42531-7510<br\\/><abbr title=\\\"Phone\\\">P:<\\/abbr> 503-983-6957<\\/address>\",\"shipping_address\":\"<address>760 Luther Falls<br\\/>Rosa Ports<br\\/>Dickinsonton, <br\\/> 42531-7510<br\\/><abbr title=\\\"Phone\\\">P:<\\/abbr> 503-983-6957<\\/address>\",\"shipping_date\":null,\"delivery_date\":null,\"tracking_id\":\"RR123456789CN\",\"coupon_id\":null,\"carrier_id\":null,\"message_to_customer\":null,\"send_invoice_to_customer\":null,\"admin_note\":\"Porro non unde repellat optio doloremque.\",\"buyer_note\":\"Fuga reprehenderit cum quasi qui nostrum libero deleniti est.\",\"payment_method_id\":2,\"payment_instruction\":null,\"payment_ref_id\":null,\"payment_date\":null,\"payment_status\":1,\"order_status_id\":1,\"goods_received\":null,\"approved\":null,\"feedback_id\":null,\"disputed\":null,\"email\":null,\"customer_phone_number\":null,\"fulfilment_type\":\"deliver\",\"device_id\":null,\"razorpay_order_id\":null,\"razorpay_payment_id\":null,\"razorpay_signature\":null}}', '2022-03-14 15:33:37', '2022-03-14 15:33:37'),
(16, 'disput', 'created', 1, 'App\\Models\\Dispute', NULL, NULL, '{\"attributes\":{\"shop_id\":2,\"dispute_type_id\":4,\"customer_id\":10,\"order_id\":7,\"product_id\":null,\"description\":\"Similique velit aspernatur dicta. Et quos nobis quo.\",\"order_received\":true,\"return_goods\":true,\"refund_amount\":null,\"status\":2}}', '2022-03-14 15:33:37', '2022-03-14 15:33:37'),
(17, 'disput', 'created', 2, 'App\\Models\\Dispute', NULL, NULL, '{\"attributes\":{\"shop_id\":4,\"dispute_type_id\":3,\"customer_id\":4,\"order_id\":13,\"product_id\":null,\"description\":\"Est vitae ut nulla aut beatae. Blanditiis suscipit quia est a fugiat.\",\"order_received\":true,\"return_goods\":false,\"refund_amount\":null,\"status\":2}}', '2022-03-14 15:33:37', '2022-03-14 15:33:37'),
(18, 'disput', 'created', 3, 'App\\Models\\Dispute', NULL, NULL, '{\"attributes\":{\"shop_id\":3,\"dispute_type_id\":2,\"customer_id\":5,\"order_id\":11,\"product_id\":null,\"description\":\"Labore culpa neque provident odio sed. In non repellendus pariatur exercitationem.\",\"order_received\":false,\"return_goods\":true,\"refund_amount\":null,\"status\":2}}', '2022-03-14 15:33:37', '2022-03-14 15:33:37'),
(19, 'disput', 'created', 4, 'App\\Models\\Dispute', NULL, NULL, '{\"attributes\":{\"shop_id\":1,\"dispute_type_id\":6,\"customer_id\":9,\"order_id\":4,\"product_id\":null,\"description\":\"Et dolor harum non ipsa fugiat assumenda. Veritatis perspiciatis hic autem. Et quis iusto natus.\",\"order_received\":false,\"return_goods\":false,\"refund_amount\":null,\"status\":5}}', '2022-03-14 15:33:37', '2022-03-14 15:33:37'),
(20, 'disput', 'created', 5, 'App\\Models\\Dispute', NULL, NULL, '{\"attributes\":{\"shop_id\":5,\"dispute_type_id\":3,\"customer_id\":10,\"order_id\":12,\"product_id\":null,\"description\":\"Sit sit laudantium ut laborum error. Fuga culpa sint minima molestiae sed laborum cupiditate.\",\"order_received\":false,\"return_goods\":true,\"refund_amount\":null,\"status\":4}}', '2022-03-14 15:33:37', '2022-03-14 15:33:37');

-- --------------------------------------------------------

--
-- Structură tabel pentru tabel `addresses`
--

CREATE TABLE `addresses` (
  `id` bigint UNSIGNED NOT NULL,
  `address_type` varchar(255) COLLATE utf8_unicode_ci DEFAULT 'Primary',
  `address_title` varchar(255) COLLATE utf8_unicode_ci DEFAULT NULL,
  `address_line_1` varchar(255) COLLATE utf8_unicode_ci DEFAULT NULL,
  `address_line_2` varchar(255) COLLATE utf8_unicode_ci DEFAULT NULL,
  `city` varchar(255) COLLATE utf8_unicode_ci DEFAULT NULL,
  `state_id` int UNSIGNED DEFAULT NULL,
  `zip_code` varchar(255) COLLATE utf8_unicode_ci DEFAULT NULL,
  `country_id` int UNSIGNED DEFAULT NULL,
  `phone` varchar(255) COLLATE utf8_unicode_ci DEFAULT NULL,
  `latitude` double(8,2) DEFAULT NULL,
  `longitude` double(8,2) DEFAULT NULL,
  `addressable_id` bigint UNSIGNED NOT NULL,
  `addressable_type` varchar(255) COLLATE utf8_unicode_ci NOT NULL,
  `created_at` timestamp NULL DEFAULT NULL,
  `updated_at` timestamp NULL DEFAULT NULL
) ENGINE=InnoDB DEFAULT CHARSET=utf8mb3 COLLATE=utf8_unicode_ci;

--
-- Eliminarea datelor din tabel `addresses`
--

INSERT INTO `addresses` (`id`, `address_type`, `address_title`, `address_line_1`, `address_line_2`, `city`, `state_id`, `zip_code`, `country_id`, `phone`, `latitude`, `longitude`, `addressable_id`, `addressable_type`, `created_at`, `updated_at`) VALUES
(1, 'Primary', NULL, 'Platform Address', NULL, 'Hollywood', 453, '63585', 840, NULL, NULL, NULL, 1, 'App\\Models\\System', '2022-03-14 15:33:13', '2022-03-14 15:33:13'),
(2, 'Primary', 'Primary Address', NULL, NULL, NULL, 523, NULL, 840, NULL, NULL, NULL, 1, 'App\\Models\\User', '2022-03-14 15:33:13', '2022-03-14 15:33:13'),
(3, 'Primary', 'Admin User', '2107 Auer Loop', 'Rolfson Canyon', 'West Dameonview', 833, '40492', 484, '+18314871570', 32.07, -53.83, 2, 'App\\Models\\User', '2022-03-14 15:33:21', '2022-03-14 15:33:21'),
(4, 'Primary', 'Casimir Halvorson I', '615 Krista Inlet', 'Arnoldo Crossing', 'New Leopold', NULL, '03902-4511', 234, '321.774.2643', -20.80, -138.42, 3, 'App\\Models\\Merchant', '2022-03-14 15:33:21', '2022-03-14 15:33:21'),
(5, 'Primary', 'Lavina Pacocha', '2592 Wunsch Canyon', 'Kole Mountain', 'Hilmaberg', NULL, '17289', 654, '(930) 300-3790', -12.31, 128.58, 4, 'App\\Models\\Merchant', '2022-03-14 15:33:21', '2022-03-14 15:33:21'),
(6, 'Primary', 'Meggie King', '496 Leannon Loaf Apt. 976', 'Alisha Bridge', 'New Shaunfurt', NULL, '70822', 688, '+1-484-327-4240', 13.05, -122.09, 5, 'App\\Models\\Merchant', '2022-03-14 15:33:21', '2022-03-14 15:33:21'),
(7, 'Primary', 'Mr. Ezekiel Wisozk', '35750 Una Keys', 'Janae Turnpike', 'Hillton', NULL, '13129-9543', 92, '+1-845-957-2810', -7.59, -70.49, 6, 'App\\Models\\Merchant', '2022-03-14 15:33:21', '2022-03-14 15:33:21'),
(8, 'Primary', 'Ezra Cassin', '7072 Rosanna Mission Suite 894', 'Gottlieb Extension', 'Port Jordynville', NULL, '71727', 533, '1-279-418-5793', -59.61, 54.51, 7, 'App\\Models\\Merchant', '2022-03-14 15:33:22', '2022-03-14 15:33:22'),
(9, 'Primary', NULL, 'Demo Platform Address', NULL, 'Demo City', 380, '63585', 604, '+1.431.253.0341', NULL, NULL, 1, 'App\\Models\\Shop', '2022-03-14 15:33:22', '2022-03-14 15:33:22'),
(10, 'Primary', NULL, 'Demo Platform Address', NULL, 'Demo City', 380, '63585', 604, '+1.431.253.0341', NULL, NULL, 2, 'App\\Models\\Shop', '2022-03-14 15:33:22', '2022-03-14 15:33:22'),
(11, 'Primary', NULL, 'Demo Platform Address', NULL, 'Demo City', 380, '63585', 604, '+1.431.253.0341', NULL, NULL, 3, 'App\\Models\\Shop', '2022-03-14 15:33:22', '2022-03-14 15:33:22'),
(12, 'Primary', NULL, 'Demo Platform Address', NULL, 'Demo City', 380, '63585', 604, '+1.431.253.0341', NULL, NULL, 4, 'App\\Models\\Shop', '2022-03-14 15:33:22', '2022-03-14 15:33:22'),
(13, 'Primary', NULL, 'Demo Platform Address', NULL, 'Demo City', 380, '63585', 604, '+1.431.253.0341', NULL, NULL, 5, 'App\\Models\\Shop', '2022-03-14 15:33:22', '2022-03-14 15:33:22'),
(14, 'Primary', 'Jodie Bogisich MD', '4839 Kub Walks Suite 658', 'Edgar Unions', 'Shanahanhaven', NULL, '69632', 796, '(539) 917-1491', 23.14, -122.43, 1, 'App\\Models\\Customer', '2022-03-14 15:33:22', '2022-03-14 15:33:22'),
(15, 'Billing', 'Office Address', '12797 Sabryna Loaf', 'McKenzie Views', 'North Eliezer', 1253, '92192-3897', 764, '(769) 816-5046', -80.51, 78.73, 1, 'App\\Models\\Customer', '2022-03-14 15:33:22', '2022-03-14 15:33:22'),
(16, 'Shipping', 'Hotel Address', '68881 Daniella Circle', 'Alfreda Tunnel', 'Randiville', NULL, '77779', 332, '281.893.8959', 4.09, 108.30, 1, 'App\\Models\\Customer', '2022-03-14 15:33:22', '2022-03-14 15:33:22'),
(17, 'Primary', 'Carol Abshire PhD', '90650 Sauer Village Apt. 211', 'Georgiana Cove', 'Ciaraborough', NULL, '54429-3618', 624, '540.974.3266', 10.95, 23.25, 2, 'App\\Models\\Customer', '2022-03-14 15:33:24', '2022-03-14 15:33:24'),
(18, 'Billing', 'Hotel Address', '92630 Junior View Apt. 644', 'Bednar Ports', 'Nadermouth', NULL, '52618-9468', 504, '262-761-0802', -22.70, 119.09, 2, 'App\\Models\\Customer', '2022-03-14 15:33:24', '2022-03-14 15:33:24'),
(19, 'Shipping', 'Dorm Address', '8434 Tavares Crossroad Apt. 974', 'Hassie Inlet', 'Port Cruz', NULL, '72446', 86, '+1.386.683.7952', -37.66, -164.32, 2, 'App\\Models\\Customer', '2022-03-14 15:33:24', '2022-03-14 15:33:24'),
(20, 'Primary', 'Miss Maymie Greenholt', '799 Cassin Point Suite 637', 'VonRueden Road', 'Norbertochester', NULL, '58020', 496, '341-431-0188', 63.05, 0.44, 3, 'App\\Models\\Customer', '2022-03-14 15:33:24', '2022-03-14 15:33:24'),
(21, 'Billing', 'Home Address', '558 Anderson Mount Apt. 629', 'Orn Radial', 'Lake Annetta', NULL, '67867', 703, '(973) 404-7783', 47.54, 51.72, 3, 'App\\Models\\Customer', '2022-03-14 15:33:24', '2022-03-14 15:33:24'),
(22, 'Shipping', 'Dorm Address', '2995 Schiller Unions', 'Colleen Grove', 'Cummingsmouth', NULL, '13465-2043', 239, '1-616-724-6360', 20.36, -34.89, 3, 'App\\Models\\Customer', '2022-03-14 15:33:24', '2022-03-14 15:33:24'),
(23, 'Primary', 'Buford Runte', '8915 Keeling Plaza Suite 477', 'Konopelski Court', 'Port Jalon', NULL, '49414', 498, '850-519-8960', -56.92, -19.77, 4, 'App\\Models\\Customer', '2022-03-14 15:33:24', '2022-03-14 15:33:24'),
(24, 'Billing', 'Hotel Address', '4975 Trace Cove Suite 916', 'Johns Loaf', 'East Stanview', NULL, '18689', 760, '903.491.1226', -78.87, -77.52, 4, 'App\\Models\\Customer', '2022-03-14 15:33:24', '2022-03-14 15:33:24'),
(25, 'Shipping', 'Dorm Address', '5761 Hills Run Apt. 855', 'Hansen Walk', 'Evertfort', NULL, '35470', 234, '+1-336-212-2938', -64.86, -149.27, 4, 'App\\Models\\Customer', '2022-03-14 15:33:24', '2022-03-14 15:33:24'),
(26, 'Primary', 'Guido Satterfield MD', '45857 Borer Spring', 'Trudie Grove', 'West Ollie', NULL, '43882-3991', 426, '+12485912476', 69.15, -150.08, 5, 'App\\Models\\Customer', '2022-03-14 15:33:24', '2022-03-14 15:33:24'),
(27, 'Billing', 'Hotel Address', '8163 Cory Mills', 'Jenkins Track', 'Konopelskimouth', NULL, '82444-0973', 324, '+1-520-281-2630', 79.15, -16.05, 5, 'App\\Models\\Customer', '2022-03-14 15:33:24', '2022-03-14 15:33:24'),
(28, 'Shipping', 'Dorm Address', '8856 Nathan Parks Suite 464', 'Carole Way', 'Port Melyssatown', NULL, '12315', 316, '+1.737.214.5328', 73.13, 57.61, 5, 'App\\Models\\Customer', '2022-03-14 15:33:24', '2022-03-14 15:33:24'),
(29, 'Primary', 'Libbie Steuber', '1452 Cole Brooks', 'Marquardt Wells', 'South Blanchemouth', 171, '15086-1748', 120, '531.560.8675', -2.75, -114.80, 6, 'App\\Models\\Customer', '2022-03-14 15:33:24', '2022-03-14 15:33:24'),
(30, 'Billing', 'Dorm Address', '6399 Dare Ports Suite 415', 'Bradtke Shores', 'Port Royshire', 927, '77490', 524, '+1 (240) 682-3131', 65.52, -30.45, 6, 'App\\Models\\Customer', '2022-03-14 15:33:24', '2022-03-14 15:33:24'),
(31, 'Shipping', 'Dorm Address', '2386 Royal Forks Suite 675', 'Jade Knoll', 'Port Chloe', NULL, '84101', 428, '1-878-970-6193', -40.78, 145.05, 6, 'App\\Models\\Customer', '2022-03-14 15:33:24', '2022-03-14 15:33:24'),
(32, 'Primary', 'Ariel Jakubowski', '6382 Rusty Wall', 'Stuart Plains', 'Deontemouth', NULL, '44737-8687', 520, '417.766.5221', 87.66, -54.41, 7, 'App\\Models\\Customer', '2022-03-14 15:33:24', '2022-03-14 15:33:24'),
(33, 'Billing', 'Dorm Address', '35182 Fahey Cliff', 'Aufderhar Fields', 'Rogeliomouth', NULL, '54966-5089', 638, '(845) 262-9965', 69.46, 137.15, 7, 'App\\Models\\Customer', '2022-03-14 15:33:24', '2022-03-14 15:33:24'),
(34, 'Shipping', 'Dorm Address', '12175 Gerda Well Apt. 931', 'Rogers Cliff', 'East Chadstad', NULL, '83082', 266, '1-803-987-5705', 58.44, 35.88, 7, 'App\\Models\\Customer', '2022-03-14 15:33:24', '2022-03-14 15:33:24'),
(35, 'Primary', 'Novella Wuckert', '756 Percy Way', 'Fermin Points', 'Port Jeffrey', NULL, '96075-1887', 136, '858-659-0445', -44.49, -72.62, 8, 'App\\Models\\Customer', '2022-03-14 15:33:24', '2022-03-14 15:33:24'),
(36, 'Billing', 'Home Address', '233 Cleve Drives', 'Wiegand Springs', 'Zemlakland', NULL, '84477', 344, '313.305.6898', 14.53, -170.06, 8, 'App\\Models\\Customer', '2022-03-14 15:33:24', '2022-03-14 15:33:24'),
(37, 'Shipping', 'Office Address', '74892 Lavonne View Suite 795', 'Marvin Burg', 'Port Florida', NULL, '44691', 570, '+1.754.426.7772', -20.78, 4.60, 8, 'App\\Models\\Customer', '2022-03-14 15:33:24', '2022-03-14 15:33:24'),
(38, 'Primary', 'Jolie Bailey', '6753 Pfeffer Mall Suite 015', 'Wiza Radial', 'Odabury', 104, '41365', 68, '1-724-241-0467', -1.57, 96.33, 9, 'App\\Models\\Customer', '2022-03-14 15:33:24', '2022-03-14 15:33:24'),
(39, 'Billing', 'Hotel Address', '902 Pete Ridges Suite 676', 'Fahey Station', 'Nikofurt', 737, '89158-8871', 116, '(678) 717-1987', 13.09, -147.77, 9, 'App\\Models\\Customer', '2022-03-14 15:33:24', '2022-03-14 15:33:24'),
(40, 'Shipping', 'Home Address', '133 Estrella Union Apt. 480', 'Camden Spring', 'Mariahhaven', NULL, '34785', 104, '1-531-901-8156', -1.57, -138.25, 9, 'App\\Models\\Customer', '2022-03-14 15:33:24', '2022-03-14 15:33:24'),
(41, 'Primary', 'Prof. Trudie Harber', '489 Kirsten Tunnel Suite 513', 'Nicolas Field', 'New Elliotville', 1064, '87727-2419', 586, '919-646-7909', 63.02, 45.41, 10, 'App\\Models\\Customer', '2022-03-14 15:33:24', '2022-03-14 15:33:24'),
(42, 'Billing', 'Office Address', '552 Hahn Isle Suite 891', 'Lehner Greens', 'Julesfurt', NULL, '80113', 352, '1-240-643-2754', -37.24, 132.51, 10, 'App\\Models\\Customer', '2022-03-14 15:33:24', '2022-03-14 15:33:24'),
(43, 'Shipping', 'Office Address', '4631 Bins Manors', 'Beverly Dale', 'South Geoffrey', NULL, '76766-9493', 90, '920.360.0905', 62.79, 5.35, 10, 'App\\Models\\Customer', '2022-03-14 15:33:24', '2022-03-14 15:33:24'),
(44, 'Primary', 'Dasia Anderson', '760 Luther Falls', 'Rosa Ports', 'Dickinsonton', NULL, '42531-7510', 174, '503-983-6957', 10.96, -72.01, 11, 'App\\Models\\Customer', '2022-03-14 15:33:24', '2022-03-14 15:33:24'),
(45, 'Billing', 'Hotel Address', '3382 Shakira Pine', 'Wanda Spring', 'Schmidtburgh', NULL, '57930-5727', 86, '+1-669-278-5919', -58.12, 115.05, 11, 'App\\Models\\Customer', '2022-03-14 15:33:24', '2022-03-14 15:33:24'),
(46, 'Shipping', 'Hotel Address', '80809 Hane Lake Suite 360', 'Dietrich Fort', 'Odelltown', NULL, '70075', 591, '364-510-8505', -84.16, -139.22, 11, 'App\\Models\\Customer', '2022-03-14 15:33:24', '2022-03-14 15:33:24'),
(47, 'Primary', 'Mr. Janick Yost IV', '278 Rashad Prairie', 'Medhurst Grove', 'West Alenafurt', NULL, '15978', 600, '(303) 670-6035', 68.71, -65.08, 12, 'App\\Models\\Customer', '2022-03-14 15:33:24', '2022-03-14 15:33:24'),
(48, 'Billing', 'Home Address', '3579 Friesen Coves', 'Conroy Station', 'Lake Jared', NULL, '68366-7685', 428, '+1 (520) 385-9447', -7.82, 60.88, 12, 'App\\Models\\Customer', '2022-03-14 15:33:24', '2022-03-14 15:33:24'),
(49, 'Shipping', 'Office Address', '764 Garrett Road', 'Frami Burgs', 'Daughertychester', NULL, '79395', 462, '385.953.3132', -4.84, 61.00, 12, 'App\\Models\\Customer', '2022-03-14 15:33:24', '2022-03-14 15:33:24'),
(50, 'Primary', 'Toney Kerluke', '9650 Alison Parkways Apt. 259', 'Luciano Plain', 'New Brennantown', NULL, '92818-4794', 222, '+1.234.655.3826', 0.99, -46.53, 13, 'App\\Models\\Customer', '2022-03-14 15:33:24', '2022-03-14 15:33:24'),
(51, 'Billing', 'Dorm Address', '5359 Jast Fall', 'Klocko Terrace', 'Bartolettimouth', NULL, '74465', 626, '(731) 240-9457', -72.51, -108.65, 13, 'App\\Models\\Customer', '2022-03-14 15:33:24', '2022-03-14 15:33:24'),
(52, 'Shipping', 'Home Address', '2409 Rebeca Squares', 'Mraz Square', 'East Randalfurt', NULL, '70651', 191, '+1-208-423-0035', -83.49, 21.33, 13, 'App\\Models\\Customer', '2022-03-14 15:33:24', '2022-03-14 15:33:24'),
(53, 'Primary', 'Mr. Deon Stoltenberg III', '902 Pfeffer Glen Suite 476', 'Greenholt Plaza', 'Madelineport', NULL, '73551-8324', 858, '+1 (272) 662-4411', -50.36, 72.90, 14, 'App\\Models\\Customer', '2022-03-14 15:33:24', '2022-03-14 15:33:24'),
(54, 'Billing', 'Dorm Address', '436 Runolfsson Extensions Apt. 827', 'Lowe Bypass', 'Alfredaport', NULL, '67399', 191, '+1-463-652-1222', -54.54, -166.33, 14, 'App\\Models\\Customer', '2022-03-14 15:33:24', '2022-03-14 15:33:24'),
(55, 'Shipping', 'Dorm Address', '966 Dean Fall', 'Cummings Fall', 'East Craigside', NULL, '79122-5717', 304, '719-823-6104', 26.27, 14.66, 14, 'App\\Models\\Customer', '2022-03-14 15:33:24', '2022-03-14 15:33:24'),
(56, 'Primary', 'Edward Herzog V', '85435 Octavia Underpass Apt. 325', 'Leannon Islands', 'Janiceshire', NULL, '09276', 703, '1-678-751-6295', 63.99, -5.90, 15, 'App\\Models\\Customer', '2022-03-14 15:33:24', '2022-03-14 15:33:24'),
(57, 'Billing', 'Office Address', '965 Kunze Trafficway Suite 040', 'Sandy Mission', 'North Ron', NULL, '99670', 732, '+1.907.949.2406', 45.34, -83.76, 15, 'App\\Models\\Customer', '2022-03-14 15:33:24', '2022-03-14 15:33:24'),
(58, 'Shipping', 'Home Address', '16525 Torrey Tunnel Apt. 196', 'Quinn Causeway', 'Marvinview', NULL, '81637', 752, '678.778.7047', -57.70, -21.89, 15, 'App\\Models\\Customer', '2022-03-14 15:33:24', '2022-03-14 15:33:24'),
(59, 'Primary', 'Germaine Vandervort', '80438 Hagenes Cliff', 'Lue Trace', 'South Jaunitahaven', NULL, '22196', 196, '856-633-7999', -4.78, 23.68, 16, 'App\\Models\\Customer', '2022-03-14 15:33:24', '2022-03-14 15:33:24'),
(60, 'Billing', 'Dorm Address', '44330 Patsy Divide', 'Lemuel Parkway', 'East Landenton', NULL, '38206-0663', 558, '+1.567.926.3226', 3.51, -91.46, 16, 'App\\Models\\Customer', '2022-03-14 15:33:24', '2022-03-14 15:33:24'),
(61, 'Shipping', 'Office Address', '649 Rosalind Fields Apt. 385', 'Isai Neck', 'West Tyreseborough', NULL, '48119-7592', 430, '+1 (631) 627-3345', 40.21, -18.66, 16, 'App\\Models\\Customer', '2022-03-14 15:33:24', '2022-03-14 15:33:24'),
(62, 'Primary', 'Schuppe-Miller', '30551 Marques Hollow', 'Heaney Shores', 'North Ayanaberg', NULL, '91989', 454, '845-977-5903', 81.14, 135.56, 1, 'App\\Models\\Supplier', '2022-03-14 15:33:25', '2022-03-14 15:33:25'),
(63, 'Primary', 'Schaden Ltd', '877 Marilie Rue Apt. 539', 'Kohler Island', 'New Jewell', NULL, '71626', 585, '220-715-6365', 52.65, -160.71, 2, 'App\\Models\\Supplier', '2022-03-14 15:33:25', '2022-03-14 15:33:25'),
(64, 'Primary', 'Kessler, Botsford and Dooley', '52053 Amy Burg Suite 435', 'Rempel Prairie', 'Herzogport', NULL, '58171-5007', 400, '+1 (364) 302-9195', -18.68, 154.82, 3, 'App\\Models\\Supplier', '2022-03-14 15:33:25', '2022-03-14 15:33:25'),
(65, 'Primary', 'Torphy-Bosco', '26192 Bahringer Shore Apt. 767', 'Von Club', 'Aliyahside', NULL, '69104', 705, '1-913-398-4517', 87.07, -36.65, 4, 'App\\Models\\Supplier', '2022-03-14 15:33:25', '2022-03-14 15:33:25'),
(66, 'Primary', 'Lesch LLC', '8599 Moises Terrace Apt. 478', 'Velva Manors', 'Reingerchester', NULL, '40352', 705, '305.528.2828', 24.29, -0.24, 5, 'App\\Models\\Supplier', '2022-03-14 15:33:25', '2022-03-14 15:33:25'),
(67, 'Primary', 'Nicolas Inc', '550 Schultz Island', 'Angus Trail', 'South Nikkohaven', 1478, '33794-0242', 704, '210.662.0483', -23.89, 72.04, 1, 'App\\Models\\Warehouse', '2022-03-14 15:33:30', '2022-03-14 15:33:30');

-- --------------------------------------------------------

--
-- Structură tabel pentru tabel `address_types`
--

CREATE TABLE `address_types` (
  `id` int UNSIGNED NOT NULL,
  `type` varchar(255) COLLATE utf8_unicode_ci NOT NULL
) ENGINE=InnoDB DEFAULT CHARSET=utf8mb3 COLLATE=utf8_unicode_ci;

--
-- Eliminarea datelor din tabel `address_types`
--

INSERT INTO `address_types` (`id`, `type`) VALUES
(2, 'Billing'),
(1, 'Primary'),
(3, 'Shipping');

-- --------------------------------------------------------

--
-- Structură tabel pentru tabel `announcements`
--

CREATE TABLE `announcements` (
  `id` varchar(255) COLLATE utf8_unicode_ci NOT NULL,
  `user_id` int NOT NULL,
  `body` text COLLATE utf8_unicode_ci NOT NULL,
  `action_text` varchar(255) COLLATE utf8_unicode_ci DEFAULT NULL,
  `action_url` text COLLATE utf8_unicode_ci,
  `created_at` timestamp NULL DEFAULT NULL,
  `updated_at` timestamp NULL DEFAULT NULL
) ENGINE=InnoDB DEFAULT CHARSET=utf8mb3 COLLATE=utf8_unicode_ci;

--
-- Eliminarea datelor din tabel `announcements`
--

INSERT INTO `announcements` (`id`, `user_id`, `body`, `action_text`, `action_url`, `created_at`, `updated_at`) VALUES
('9e274a6b-1340-4862-8ca2-525331830725', 1, 'Kids item **deals**', 'Shop Now', '/', '2022-03-14 15:33:20', '2022-03-14 15:33:20');

-- --------------------------------------------------------

--
-- Structură tabel pentru tabel `attachments`
--

CREATE TABLE `attachments` (
  `id` bigint UNSIGNED NOT NULL,
  `path` text COLLATE utf8_unicode_ci NOT NULL,
  `name` text COLLATE utf8_unicode_ci,
  `extension` varchar(255) COLLATE utf8_unicode_ci DEFAULT NULL,
  `size` varchar(255) COLLATE utf8_unicode_ci DEFAULT NULL,
  `attachable_id` int UNSIGNED NOT NULL,
  `attachable_type` varchar(255) COLLATE utf8_unicode_ci NOT NULL,
  `ownable_id` bigint DEFAULT NULL,
  `ownable_type` varchar(255) COLLATE utf8_unicode_ci DEFAULT NULL,
  `created_at` timestamp NULL DEFAULT NULL,
  `updated_at` timestamp NULL DEFAULT NULL
) ENGINE=InnoDB DEFAULT CHARSET=utf8mb3 COLLATE=utf8_unicode_ci;

-- --------------------------------------------------------

--
-- Structură tabel pentru tabel `attributes`
--

CREATE TABLE `attributes` (
  `id` int UNSIGNED NOT NULL,
  `shop_id` int UNSIGNED DEFAULT NULL,
  `name` varchar(100) COLLATE utf8_unicode_ci DEFAULT NULL,
  `attribute_type_id` int UNSIGNED DEFAULT NULL,
  `order` int DEFAULT NULL,
  `deleted_at` timestamp NULL DEFAULT NULL,
  `created_at` timestamp NULL DEFAULT NULL,
  `updated_at` timestamp NULL DEFAULT NULL
) ENGINE=InnoDB DEFAULT CHARSET=utf8mb3 COLLATE=utf8_unicode_ci;

--
-- Eliminarea datelor din tabel `attributes`
--

INSERT INTO `attributes` (`id`, `shop_id`, `name`, `attribute_type_id`, `order`, `deleted_at`, `created_at`, `updated_at`) VALUES
(1, NULL, 'Color', 1, 0, NULL, '2022-03-14 15:33:15', '2022-03-14 15:33:15'),
(2, NULL, 'Pattern', 1, 1, NULL, '2022-03-14 15:33:15', '2022-03-14 15:33:15'),
(3, NULL, 'Size', 3, 2, NULL, '2022-03-14 15:33:15', '2022-03-14 15:33:15'),
(4, NULL, 'Style', 3, 3, NULL, '2022-03-14 15:33:15', '2022-03-14 15:33:15'),
(5, NULL, 'Gender', 2, 4, NULL, '2022-03-14 15:33:15', '2022-03-14 15:33:15'),
(6, NULL, 'Format', 3, 5, NULL, '2022-03-14 15:33:15', '2022-03-14 15:33:15');

-- --------------------------------------------------------

--
-- Structură tabel pentru tabel `attribute_categories`
--

CREATE TABLE `attribute_categories` (
  `id` bigint UNSIGNED NOT NULL,
  `category_id` int UNSIGNED DEFAULT NULL,
  `attribute_id` int UNSIGNED DEFAULT NULL,
  `created_at` timestamp NULL DEFAULT NULL,
  `updated_at` timestamp NULL DEFAULT NULL
) ENGINE=InnoDB DEFAULT CHARSET=utf8mb3 COLLATE=utf8_unicode_ci;

-- --------------------------------------------------------

--
-- Structură tabel pentru tabel `attribute_inventory`
--

CREATE TABLE `attribute_inventory` (
  `attribute_id` int UNSIGNED NOT NULL,
  `inventory_id` bigint UNSIGNED NOT NULL,
  `attribute_value_id` int UNSIGNED NOT NULL,
  `created_at` timestamp NULL DEFAULT NULL,
  `updated_at` timestamp NULL DEFAULT NULL
) ENGINE=InnoDB DEFAULT CHARSET=utf8mb3 COLLATE=utf8_unicode_ci;

--
-- Eliminarea datelor din tabel `attribute_inventory`
--

INSERT INTO `attribute_inventory` (`attribute_id`, `inventory_id`, `attribute_value_id`, `created_at`, `updated_at`) VALUES
(2, 47, 28, '2022-03-14 15:33:20', '2022-03-14 15:33:20'),
(5, 63, 7, '2022-03-14 15:33:20', '2022-03-14 15:33:20'),
(4, 75, 15, '2022-03-14 15:33:20', '2022-03-14 15:33:20'),
(6, 58, 8, '2022-03-14 15:33:20', '2022-03-14 15:33:20'),
(6, 107, 18, '2022-03-14 15:33:20', '2022-03-14 15:33:20'),
(5, 19, 25, '2022-03-14 15:33:20', '2022-03-14 15:33:20'),
(2, 10, 28, '2022-03-14 15:33:20', '2022-03-14 15:33:20'),
(3, 83, 20, '2022-03-14 15:33:20', '2022-03-14 15:33:20'),
(4, 29, 2, '2022-03-14 15:33:20', '2022-03-14 15:33:20'),
(2, 87, 24, '2022-03-14 15:33:20', '2022-03-14 15:33:20'),
(1, 41, 27, '2022-03-14 15:33:20', '2022-03-14 15:33:20'),
(3, 105, 20, '2022-03-14 15:33:20', '2022-03-14 15:33:20'),
(4, 84, 11, '2022-03-14 15:33:20', '2022-03-14 15:33:20'),
(6, 50, 10, '2022-03-14 15:33:20', '2022-03-14 15:33:20'),
(3, 42, 3, '2022-03-14 15:33:20', '2022-03-14 15:33:20'),
(6, 93, 6, '2022-03-14 15:33:20', '2022-03-14 15:33:20'),
(5, 102, 25, '2022-03-14 15:33:20', '2022-03-14 15:33:20'),
(2, 53, 24, '2022-03-14 15:33:20', '2022-03-14 15:33:20'),
(1, 58, 12, '2022-03-14 15:33:20', '2022-03-14 15:33:20'),
(6, 78, 1, '2022-03-14 15:33:20', '2022-03-14 15:33:20'),
(4, 36, 23, '2022-03-14 15:33:20', '2022-03-14 15:33:20'),
(2, 48, 24, '2022-03-14 15:33:20', '2022-03-14 15:33:20'),
(3, 28, 20, '2022-03-14 15:33:20', '2022-03-14 15:33:20'),
(6, 92, 6, '2022-03-14 15:33:20', '2022-03-14 15:33:20'),
(6, 2, 1, '2022-03-14 15:33:20', '2022-03-14 15:33:20'),
(3, 30, 3, '2022-03-14 15:33:20', '2022-03-14 15:33:20'),
(2, 23, 5, '2022-03-14 15:33:20', '2022-03-14 15:33:20'),
(5, 77, 7, '2022-03-14 15:33:20', '2022-03-14 15:33:20'),
(5, 39, 25, '2022-03-14 15:33:20', '2022-03-14 15:33:20'),
(6, 70, 30, '2022-03-14 15:33:20', '2022-03-14 15:33:20');

-- --------------------------------------------------------

--
-- Structură tabel pentru tabel `attribute_types`
--

CREATE TABLE `attribute_types` (
  `id` int UNSIGNED NOT NULL,
  `type` varchar(100) COLLATE utf8_unicode_ci NOT NULL
) ENGINE=InnoDB DEFAULT CHARSET=utf8mb3 COLLATE=utf8_unicode_ci;

--
-- Eliminarea datelor din tabel `attribute_types`
--

INSERT INTO `attribute_types` (`id`, `type`) VALUES
(1, 'Color/Pattern'),
(2, 'Radio'),
(3, 'Select');

-- --------------------------------------------------------

--
-- Structură tabel pentru tabel `attribute_values`
--

CREATE TABLE `attribute_values` (
  `id` int UNSIGNED NOT NULL,
  `shop_id` int UNSIGNED DEFAULT NULL,
  `value` varchar(100) COLLATE utf8_unicode_ci DEFAULT NULL,
  `color` varchar(20) COLLATE utf8_unicode_ci DEFAULT NULL,
  `attribute_id` int UNSIGNED NOT NULL,
  `order` int DEFAULT NULL,
  `deleted_at` timestamp NULL DEFAULT NULL,
  `created_at` timestamp NULL DEFAULT NULL,
  `updated_at` timestamp NULL DEFAULT NULL
) ENGINE=InnoDB DEFAULT CHARSET=utf8mb3 COLLATE=utf8_unicode_ci;

--
-- Eliminarea datelor din tabel `attribute_values`
--

INSERT INTO `attribute_values` (`id`, `shop_id`, `value`, `color`, `attribute_id`, `order`, `deleted_at`, `created_at`, `updated_at`) VALUES
(1, NULL, 'a', '#72a736', 6, 8, NULL, '2022-03-14 15:33:29', '2022-03-14 15:33:29'),
(2, NULL, 'ipsa', '#0de1a6', 4, 0, NULL, '2022-03-14 15:33:29', '2022-03-14 15:33:29'),
(3, 3, 'quam', '#d31632', 3, 4, NULL, '2022-03-14 15:33:29', '2022-03-14 15:33:29'),
(4, 3, 'magnam', '#49cd46', 3, 3, NULL, '2022-03-14 15:33:29', '2022-03-14 15:33:29'),
(5, 3, 'perferendis', '#2cca35', 2, 2, NULL, '2022-03-14 15:33:29', '2022-03-14 15:33:29'),
(6, NULL, 'qui', '#f972d6', 6, 8, NULL, '2022-03-14 15:33:29', '2022-03-14 15:33:29'),
(7, 3, 'dolorem', '#14b60e', 5, 9, NULL, '2022-03-14 15:33:29', '2022-03-14 15:33:29'),
(8, NULL, 'culpa', '#182303', 6, 4, NULL, '2022-03-14 15:33:29', '2022-03-14 15:33:29'),
(9, NULL, 'sapiente', '#266ff7', 2, 8, NULL, '2022-03-14 15:33:29', '2022-03-14 15:33:29'),
(10, 1, 'voluptatem', '#090714', 6, 1, NULL, '2022-03-14 15:33:29', '2022-03-14 15:33:29'),
(11, NULL, 'excepturi', '#fac03a', 4, 6, NULL, '2022-03-14 15:33:29', '2022-03-14 15:33:29'),
(12, NULL, 'eum', '#402c9e', 1, 3, NULL, '2022-03-14 15:33:29', '2022-03-14 15:33:29'),
(13, NULL, 'amet', '#a38bfc', 5, 5, NULL, '2022-03-14 15:33:29', '2022-03-14 15:33:29'),
(14, NULL, 'quo', '#70b9d1', 5, 2, NULL, '2022-03-14 15:33:29', '2022-03-14 15:33:29'),
(15, NULL, 'blanditiis', '#4ffad8', 4, 1, NULL, '2022-03-14 15:33:29', '2022-03-14 15:33:29'),
(16, 2, 'eveniet', '#ab1a28', 1, 5, NULL, '2022-03-14 15:33:29', '2022-03-14 15:33:29'),
(17, NULL, 'quas', '#471db2', 2, 5, NULL, '2022-03-14 15:33:29', '2022-03-14 15:33:29'),
(18, NULL, 'maiores', '#fd25bb', 6, 9, NULL, '2022-03-14 15:33:29', '2022-03-14 15:33:29'),
(19, NULL, 'et', '#659fde', 3, 7, NULL, '2022-03-14 15:33:29', '2022-03-14 15:33:29'),
(20, NULL, 'sed', '#113665', 3, 0, NULL, '2022-03-14 15:33:29', '2022-03-14 15:33:29'),
(21, 2, 'laboriosam', '#993b12', 2, 7, NULL, '2022-03-14 15:33:29', '2022-03-14 15:33:29'),
(22, 3, 'eos', '#d4e116', 3, 2, NULL, '2022-03-14 15:33:29', '2022-03-14 15:33:29'),
(23, 2, 'placeat', '#2177f5', 4, 0, NULL, '2022-03-14 15:33:29', '2022-03-14 15:33:29'),
(24, NULL, 'deleniti', '#257f2e', 2, 7, NULL, '2022-03-14 15:33:29', '2022-03-14 15:33:29'),
(25, 3, 'tempora', '#adf91f', 5, 1, NULL, '2022-03-14 15:33:29', '2022-03-14 15:33:29'),
(26, 5, 'voluptate', '#aa7680', 2, 0, NULL, '2022-03-14 15:33:29', '2022-03-14 15:33:29'),
(27, 4, 'expedita', '#b96a9f', 1, 9, NULL, '2022-03-14 15:33:29', '2022-03-14 15:33:29'),
(28, 3, 'consequuntur', '#d7fe1d', 2, 9, NULL, '2022-03-14 15:33:29', '2022-03-14 15:33:29'),
(29, 3, 'vel', '#2b5bdb', 5, 7, NULL, '2022-03-14 15:33:30', '2022-03-14 15:33:30'),
(30, NULL, 'eos', '#8d1125', 6, 3, NULL, '2022-03-14 15:33:30', '2022-03-14 15:33:30');

-- --------------------------------------------------------

--
-- Structură tabel pentru tabel `avg_feedback`
--

CREATE TABLE `avg_feedback` (
  `id` bigint UNSIGNED NOT NULL,
  `rating` tinyint DEFAULT NULL,
  `count` bigint UNSIGNED DEFAULT NULL,
  `feedbackable_id` bigint UNSIGNED NOT NULL,
  `feedbackable_type` varchar(255) COLLATE utf8_unicode_ci NOT NULL,
  `created_at` timestamp NULL DEFAULT NULL,
  `updated_at` timestamp NULL DEFAULT NULL
) ENGINE=InnoDB DEFAULT CHARSET=utf8mb3 COLLATE=utf8_unicode_ci;

--
-- Eliminarea datelor din tabel `avg_feedback`
--

INSERT INTO `avg_feedback` (`id`, `rating`, `count`, `feedbackable_id`, `feedbackable_type`, `created_at`, `updated_at`) VALUES
(1, 5, 1, 2, 'App\\Models\\Inventory', '2022-03-14 15:33:40', '2022-03-14 15:33:40'),
(2, 4, 1, 3, 'App\\Models\\Inventory', '2022-03-14 15:33:40', '2022-03-14 15:33:40'),
(3, 5, 1, 4, 'App\\Models\\Inventory', '2022-03-14 15:33:40', '2022-03-14 15:33:40'),
(4, 1, 1, 5, 'App\\Models\\Inventory', '2022-03-14 15:33:40', '2022-03-14 15:33:40'),
(5, 3, 1, 7, 'App\\Models\\Inventory', '2022-03-14 15:33:40', '2022-03-14 15:33:40'),
(6, 3, 1, 8, 'App\\Models\\Inventory', '2022-03-14 15:33:40', '2022-03-14 15:33:40'),
(7, 4, 2, 9, 'App\\Models\\Inventory', '2022-03-14 15:33:40', '2022-03-14 15:33:40'),
(8, 2, 2, 15, 'App\\Models\\Inventory', '2022-03-14 15:33:40', '2022-03-14 15:33:40'),
(9, 3, 4, 16, 'App\\Models\\Inventory', '2022-03-14 15:33:40', '2022-03-14 15:33:40'),
(10, 3, 2, 17, 'App\\Models\\Inventory', '2022-03-14 15:33:40', '2022-03-14 15:33:40'),
(11, 3, 1, 18, 'App\\Models\\Inventory', '2022-03-14 15:33:40', '2022-03-14 15:33:40'),
(12, 4, 1, 22, 'App\\Models\\Inventory', '2022-03-14 15:33:40', '2022-03-14 15:33:40'),
(13, 1, 1, 25, 'App\\Models\\Inventory', '2022-03-14 15:33:40', '2022-03-14 15:33:40'),
(14, 4, 1, 26, 'App\\Models\\Inventory', '2022-03-14 15:33:40', '2022-03-14 15:33:40'),
(15, 3, 2, 28, 'App\\Models\\Inventory', '2022-03-14 15:33:40', '2022-03-14 15:33:40'),
(16, 3, 1, 29, 'App\\Models\\Inventory', '2022-03-14 15:33:40', '2022-03-14 15:33:40'),
(17, 5, 1, 30, 'App\\Models\\Inventory', '2022-03-14 15:33:40', '2022-03-14 15:33:40'),
(18, 1, 1, 31, 'App\\Models\\Inventory', '2022-03-14 15:33:40', '2022-03-14 15:33:40'),
(19, 3, 1, 32, 'App\\Models\\Inventory', '2022-03-14 15:33:40', '2022-03-14 15:33:40'),
(20, 3, 1, 34, 'App\\Models\\Inventory', '2022-03-14 15:33:40', '2022-03-14 15:33:40'),
(21, 4, 1, 35, 'App\\Models\\Inventory', '2022-03-14 15:33:40', '2022-03-14 15:33:40'),
(22, 3, 2, 36, 'App\\Models\\Inventory', '2022-03-14 15:33:40', '2022-03-14 15:33:40'),
(23, 1, 1, 39, 'App\\Models\\Inventory', '2022-03-14 15:33:40', '2022-03-14 15:33:40'),
(24, 3, 1, 41, 'App\\Models\\Inventory', '2022-03-14 15:33:40', '2022-03-14 15:33:40'),
(25, 3, 2, 46, 'App\\Models\\Inventory', '2022-03-14 15:33:40', '2022-03-14 15:33:40'),
(26, 5, 1, 47, 'App\\Models\\Inventory', '2022-03-14 15:33:40', '2022-03-14 15:33:40'),
(27, 2, 3, 48, 'App\\Models\\Inventory', '2022-03-14 15:33:40', '2022-03-14 15:33:40'),
(28, 4, 2, 50, 'App\\Models\\Inventory', '2022-03-14 15:33:40', '2022-03-14 15:33:40'),
(29, 3, 1, 52, 'App\\Models\\Inventory', '2022-03-14 15:33:40', '2022-03-14 15:33:40'),
(30, 2, 2, 53, 'App\\Models\\Inventory', '2022-03-14 15:33:40', '2022-03-14 15:33:40'),
(31, 3, 1, 55, 'App\\Models\\Inventory', '2022-03-14 15:33:40', '2022-03-14 15:33:40'),
(32, 3, 1, 57, 'App\\Models\\Inventory', '2022-03-14 15:33:40', '2022-03-14 15:33:40'),
(33, 3, 1, 63, 'App\\Models\\Inventory', '2022-03-14 15:33:40', '2022-03-14 15:33:40'),
(34, 1, 1, 64, 'App\\Models\\Inventory', '2022-03-14 15:33:40', '2022-03-14 15:33:40'),
(35, 3, 1, 70, 'App\\Models\\Inventory', '2022-03-14 15:33:40', '2022-03-14 15:33:40'),
(36, 2, 1, 71, 'App\\Models\\Inventory', '2022-03-14 15:33:40', '2022-03-14 15:33:40'),
(37, 3, 2, 74, 'App\\Models\\Inventory', '2022-03-14 15:33:40', '2022-03-14 15:33:40'),
(38, 2, 1, 75, 'App\\Models\\Inventory', '2022-03-14 15:33:40', '2022-03-14 15:33:40'),
(39, 2, 1, 76, 'App\\Models\\Inventory', '2022-03-14 15:33:40', '2022-03-14 15:33:40'),
(40, 4, 3, 79, 'App\\Models\\Inventory', '2022-03-14 15:33:40', '2022-03-14 15:33:40'),
(41, 2, 1, 80, 'App\\Models\\Inventory', '2022-03-14 15:33:40', '2022-03-14 15:33:40'),
(42, 4, 1, 83, 'App\\Models\\Inventory', '2022-03-14 15:33:40', '2022-03-14 15:33:40'),
(43, 1, 1, 84, 'App\\Models\\Inventory', '2022-03-14 15:33:40', '2022-03-14 15:33:40'),
(44, 4, 2, 88, 'App\\Models\\Inventory', '2022-03-14 15:33:40', '2022-03-14 15:33:40'),
(45, 2, 1, 89, 'App\\Models\\Inventory', '2022-03-14 15:33:40', '2022-03-14 15:33:40'),
(46, 4, 1, 94, 'App\\Models\\Inventory', '2022-03-14 15:33:40', '2022-03-14 15:33:40'),
(47, 3, 1, 96, 'App\\Models\\Inventory', '2022-03-14 15:33:40', '2022-03-14 15:33:40'),
(48, 4, 1, 98, 'App\\Models\\Inventory', '2022-03-14 15:33:40', '2022-03-14 15:33:40'),
(49, 1, 1, 100, 'App\\Models\\Inventory', '2022-03-14 15:33:40', '2022-03-14 15:33:40'),
(50, 4, 1, 101, 'App\\Models\\Inventory', '2022-03-14 15:33:40', '2022-03-14 15:33:40'),
(51, 3, 2, 102, 'App\\Models\\Inventory', '2022-03-14 15:33:40', '2022-03-14 15:33:40'),
(52, 4, 1, 103, 'App\\Models\\Inventory', '2022-03-14 15:33:40', '2022-03-14 15:33:40'),
(53, 3, 17, 1, 'App\\Models\\Shop', '2022-03-14 15:33:40', '2022-03-14 15:33:40'),
(54, 4, 14, 2, 'App\\Models\\Shop', '2022-03-14 15:33:40', '2022-03-14 15:33:40'),
(55, 3, 17, 3, 'App\\Models\\Shop', '2022-03-14 15:33:40', '2022-03-14 15:33:40'),
(56, 3, 16, 4, 'App\\Models\\Shop', '2022-03-14 15:33:40', '2022-03-14 15:33:40'),
(57, 3, 16, 5, 'App\\Models\\Shop', '2022-03-14 15:33:40', '2022-03-14 15:33:40');

-- --------------------------------------------------------

--
-- Structură tabel pentru tabel `banners`
--

CREATE TABLE `banners` (
  `id` int UNSIGNED NOT NULL,
  `title` varchar(255) COLLATE utf8_unicode_ci DEFAULT NULL,
  `description` varchar(255) COLLATE utf8_unicode_ci DEFAULT NULL,
  `link` text COLLATE utf8_unicode_ci,
  `link_label` varchar(100) COLLATE utf8_unicode_ci DEFAULT NULL,
  `bg_color` varchar(20) COLLATE utf8_unicode_ci DEFAULT NULL,
  `group_id` varchar(255) COLLATE utf8_unicode_ci DEFAULT NULL,
  `columns` int DEFAULT '12',
  `order` int DEFAULT '100',
  `effect` tinyint NOT NULL DEFAULT '0',
  `created_at` timestamp NULL DEFAULT NULL,
  `updated_at` timestamp NULL DEFAULT NULL
) ENGINE=InnoDB DEFAULT CHARSET=utf8mb3 COLLATE=utf8_unicode_ci;

--
-- Eliminarea datelor din tabel `banners`
--

INSERT INTO `banners` (`id`, `title`, `description`, `link`, `link_label`, `bg_color`, `group_id`, `columns`, `order`, `effect`, `created_at`, `updated_at`) VALUES
(1, 'Knockout offers!', 'Flat 37% off', '/category/harum-non-veritatis-ipsam-sint-rerum', 'Shop Now', '#b37ab7', 'group_1', 4, 100, 1, '2022-03-14 15:33:38', '2022-03-14 15:33:38'),
(2, 'Black Friday Deals!', 'Up to 53% off', '/category/mobile', 'Shop Now', '#104af7', 'group_1', 4, 100, 1, '2022-03-14 15:33:38', '2022-03-14 15:33:38'),
(3, 'Tech accessories with free shipping', 'Flat 36% off', '/category/quia-doloremque-qui-deleniti-sequi-iure', 'Shop Now', '#c439db', 'group_1', 4, 100, 1, '2022-03-14 15:33:38', '2022-03-14 15:33:38'),
(4, 'BIG sale week!', 'Don\'t miss out!', '/category/dslr', 'Shop Now', '#e1b5ff', 'group_2', 6, 100, 0, '2022-03-14 15:33:38', '2022-03-14 15:33:38'),
(5, 'Books category deals', '59% off today! + free shipping', '/category/ut-enim-eveniet-iste-blanditiis-incidunt-natus', 'Shop Now', '#3abd73', 'group_2', 6, 100, 0, '2022-03-14 15:33:38', '2022-03-14 15:33:38'),
(6, 'Books category deals', 'Don\'t miss out!', '/category/ullam-nesciunt-et-nam-ratione-ut-quo-aut-eius', 'Shop Now', '#8e801e', 'group_4', 6, 100, 0, '2022-03-14 15:33:38', '2022-03-14 15:33:38'),
(7, '80% Off!', 'Up to 49% off', '/category/dolore-quos-qui-sed-neque-molestiae', 'Shop Now', '#4871bc', 'group_4', 6, 100, 0, '2022-03-14 15:33:38', '2022-03-14 15:33:38'),
(8, 'Free shipping', 'Don\'t miss out!', '/category/sed-explicabo-et-eos-rem-impedit', 'Shop Now', '#64ca2a', 'group_5', 12, 100, 0, '2022-03-14 15:33:38', '2022-03-14 15:33:38'),
(9, 'Kids item deals', '53% off today!', '/category/voluptatem-repellendus-perspiciatis-nihil-illo-repudiandae', 'Shop Now', '#fd2e8c', 'group_6', 6, 100, 1, '2022-03-14 15:33:38', '2022-03-14 15:33:38'),
(10, 'Books category deals', 'Flat 40% off', '/category/maxime-ut-ut-in-odio', 'Shop Now', '#1577c2', 'group_6', 6, 100, 1, '2022-03-14 15:33:38', '2022-03-14 15:33:38');

-- --------------------------------------------------------

--
-- Structură tabel pentru tabel `banner_groups`
--

CREATE TABLE `banner_groups` (
  `id` varchar(255) COLLATE utf8_unicode_ci NOT NULL,
  `name` varchar(255) COLLATE utf8_unicode_ci NOT NULL
) ENGINE=InnoDB DEFAULT CHARSET=utf8mb3 COLLATE=utf8_unicode_ci;

--
-- Eliminarea datelor din tabel `banner_groups`
--

INSERT INTO `banner_groups` (`id`, `name`) VALUES
('group_1', 'Group 1'),
('group_2', 'Group 2'),
('group_3', 'Group 3'),
('group_4', 'Group 4'),
('group_5', 'Group 5'),
('group_6', 'Group 6');

-- --------------------------------------------------------

--
-- Structură tabel pentru tabel `blogs`
--

CREATE TABLE `blogs` (
  `id` int UNSIGNED NOT NULL,
  `title` text COLLATE utf8_unicode_ci NOT NULL,
  `slug` varchar(200) COLLATE utf8_unicode_ci NOT NULL,
  `excerpt` varchar(255) COLLATE utf8_unicode_ci DEFAULT NULL,
  `content` longtext COLLATE utf8_unicode_ci,
  `user_id` bigint UNSIGNED NOT NULL,
  `status` tinyint(1) NOT NULL DEFAULT '1',
  `approved` tinyint(1) NOT NULL DEFAULT '1',
  `published_at` timestamp NULL DEFAULT NULL,
  `likes` int UNSIGNED NOT NULL DEFAULT '0',
  `dislikes` int UNSIGNED NOT NULL DEFAULT '0',
  `deleted_at` timestamp NULL DEFAULT NULL,
  `created_at` timestamp NULL DEFAULT NULL,
  `updated_at` timestamp NULL DEFAULT NULL
) ENGINE=InnoDB DEFAULT CHARSET=utf8mb3 COLLATE=utf8_unicode_ci;

--
-- Eliminarea datelor din tabel `blogs`
--

INSERT INTO `blogs` (`id`, `title`, `slug`, `excerpt`, `content`, `user_id`, `status`, `approved`, `published_at`, `likes`, `dislikes`, `deleted_at`, `created_at`, `updated_at`) VALUES
(1, 'Sunt consequatur dolor architecto occaecati.', 'abc-zcart-blog-post', 'Totam debitis et reprehenderit quas. Optio quisquam consequuntur qui dolor fugiat ratione. Et amet magni voluptatem delectus est animi cumque. Dolorum tenetur esse sint eligendi deserunt consequatur.', '<p>Aut sint qui exercitationem facere. Laboriosam quisquam voluptatem quaerat nisi rerum ut quasi. Dolores sint dicta dicta sit ea deleniti qui.</p><p>A modi dolorem laudantium qui. Ex sapiente iusto et. Deserunt id a dolorum porro. Ea voluptate aut omnis accusamus.</p><p>Atque praesentium quo autem est. Commodi eveniet qui est fugiat esse quos sit. Deserunt eius at cumque sed ut repellat. At cum quas et sint.</p><p>Impedit laboriosam qui ratione ut minus. Sit repellendus id labore assumenda veniam. Odio placeat aut repellendus aliquid.<iframe width=\"560\" height=\"315\" src=\"https://www.youtube.com/embed/qUGHv2VAESE\" frameborder=\"0\" allow=\"accelerometer; autoplay; encrypted-media; gyroscope; picture-in-picture\" allowfullscreen></iframe></p><p>Ut nesciunt quos ut sed dolores quis nobis. Tempora in fuga et eaque. Aut expedita ut nostrum voluptate iusto velit.</p><p>Repudiandae iure eos tenetur deserunt natus eum et. Nemo in est est incidunt illum quidem quos. Ipsam velit quod voluptatibus rerum. Ut velit sit qui quam vero.</p><p>Sapiente qui qui porro suscipit eligendi esse esse. Odio libero assumenda iste dolor. Temporibus quisquam error veritatis sequi eum deleniti. Nulla corporis et vel officiis. Rerum voluptatem labore enim officiis autem cumque assumenda.</p>', 2, 1, 1, '2022-03-09 15:33:00', 0, 0, NULL, '2022-02-12 15:33:37', '2022-02-12 15:33:37'),
(2, 'Et non ut qui.', 'aliquam-commodi-eum-repellendus-non-dolorem-blanditiis-deleniti', 'Facere id et illo ut in. Sint iste voluptatem ut ut. Inventore quia error doloribus voluptatem.', '<p>Voluptate nemo accusamus et nesciunt repellendus deleniti. Eum quibusdam velit repellendus at voluptatibus ut dignissimos. Enim neque repellat et consequatur.</p><p>In et et dolorem sed. Nulla tenetur quia harum blanditiis ut minus aliquid qui.</p><p>Saepe laboriosam dolorem natus atque optio autem. Reprehenderit deserunt animi illum. Eveniet iste quidem nesciunt ea ex unde.</p><p>Doloremque dolorem aut earum pariatur odit neque. Odit ea aut et officia est qui blanditiis asperiores. Excepturi velit laudantium similique eveniet exercitationem. Nulla dolores et aperiam iure sequi.<img src=\"https://farm5.staticflickr.com/4472/37699097482_c20aaa2910_z.jpg\" width=\"640\" height=\"424\" alt=\"Rolling\"></p><p>Nulla eos velit distinctio voluptatem animi necessitatibus fugit et. Nostrum non sunt accusantium. Tempora neque numquam nesciunt voluptas corporis nisi ratione. Sint deserunt quidem quia voluptas eligendi error voluptate.</p><p>Qui nisi libero voluptate aliquam rem sint nobis. Vero et perspiciatis quos distinctio nihil incidunt. Sapiente qui itaque id ipsam optio molestiae.</p><p>Illo repellendus sed beatae est quia. Dignissimos nesciunt qui voluptatum ut neque omnis.</p>', 1, 1, 1, '2022-03-05 15:33:00', 0, 0, NULL, '2022-02-15 15:33:37', '2022-02-15 15:33:37'),
(3, 'Molestiae voluptas esse velit a non neque.', 'repellendus-quia-autem-quos-eos-qui-ad', 'Aperiam dolores itaque commodi quia sed. Accusantium id a dicta doloremque error perferendis ut inventore. Et quia officia est minima sit alias non.', '<p>Eius placeat ullam et voluptatum. Veritatis numquam quia necessitatibus dolores omnis sequi et. Consequatur est quae sed mollitia sunt harum.</p><p>Occaecati sit soluta voluptatem et corporis eum asperiores. Voluptatem officia repellat illo voluptatem iusto. Consequuntur laboriosam aut atque doloremque soluta similique. Recusandae modi porro est voluptas.</p><p>Quam enim est quibusdam ab magnam expedita. Fuga doloribus veniam est facere et. Eum hic dolorem temporibus dolorum aut nihil voluptate.</p><p>Laudantium explicabo animi ad. Incidunt odio quas id sit accusamus dolores. Quia facere repellendus nostrum vitae delectus qui et.<img src=\"https://farm5.staticflickr.com/4510/37699099812_bc4aa78c5a_z.jpg\" width=\"640\" height=\"424\" alt=\"Fishermen&#x27;s morning V1\"></p><p>Ut sint qui cum. Perspiciatis libero a cupiditate nostrum sapiente. Vero tempora corrupti pariatur rem enim ut vero. Nihil beatae rerum earum dolorem ut et quae.</p><p>Eum magnam repudiandae porro quia voluptatem maxime reiciendis. Aliquid sed explicabo itaque animi perspiciatis excepturi fugiat aut. Aperiam corrupti aut et a sint ducimus. Dolorem eaque expedita ut repellendus quasi nemo distinctio.</p><p>Soluta sunt voluptatem incidunt temporibus beatae. Itaque fugiat quia quo suscipit consequatur veritatis nesciunt natus.</p>', 6, 1, 1, '2022-03-13 15:33:00', 0, 0, NULL, '2022-03-04 15:33:37', '2022-03-04 15:33:37'),
(4, 'Et aut porro rerum voluptas nisi labore.', 'harum-aut-veritatis-ut-assumenda', 'Qui sint et quas odio eos molestiae asperiores accusantium. Sed voluptatem quas et quia molestiae modi omnis.', '<p>Modi pariatur rem rerum sunt qui. Quia cum voluptates alias ea praesentium. Sit enim deserunt ratione similique nulla libero optio.</p><p>In fugiat et fuga vero. Illo debitis explicabo possimus culpa rem accusantium amet. Officiis ut temporibus cupiditate voluptatem laboriosam. Hic vitae ipsam itaque voluptas.</p><p>Sequi nemo assumenda vitae optio ex ex. Beatae rerum beatae voluptas qui. A quibusdam ipsam enim et molestiae ratione. Incidunt officia doloremque aut totam id odit vel eos.</p><p>Dolorem alias ut voluptas voluptatibus facilis quia dolor. Explicabo natus quisquam sunt facilis. Soluta eligendi inventore in quia non provident minima. Enim et quam laborum unde.<img src=\"https://farm5.staticflickr.com/4471/37699101012_7b2c5c2734_z.jpg\" width=\"640\" height=\"424\" alt=\"Dogs on beach V1\"></p><p>A ut numquam corporis laudantium cumque. Nostrum porro itaque quos provident explicabo doloremque. Ullam libero natus excepturi voluptates.</p><p>Dolorem iusto quaerat rerum eum non molestias est. Accusamus non id nihil minima ut mollitia aut eveniet. Unde aut quo pariatur.</p><p>Et quo quisquam saepe eos. Exercitationem ea rerum sapiente nihil saepe deserunt cupiditate. Dignissimos nam reprehenderit sunt sunt odio tempore ut.</p>', 5, 1, 1, '2022-03-01 15:33:00', 0, 0, NULL, '2022-02-17 15:33:37', '2022-02-17 15:33:37'),
(5, 'Quasi in asperiores aut ipsa illo est sit.', 'explicabo-iusto-eligendi-nemo-voluptatem-quo-iste', 'Ducimus adipisci ullam eaque labore velit temporibus. Expedita adipisci libero sed. Libero sed aliquid aut quo. Excepturi velit est blanditiis sequi dignissimos quod. Sunt aut quo est.', '<p>Reprehenderit ut et natus consequatur consequatur. Velit voluptatem consequuntur recusandae non sed temporibus. Voluptas sed et eos a explicabo eum nemo. Eligendi quisquam qui amet est repellat.</p><p>Et quaerat non iusto unde a. Quia mollitia natus non adipisci provident omnis. Omnis quia delectus ducimus.</p><p>Ratione ipsa sint ea maxime. Eligendi quia quia molestiae ea rerum perferendis quo. Est aut deserunt maxime quasi sequi inventore consequatur. Cum soluta sed impedit vel. At sed iure ut dignissimos inventore.</p><p>Enim eos quibusdam et sed autem non sit. Esse debitis ut molestiae.<img src=\"https://farm5.staticflickr.com/4472/37699097482_c20aaa2910_z.jpg\" width=\"640\" height=\"424\" alt=\"Rolling\"></p><p>Molestiae voluptate delectus est enim praesentium quam magni. Et omnis alias et omnis inventore id. Porro dolorem vitae aliquid reprehenderit. Vel sapiente cumque non consectetur eveniet sunt at libero.</p><p>Quaerat alias expedita nesciunt et. Aliquid ab aut quia aliquam et atque necessitatibus. Ab blanditiis cupiditate tenetur esse iure. Doloribus autem magnam nisi error nobis voluptatibus illo. Et ut nam beatae exercitationem ea ipsum.</p><p>Quae dolor ut sit eos numquam est. Est et sunt error saepe et a. Magnam fugit laboriosam odit odio ut harum. Ut nulla libero molestiae suscipit magni qui ut voluptates.</p>', 4, 1, 1, '2022-03-05 15:33:00', 0, 0, NULL, '2022-02-25 15:33:37', '2022-02-25 15:33:37'),
(6, 'Debitis in et voluptatem voluptas unde.', 'tempora-dignissimos-veniam-similique-fugit-vel-incidunt-molestiae', 'Commodi perspiciatis et voluptates qui rerum. Quis est id numquam et dolorem. In quae et velit labore.', '<p>Pariatur eum necessitatibus ut voluptas accusantium. Et non minus debitis debitis est eius voluptas. Vel est nulla accusamus. Voluptatum molestiae ducimus ex odio iste aliquam.</p><p>Repellat similique non doloribus quidem in facere et. A est tempore ad quae consequatur est. Earum impedit perferendis aspernatur beatae eligendi enim.</p><p>Et possimus et omnis molestias perferendis omnis necessitatibus. Ut minus doloribus ipsa eos est soluta. Quia sapiente optio praesentium aliquam et laborum laboriosam totam. Tempora ad et dolores doloribus incidunt vitae.</p><p>Tempore autem eum sed autem omnis soluta eius recusandae. Quos animi sint cupiditate sed ipsa tenetur. Consequatur ut praesentium provident.<img src=\"https://farm5.staticflickr.com/4472/37699097482_c20aaa2910_z.jpg\" width=\"640\" height=\"424\" alt=\"Rolling\"></p><p>Perspiciatis sint et animi. Repellat consectetur et consequatur ducimus quo. Illum cumque aperiam voluptatem excepturi necessitatibus ut.</p><p>Perferendis optio praesentium nemo saepe hic incidunt. Ut nihil est rem sed. Iure ea quo vel laboriosam dignissimos eos aut. Fuga non velit suscipit mollitia consequatur aut consectetur.</p><p>Dicta optio quod consequatur doloribus explicabo voluptatem minima. Velit voluptate modi earum recusandae praesentium ut repudiandae. Saepe dolore ipsum qui in.</p>', 7, 1, 1, '2022-03-03 15:33:00', 0, 0, NULL, '2022-02-16 15:33:37', '2022-02-16 15:33:37');

-- --------------------------------------------------------

--
-- Structură tabel pentru tabel `blog_comments`
--

CREATE TABLE `blog_comments` (
  `id` int UNSIGNED NOT NULL,
  `content` longtext COLLATE utf8_unicode_ci NOT NULL,
  `blog_id` int UNSIGNED NOT NULL,
  `user_id` bigint UNSIGNED NOT NULL,
  `parent` int UNSIGNED DEFAULT NULL,
  `approved` tinyint(1) NOT NULL DEFAULT '1',
  `likes` int UNSIGNED NOT NULL DEFAULT '0',
  `dislikes` int UNSIGNED NOT NULL DEFAULT '0',
  `deleted_at` timestamp NULL DEFAULT NULL,
  `created_at` timestamp NULL DEFAULT NULL,
  `updated_at` timestamp NULL DEFAULT NULL
) ENGINE=InnoDB DEFAULT CHARSET=utf8mb3 COLLATE=utf8_unicode_ci;

--
-- Eliminarea datelor din tabel `blog_comments`
--

INSERT INTO `blog_comments` (`id`, `content`, `blog_id`, `user_id`, `parent`, `approved`, `likes`, `dislikes`, `deleted_at`, `created_at`, `updated_at`) VALUES
(1, 'Illum ullam quia earum est. Voluptatem tempore et necessitatibus saepe minima quia. Consequuntur fugit molestiae pariatur doloribus. Id molestiae quo recusandae fugit.', 2, 7, NULL, 1, 0, 0, NULL, '2022-03-01 15:33:37', '2022-03-12 15:33:37'),
(2, 'Iure ipsum odit eum libero atque nam. Quia tempora et sit sapiente minima et. Sapiente a inventore esse. Dolorem et et tenetur pariatur sit et.', 4, 1, NULL, 1, 0, 0, NULL, '2022-03-11 15:33:37', '2022-03-14 15:33:37'),
(3, 'Quas porro odio nihil officiis a delectus. Dolores inventore ipsam consequatur reprehenderit natus. Occaecati tempore pariatur porro pariatur nihil delectus non. Quis cum aut sunt omnis debitis et.', 4, 4, NULL, 1, 0, 0, NULL, '2022-03-05 15:33:37', '2022-02-27 15:33:37'),
(4, 'Nihil accusamus cum voluptate temporibus et illum nihil velit. Labore nam voluptas saepe natus quod dolore voluptatem. Saepe et ut autem numquam deleniti earum nostrum dolorum.', 5, 3, NULL, 1, 0, 0, NULL, '2022-03-11 15:33:37', '2022-03-12 15:33:37'),
(5, 'Aut nihil totam nesciunt excepturi. Nam laboriosam laboriosam architecto quo repudiandae. Ab nisi quia ut sunt doloribus.', 6, 6, NULL, 1, 0, 0, NULL, '2022-03-08 15:33:37', '2022-03-11 15:33:37'),
(6, 'Fuga qui molestiae architecto. Eius vel explicabo vel fugit. Ea hic perferendis et unde odio. Aut autem consectetur nostrum in commodi. Dolore dolore iste placeat reprehenderit reprehenderit rem aut a.', 6, 3, NULL, 0, 0, 0, NULL, '2022-03-09 15:33:37', '2022-03-14 15:33:37'),
(7, 'Inventore sed architecto sed nemo nobis nam ipsum. Debitis illo ducimus nesciunt laborum. Quos eligendi ratione magni unde qui eos consequatur. Repellendus consectetur voluptatem eveniet.', 2, 5, NULL, 0, 0, 0, NULL, '2022-03-06 15:33:37', '2022-03-06 15:33:37'),
(8, 'Impedit exercitationem iste laborum ex omnis eveniet aspernatur. Pariatur ab placeat et earum. A enim et laudantium sit nesciunt autem. Dolore sint tempora et repudiandae et eius.', 5, 1, NULL, 0, 0, 0, NULL, '2022-02-28 15:33:37', '2022-03-13 15:33:37'),
(9, 'In fugiat facilis ipsa. Molestiae quibusdam expedita quas voluptas sit. Dicta reiciendis similique ullam rerum.', 3, 4, NULL, 0, 0, 0, NULL, '2022-03-10 15:33:37', '2022-03-12 15:33:37'),
(10, 'Eos ut voluptas officia quia fuga iure. Maxime sit quae voluptatem aperiam est non dolorem laudantium.', 5, 3, NULL, 1, 0, 0, NULL, '2022-03-08 15:33:37', '2022-03-14 15:33:37'),
(11, 'Quos aspernatur deserunt animi inventore ea inventore quia. Fugit velit asperiores repellat vel. Voluptatibus nostrum officiis dolorum dolores omnis adipisci est.', 1, 3, NULL, 0, 0, 0, NULL, '2022-03-06 15:33:37', '2022-03-03 15:33:37'),
(12, 'Error velit iste omnis suscipit consequatur iusto aut. Ut dolor voluptas nobis nobis assumenda. Voluptatem et dicta repellat fugiat qui cupiditate temporibus. Qui sit nisi quia et itaque incidunt.', 4, 3, NULL, 1, 0, 0, NULL, '2022-03-12 15:33:37', '2022-03-02 15:33:37'),
(13, 'Et est deleniti iure facere repudiandae eligendi nisi. Exercitationem impedit error ea eos voluptatem ullam illo. Et voluptatem quia eos aperiam ullam sed. Aliquam nulla velit fugit nihil officiis.', 2, 1, NULL, 0, 0, 0, NULL, '2022-03-08 15:33:37', '2022-03-09 15:33:37'),
(14, 'Fuga quae pariatur nulla totam. Non et est consequatur voluptates voluptate inventore minus in.', 6, 5, NULL, 0, 0, 0, NULL, '2022-03-12 15:33:37', '2022-03-08 15:33:37'),
(15, 'Ab laborum qui repellat. Dolor ut non quia voluptatibus. Rerum quo vero qui quasi vero dolores enim.', 2, 6, NULL, 1, 0, 0, NULL, '2022-02-28 15:33:37', '2022-03-11 15:33:37'),
(16, 'Aut hic porro praesentium. Qui id ipsam est sed. Aut quae maiores aut ratione. Aut ut aut reprehenderit dicta ex molestiae illum.', 6, 2, NULL, 0, 0, 0, NULL, '2022-03-04 15:33:37', '2022-03-14 15:33:37'),
(17, 'Temporibus est accusantium quia. Quaerat velit quia omnis. Nihil asperiores in amet sit. Est porro sit quia quibusdam dolor ipsum placeat rem. Ut quisquam et libero sit.', 4, 6, NULL, 0, 0, 0, NULL, '2022-03-04 15:33:37', '2022-03-11 15:33:37'),
(18, 'Deserunt qui et id quaerat tenetur veniam. Aut corporis in sunt ut quos quis eos qui. A rerum quia harum quo. Architecto ut exercitationem quia suscipit non quia sit.', 6, 7, NULL, 1, 0, 0, NULL, '2022-03-07 15:33:37', '2022-03-01 15:33:37'),
(19, 'Atque eos nulla ratione et perferendis vitae. Omnis ut ea incidunt ea iure. Dolores reiciendis incidunt eum magni non quibusdam voluptatem.', 1, 3, NULL, 0, 0, 0, NULL, '2022-03-02 15:33:37', '2022-03-11 15:33:37'),
(20, 'Facere nam ipsum qui dignissimos quia quae porro. Veritatis enim aut eligendi a neque harum sed ut. Autem voluptate repudiandae et molestias vero illo dolores. Non voluptatibus corrupti quod excepturi dicta neque.', 2, 7, NULL, 0, 0, 0, NULL, '2022-03-14 15:33:37', '2022-03-05 15:33:37'),
(21, 'Omnis id quibusdam sit et est. Quam qui quia nihil quia consequatur nostrum a. Sed dolore omnis dolore soluta voluptas.', 1, 1, NULL, 1, 0, 0, NULL, '2022-03-09 15:33:37', '2022-03-08 15:33:37'),
(22, 'Amet rerum ut voluptas pariatur ab. Placeat nobis quisquam impedit aliquid. Qui voluptas quas quasi sed omnis vel aperiam placeat. Consequatur debitis dolorem dolor pariatur rerum saepe. Modi molestiae qui non alias eos omnis vel inventore.', 3, 4, NULL, 0, 0, 0, NULL, '2022-03-13 15:33:37', '2022-03-09 15:33:37'),
(23, 'Vel et facilis veniam quo et. Recusandae deserunt odio officia est enim aut. Totam quidem aliquid temporibus.', 6, 2, NULL, 1, 0, 0, NULL, '2022-02-28 15:33:37', '2022-03-02 15:33:37'),
(24, 'Non veniam accusantium qui ullam est excepturi. Autem magni sit nihil perspiciatis iure omnis necessitatibus. At ipsam placeat suscipit facere.', 2, 5, NULL, 1, 0, 0, NULL, '2022-02-28 15:33:37', '2022-03-05 15:33:37'),
(25, 'Ratione ratione et iste accusantium ducimus enim. Commodi perferendis placeat enim. A eum laborum eaque quas qui a ducimus.', 4, 1, NULL, 0, 0, 0, NULL, '2022-03-06 15:33:37', '2022-03-11 15:33:37'),
(26, 'Odit labore incidunt provident sequi ex adipisci voluptas. Et sunt officia dolorem perferendis optio est ea. Enim voluptatem cupiditate ut et.', 3, 1, NULL, 0, 0, 0, NULL, '2022-03-13 15:33:37', '2022-03-01 15:33:37'),
(27, 'Repellendus officia ut aliquid consequatur animi rerum. Omnis distinctio occaecati aperiam quia aliquid quia. A dolor architecto in facere sint illo recusandae. Beatae deserunt nesciunt explicabo est. Eum ipsa cumque dolores aut delectus eius rerum.', 2, 3, NULL, 1, 0, 0, NULL, '2022-03-07 15:33:37', '2022-03-01 15:33:37'),
(28, 'Voluptatem voluptas tempora eius distinctio unde dolorem. Voluptas ex nesciunt tempora totam. Omnis id vel quia sed.', 5, 3, NULL, 0, 0, 0, NULL, '2022-03-02 15:33:37', '2022-03-06 15:33:37'),
(29, 'Voluptates dolores qui et iure facere est dolores. Harum voluptatem aspernatur et unde numquam praesentium excepturi.', 6, 5, NULL, 1, 0, 0, NULL, '2022-03-04 15:33:37', '2022-02-27 15:33:37'),
(30, 'Enim nesciunt voluptatem et qui accusamus quia iure. Aperiam nihil magnam dicta. Earum sunt sed eaque commodi repudiandae. Odit maiores nemo mollitia aut.', 5, 1, NULL, 0, 0, 0, NULL, '2022-03-05 15:33:37', '2022-03-11 15:33:37');

-- --------------------------------------------------------

--
-- Structură tabel pentru tabel `cancellations`
--

CREATE TABLE `cancellations` (
  `id` bigint UNSIGNED NOT NULL,
  `shop_id` int UNSIGNED DEFAULT NULL,
  `cancellation_reason_id` int UNSIGNED DEFAULT NULL,
  `customer_id` bigint UNSIGNED NOT NULL,
  `order_id` bigint UNSIGNED NOT NULL,
  `items` text COLLATE utf8_unicode_ci,
  `description` longtext COLLATE utf8_unicode_ci,
  `return_goods` tinyint(1) DEFAULT NULL,
  `status` int UNSIGNED NOT NULL DEFAULT '1',
  `created_at` timestamp NULL DEFAULT NULL,
  `updated_at` timestamp NULL DEFAULT NULL
) ENGINE=InnoDB DEFAULT CHARSET=utf8mb3 COLLATE=utf8_unicode_ci;

-- --------------------------------------------------------

--
-- Structură tabel pentru tabel `cancellation_reasons`
--

CREATE TABLE `cancellation_reasons` (
  `id` int UNSIGNED NOT NULL,
  `detail` varchar(255) COLLATE utf8_unicode_ci NOT NULL,
  `office_use` tinyint(1) DEFAULT NULL
) ENGINE=InnoDB DEFAULT CHARSET=utf8mb3 COLLATE=utf8_unicode_ci;

--
-- Eliminarea datelor din tabel `cancellation_reasons`
--

INSERT INTO `cancellation_reasons` (`id`, `detail`, `office_use`) VALUES
(1, 'Order created by mistake', NULL),
(2, 'Delivery takes so long', NULL),
(3, 'High shipping cost', NULL),
(4, 'Wrong shipping address', NULL),
(5, 'Need some adjustment', NULL),
(6, 'Wrong billing address', NULL),
(7, 'Other reason', NULL),
(8, 'No inventory', 1),
(9, 'Buyer cancelled', 1),
(10, 'General adjustment', 1),
(11, 'Shipping address undeliverable', 1),
(12, 'Pricing issue', 1),
(13, 'Customs problem', 1);

-- --------------------------------------------------------

--
-- Structură tabel pentru tabel `carriers`
--

CREATE TABLE `carriers` (
  `id` int UNSIGNED NOT NULL,
  `shop_id` int UNSIGNED DEFAULT NULL,
  `tax_id` int UNSIGNED DEFAULT NULL,
  `name` varchar(255) COLLATE utf8_unicode_ci NOT NULL,
  `email` varchar(255) COLLATE utf8_unicode_ci DEFAULT NULL,
  `phone` varchar(255) COLLATE utf8_unicode_ci DEFAULT NULL,
  `tracking_url` varchar(255) COLLATE utf8_unicode_ci DEFAULT NULL,
  `active` tinyint(1) NOT NULL DEFAULT '1',
  `deleted_at` timestamp NULL DEFAULT NULL,
  `created_at` timestamp NULL DEFAULT NULL,
  `updated_at` timestamp NULL DEFAULT NULL
) ENGINE=InnoDB DEFAULT CHARSET=utf8mb3 COLLATE=utf8_unicode_ci;

--
-- Eliminarea datelor din tabel `carriers`
--

INSERT INTO `carriers` (`id`, `shop_id`, `tax_id`, `name`, `email`, `phone`, `tracking_url`, `active`, `deleted_at`, `created_at`, `updated_at`) VALUES
(1, 4, 4, 'USP', 'barrows.rose@yundt.info', '276.845.6183', 'http://williamson.net/ratione-qui-dolores-nesciunt-repellendus-voluptatibus-odit/@', 1, NULL, '2022-03-14 15:33:30', '2022-03-14 15:33:30'),
(2, 4, 3, 'FedEx', 'doyle.keith@hotmail.com', '+16173672291', 'https://wilderman.info/sed-et-fuga-optio-aut.html/@', 1, NULL, '2022-03-14 15:33:30', '2022-03-14 15:33:30'),
(3, 3, 4, 'YRC', 'jmcglynn@hotmail.com', '929-320-5589', 'http://www.klein.net//@', 1, NULL, '2022-03-14 15:33:30', '2022-03-14 15:33:30'),
(4, 3, 1, 'DTDC', 'macejkovic.samanta@hotmail.com', '+1-520-966-4441', 'http://www.thiel.com/incidunt-quos-et-omnis-quis-facilis-adipisci-libero.html/@', 1, NULL, '2022-03-14 15:33:30', '2022-03-14 15:33:30'),
(5, 4, 5, 'DHL', 'tkertzmann@hotmail.com', '+16573821002', 'http://www.howe.com/aut-est-est-dolorem-saepe-quisquam-molestiae-sapiente-veritatis.html/@', 1, NULL, '2022-03-14 15:33:30', '2022-03-14 15:33:30');

-- --------------------------------------------------------

--
-- Structură tabel pentru tabel `carts`
--

CREATE TABLE `carts` (
  `id` bigint UNSIGNED NOT NULL,
  `shop_id` int UNSIGNED DEFAULT NULL,
  `customer_id` bigint UNSIGNED DEFAULT NULL,
  `ip_address` varchar(45) COLLATE utf8_unicode_ci DEFAULT NULL,
  `ship_to` int UNSIGNED DEFAULT NULL,
  `ship_to_country_id` int UNSIGNED DEFAULT NULL,
  `ship_to_state_id` int UNSIGNED DEFAULT NULL,
  `shipping_zone_id` int UNSIGNED DEFAULT NULL,
  `shipping_rate_id` int UNSIGNED DEFAULT NULL,
  `packaging_id` int UNSIGNED DEFAULT NULL,
  `item_count` int UNSIGNED NOT NULL,
  `quantity` int UNSIGNED NOT NULL,
  `total` decimal(20,6) DEFAULT NULL,
  `discount` decimal(20,6) DEFAULT NULL,
  `shipping` decimal(20,6) DEFAULT NULL,
  `packaging` decimal(20,6) DEFAULT NULL,
  `handling` decimal(20,6) DEFAULT NULL,
  `taxes` decimal(20,6) DEFAULT NULL,
  `grand_total` decimal(20,6) DEFAULT NULL,
  `taxrate` decimal(20,6) DEFAULT NULL,
  `shipping_weight` decimal(20,2) DEFAULT NULL,
  `billing_address` bigint UNSIGNED DEFAULT NULL,
  `shipping_address` bigint UNSIGNED DEFAULT NULL,
  `email` varchar(255) COLLATE utf8_unicode_ci DEFAULT NULL,
  `coupon_id` bigint UNSIGNED DEFAULT NULL,
  `payment_status` int NOT NULL DEFAULT '1',
  `payment_method_id` int UNSIGNED DEFAULT NULL,
  `message_to_customer` text COLLATE utf8_unicode_ci,
  `admin_note` text COLLATE utf8_unicode_ci,
  `deleted_at` timestamp NULL DEFAULT NULL,
  `created_at` timestamp NULL DEFAULT NULL,
  `updated_at` timestamp NULL DEFAULT NULL
) ENGINE=InnoDB DEFAULT CHARSET=utf8mb3 COLLATE=utf8_unicode_ci;

-- --------------------------------------------------------

--
-- Structură tabel pentru tabel `cart_items`
--

CREATE TABLE `cart_items` (
  `cart_id` bigint UNSIGNED NOT NULL,
  `inventory_id` bigint UNSIGNED NOT NULL,
  `item_description` longtext COLLATE utf8_unicode_ci NOT NULL,
  `quantity` int UNSIGNED NOT NULL,
  `unit_price` decimal(20,6) NOT NULL,
  `created_at` timestamp NULL DEFAULT NULL,
  `updated_at` timestamp NULL DEFAULT NULL
) ENGINE=InnoDB DEFAULT CHARSET=utf8mb3 COLLATE=utf8_unicode_ci;

-- --------------------------------------------------------

--
-- Structură tabel pentru tabel `categories`
--

CREATE TABLE `categories` (
  `id` int UNSIGNED NOT NULL,
  `category_sub_group_id` int UNSIGNED NOT NULL,
  `name` varchar(200) COLLATE utf8_unicode_ci NOT NULL,
  `slug` varchar(200) COLLATE utf8_unicode_ci NOT NULL,
  `description` text COLLATE utf8_unicode_ci,
  `active` tinyint(1) NOT NULL DEFAULT '1',
  `featured` tinyint(1) DEFAULT NULL,
  `order` int DEFAULT '100',
  `meta_title` text COLLATE utf8_unicode_ci,
  `meta_description` longtext COLLATE utf8_unicode_ci,
  `deleted_at` timestamp NULL DEFAULT NULL,
  `created_at` timestamp NULL DEFAULT NULL,
  `updated_at` timestamp NULL DEFAULT NULL
) ENGINE=InnoDB DEFAULT CHARSET=utf8mb3 COLLATE=utf8_unicode_ci;

--
-- Eliminarea datelor din tabel `categories`
--

INSERT INTO `categories` (`id`, `category_sub_group_id`, `name`, `slug`, `description`, `active`, `featured`, `order`, `meta_title`, `meta_description`, `deleted_at`, `created_at`, `updated_at`) VALUES
(1, 9, 'Mobile', 'mobile', 'Mobile Phones', 1, 1, 100, NULL, NULL, NULL, '2022-03-14 15:33:24', '2022-03-14 15:33:24'),
(2, 18, 'Mobile Accessories', 'mobile-accessories', 'Headphone, Adapter, Casing etc', 1, 1, 100, NULL, NULL, NULL, '2022-03-14 15:33:24', '2022-03-14 15:33:24'),
(3, 15, 'Laptop', 'laptop', 'Laptop', 1, 1, 100, NULL, NULL, NULL, '2022-03-14 15:33:24', '2022-03-14 15:33:24'),
(4, 12, 'Desktop', 'desktop', 'Desktop', 1, 1, 100, NULL, NULL, NULL, '2022-03-14 15:33:24', '2022-03-14 15:33:24'),
(5, 1, 'Tablet', 'tablet', 'Tablet Computer and Accessories', 1, 1, 100, NULL, NULL, NULL, '2022-03-14 15:33:24', '2022-03-14 15:33:24'),
(6, 12, 'TVs', 'tvs', 'TVs and Accessories', 1, NULL, 100, NULL, NULL, NULL, '2022-03-14 15:33:24', '2022-03-14 15:33:24'),
(7, 4, 'Home Theater System', 'home-theater', 'Home Theater Sound System and Accessories', 1, 1, 100, NULL, NULL, NULL, '2022-03-14 15:33:24', '2022-03-14 15:33:24'),
(8, 1, 'Point & Shoot Camera', 'pns-camera', 'PnS Camera and Accessories', 1, 1, 100, NULL, NULL, NULL, '2022-03-14 15:33:24', '2022-03-14 15:33:24'),
(9, 1, 'DSLR', 'dslr', 'DSLR Camera and Accessories', 1, NULL, 100, NULL, NULL, NULL, '2022-03-14 15:33:24', '2022-03-14 15:33:24'),
(10, 19, 'Video Camera', 'video-camera', 'Video Camera and Accessories', 1, 1, 100, NULL, NULL, NULL, '2022-03-14 15:33:24', '2022-03-14 15:33:24'),
(11, 1, 'Orn LLC', 'voluptatem-repellendus-perspiciatis-nihil-illo-repudiandae', 'Nostrum pariatur hic id sit praesentium debitis repellendus.', 1, NULL, 100, NULL, NULL, NULL, '2022-03-14 15:33:25', '2022-03-14 15:33:25'),
(12, 1, 'West-Goldner', 'nostrum-eius-necessitatibus-et-esse', 'Possimus sint sint voluptatem iste. Praesentium commodi ducimus amet amet.', 1, NULL, 100, NULL, NULL, NULL, '2022-03-14 15:33:25', '2022-03-14 15:33:25'),
(13, 23, 'Deckow, Johnston and Bogisich', 'harum-non-veritatis-ipsam-sint-rerum', 'Nesciunt facere quo est atque rem adipisci. Et expedita omnis animi dolor.', 1, NULL, 100, NULL, NULL, NULL, '2022-03-14 15:33:25', '2022-03-14 15:33:25'),
(14, 16, 'Douglas and Sons', 'accusamus-est-sit-veritatis-placeat', 'Iusto sunt voluptatem quis incidunt laborum. Veniam et et et facilis.', 1, NULL, 100, NULL, NULL, NULL, '2022-03-14 15:33:25', '2022-03-14 15:33:25'),
(15, 10, 'O\'Keefe-Braun', 'est-omnis-omnis-cupiditate', 'Eos sunt dolores expedita.', 1, NULL, 100, NULL, NULL, NULL, '2022-03-14 15:33:25', '2022-03-14 15:33:25'),
(16, 21, 'Gerlach and Sons', 'est-debitis-voluptatum-ut-vitae', 'Officiis labore aut a doloribus eos est. Cum molestiae sunt totam.', 1, NULL, 100, NULL, NULL, NULL, '2022-03-14 15:33:25', '2022-03-14 15:33:25'),
(17, 2, 'Bergstrom, Labadie and Abernathy', 'voluptatem-quas-magnam-sequi', 'Sunt in esse aut vel. Veniam sed quas et perspiciatis odit.', 1, NULL, 100, NULL, NULL, NULL, '2022-03-14 15:33:25', '2022-03-14 15:33:25'),
(18, 20, 'Altenwerth, Kozey and Pollich', 'quidem-natus-vitae-cum-eos-et', 'Nostrum sit fuga repellat aut temporibus totam eos.', 1, NULL, 100, NULL, NULL, NULL, '2022-03-14 15:33:25', '2022-03-14 15:33:25'),
(19, 12, 'Hirthe Ltd', 'velit-sed-ex-ut-perspiciatis-et-ut', 'Quas id voluptate dolores. Repudiandae et harum laboriosam et quia molestiae.', 1, NULL, 100, NULL, NULL, NULL, '2022-03-14 15:33:25', '2022-03-14 15:33:25'),
(20, 21, 'Powlowski-King', 'ut-veritatis-voluptatibus-odio-fuga-sunt-corrupti-quia', 'Reprehenderit corrupti deserunt velit sit animi tempore rerum.', 1, NULL, 100, NULL, NULL, NULL, '2022-03-14 15:33:25', '2022-03-14 15:33:25'),
(21, 7, 'Nicolas and Sons', 'deleniti-illum-tempore-laboriosam-nisi-consequatur', 'Ratione itaque et enim sint aut pariatur. Est doloribus pariatur nesciunt.', 1, NULL, 100, NULL, NULL, NULL, '2022-03-14 15:33:25', '2022-03-14 15:33:25'),
(22, 7, 'Runolfsson-Eichmann', 'sint-in-minus-non-dolorem-quaerat', 'Labore eveniet officia explicabo omnis non sunt.', 1, NULL, 100, NULL, NULL, NULL, '2022-03-14 15:33:25', '2022-03-14 15:33:25'),
(23, 6, 'Kautzer Inc', 'ut-enim-eveniet-iste-blanditiis-incidunt-natus', 'Tempora nihil optio aut eum consequatur illum voluptatem.', 1, NULL, 100, NULL, NULL, NULL, '2022-03-14 15:33:25', '2022-03-14 15:33:25'),
(24, 15, 'Bosco Group', 'ut-magni-alias-illum-iusto-ad-sint', 'Amet iusto quod at nulla quasi qui deleniti. Eum tenetur sit eum velit.', 1, NULL, 100, NULL, NULL, NULL, '2022-03-14 15:33:25', '2022-03-14 15:33:25'),
(25, 17, 'Nader, Dare and Douglas', 'et-cumque-non-quibusdam-sed', 'Ut magnam consequatur accusamus.', 1, NULL, 100, NULL, NULL, NULL, '2022-03-14 15:33:25', '2022-03-14 15:33:25'),
(26, 15, 'Grant, Batz and Kub', 'voluptas-beatae-quidem-harum-incidunt', 'Iure pariatur aliquid consequuntur. Tenetur soluta iusto saepe inventore.', 1, NULL, 100, NULL, NULL, NULL, '2022-03-14 15:33:25', '2022-03-14 15:33:25'),
(27, 13, 'Pouros, Krajcik and Reilly', 'tempora-et-et-ut-iste-eum-quo-qui', 'Optio omnis laudantium deleniti voluptatem odio sunt incidunt officia.', 1, NULL, 100, NULL, NULL, NULL, '2022-03-14 15:33:25', '2022-03-14 15:33:25'),
(28, 12, 'Gleichner-Rutherford', 'facere-consequatur-voluptas-quia', 'Aut iusto officia sed quas et necessitatibus.', 1, NULL, 100, NULL, NULL, NULL, '2022-03-14 15:33:25', '2022-03-14 15:33:25'),
(29, 18, 'Sporer-Baumbach', 'ullam-nesciunt-et-nam-ratione-ut-quo-aut-eius', 'Temporibus sit vitae distinctio quisquam veniam debitis.', 1, NULL, 100, NULL, NULL, NULL, '2022-03-14 15:33:25', '2022-03-14 15:33:25'),
(30, 12, 'Balistreri LLC', 'eligendi-assumenda-necessitatibus-velit', 'Incidunt dolores hic qui et a. Quia sapiente nam fugiat voluptate qui qui.', 1, NULL, 100, NULL, NULL, NULL, '2022-03-14 15:33:25', '2022-03-14 15:33:25'),
(31, 24, 'Conn-King', 'commodi-alias-reiciendis-et-id-distinctio', 'Vel reiciendis modi eum nisi consectetur quidem. Aut animi quas assumenda eum.', 1, NULL, 100, NULL, NULL, NULL, '2022-03-14 15:33:25', '2022-03-14 15:33:25'),
(32, 1, 'Grant LLC', 'quia-doloremque-qui-deleniti-sequi-iure', 'Saepe quam beatae dignissimos dicta voluptatibus. Eum quis et qui officiis.', 1, NULL, 100, NULL, NULL, NULL, '2022-03-14 15:33:25', '2022-03-14 15:33:25'),
(33, 2, 'Hahn-Stoltenberg', 'dolore-quos-qui-sed-neque-molestiae', 'Expedita eos aspernatur porro ut quos ab autem. Nam excepturi a sit et.', 1, NULL, 100, NULL, NULL, NULL, '2022-03-14 15:33:25', '2022-03-14 15:33:25'),
(34, 6, 'Fisher LLC', 'et-consequatur-rerum-sed', 'Est velit vitae rerum fugit velit repudiandae.', 1, NULL, 100, NULL, NULL, NULL, '2022-03-14 15:33:25', '2022-03-14 15:33:25'),
(35, 6, 'Feeney and Sons', 'sed-explicabo-et-eos-rem-impedit', 'Consequatur veritatis molestias amet laboriosam et in.', 1, NULL, 100, NULL, NULL, NULL, '2022-03-14 15:33:25', '2022-03-14 15:33:25'),
(36, 6, 'Abbott Inc', 'qui-praesentium-labore-et-sit-porro-ipsam-labore', 'Non id architecto delectus et aut doloremque.', 1, NULL, 100, NULL, NULL, NULL, '2022-03-14 15:33:25', '2022-03-14 15:33:25'),
(37, 17, 'Harber and Sons', 'maxime-ut-ut-in-odio', 'Ut quia corporis velit dignissimos atque eveniet.', 1, NULL, 100, NULL, NULL, NULL, '2022-03-14 15:33:25', '2022-03-14 15:33:25'),
(38, 19, 'Marks Ltd', 'exercitationem-aspernatur-eligendi-nisi-iure', 'Dolorem voluptas qui incidunt maiores sit.', 1, NULL, 100, NULL, NULL, NULL, '2022-03-14 15:33:25', '2022-03-14 15:33:25'),
(39, 12, 'Monahan Inc', 'et-maiores-autem-facere-esse-nisi-in', 'Illo quo enim quia quis. Ea ea perferendis cum sit error.', 1, NULL, 100, NULL, NULL, NULL, '2022-03-14 15:33:25', '2022-03-14 15:33:25'),
(40, 10, 'Shields, Hettinger and Gleason', 'recusandae-est-porro-voluptatibus-accusamus-eveniet-rem', 'Totam consequatur in ipsam reprehenderit voluptatum sit.', 1, NULL, 100, NULL, NULL, NULL, '2022-03-14 15:33:25', '2022-03-14 15:33:25');

-- --------------------------------------------------------

--
-- Structură tabel pentru tabel `category_groups`
--

CREATE TABLE `category_groups` (
  `id` int UNSIGNED NOT NULL,
  `name` varchar(200) COLLATE utf8_unicode_ci NOT NULL,
  `slug` varchar(200) COLLATE utf8_unicode_ci NOT NULL,
  `description` text COLLATE utf8_unicode_ci,
  `icon` varchar(100) COLLATE utf8_unicode_ci DEFAULT 'cube',
  `active` tinyint(1) NOT NULL DEFAULT '1',
  `order` int DEFAULT '100',
  `meta_title` text COLLATE utf8_unicode_ci,
  `meta_description` longtext COLLATE utf8_unicode_ci,
  `deleted_at` timestamp NULL DEFAULT NULL,
  `created_at` timestamp NULL DEFAULT NULL,
  `updated_at` timestamp NULL DEFAULT NULL
) ENGINE=InnoDB DEFAULT CHARSET=utf8mb3 COLLATE=utf8_unicode_ci;

--
-- Eliminarea datelor din tabel `category_groups`
--

INSERT INTO `category_groups` (`id`, `name`, `slug`, `description`, `icon`, `active`, `order`, `meta_title`, `meta_description`, `deleted_at`, `created_at`, `updated_at`) VALUES
(1, 'Home & Garden', 'home-garden', 'Cookware, Dining, Bath, Home Decor and more', 'fa-shower', 1, 100, NULL, NULL, NULL, '2022-03-14 15:33:24', '2022-03-14 15:33:24'),
(2, 'Electronics', 'electronics', 'Mobile, Computer, Tablet, Camera etc', 'fa-plug', 1, 100, NULL, NULL, NULL, '2022-03-14 15:33:24', '2022-03-14 15:33:24'),
(3, 'Kids and Toy', 'kids-toy', 'Toys, Footwear etc', 'fa-gamepad', 1, 100, NULL, NULL, NULL, '2022-03-14 15:33:24', '2022-03-14 15:33:24'),
(4, 'Clothing and Shoes', 'clothing-shoes', 'Shoes, Clothing, Life style items', 'fa-tshirt', 1, 100, NULL, NULL, NULL, '2022-03-14 15:33:24', '2022-03-14 15:33:24'),
(5, 'Beauty and Health', 'beauty-health', 'Cosmetics, Foods and more.', 'fa-hot-tub', 1, 100, NULL, NULL, NULL, '2022-03-14 15:33:24', '2022-03-14 15:33:24'),
(6, 'Sports', 'sports', 'Cycle, Tennis, Boxing, Cricket and more.', 'fa-skiing', 1, 100, NULL, NULL, NULL, '2022-03-14 15:33:24', '2022-03-14 15:33:24'),
(7, 'Jewelry', 'jewelry', 'Necklances, Rings, Pendants and more.', 'fa-gem', 1, 100, NULL, NULL, NULL, '2022-03-14 15:33:24', '2022-03-14 15:33:24'),
(8, 'Pets', 'pets', 'Pet foods and supplies.', 'fa-dog', 1, 100, NULL, NULL, NULL, '2022-03-14 15:33:24', '2022-03-14 15:33:24'),
(9, 'Hobbies & DIY', 'hobbies-diy', 'Craft Sewing, Supplies and more.', 'fa-paint-brush', 1, 100, NULL, NULL, NULL, '2022-03-14 15:33:24', '2022-03-14 15:33:24');

-- --------------------------------------------------------

--
-- Structură tabel pentru tabel `category_product`
--

CREATE TABLE `category_product` (
  `category_id` int UNSIGNED NOT NULL,
  `product_id` bigint UNSIGNED NOT NULL,
  `created_at` timestamp NULL DEFAULT NULL,
  `updated_at` timestamp NULL DEFAULT NULL
) ENGINE=InnoDB DEFAULT CHARSET=utf8mb3 COLLATE=utf8_unicode_ci;

--
-- Eliminarea datelor din tabel `category_product`
--

INSERT INTO `category_product` (`category_id`, `product_id`, `created_at`, `updated_at`) VALUES
(24, 1, '2022-03-14 15:33:20', '2022-03-14 15:33:20'),
(15, 1, '2022-03-14 15:33:20', '2022-03-14 15:33:20'),
(11, 1, '2022-03-14 15:33:20', '2022-03-14 15:33:20'),
(13, 1, '2022-03-14 15:33:20', '2022-03-14 15:33:20'),
(32, 1, '2022-03-14 15:33:20', '2022-03-14 15:33:20'),
(18, 41, '2022-03-14 15:33:20', '2022-03-14 15:33:20'),
(19, 41, '2022-03-14 15:33:20', '2022-03-14 15:33:20'),
(29, 41, '2022-03-14 15:33:20', '2022-03-14 15:33:20'),
(37, 41, '2022-03-14 15:33:20', '2022-03-14 15:33:20'),
(4, 35, '2022-03-14 15:33:20', '2022-03-14 15:33:20'),
(4, 35, '2022-03-14 15:33:20', '2022-03-14 15:33:20'),
(3, 35, '2022-03-14 15:33:20', '2022-03-14 15:33:20'),
(19, 35, '2022-03-14 15:33:20', '2022-03-14 15:33:20'),
(15, 42, '2022-03-14 15:33:20', '2022-03-14 15:33:20'),
(32, 42, '2022-03-14 15:33:20', '2022-03-14 15:33:20'),
(33, 42, '2022-03-14 15:33:20', '2022-03-14 15:33:20'),
(37, 42, '2022-03-14 15:33:20', '2022-03-14 15:33:20'),
(12, 47, '2022-03-14 15:33:20', '2022-03-14 15:33:20'),
(35, 47, '2022-03-14 15:33:20', '2022-03-14 15:33:20'),
(39, 47, '2022-03-14 15:33:20', '2022-03-14 15:33:20'),
(34, 47, '2022-03-14 15:33:20', '2022-03-14 15:33:20'),
(24, 47, '2022-03-14 15:33:20', '2022-03-14 15:33:20'),
(7, 10, '2022-03-14 15:33:20', '2022-03-14 15:33:20'),
(14, 10, '2022-03-14 15:33:20', '2022-03-14 15:33:20'),
(3, 10, '2022-03-14 15:33:20', '2022-03-14 15:33:20'),
(18, 10, '2022-03-14 15:33:20', '2022-03-14 15:33:20'),
(36, 38, '2022-03-14 15:33:20', '2022-03-14 15:33:20'),
(28, 38, '2022-03-14 15:33:20', '2022-03-14 15:33:20'),
(21, 38, '2022-03-14 15:33:20', '2022-03-14 15:33:20'),
(34, 38, '2022-03-14 15:33:20', '2022-03-14 15:33:20'),
(9, 5, '2022-03-14 15:33:20', '2022-03-14 15:33:20'),
(31, 5, '2022-03-14 15:33:20', '2022-03-14 15:33:20'),
(33, 5, '2022-03-14 15:33:20', '2022-03-14 15:33:20'),
(36, 5, '2022-03-14 15:33:20', '2022-03-14 15:33:20'),
(34, 49, '2022-03-14 15:33:20', '2022-03-14 15:33:20'),
(4, 49, '2022-03-14 15:33:20', '2022-03-14 15:33:20'),
(9, 49, '2022-03-14 15:33:20', '2022-03-14 15:33:20'),
(20, 40, '2022-03-14 15:33:20', '2022-03-14 15:33:20'),
(31, 40, '2022-03-14 15:33:20', '2022-03-14 15:33:20'),
(8, 40, '2022-03-14 15:33:20', '2022-03-14 15:33:20'),
(6, 17, '2022-03-14 15:33:20', '2022-03-14 15:33:20'),
(9, 17, '2022-03-14 15:33:20', '2022-03-14 15:33:20'),
(19, 17, '2022-03-14 15:33:20', '2022-03-14 15:33:20'),
(38, 17, '2022-03-14 15:33:20', '2022-03-14 15:33:20'),
(10, 17, '2022-03-14 15:33:20', '2022-03-14 15:33:20'),
(2, 36, '2022-03-14 15:33:20', '2022-03-14 15:33:20'),
(2, 36, '2022-03-14 15:33:20', '2022-03-14 15:33:20'),
(24, 36, '2022-03-14 15:33:20', '2022-03-14 15:33:20'),
(25, 36, '2022-03-14 15:33:20', '2022-03-14 15:33:20'),
(20, 14, '2022-03-14 15:33:20', '2022-03-14 15:33:20'),
(10, 14, '2022-03-14 15:33:20', '2022-03-14 15:33:20'),
(37, 14, '2022-03-14 15:33:20', '2022-03-14 15:33:20'),
(4, 25, '2022-03-14 15:33:20', '2022-03-14 15:33:20'),
(33, 25, '2022-03-14 15:33:20', '2022-03-14 15:33:20'),
(29, 25, '2022-03-14 15:33:20', '2022-03-14 15:33:20'),
(27, 25, '2022-03-14 15:33:20', '2022-03-14 15:33:20'),
(38, 25, '2022-03-14 15:33:20', '2022-03-14 15:33:20'),
(39, 37, '2022-03-14 15:33:20', '2022-03-14 15:33:20'),
(6, 37, '2022-03-14 15:33:20', '2022-03-14 15:33:20'),
(31, 37, '2022-03-14 15:33:20', '2022-03-14 15:33:20'),
(27, 18, '2022-03-14 15:33:20', '2022-03-14 15:33:20'),
(19, 18, '2022-03-14 15:33:20', '2022-03-14 15:33:20'),
(31, 18, '2022-03-14 15:33:20', '2022-03-14 15:33:20'),
(22, 18, '2022-03-14 15:33:20', '2022-03-14 15:33:20'),
(10, 39, '2022-03-14 15:33:20', '2022-03-14 15:33:20'),
(18, 39, '2022-03-14 15:33:20', '2022-03-14 15:33:20'),
(20, 39, '2022-03-14 15:33:20', '2022-03-14 15:33:20'),
(10, 39, '2022-03-14 15:33:20', '2022-03-14 15:33:20'),
(14, 39, '2022-03-14 15:33:20', '2022-03-14 15:33:20'),
(19, 44, '2022-03-14 15:33:20', '2022-03-14 15:33:20'),
(11, 44, '2022-03-14 15:33:20', '2022-03-14 15:33:20'),
(37, 44, '2022-03-14 15:33:20', '2022-03-14 15:33:20'),
(30, 9, '2022-03-14 15:33:20', '2022-03-14 15:33:20'),
(20, 9, '2022-03-14 15:33:20', '2022-03-14 15:33:20'),
(24, 9, '2022-03-14 15:33:20', '2022-03-14 15:33:20'),
(39, 9, '2022-03-14 15:33:20', '2022-03-14 15:33:20'),
(1, 43, '2022-03-14 15:33:20', '2022-03-14 15:33:20'),
(1, 43, '2022-03-14 15:33:20', '2022-03-14 15:33:20'),
(33, 43, '2022-03-14 15:33:20', '2022-03-14 15:33:20'),
(30, 13, '2022-03-14 15:33:20', '2022-03-14 15:33:20'),
(40, 13, '2022-03-14 15:33:20', '2022-03-14 15:33:20'),
(34, 13, '2022-03-14 15:33:20', '2022-03-14 15:33:20'),
(23, 34, '2022-03-14 15:33:20', '2022-03-14 15:33:20'),
(22, 34, '2022-03-14 15:33:20', '2022-03-14 15:33:20'),
(35, 34, '2022-03-14 15:33:20', '2022-03-14 15:33:20'),
(38, 28, '2022-03-14 15:33:20', '2022-03-14 15:33:20'),
(8, 28, '2022-03-14 15:33:20', '2022-03-14 15:33:20'),
(26, 28, '2022-03-14 15:33:20', '2022-03-14 15:33:20'),
(10, 28, '2022-03-14 15:33:20', '2022-03-14 15:33:20'),
(7, 27, '2022-03-14 15:33:20', '2022-03-14 15:33:20'),
(25, 27, '2022-03-14 15:33:20', '2022-03-14 15:33:20'),
(3, 27, '2022-03-14 15:33:20', '2022-03-14 15:33:20'),
(18, 16, '2022-03-14 15:33:20', '2022-03-14 15:33:20'),
(8, 16, '2022-03-14 15:33:20', '2022-03-14 15:33:20'),
(20, 16, '2022-03-14 15:33:20', '2022-03-14 15:33:20'),
(12, 16, '2022-03-14 15:33:20', '2022-03-14 15:33:20'),
(36, 31, '2022-03-14 15:33:20', '2022-03-14 15:33:20'),
(25, 31, '2022-03-14 15:33:20', '2022-03-14 15:33:20'),
(14, 31, '2022-03-14 15:33:20', '2022-03-14 15:33:20'),
(7, 31, '2022-03-14 15:33:20', '2022-03-14 15:33:20'),
(2, 30, '2022-03-14 15:33:20', '2022-03-14 15:33:20'),
(12, 30, '2022-03-14 15:33:20', '2022-03-14 15:33:20'),
(32, 30, '2022-03-14 15:33:20', '2022-03-14 15:33:20'),
(1, 30, '2022-03-14 15:33:20', '2022-03-14 15:33:20'),
(35, 30, '2022-03-14 15:33:20', '2022-03-14 15:33:20'),
(5, 45, '2022-03-14 15:33:20', '2022-03-14 15:33:20'),
(26, 45, '2022-03-14 15:33:20', '2022-03-14 15:33:20'),
(20, 45, '2022-03-14 15:33:20', '2022-03-14 15:33:20'),
(7, 45, '2022-03-14 15:33:20', '2022-03-14 15:33:20'),
(35, 45, '2022-03-14 15:33:20', '2022-03-14 15:33:20'),
(19, 24, '2022-03-14 15:33:20', '2022-03-14 15:33:20'),
(35, 24, '2022-03-14 15:33:20', '2022-03-14 15:33:20'),
(1, 24, '2022-03-14 15:33:20', '2022-03-14 15:33:20'),
(17, 24, '2022-03-14 15:33:20', '2022-03-14 15:33:20'),
(14, 4, '2022-03-14 15:33:20', '2022-03-14 15:33:20'),
(20, 4, '2022-03-14 15:33:20', '2022-03-14 15:33:20'),
(19, 4, '2022-03-14 15:33:20', '2022-03-14 15:33:20'),
(39, 4, '2022-03-14 15:33:20', '2022-03-14 15:33:20'),
(21, 4, '2022-03-14 15:33:20', '2022-03-14 15:33:20'),
(5, 51, '2022-03-14 15:33:20', '2022-03-14 15:33:20'),
(39, 51, '2022-03-14 15:33:20', '2022-03-14 15:33:20'),
(22, 51, '2022-03-14 15:33:20', '2022-03-14 15:33:20'),
(20, 48, '2022-03-14 15:33:20', '2022-03-14 15:33:20'),
(28, 48, '2022-03-14 15:33:20', '2022-03-14 15:33:20'),
(10, 48, '2022-03-14 15:33:20', '2022-03-14 15:33:20'),
(13, 48, '2022-03-14 15:33:20', '2022-03-14 15:33:20'),
(34, 48, '2022-03-14 15:33:20', '2022-03-14 15:33:20'),
(34, 50, '2022-03-14 15:33:20', '2022-03-14 15:33:20'),
(9, 50, '2022-03-14 15:33:20', '2022-03-14 15:33:20'),
(24, 50, '2022-03-14 15:33:20', '2022-03-14 15:33:20'),
(17, 21, '2022-03-14 15:33:20', '2022-03-14 15:33:20'),
(33, 21, '2022-03-14 15:33:20', '2022-03-14 15:33:20'),
(1, 21, '2022-03-14 15:33:20', '2022-03-14 15:33:20'),
(39, 11, '2022-03-14 15:33:20', '2022-03-14 15:33:20'),
(19, 11, '2022-03-14 15:33:20', '2022-03-14 15:33:20'),
(39, 11, '2022-03-14 15:33:20', '2022-03-14 15:33:20'),
(23, 11, '2022-03-14 15:33:20', '2022-03-14 15:33:20'),
(27, 7, '2022-03-14 15:33:20', '2022-03-14 15:33:20'),
(24, 7, '2022-03-14 15:33:20', '2022-03-14 15:33:20'),
(20, 7, '2022-03-14 15:33:20', '2022-03-14 15:33:20'),
(11, 7, '2022-03-14 15:33:20', '2022-03-14 15:33:20'),
(9, 7, '2022-03-14 15:33:20', '2022-03-14 15:33:20'),
(1, 15, '2022-03-14 15:33:20', '2022-03-14 15:33:20'),
(36, 15, '2022-03-14 15:33:20', '2022-03-14 15:33:20'),
(14, 15, '2022-03-14 15:33:20', '2022-03-14 15:33:20'),
(29, 15, '2022-03-14 15:33:20', '2022-03-14 15:33:20'),
(3, 19, '2022-03-14 15:33:20', '2022-03-14 15:33:20'),
(24, 19, '2022-03-14 15:33:20', '2022-03-14 15:33:20'),
(36, 19, '2022-03-14 15:33:20', '2022-03-14 15:33:20'),
(10, 12, '2022-03-14 15:33:20', '2022-03-14 15:33:20'),
(24, 12, '2022-03-14 15:33:20', '2022-03-14 15:33:20'),
(4, 12, '2022-03-14 15:33:20', '2022-03-14 15:33:20'),
(39, 12, '2022-03-14 15:33:20', '2022-03-14 15:33:20'),
(13, 12, '2022-03-14 15:33:20', '2022-03-14 15:33:20'),
(33, 46, '2022-03-14 15:33:20', '2022-03-14 15:33:20'),
(31, 46, '2022-03-14 15:33:20', '2022-03-14 15:33:20'),
(2, 46, '2022-03-14 15:33:20', '2022-03-14 15:33:20'),
(22, 46, '2022-03-14 15:33:20', '2022-03-14 15:33:20'),
(37, 2, '2022-03-14 15:33:20', '2022-03-14 15:33:20'),
(15, 2, '2022-03-14 15:33:20', '2022-03-14 15:33:20'),
(9, 2, '2022-03-14 15:33:20', '2022-03-14 15:33:20'),
(18, 2, '2022-03-14 15:33:20', '2022-03-14 15:33:20'),
(31, 23, '2022-03-14 15:33:20', '2022-03-14 15:33:20'),
(3, 23, '2022-03-14 15:33:20', '2022-03-14 15:33:20'),
(15, 23, '2022-03-14 15:33:20', '2022-03-14 15:33:20'),
(35, 26, '2022-03-14 15:33:20', '2022-03-14 15:33:20'),
(11, 26, '2022-03-14 15:33:20', '2022-03-14 15:33:20'),
(30, 26, '2022-03-14 15:33:20', '2022-03-14 15:33:20'),
(15, 26, '2022-03-14 15:33:20', '2022-03-14 15:33:20'),
(6, 8, '2022-03-14 15:33:20', '2022-03-14 15:33:20'),
(13, 8, '2022-03-14 15:33:20', '2022-03-14 15:33:20'),
(26, 8, '2022-03-14 15:33:20', '2022-03-14 15:33:20'),
(34, 8, '2022-03-14 15:33:20', '2022-03-14 15:33:20'),
(18, 22, '2022-03-14 15:33:20', '2022-03-14 15:33:20'),
(29, 22, '2022-03-14 15:33:20', '2022-03-14 15:33:20'),
(22, 22, '2022-03-14 15:33:20', '2022-03-14 15:33:20'),
(1, 22, '2022-03-14 15:33:20', '2022-03-14 15:33:20'),
(10, 22, '2022-03-14 15:33:20', '2022-03-14 15:33:20'),
(8, 33, '2022-03-14 15:33:20', '2022-03-14 15:33:20'),
(16, 33, '2022-03-14 15:33:20', '2022-03-14 15:33:20'),
(28, 33, '2022-03-14 15:33:20', '2022-03-14 15:33:20'),
(11, 3, '2022-03-14 15:33:20', '2022-03-14 15:33:20'),
(36, 3, '2022-03-14 15:33:20', '2022-03-14 15:33:20'),
(4, 3, '2022-03-14 15:33:20', '2022-03-14 15:33:20'),
(8, 3, '2022-03-14 15:33:20', '2022-03-14 15:33:20'),
(16, 20, '2022-03-14 15:33:20', '2022-03-14 15:33:20'),
(32, 20, '2022-03-14 15:33:20', '2022-03-14 15:33:20'),
(40, 20, '2022-03-14 15:33:20', '2022-03-14 15:33:20'),
(35, 20, '2022-03-14 15:33:20', '2022-03-14 15:33:20'),
(23, 29, '2022-03-14 15:33:20', '2022-03-14 15:33:20'),
(27, 29, '2022-03-14 15:33:20', '2022-03-14 15:33:20'),
(31, 29, '2022-03-14 15:33:20', '2022-03-14 15:33:20'),
(9, 6, '2022-03-14 15:33:20', '2022-03-14 15:33:20'),
(5, 6, '2022-03-14 15:33:20', '2022-03-14 15:33:20'),
(39, 6, '2022-03-14 15:33:20', '2022-03-14 15:33:20'),
(8, 6, '2022-03-14 15:33:20', '2022-03-14 15:33:20'),
(22, 6, '2022-03-14 15:33:20', '2022-03-14 15:33:20'),
(22, 32, '2022-03-14 15:33:20', '2022-03-14 15:33:20'),
(31, 32, '2022-03-14 15:33:20', '2022-03-14 15:33:20'),
(27, 32, '2022-03-14 15:33:20', '2022-03-14 15:33:20'),
(32, 32, '2022-03-14 15:33:20', '2022-03-14 15:33:20'),
(34, 16, '2022-03-14 15:33:40', '2022-03-14 15:33:40'),
(34, 18, '2022-03-14 15:33:40', '2022-03-14 15:33:40'),
(34, 2, '2022-03-14 15:33:40', '2022-03-14 15:33:40'),
(34, 31, '2022-03-14 15:33:40', '2022-03-14 15:33:40'),
(34, 29, '2022-03-14 15:33:40', '2022-03-14 15:33:40'),
(34, 22, '2022-03-14 15:33:40', '2022-03-14 15:33:40'),
(34, 30, '2022-03-14 15:33:40', '2022-03-14 15:33:40'),
(34, 8, '2022-03-14 15:33:40', '2022-03-14 15:33:40'),
(25, 28, '2022-03-14 15:33:40', '2022-03-14 15:33:40'),
(25, 9, '2022-03-14 15:33:40', '2022-03-14 15:33:40'),
(25, 21, '2022-03-14 15:33:40', '2022-03-14 15:33:40'),
(25, 46, '2022-03-14 15:33:40', '2022-03-14 15:33:40'),
(25, 15, '2022-03-14 15:33:40', '2022-03-14 15:33:40'),
(25, 10, '2022-03-14 15:33:40', '2022-03-14 15:33:40'),
(25, 43, '2022-03-14 15:33:40', '2022-03-14 15:33:40'),
(25, 15, '2022-03-14 15:33:40', '2022-03-14 15:33:40'),
(18, 31, '2022-03-14 15:33:40', '2022-03-14 15:33:40'),
(18, 51, '2022-03-14 15:33:40', '2022-03-14 15:33:40'),
(18, 9, '2022-03-14 15:33:40', '2022-03-14 15:33:40'),
(18, 38, '2022-03-14 15:33:40', '2022-03-14 15:33:40'),
(18, 5, '2022-03-14 15:33:40', '2022-03-14 15:33:40'),
(18, 30, '2022-03-14 15:33:40', '2022-03-14 15:33:40'),
(18, 5, '2022-03-14 15:33:40', '2022-03-14 15:33:40'),
(18, 23, '2022-03-14 15:33:40', '2022-03-14 15:33:40'),
(18, 36, '2022-03-14 15:33:40', '2022-03-14 15:33:40'),
(18, 49, '2022-03-14 15:33:40', '2022-03-14 15:33:40');

-- --------------------------------------------------------

--
-- Structură tabel pentru tabel `category_sub_groups`
--

CREATE TABLE `category_sub_groups` (
  `id` int UNSIGNED NOT NULL,
  `category_group_id` int UNSIGNED NOT NULL,
  `name` varchar(200) COLLATE utf8_unicode_ci NOT NULL,
  `slug` varchar(200) COLLATE utf8_unicode_ci NOT NULL,
  `description` text COLLATE utf8_unicode_ci,
  `active` tinyint(1) NOT NULL DEFAULT '1',
  `order` int DEFAULT '100',
  `meta_title` text COLLATE utf8_unicode_ci,
  `meta_description` longtext COLLATE utf8_unicode_ci,
  `deleted_at` timestamp NULL DEFAULT NULL,
  `created_at` timestamp NULL DEFAULT NULL,
  `updated_at` timestamp NULL DEFAULT NULL
) ENGINE=InnoDB DEFAULT CHARSET=utf8mb3 COLLATE=utf8_unicode_ci;

--
-- Eliminarea datelor din tabel `category_sub_groups`
--

INSERT INTO `category_sub_groups` (`id`, `category_group_id`, `name`, `slug`, `description`, `active`, `order`, `meta_title`, `meta_description`, `deleted_at`, `created_at`, `updated_at`) VALUES
(1, 1, 'Mobile & Accessories', 'mobile-accessories', 'Cell Phones and Accessories', 1, 100, NULL, NULL, NULL, '2022-03-14 15:33:24', '2022-03-14 15:33:24'),
(2, 1, 'Computer & Accessories', 'computer-accessories', 'Tablet, Laptop, Desktop and Accessories', 1, 100, NULL, NULL, NULL, '2022-03-14 15:33:24', '2022-03-14 15:33:24'),
(3, 1, 'Home Entertainment', 'home-entertainment', 'TVs, Home Theaters etc', 1, 100, NULL, NULL, NULL, '2022-03-14 15:33:24', '2022-03-14 15:33:24'),
(4, 1, 'Photo & Video', 'photo-video', 'PnS, DSLR, Video Camera and Accessories', 1, 100, NULL, NULL, NULL, '2022-03-14 15:33:24', '2022-03-14 15:33:24'),
(5, 2, 'Indoor', 'indoor', 'Puzzle, Keram etc', 1, 100, NULL, NULL, NULL, '2022-03-14 15:33:24', '2022-03-14 15:33:24'),
(6, 2, 'Outdoor', 'outdoor', 'Cycle, Dron etc', 1, 100, NULL, NULL, NULL, '2022-03-14 15:33:24', '2022-03-14 15:33:24'),
(7, 3, 'Men\'s Fashion', 'mens-fashion', 'Lots of fashion products.', 1, 100, NULL, NULL, NULL, '2022-03-14 15:33:24', '2022-03-14 15:33:24'),
(8, 3, 'Women\'s Fashion', 'womens-fashion', 'Lots of fashion products.', 1, 100, NULL, NULL, NULL, '2022-03-14 15:33:24', '2022-03-14 15:33:24'),
(9, 4, 'Kitchen', 'kitchen', 'Kitchen and cooking products.', 1, 100, NULL, NULL, NULL, '2022-03-14 15:33:24', '2022-03-14 15:33:24'),
(10, 4, 'Garden', 'garden', 'Gardening related products.', 1, 100, NULL, NULL, NULL, '2022-03-14 15:33:24', '2022-03-14 15:33:24'),
(11, 4, 'Reichel PLC', 'est-nobis-nihil-adipisci-placeat-dolores', 'In voluptate incidunt nihil. Et sed velit est voluptas. Non iste unde qui reiciendis praesentium fugit enim. Autem eos sunt sed et deserunt soluta iure. Ut ex magnam rerum atque non quo eveniet qui. Voluptates accusamus commodi odit. Quisquam voluptatem aliquid officiis magni aliquam laborum. Consequuntur et nostrum at vel dolorem corrupti unde. Reiciendis qui id eius adipisci.', 1, 100, NULL, NULL, NULL, '2022-03-14 15:33:24', '2022-03-14 15:33:24'),
(12, 5, 'Schaden-Sanford', 'eum-saepe-earum-sunt-explicabo-quam-sed-eos-consequuntur', 'Ex sunt error asperiores saepe adipisci. Omnis enim consequatur quaerat iure culpa. Similique dolores eius eius rerum quia doloribus libero velit. Esse consequatur occaecati exercitationem sit exercitationem repellendus. Expedita et corporis ut qui voluptas odio. Et qui eligendi et. Qui et rerum velit. Voluptas dignissimos rerum fugit pariatur quis nulla. Soluta cumque odio adipisci sed deserunt nihil.', 1, 100, NULL, NULL, NULL, '2022-03-14 15:33:24', '2022-03-14 15:33:24'),
(13, 4, 'Ferry, Vandervort and Beatty', 'et-nulla-similique-dolorum-necessitatibus', 'Dolor vel qui praesentium magnam cupiditate ea alias. Id sit modi minus sit. Possimus velit delectus quia qui ea aut. Nobis adipisci eum aperiam. Est quibusdam labore rerum reprehenderit vel molestiae. Quae quaerat in quisquam ut. Voluptatem iste et expedita unde esse omnis. Est suscipit non omnis impedit et quasi dolorum. Atque illum accusantium et. Aspernatur ducimus quos ad aut optio odio. Tenetur ea ullam perferendis.', 1, 100, NULL, NULL, NULL, '2022-03-14 15:33:24', '2022-03-14 15:33:24'),
(14, 1, 'Hermann, Yost and Hoeger', 'accusamus-eos-quas-aut-incidunt-repellendus-dolores-molestiae-perferendis', 'Harum exercitationem expedita mollitia vero reiciendis. Et consectetur cum qui itaque enim ut porro. Quasi aut voluptas placeat excepturi fuga velit ut. Amet aliquid tempora dolores quisquam corporis omnis similique et. Dolor magnam fugiat voluptas dicta non at. Iusto dolorem assumenda autem fuga voluptas. Aut a explicabo natus quia in. Sed tempore incidunt in omnis magni ipsum. Earum sit est et optio.', 1, 100, NULL, NULL, NULL, '2022-03-14 15:33:24', '2022-03-14 15:33:24'),
(15, 7, 'Leannon, Osinski and Donnelly', 'tempora-non-facere-rerum-eos-consequatur-rerum', 'Autem sit similique aut sit sit. Vel exercitationem eum et non. Ea maxime quos quasi et cumque ut nihil. Et quos sed dolores autem. Dolor et vel pariatur modi qui. Expedita ducimus qui ad ipsam facere expedita. Nihil eos ducimus ducimus sed vel optio necessitatibus. Qui voluptatem sunt explicabo nihil distinctio. Necessitatibus temporibus provident magni qui dicta voluptas nemo ut. Vero est modi eligendi suscipit.', 1, 100, NULL, NULL, NULL, '2022-03-14 15:33:24', '2022-03-14 15:33:24'),
(16, 2, 'Kilback, Kunze and Balistreri', 'voluptatem-velit-inventore-aut-aut-fugit-illum-eligendi', 'Dolores debitis praesentium minima et a. Enim dolorem odio fuga quaerat autem. Consequatur sapiente eum dolor et rerum odio. Esse nulla dolor culpa sequi perferendis omnis. Sed beatae aut cupiditate totam nesciunt. Aliquid ut repudiandae aut qui ex. Molestias ea porro ut iure. Nihil exercitationem rerum quo ea corrupti. Nostrum quae officia porro qui veniam beatae tempore ea. Et dignissimos non error maiores.', 1, 100, NULL, NULL, NULL, '2022-03-14 15:33:24', '2022-03-14 15:33:24'),
(17, 2, 'Russel and Sons', 'qui-rem-inventore-illum', 'Sint tempora molestiae qui aut debitis molestias. Qui voluptatem labore distinctio. Temporibus harum voluptas velit esse ut eos quia. Nemo ex voluptas minima doloremque incidunt voluptas. A voluptate nam ut hic excepturi reprehenderit voluptate. Deleniti repudiandae quam ut fugit assumenda iste voluptatibus quo. Ratione vel quia atque eius sed. Magnam molestiae optio alias omnis in. Necessitatibus placeat delectus ut cupiditate architecto.', 1, 100, NULL, NULL, NULL, '2022-03-14 15:33:24', '2022-03-14 15:33:24'),
(18, 2, 'Abbott-Johnson', 'non-est-numquam-saepe-optio-minus-nihil', 'In quis quis rerum eius quo cum debitis. Et voluptatem odit necessitatibus similique hic exercitationem. Rerum autem voluptas impedit ipsam dolores odit. Inventore illo reiciendis aut magni sed architecto. Deserunt suscipit animi eius eum nam. Consequatur officia cupiditate enim vel occaecati quis voluptatum. Eos pariatur sit aliquam recusandae saepe.', 1, 100, NULL, NULL, NULL, '2022-03-14 15:33:24', '2022-03-14 15:33:24'),
(19, 1, 'Rath-Borer', 'est-dicta-commodi-vel-unde', 'Dolorum autem et quae incidunt quia quis ut ut. Vel quam quisquam omnis unde autem. Suscipit amet ipsa et aut. Delectus non molestiae vitae facere odio. Aut est consequatur harum non illo. Ea aut tenetur dignissimos praesentium distinctio voluptatem dolorem. Et optio iure culpa a ut laborum. Illum blanditiis temporibus eligendi sunt quo. Est qui dolorum unde atque. Omnis ad amet error tempora quos nesciunt nostrum.', 1, 100, NULL, NULL, NULL, '2022-03-14 15:33:24', '2022-03-14 15:33:24'),
(20, 5, 'VonRueden, Kuhic and Rolfson', 'sint-illum-qui-sit-nesciunt-quas-incidunt-repudiandae', 'Unde esse repudiandae adipisci iure a et. Omnis architecto ipsam eligendi aliquam error. Est error provident quasi voluptate. Delectus facilis iste ut delectus quo. Nihil fugiat molestiae rerum quasi laudantium. Facilis enim iusto velit mollitia minus quia. Ex voluptates architecto perferendis incidunt dolor vel quasi neque. Quis nisi laborum repellendus reiciendis sint dolorum sed iste. Aliquam consectetur et eum architecto. Libero rerum et porro perferendis.', 1, 100, NULL, NULL, NULL, '2022-03-14 15:33:24', '2022-03-14 15:33:24'),
(21, 9, 'Hirthe, Cormier and Goodwin', 'amet-quod-magnam-neque-qui-aut', 'Debitis minus quia itaque laudantium magni eligendi quisquam. Et omnis officiis id soluta dignissimos. Quo accusamus ut quo non vel quos sequi. Minima iusto non et est voluptatem asperiores omnis. Dolor qui ea non porro repellendus. Nulla est esse eos. Aut praesentium dolores dolor. Ipsum dolores aperiam rerum aliquam sint quia. Ipsa quibusdam maxime illum aliquam velit occaecati et quam. Nisi est in illum quaerat dolor veniam veritatis.', 1, 100, NULL, NULL, NULL, '2022-03-14 15:33:24', '2022-03-14 15:33:24'),
(22, 7, 'Leannon, Bergstrom and Greenfelder', 'quibusdam-sint-sunt-eum-voluptates-quaerat-et-voluptatem', 'Odit omnis velit et ex ut est ducimus. Maxime dicta ut ex et et perspiciatis consequuntur culpa. Aut sapiente suscipit eum rem quod error. Adipisci ut velit cum explicabo. Distinctio commodi adipisci earum id vitae velit ab. Enim et consequatur delectus nobis eum. Non labore expedita quis minima. Quia aut officiis tenetur rerum sed magnam.', 1, 100, NULL, NULL, NULL, '2022-03-14 15:33:24', '2022-03-14 15:33:24'),
(23, 7, 'Rohan-Lesch', 'vel-ex-sit-aut-ea-aut-unde', 'Fuga nostrum quos eaque dolor ut nemo. Ex et ducimus officia labore aut voluptas. Repellat libero consectetur facilis culpa qui nesciunt sunt. Vel modi in accusamus corrupti odit. Architecto sit et dolore qui dolores. Distinctio harum expedita quaerat aperiam. Veritatis recusandae iusto vel et aspernatur. Dolore ipsa ut magnam ullam perferendis corrupti. Quam quod eius quasi nemo. Enim sit cumque qui.', 1, 100, NULL, NULL, NULL, '2022-03-14 15:33:24', '2022-03-14 15:33:24'),
(24, 3, 'Gulgowski, Cole and Daniel', 'architecto-tenetur-enim-sunt-quibusdam-sapiente-illo', 'Quam consequatur quidem quo dolorum sit libero accusamus. A error quo quasi et. Ipsam pariatur illo est nemo. Aspernatur quia consequatur perferendis ut ipsa harum. Mollitia ex a blanditiis architecto aut distinctio et. Et voluptatum ut sapiente. Sit omnis explicabo harum distinctio explicabo qui. Voluptatem voluptas qui quisquam cum. Doloribus odio veritatis et quas dolor sapiente deserunt. Odit sunt deserunt fugit. Dolorem est dolores omnis non.', 1, 100, NULL, NULL, NULL, '2022-03-14 15:33:24', '2022-03-14 15:33:24'),
(25, 9, 'Turner, Klein and Stroman', 'labore-consequatur-rerum-iure-non', 'Amet molestiae illo quasi tempora labore totam qui. Sit veritatis eius incidunt tenetur officiis. Dolor aut labore ratione impedit. Velit recusandae culpa sequi est. Ullam excepturi quos reprehenderit animi nam quo aut aut. Voluptatem veritatis qui dolorum commodi alias. Quisquam accusantium a quam. Pariatur fugiat impedit omnis quaerat impedit repellendus dolores. Dolores sint ut eaque. Vitae culpa accusamus perspiciatis sint.', 1, 100, NULL, NULL, NULL, '2022-03-14 15:33:24', '2022-03-14 15:33:24');

-- --------------------------------------------------------

--
-- Structură tabel pentru tabel `chat_conversations`
--

CREATE TABLE `chat_conversations` (
  `id` bigint UNSIGNED NOT NULL,
  `shop_id` int UNSIGNED DEFAULT NULL,
  `customer_id` bigint UNSIGNED DEFAULT NULL,
  `message` text COLLATE utf8_unicode_ci,
  `status` int NOT NULL DEFAULT '1',
  `private` tinyint(1) NOT NULL DEFAULT '1',
  `read` tinyint(1) DEFAULT NULL,
  `deleted_at` timestamp NULL DEFAULT NULL,
  `created_at` timestamp NULL DEFAULT NULL,
  `updated_at` timestamp NULL DEFAULT NULL
) ENGINE=InnoDB DEFAULT CHARSET=utf8mb3 COLLATE=utf8_unicode_ci;

-- --------------------------------------------------------

--
-- Structură tabel pentru tabel `configs`
--

CREATE TABLE `configs` (
  `shop_id` int UNSIGNED NOT NULL,
  `support_phone` varchar(255) COLLATE utf8_unicode_ci DEFAULT NULL,
  `support_phone_toll_free` varchar(255) COLLATE utf8_unicode_ci DEFAULT NULL,
  `support_email` varchar(255) COLLATE utf8_unicode_ci DEFAULT NULL,
  `support_agent` bigint UNSIGNED DEFAULT NULL,
  `default_sender_email_address` varchar(255) COLLATE utf8_unicode_ci DEFAULT NULL,
  `default_email_sender_name` varchar(255) COLLATE utf8_unicode_ci DEFAULT NULL,
  `return_refund` longtext COLLATE utf8_unicode_ci,
  `order_number_prefix` varchar(255) COLLATE utf8_unicode_ci DEFAULT '#',
  `order_number_suffix` varchar(255) COLLATE utf8_unicode_ci DEFAULT NULL,
  `default_tax_id` int UNSIGNED DEFAULT '1',
  `order_handling_cost` decimal(20,6) DEFAULT NULL,
  `auto_archive_order` tinyint(1) DEFAULT '0',
  `default_payment_method_id` int UNSIGNED DEFAULT NULL,
  `pagination` int UNSIGNED NOT NULL DEFAULT '10',
  `show_shop_desc_with_listing` tinyint(1) DEFAULT NULL,
  `show_refund_policy_with_listing` tinyint(1) DEFAULT '1',
  `alert_quantity` int DEFAULT NULL,
  `digital_goods_only` tinyint(1) DEFAULT '0',
  `default_warehouse_id` int UNSIGNED DEFAULT NULL,
  `default_supplier_id` int UNSIGNED DEFAULT NULL,
  `default_packaging_ids` varchar(255) COLLATE utf8_unicode_ci DEFAULT NULL,
  `notify_new_message` tinyint(1) DEFAULT NULL,
  `notify_alert_quantity` tinyint(1) DEFAULT NULL,
  `notify_inventory_out` tinyint(1) DEFAULT NULL,
  `notify_new_order` tinyint(1) DEFAULT '1',
  `notify_abandoned_checkout` tinyint(1) DEFAULT NULL,
  `notify_new_disput` tinyint(1) DEFAULT '1',
  `enable_live_chat` tinyint(1) DEFAULT '1',
  `notify_new_chat` tinyint(1) DEFAULT '1',
  `maintenance_mode` tinyint(1) DEFAULT '1',
  `pending_verification` tinyint(1) DEFAULT NULL,
  `created_at` timestamp NULL DEFAULT NULL,
  `updated_at` timestamp NULL DEFAULT NULL,
  `active_ecommerce` tinyint(1) NOT NULL DEFAULT '1',
  `pay_online` tinyint(1) NOT NULL DEFAULT '1',
  `pay_in_person` tinyint(1) NOT NULL DEFAULT '0'
) ENGINE=InnoDB DEFAULT CHARSET=utf8mb3 COLLATE=utf8_unicode_ci;

--
-- Eliminarea datelor din tabel `configs`
--

INSERT INTO `configs` (`shop_id`, `support_phone`, `support_phone_toll_free`, `support_email`, `support_agent`, `default_sender_email_address`, `default_email_sender_name`, `return_refund`, `order_number_prefix`, `order_number_suffix`, `default_tax_id`, `order_handling_cost`, `auto_archive_order`, `default_payment_method_id`, `pagination`, `show_shop_desc_with_listing`, `show_refund_policy_with_listing`, `alert_quantity`, `digital_goods_only`, `default_warehouse_id`, `default_supplier_id`, `default_packaging_ids`, `notify_new_message`, `notify_alert_quantity`, `notify_inventory_out`, `notify_new_order`, `notify_abandoned_checkout`, `notify_new_disput`, `enable_live_chat`, `notify_new_chat`, `maintenance_mode`, `pending_verification`, `created_at`, `updated_at`, `active_ecommerce`, `pay_online`, `pay_in_person`) VALUES
(1, NULL, NULL, 'support.shop@demo.com', NULL, 'noreply.shop@demo.com', 'Support Agent', '<h3>Return & Refund Policy</h3> Thanks for shopping at My Shop.<br/> If you are not entirely satisfied with your purchase, we\'re here to help.<br/><br/><h3>Returns</h3>You have 30 (change this) calendar days to return an item from the date you received it.<br/>To be eligible for a return, your item must be unused and in the same condition that you received it.<br/>Your item must be in the original packaging.<br/>Your item needs to have the receipt or proof of purchase.<br/><br/>', '#', NULL, 1, '2.000000', 0, NULL, 10, NULL, 1, NULL, 0, NULL, NULL, 'a:3:{i:0;i:2;i:1;i:3;i:2;i:5;}', NULL, NULL, NULL, 1, NULL, 1, 1, 1, 0, NULL, '2022-03-14 15:33:22', '2022-03-14 15:33:22', 1, 1, 0),
(2, NULL, NULL, 'support.shop@demo.com', NULL, 'noreply.shop@demo.com', 'Support Agent', '<h3>Return & Refund Policy</h3> Thanks for shopping at My Shop.<br/> If you are not entirely satisfied with your purchase, we\'re here to help.<br/><br/><h3>Returns</h3>You have 30 (change this) calendar days to return an item from the date you received it.<br/>To be eligible for a return, your item must be unused and in the same condition that you received it.<br/>Your item must be in the original packaging.<br/>Your item needs to have the receipt or proof of purchase.<br/><br/>', '#', NULL, 1, '2.000000', 0, NULL, 10, NULL, 1, NULL, 0, NULL, NULL, 'a:3:{i:0;i:0;i:1;i:1;i:2;i:2;}', NULL, NULL, NULL, 1, NULL, 1, 1, 1, 0, NULL, '2022-03-14 15:33:22', '2022-03-14 15:33:22', 1, 1, 0),
(3, NULL, NULL, 'support.shop@demo.com', NULL, 'noreply.shop@demo.com', 'Support Agent', '<h3>Return & Refund Policy</h3> Thanks for shopping at My Shop.<br/> If you are not entirely satisfied with your purchase, we\'re here to help.<br/><br/><h3>Returns</h3>You have 30 (change this) calendar days to return an item from the date you received it.<br/>To be eligible for a return, your item must be unused and in the same condition that you received it.<br/>Your item must be in the original packaging.<br/>Your item needs to have the receipt or proof of purchase.<br/><br/>', '#', NULL, 1, '2.000000', 0, NULL, 10, NULL, 1, NULL, 0, NULL, NULL, 'a:3:{i:0;i:1;i:1;i:3;i:2;i:5;}', NULL, NULL, NULL, 1, NULL, 1, 1, 1, 0, NULL, '2022-03-14 15:33:22', '2022-03-14 15:33:22', 1, 1, 0),
(4, NULL, NULL, 'support.shop@demo.com', NULL, 'noreply.shop@demo.com', 'Support Agent', '<h3>Return & Refund Policy</h3> Thanks for shopping at My Shop.<br/> If you are not entirely satisfied with your purchase, we\'re here to help.<br/><br/><h3>Returns</h3>You have 30 (change this) calendar days to return an item from the date you received it.<br/>To be eligible for a return, your item must be unused and in the same condition that you received it.<br/>Your item must be in the original packaging.<br/>Your item needs to have the receipt or proof of purchase.<br/><br/>', '#', NULL, 1, '2.000000', 0, NULL, 10, NULL, 1, NULL, 0, NULL, NULL, 'a:3:{i:0;i:1;i:1;i:2;i:2;i:5;}', NULL, NULL, NULL, 1, NULL, 1, 1, 1, 0, NULL, '2022-03-14 15:33:22', '2022-03-14 15:33:22', 1, 1, 0),
(5, NULL, NULL, 'support.shop@demo.com', NULL, 'noreply.shop@demo.com', 'Support Agent', '<h3>Return & Refund Policy</h3> Thanks for shopping at My Shop.<br/> If you are not entirely satisfied with your purchase, we\'re here to help.<br/><br/><h3>Returns</h3>You have 30 (change this) calendar days to return an item from the date you received it.<br/>To be eligible for a return, your item must be unused and in the same condition that you received it.<br/>Your item must be in the original packaging.<br/>Your item needs to have the receipt or proof of purchase.<br/><br/>', '#', NULL, 1, '2.000000', 0, NULL, 10, NULL, 1, NULL, 0, NULL, NULL, 'a:3:{i:0;i:0;i:1;i:2;i:2;i:5;}', NULL, NULL, NULL, 1, NULL, 1, 1, 1, 0, NULL, '2022-03-14 15:33:22', '2022-03-14 15:33:22', 1, 1, 0);

-- --------------------------------------------------------

--
-- Structură tabel pentru tabel `config_authorize_net`
--

CREATE TABLE `config_authorize_net` (
  `shop_id` int UNSIGNED NOT NULL,
  `api_login_id` text COLLATE utf8_unicode_ci,
  `transaction_key` text COLLATE utf8_unicode_ci,
  `sandbox` tinyint(1) DEFAULT '1',
  `created_at` timestamp NULL DEFAULT NULL,
  `updated_at` timestamp NULL DEFAULT NULL
) ENGINE=InnoDB DEFAULT CHARSET=utf8mb3 COLLATE=utf8_unicode_ci;

-- --------------------------------------------------------

--
-- Structură tabel pentru tabel `config_cybersources`
--

CREATE TABLE `config_cybersources` (
  `shop_id` int UNSIGNED NOT NULL,
  `merchant_id` text COLLATE utf8_unicode_ci,
  `api_key_id` text COLLATE utf8_unicode_ci,
  `secret` text COLLATE utf8_unicode_ci,
  `sandbox` tinyint(1) DEFAULT '1',
  `created_at` timestamp NULL DEFAULT NULL,
  `updated_at` timestamp NULL DEFAULT NULL
) ENGINE=InnoDB DEFAULT CHARSET=utf8mb3 COLLATE=utf8_unicode_ci;

-- --------------------------------------------------------

--
-- Structură tabel pentru tabel `config_instamojo`
--

CREATE TABLE `config_instamojo` (
  `shop_id` int UNSIGNED NOT NULL,
  `api_key` text COLLATE utf8_unicode_ci,
  `auth_token` text COLLATE utf8_unicode_ci,
  `sandbox` tinyint(1) DEFAULT '1',
  `created_at` timestamp NULL DEFAULT NULL,
  `updated_at` timestamp NULL DEFAULT NULL
) ENGINE=InnoDB DEFAULT CHARSET=utf8mb3 COLLATE=utf8_unicode_ci;

-- --------------------------------------------------------

--
-- Structură tabel pentru tabel `config_manual_payments`
--

CREATE TABLE `config_manual_payments` (
  `shop_id` int UNSIGNED NOT NULL,
  `payment_method_id` int UNSIGNED NOT NULL,
  `additional_details` text COLLATE utf8_unicode_ci,
  `payment_instructions` text COLLATE utf8_unicode_ci,
  `created_at` timestamp NULL DEFAULT NULL,
  `updated_at` timestamp NULL DEFAULT NULL
) ENGINE=InnoDB DEFAULT CHARSET=utf8mb3 COLLATE=utf8_unicode_ci;

--
-- Eliminarea datelor din tabel `config_manual_payments`
--

INSERT INTO `config_manual_payments` (`shop_id`, `payment_method_id`, `additional_details`, `payment_instructions`, `created_at`, `updated_at`) VALUES
(1, 7, 'Send the payment via Bank Wire Transfer.', 'Payment instructions for Bank Wire Transfer', '2022-03-14 15:33:20', '2022-03-14 15:33:20'),
(1, 6, 'Our man will collect the payment when deliver the item to your doorstep.', 'Payment instructions for COD', '2022-03-14 15:33:20', '2022-03-14 15:33:20'),
(2, 7, 'Send the payment via Bank Wire Transfer.', 'Payment instructions for Bank Wire Transfer', '2022-03-14 15:33:20', '2022-03-14 15:33:20'),
(2, 6, 'Our man will collect the payment when deliver the item to your doorstep.', 'Payment instructions for COD', '2022-03-14 15:33:20', '2022-03-14 15:33:20'),
(3, 7, 'Send the payment via Bank Wire Transfer.', 'Payment instructions for Bank Wire Transfer', '2022-03-14 15:33:20', '2022-03-14 15:33:20'),
(3, 6, 'Our man will collect the payment when deliver the item to your doorstep.', 'Payment instructions for COD', '2022-03-14 15:33:20', '2022-03-14 15:33:20'),
(4, 7, 'Send the payment via Bank Wire Transfer.', 'Payment instructions for Bank Wire Transfer', '2022-03-14 15:33:20', '2022-03-14 15:33:20'),
(4, 6, 'Our man will collect the payment when deliver the item to your doorstep.', 'Payment instructions for COD', '2022-03-14 15:33:20', '2022-03-14 15:33:20'),
(5, 7, 'Send the payment via Bank Wire Transfer.', 'Payment instructions for Bank Wire Transfer', '2022-03-14 15:33:20', '2022-03-14 15:33:20'),
(5, 6, 'Our man will collect the payment when deliver the item to your doorstep.', 'Payment instructions for COD', '2022-03-14 15:33:20', '2022-03-14 15:33:20');

-- --------------------------------------------------------

--
-- Structură tabel pentru tabel `config_paypal_express`
--

CREATE TABLE `config_paypal_express` (
  `shop_id` int UNSIGNED NOT NULL,
  `account` text COLLATE utf8_unicode_ci,
  `client_id` text COLLATE utf8_unicode_ci,
  `secret` text COLLATE utf8_unicode_ci,
  `sandbox` tinyint(1) DEFAULT '1',
  `created_at` timestamp NULL DEFAULT NULL,
  `updated_at` timestamp NULL DEFAULT NULL
) ENGINE=InnoDB DEFAULT CHARSET=utf8mb3 COLLATE=utf8_unicode_ci;

-- --------------------------------------------------------

--
-- Structură tabel pentru tabel `config_paystacks`
--

CREATE TABLE `config_paystacks` (
  `shop_id` int UNSIGNED NOT NULL,
  `merchant_email` text COLLATE utf8_unicode_ci,
  `public_key` text COLLATE utf8_unicode_ci,
  `secret` text COLLATE utf8_unicode_ci,
  `sandbox` tinyint(1) DEFAULT '1',
  `created_at` timestamp NULL DEFAULT NULL,
  `updated_at` timestamp NULL DEFAULT NULL
) ENGINE=InnoDB DEFAULT CHARSET=utf8mb3 COLLATE=utf8_unicode_ci;

-- --------------------------------------------------------

--
-- Structură tabel pentru tabel `config_stripes`
--

CREATE TABLE `config_stripes` (
  `shop_id` int UNSIGNED NOT NULL,
  `stripe_user_id` varchar(255) COLLATE utf8_unicode_ci DEFAULT NULL,
  `publishable_key` varchar(255) COLLATE utf8_unicode_ci DEFAULT NULL,
  `refresh_token` varchar(255) COLLATE utf8_unicode_ci DEFAULT NULL,
  `created_at` timestamp NULL DEFAULT NULL,
  `updated_at` timestamp NULL DEFAULT NULL
) ENGINE=InnoDB DEFAULT CHARSET=utf8mb3 COLLATE=utf8_unicode_ci;

-- --------------------------------------------------------

--
-- Structură tabel pentru tabel `contact_us`
--

CREATE TABLE `contact_us` (
  `id` bigint UNSIGNED NOT NULL,
  `name` varchar(255) COLLATE utf8_unicode_ci DEFAULT NULL,
  `phone` varchar(255) COLLATE utf8_unicode_ci DEFAULT NULL,
  `email` varchar(255) COLLATE utf8_unicode_ci NOT NULL,
  `subject` varchar(255) COLLATE utf8_unicode_ci NOT NULL,
  `message` longtext COLLATE utf8_unicode_ci NOT NULL,
  `read` tinyint(1) DEFAULT NULL,
  `created_at` timestamp NULL DEFAULT NULL,
  `updated_at` timestamp NULL DEFAULT NULL
) ENGINE=InnoDB DEFAULT CHARSET=utf8mb3 COLLATE=utf8_unicode_ci;

-- --------------------------------------------------------

--
-- Structură tabel pentru tabel `countries`
--

CREATE TABLE `countries` (
  `id` int UNSIGNED NOT NULL,
  `name` varchar(255) COLLATE utf8_unicode_ci NOT NULL,
  `full_name` varchar(255) COLLATE utf8_unicode_ci DEFAULT NULL,
  `capital` varchar(255) COLLATE utf8_unicode_ci DEFAULT NULL,
  `currency_id` int UNSIGNED DEFAULT NULL,
  `timezone_id` int UNSIGNED DEFAULT NULL,
  `citizenship` varchar(255) COLLATE utf8_unicode_ci DEFAULT NULL,
  `iso_code` varchar(2) COLLATE utf8_unicode_ci NOT NULL,
  `iso_numeric` varchar(3) COLLATE utf8_unicode_ci DEFAULT NULL,
  `calling_code` varchar(3) COLLATE utf8_unicode_ci DEFAULT NULL,
  `flag` varchar(6) COLLATE utf8_unicode_ci DEFAULT NULL,
  `eea` tinyint(1) DEFAULT '0',
  `active` tinyint(1) DEFAULT '0',
  `created_at` timestamp NULL DEFAULT NULL,
  `updated_at` timestamp NULL DEFAULT NULL
) ENGINE=InnoDB DEFAULT CHARSET=utf8mb3 COLLATE=utf8_unicode_ci;

--
-- Eliminarea datelor din tabel `countries`
--

INSERT INTO `countries` (`id`, `name`, `full_name`, `capital`, `currency_id`, `timezone_id`, `citizenship`, `iso_code`, `iso_numeric`, `calling_code`, `flag`, `eea`, `active`, `created_at`, `updated_at`) VALUES
(4, 'Afghanistan', 'Islamic Republic of Afghanistan', 'Kabul', 2, NULL, 'Afghan', 'AF', '004', '93', 'AF.png', 0, 1, '2022-03-14 15:33:13', '2022-03-14 15:33:13'),
(8, 'Albania', 'Republic of Albania', 'Tirana', 3, NULL, 'Albanian', 'AL', '008', '355', 'AL.png', 0, 1, '2022-03-14 15:33:13', '2022-03-14 15:33:13'),
(10, 'Antarctica', 'Antarctica', 'Antartica', NULL, NULL, 'of Antartica', 'AQ', '010', '672', 'AQ.png', 0, 1, '2022-03-14 15:33:13', '2022-03-14 15:33:13'),
(12, 'Algeria', 'People’s Democratic Republic of Algeria', 'Algiers', 42, NULL, 'Algerian', 'DZ', '012', '213', 'DZ.png', 0, 1, '2022-03-14 15:33:13', '2022-03-14 15:33:13'),
(16, 'American Samoa', 'Territory of American', 'Pago Pago', 148, NULL, 'American Samoan', 'AS', '016', '1', 'AS.png', 0, 1, '2022-03-14 15:33:13', '2022-03-14 15:33:13'),
(20, 'Andorra', 'Principality of Andorra', 'Andorra la Vella', 46, NULL, 'Andorran', 'AD', '020', '376', 'AD.png', 0, 1, '2022-03-14 15:33:13', '2022-03-14 15:33:13'),
(24, 'Angola', 'Republic of Angola', 'Luanda', 6, NULL, 'Angolan', 'AO', '024', '244', 'AO.png', 0, 1, '2022-03-14 15:33:13', '2022-03-14 15:33:13'),
(28, 'Antigua and Barbuda', 'Antigua and Barbuda', 'St John’s', 162, NULL, 'of Antigua and Barbuda', 'AG', '028', '1', 'AG.png', 0, 1, '2022-03-14 15:33:13', '2022-03-14 15:33:13'),
(31, 'Azerbaijan', 'Republic of Azerbaijan', 'Baku', 10, NULL, 'Azerbaijani', 'AZ', '031', '994', 'AZ.png', 0, 1, '2022-03-14 15:33:13', '2022-03-14 15:33:13'),
(32, 'Argentina', 'Argentine Republic', 'Buenos Aires', 7, NULL, 'Argentinian', 'AR', '032', '54', 'AR.png', 0, 1, '2022-03-14 15:33:13', '2022-03-14 15:33:13'),
(36, 'Australia', 'Commonwealth of Australia', 'Canberra', 8, NULL, 'Australian', 'AU', '036', '61', 'AU.png', 0, 1, '2022-03-14 15:33:13', '2022-03-14 15:33:13'),
(40, 'Austria', 'Republic of Austria', 'Vienna', 46, NULL, 'Austrian', 'AT', '040', '43', 'AT.png', 1, 1, '2022-03-14 15:33:13', '2022-03-14 15:33:13'),
(44, 'Bahamas', 'Commonwealth of the Bahamas', 'Nassau', 21, NULL, 'Bahamian', 'BS', '044', '1', 'BS.png', 0, 1, '2022-03-14 15:33:13', '2022-03-14 15:33:13'),
(48, 'Bahrain', 'Kingdom of Bahrain', 'Manama', 15, NULL, 'Bahraini', 'BH', '048', '973', 'BH.png', 0, 1, '2022-03-14 15:33:13', '2022-03-14 15:33:13'),
(50, 'Bangladesh', 'People’s Republic of Bangladesh', 'Dhaka', 13, NULL, 'Bangladeshi', 'BD', '050', '880', 'BD.png', 0, 1, '2022-03-14 15:33:13', '2022-03-14 15:33:13'),
(51, 'Armenia', 'Republic of Armenia', 'Yerevan', 4, NULL, 'Armenian', 'AM', '051', '374', 'AM.png', 0, 1, '2022-03-14 15:33:13', '2022-03-14 15:33:13'),
(52, 'Barbados', 'Barbados', 'Bridgetown', 12, NULL, 'Barbadian', 'BB', '052', '1', 'BB.png', 0, 1, '2022-03-14 15:33:13', '2022-03-14 15:33:13'),
(56, 'Belgium', 'Kingdom of Belgium', 'Brussels', 46, NULL, 'Belgian', 'BE', '056', '32', 'BE.png', 1, 1, '2022-03-14 15:33:13', '2022-03-14 15:33:13'),
(60, 'Bermuda', 'Bermuda', 'Hamilton', 17, NULL, 'Bermudian', 'BM', '060', '1', 'BM.png', 0, 1, '2022-03-14 15:33:13', '2022-03-14 15:33:13'),
(64, 'Bhutan', 'Kingdom of Bhutan', 'Thimphu', 22, NULL, 'Bhutanese', 'BT', '064', '975', 'BT.png', 0, 1, '2022-03-14 15:33:13', '2022-03-14 15:33:13'),
(68, 'Bolivia, Plurinational State of', 'Plurinational State of Bolivia', 'Sucre (BO1)', 19, NULL, 'Bolivian', 'BO', '068', '591', 'BO.png', 0, 1, '2022-03-14 15:33:13', '2022-03-14 15:33:13'),
(70, 'Bosnia and Herzegovina', 'Bosnia and Herzegovina', 'Sarajevo', 11, NULL, 'of Bosnia and Herzegovina', 'BA', '070', '387', 'BA.png', 0, 1, '2022-03-14 15:33:13', '2022-03-14 15:33:13'),
(72, 'Botswana', 'Republic of Botswana', 'Gaborone', 23, NULL, 'Botswanan', 'BW', '072', '267', 'BW.png', 0, 1, '2022-03-14 15:33:13', '2022-03-14 15:33:13'),
(74, 'Bouvet Island', 'Bouvet Island', 'Bouvet island', NULL, NULL, 'of Bouvet island', 'BV', '074', '47', 'BV.png', 0, 1, '2022-03-14 15:33:13', '2022-03-14 15:33:13'),
(76, 'Brazil', 'Federative Republic of Brazil', 'Brasilia', 20, NULL, 'Brazilian', 'BR', '076', '55', 'BR.png', 0, 1, '2022-03-14 15:33:13', '2022-03-14 15:33:13'),
(84, 'Belize', 'Belize', 'Belmopan', 26, NULL, 'Belizean', 'BZ', '084', '501', 'BZ.png', 0, 1, '2022-03-14 15:33:13', '2022-03-14 15:33:13'),
(86, 'British Indian Ocean Territory', 'British Indian Ocean Territory', 'Diego Garcia', 148, NULL, 'Changosian', 'IO', '086', '246', 'IO.png', 0, 1, '2022-03-14 15:33:13', '2022-03-14 15:33:13'),
(90, 'Solomon Islands', 'Solomon Islands', 'Honiara', 122, NULL, 'Solomon Islander', 'SB', '090', '677', 'SB.png', 0, 1, '2022-03-14 15:33:13', '2022-03-14 15:33:13'),
(92, 'Virgin Islands, British', 'British Virgin Islands', 'Road Town', 148, NULL, 'British Virgin Islander;', 'VG', '092', '1', 'VG.png', 0, 1, '2022-03-14 15:33:13', '2022-03-14 15:33:13'),
(96, 'Brunei Darussalam', 'Brunei Darussalam', 'Bandar Seri Begawan', 18, NULL, 'Bruneian', 'BN', '096', '673', 'BN.png', 0, 1, '2022-03-14 15:33:13', '2022-03-14 15:33:13'),
(100, 'Bulgaria', 'Republic of Bulgaria', 'Sofia', 14, NULL, 'Bulgarian', 'BG', '100', '359', 'BG.png', 1, 1, '2022-03-14 15:33:13', '2022-03-14 15:33:13'),
(104, 'Myanmar', 'Union of Myanmar/', 'Yangon', 92, NULL, 'Burmese', 'MM', '104', '95', 'MM.png', 0, 1, '2022-03-14 15:33:13', '2022-03-14 15:33:13'),
(108, 'Burundi', 'Republic of Burundi', 'Bujumbura', 16, NULL, 'Burundian', 'BI', '108', '257', 'BI.png', 0, 1, '2022-03-14 15:33:13', '2022-03-14 15:33:13'),
(112, 'Belarus', 'Republic of Belarus', 'Minsk', 25, NULL, 'Belarusian', 'BY', '112', '375', 'BY.png', 0, 1, '2022-03-14 15:33:13', '2022-03-14 15:33:13'),
(116, 'Cambodia', 'Kingdom of Cambodia', 'Phnom Penh', 73, NULL, 'Cambodian', 'KH', '116', '855', 'KH.png', 0, 1, '2022-03-14 15:33:13', '2022-03-14 15:33:13'),
(120, 'Cameroon', 'Republic of Cameroon', 'Yaoundé', 155, NULL, 'Cameroonian', 'CM', '120', '237', 'CM.png', 0, 1, '2022-03-14 15:33:13', '2022-03-14 15:33:13'),
(124, 'Canada', 'Canada', 'Ottawa', 27, NULL, 'Canadian', 'CA', '124', '1', 'CA.png', 0, 1, '2022-03-14 15:33:13', '2022-03-14 15:33:13'),
(132, 'Cape Verde', 'Republic of Cape Verde', 'Praia', 37, NULL, 'Cape Verdean', 'CV', '132', '238', 'CV.png', 0, 1, '2022-03-14 15:33:13', '2022-03-14 15:33:13'),
(136, 'Cayman Islands', 'Cayman Islands', 'George Town', 78, NULL, 'Caymanian', 'KY', '136', '1', 'KY.png', 0, 1, '2022-03-14 15:33:13', '2022-03-14 15:33:13'),
(140, 'Central African Republic', 'Central African Republic', 'Bangui', 155, NULL, 'Central African', 'CF', '140', '236', 'CF.png', 0, 1, '2022-03-14 15:33:13', '2022-03-14 15:33:13'),
(144, 'Sri Lanka', 'Democratic Socialist Republic of Sri Lanka', 'Colombo', 82, NULL, 'Sri Lankan', 'LK', '144', '94', 'LK.png', 0, 1, '2022-03-14 15:33:13', '2022-03-14 15:33:13'),
(148, 'Chad', 'Republic of Chad', 'N’Djamena', 155, NULL, 'Chadian', 'TD', '148', '235', 'TD.png', 0, 1, '2022-03-14 15:33:13', '2022-03-14 15:33:13'),
(152, 'Chile', 'Republic of Chile', 'Santiago', 31, NULL, 'Chilean', 'CL', '152', '56', 'CL.png', 0, 1, '2022-03-14 15:33:13', '2022-03-14 15:33:13'),
(156, 'China', 'People’s Republic of China', 'Beijing', 32, NULL, 'Chinese', 'CN', '156', '86', 'CN.png', 0, 1, '2022-03-14 15:33:13', '2022-03-14 15:33:13'),
(158, 'Taiwan, Province of China', 'Republic of China, Taiwan (TW1)', 'Taipei', 144, NULL, 'Taiwanese', 'TW', '158', '886', 'TW.png', 0, 1, '2022-03-14 15:33:13', '2022-03-14 15:33:13'),
(162, 'Christmas Island', 'Christmas Island Territory', 'Flying Fish Cove', 8, NULL, 'Christmas Islander', 'CX', '162', '61', 'CX.png', 0, 1, '2022-03-14 15:33:13', '2022-03-14 15:33:13'),
(166, 'Cocos (Keeling) Islands', 'Territory of Cocos (Keeling) Islands', 'Bantam', 8, NULL, 'Cocos Islander', 'CC', '166', '61', 'CC.png', 0, 1, '2022-03-14 15:33:13', '2022-03-14 15:33:13'),
(170, 'Colombia', 'Republic of Colombia', 'Santa Fe de Bogotá', 33, NULL, 'Colombian', 'CO', '170', '57', 'CO.png', 0, 1, '2022-03-14 15:33:13', '2022-03-14 15:33:13'),
(174, 'Comoros', 'Union of the Comoros', 'Moroni', 74, NULL, 'Comorian', 'KM', '174', '269', 'KM.png', 0, 1, '2022-03-14 15:33:13', '2022-03-14 15:33:13'),
(175, 'Mayotte', 'Departmental Collectivity of Mayotte', 'Mamoudzou', 46, NULL, 'Mahorais', 'YT', '175', '262', 'YT.png', 0, 1, '2022-03-14 15:33:13', '2022-03-14 15:33:13'),
(178, 'Congo', 'Republic of the Congo', 'Brazzaville', 155, NULL, 'Congolese', 'CG', '178', '242', 'CG.png', 0, 1, '2022-03-14 15:33:13', '2022-03-14 15:33:13'),
(180, 'Congo, the Democratic Republic of the', 'Democratic Republic of the Congo', 'Kinshasa', 28, NULL, 'Congolese', 'CD', '180', '243', 'CD.png', 0, 1, '2022-03-14 15:33:13', '2022-03-14 15:33:13'),
(184, 'Cook Islands', 'Cook Islands', 'Avarua', 107, NULL, 'Cook Islander', 'CK', '184', '682', 'CK.png', 0, 1, '2022-03-14 15:33:13', '2022-03-14 15:33:13'),
(188, 'Costa Rica', 'Republic of Costa Rica', 'San José', 34, NULL, 'Costa Rican', 'CR', '188', '506', 'CR.png', 0, 1, '2022-03-14 15:33:13', '2022-03-14 15:33:13'),
(191, 'Croatia', 'Republic of Croatia', 'Zagreb', 59, NULL, 'Croatian', 'HR', '191', '385', 'HR.png', 1, 1, '2022-03-14 15:33:13', '2022-03-14 15:33:13'),
(192, 'Cuba', 'Republic of Cuba', 'Havana', 36, NULL, 'Cuban', 'CU', '192', '53', 'CU.png', 0, 1, '2022-03-14 15:33:13', '2022-03-14 15:33:13'),
(196, 'Cyprus', 'Republic of Cyprus', 'Nicosia', 46, NULL, 'Cypriot', 'CY', '196', '357', 'CY.png', 1, 1, '2022-03-14 15:33:13', '2022-03-14 15:33:13'),
(203, 'Czech Republic', 'Czech Republic', 'Prague', 38, NULL, 'Czech', 'CZ', '203', '420', 'CZ.png', 1, 1, '2022-03-14 15:33:13', '2022-03-14 15:33:13'),
(204, 'Benin', 'Republic of Benin', 'Porto Novo (BJ1)', 164, NULL, 'Beninese', 'BJ', '204', '229', 'BJ.png', 0, 1, '2022-03-14 15:33:13', '2022-03-14 15:33:13'),
(208, 'Denmark', 'Kingdom of Denmark', 'Copenhagen', 40, NULL, 'Danish', 'DK', '208', '45', 'DK.png', 1, 1, '2022-03-14 15:33:13', '2022-03-14 15:33:13'),
(212, 'Dominica', 'Commonwealth of Dominica', 'Roseau', 162, NULL, 'Dominican', 'DM', '212', '1', 'DM.png', 0, 1, '2022-03-14 15:33:13', '2022-03-14 15:33:13'),
(214, 'Dominican Republic', 'Dominican Republic', 'Santo Domingo', 41, NULL, 'Dominican', 'DO', '214', '1', 'DO.png', 0, 1, '2022-03-14 15:33:13', '2022-03-14 15:33:13'),
(218, 'Ecuador', 'Republic of Ecuador', 'Quito', 148, NULL, 'Ecuadorian', 'EC', '218', '593', 'EC.png', 0, 1, '2022-03-14 15:33:13', '2022-03-14 15:33:13'),
(222, 'El Salvador', 'Republic of El Salvador', 'San Salvador', 134, NULL, 'Salvadoran', 'SV', '222', '503', 'SV.png', 0, 1, '2022-03-14 15:33:13', '2022-03-14 15:33:13'),
(226, 'Equatorial Guinea', 'Republic of Equatorial Guinea', 'Malabo', 155, NULL, 'Equatorial Guinean', 'GQ', '226', '240', 'GQ.png', 0, 1, '2022-03-14 15:33:13', '2022-03-14 15:33:13'),
(231, 'Ethiopia', 'Federal Democratic Republic of Ethiopia', 'Addis Ababa', 45, NULL, 'Ethiopian', 'ET', '231', '251', 'ET.png', 0, 1, '2022-03-14 15:33:13', '2022-03-14 15:33:13'),
(232, 'Eritrea', 'State of Eritrea', 'Asmara', 44, NULL, 'Eritrean', 'ER', '232', '291', 'ER.png', 0, 1, '2022-03-14 15:33:13', '2022-03-14 15:33:13'),
(233, 'Estonia', 'Republic of Estonia', 'Tallinn', 46, NULL, 'Estonian', 'EE', '233', '372', 'EE.png', 1, 1, '2022-03-14 15:33:13', '2022-03-14 15:33:13'),
(234, 'Faroe Islands', 'Faeroe Islands', 'Tórshavn', 40, NULL, 'Faeroese', 'FO', '234', '298', 'FO.png', 0, 1, '2022-03-14 15:33:13', '2022-03-14 15:33:13'),
(238, 'Falkland Islands (Malvinas)', 'Falkland Islands', 'Stanley', 48, NULL, 'Falkland Islander', 'FK', '238', '500', 'FK.png', 0, 1, '2022-03-14 15:33:13', '2022-03-14 15:33:13'),
(239, 'South Georgia and the South Sandwich Islands', 'South Georgia and the South Sandwich Islands', 'King Edward Point (Grytviken)', NULL, NULL, 'of South Georgia and the South Sandwich Islands', 'GS', '239', '44', 'GS.png', 0, 1, '2022-03-14 15:33:13', '2022-03-14 15:33:13'),
(242, 'Fiji', 'Republic of Fiji', 'Suva', 47, NULL, 'Fijian', 'FJ', '242', '679', 'FJ.png', 0, 1, '2022-03-14 15:33:13', '2022-03-14 15:33:13'),
(246, 'Finland', 'Republic of Finland', 'Helsinki', 46, NULL, 'Finnish', 'FI', '246', '358', 'FI.png', 1, 1, '2022-03-14 15:33:13', '2022-03-14 15:33:13'),
(248, 'Åland Islands', 'Åland Islands', 'Mariehamn', 46, NULL, 'Åland Islander', 'AX', '248', '358', NULL, 0, 1, '2022-03-14 15:33:13', '2022-03-14 15:33:13'),
(250, 'France', 'French Republic', 'Paris', 46, NULL, 'French', 'FR', '250', '33', 'FR.png', 1, 1, '2022-03-14 15:33:13', '2022-03-14 15:33:13'),
(254, 'French Guiana', 'French Guiana', 'Cayenne', 46, NULL, 'Guianese', 'GF', '254', '594', 'GF.png', 0, 1, '2022-03-14 15:33:13', '2022-03-14 15:33:13'),
(258, 'French Polynesia', 'French Polynesia', 'Papeete', 166, NULL, 'Polynesian', 'PF', '258', '689', 'PF.png', 0, 1, '2022-03-14 15:33:13', '2022-03-14 15:33:13'),
(260, 'French Southern Territories', 'French Southern and Antarctic Lands', 'Port-aux-Francais', 46, NULL, 'of French Southern and Antarctic Lands', 'TF', '260', '33', 'TF.png', 0, 1, '2022-03-14 15:33:13', '2022-03-14 15:33:13'),
(262, 'Djibouti', 'Republic of Djibouti', 'Djibouti', 39, NULL, 'Djiboutian', 'DJ', '262', '253', 'DJ.png', 0, 1, '2022-03-14 15:33:13', '2022-03-14 15:33:13'),
(266, 'Gabon', 'Gabonese Republic', 'Libreville', 155, NULL, 'Gabonese', 'GA', '266', '241', 'GA.png', 0, 1, '2022-03-14 15:33:13', '2022-03-14 15:33:13'),
(268, 'Georgia', 'Georgia', 'Tbilisi', 50, NULL, 'Georgian', 'GE', '268', '995', 'GE.png', 0, 1, '2022-03-14 15:33:13', '2022-03-14 15:33:13'),
(270, 'Gambia', 'Republic of the Gambia', 'Banjul', 53, NULL, 'Gambian', 'GM', '270', '220', 'GM.png', 0, 1, '2022-03-14 15:33:13', '2022-03-14 15:33:13'),
(275, 'Palestinian Territory, Occupied', NULL, NULL, 53, NULL, 'Palestinian', 'PS', '275', '970', 'PS.png', 0, 1, '2022-03-14 15:33:13', '2022-03-14 15:33:13'),
(276, 'Germany', 'Federal Republic of Germany', 'Berlin', 46, NULL, 'German', 'DE', '276', '49', 'DE.png', 1, 1, '2022-03-14 15:33:13', '2022-03-14 15:33:13'),
(288, 'Ghana', 'Republic of Ghana', 'Accra', 51, NULL, 'Ghanaian', 'GH', '288', '233', 'GH.png', 0, 1, '2022-03-14 15:33:13', '2022-03-14 15:33:13'),
(292, 'Gibraltar', 'Gibraltar', 'Gibraltar', 52, NULL, 'Gibraltarian', 'GI', '292', '350', 'GI.png', 0, 1, '2022-03-14 15:33:13', '2022-03-14 15:33:13'),
(296, 'Kiribati', 'Republic of Kiribati', 'Tarawa', 8, NULL, 'Kiribatian', 'KI', '296', '686', 'KI.png', 0, 1, '2022-03-14 15:33:13', '2022-03-14 15:33:13'),
(300, 'Greece', 'Hellenic Republic', 'Athens', 46, NULL, 'Greek', 'GR', '300', '30', 'GR.png', 1, 1, '2022-03-14 15:33:13', '2022-03-14 15:33:13'),
(304, 'Greenland', 'Greenland', 'Nuuk', 40, NULL, 'Greenlander', 'GL', '304', '299', 'GL.png', 0, 1, '2022-03-14 15:33:13', '2022-03-14 15:33:13'),
(308, 'Grenada', 'Grenada', 'St George’s', 162, NULL, 'Grenadian', 'GD', '308', '1', 'GD.png', 0, 1, '2022-03-14 15:33:13', '2022-03-14 15:33:13'),
(312, 'Guadeloupe', 'Guadeloupe', 'Basse Terre', 46, NULL, 'Guadeloupean', 'GP', '312', '590', 'GP.png', 0, 1, '2022-03-14 15:33:13', '2022-03-14 15:33:13'),
(316, 'Guam', 'Territory of Guam', 'Agaña (Hagåtña)', 148, NULL, 'Guamanian', 'GU', '316', '1', 'GU.png', 0, 1, '2022-03-14 15:33:13', '2022-03-14 15:33:13'),
(320, 'Guatemala', 'Republic of Guatemala', 'Guatemala City', 55, NULL, 'Guatemalan', 'GT', '320', '502', 'GT.png', 0, 1, '2022-03-14 15:33:13', '2022-03-14 15:33:13'),
(324, 'Guinea', 'Republic of Guinea', 'Conakry', 54, NULL, 'Guinean', 'GN', '324', '224', 'GN.png', 0, 1, '2022-03-14 15:33:13', '2022-03-14 15:33:13'),
(328, 'Guyana', 'Cooperative Republic of Guyana', 'Georgetown', 56, NULL, 'Guyanese', 'GY', '328', '592', 'GY.png', 0, 1, '2022-03-14 15:33:13', '2022-03-14 15:33:13'),
(332, 'Haiti', 'Republic of Haiti', 'Port-au-Prince', 60, NULL, 'Haitian', 'HT', '332', '509', 'HT.png', 0, 1, '2022-03-14 15:33:13', '2022-03-14 15:33:13'),
(334, 'Heard Island and McDonald Islands', 'Territory of Heard Island and McDonald Islands', 'Territory of Heard Island and McDonald Islands', NULL, NULL, 'of Territory of Heard Island and McDonald Islands', 'HM', '334', '61', 'HM.png', 0, 1, '2022-03-14 15:33:13', '2022-03-14 15:33:13'),
(336, 'Holy See (Vatican City State)', 'the Holy See/ Vatican City State', 'Vatican City', 46, NULL, 'of the Holy See/of the Vatican', 'VA', '336', '39', 'VA.png', 0, 1, '2022-03-14 15:33:13', '2022-03-14 15:33:13'),
(340, 'Honduras', 'Republic of Honduras', 'Tegucigalpa', 58, NULL, 'Honduran', 'HN', '340', '504', 'HN.png', 0, 1, '2022-03-14 15:33:13', '2022-03-14 15:33:13'),
(344, 'Hong Kong', 'Hong Kong Special Administrative Region of the People’s Republic of China (HK2)', '(HK3)', 57, NULL, 'Hong Kong Chinese', 'HK', '344', '852', 'HK.png', 0, 1, '2022-03-14 15:33:13', '2022-03-14 15:33:13'),
(348, 'Hungary', 'Republic of Hungary', 'Budapest', 61, NULL, 'Hungarian', 'HU', '348', '36', 'HU.png', 1, 1, '2022-03-14 15:33:13', '2022-03-14 15:33:13'),
(352, 'Iceland', 'Republic of Iceland', 'Reykjavik', 67, NULL, 'Icelander', 'IS', '352', '354', 'IS.png', 1, 1, '2022-03-14 15:33:13', '2022-03-14 15:33:13'),
(356, 'India', 'Republic of India', 'New Delhi', 64, NULL, 'Indian', 'IN', '356', '91', 'IN.png', 0, 1, '2022-03-14 15:33:13', '2022-03-14 15:33:13'),
(360, 'Indonesia', 'Republic of Indonesia', 'Jakarta', 62, NULL, 'Indonesian', 'ID', '360', '62', 'ID.png', 0, 1, '2022-03-14 15:33:13', '2022-03-14 15:33:13'),
(364, 'Iran, Islamic Republic of', 'Islamic Republic of Iran', 'Tehran', 66, NULL, 'Iranian', 'IR', '364', '98', 'IR.png', 0, 1, '2022-03-14 15:33:13', '2022-03-14 15:33:13'),
(368, 'Iraq', 'Republic of Iraq', 'Baghdad', 65, NULL, 'Iraqi', 'IQ', '368', '964', 'IQ.png', 0, 1, '2022-03-14 15:33:13', '2022-03-14 15:33:13'),
(372, 'Ireland', 'Ireland (IE1)', 'Dublin', 46, NULL, 'Irish', 'IE', '372', '353', 'IE.png', 1, 1, '2022-03-14 15:33:13', '2022-03-14 15:33:13'),
(376, 'Israel', 'State of Israel', '(IL1)', 63, NULL, 'Israeli', 'IL', '376', '972', 'IL.png', 0, 1, '2022-03-14 15:33:13', '2022-03-14 15:33:13'),
(380, 'Italy', 'Italian Republic', 'Rome', 46, NULL, 'Italian', 'IT', '380', '39', 'IT.png', 1, 1, '2022-03-14 15:33:13', '2022-03-14 15:33:13'),
(384, 'Côte d\'Ivoire', 'Republic of Côte d’Ivoire', 'Yamoussoukro (CI1)', 164, NULL, 'Ivorian', 'CI', '384', '225', 'CI.png', 0, 1, '2022-03-14 15:33:13', '2022-03-14 15:33:13'),
(388, 'Jamaica', 'Jamaica', 'Kingston', 68, NULL, 'Jamaican', 'JM', '388', '1', 'JM.png', 0, 1, '2022-03-14 15:33:13', '2022-03-14 15:33:13'),
(392, 'Japan', 'Japan', 'Tokyo', 70, NULL, 'Japanese', 'JP', '392', '81', 'JP.png', 0, 1, '2022-03-14 15:33:13', '2022-03-14 15:33:13'),
(398, 'Kazakhstan', 'Republic of Kazakhstan', 'Astana', 79, NULL, 'Kazakh', 'KZ', '398', '7', 'KZ.png', 0, 1, '2022-03-14 15:33:13', '2022-03-14 15:33:13'),
(400, 'Jordan', 'Hashemite Kingdom of Jordan', 'Amman', 69, NULL, 'Jordanian', 'JO', '400', '962', 'JO.png', 0, 1, '2022-03-14 15:33:13', '2022-03-14 15:33:13'),
(404, 'Kenya', 'Republic of Kenya', 'Nairobi', 71, NULL, 'Kenyan', 'KE', '404', '254', 'KE.png', 0, 1, '2022-03-14 15:33:13', '2022-03-14 15:33:13'),
(408, 'Korea, Democratic People\'s Republic of', 'Democratic People’s Republic of Korea', 'Pyongyang', 75, NULL, 'North Korean', 'KP', '408', '850', 'KP.png', 0, 1, '2022-03-14 15:33:13', '2022-03-14 15:33:13'),
(410, 'Korea, Republic of', 'Republic of Korea', 'Seoul', 76, NULL, 'South Korean', 'KR', '410', '82', 'KR.png', 0, 1, '2022-03-14 15:33:13', '2022-03-14 15:33:13'),
(414, 'Kuwait', 'State of Kuwait', 'Kuwait City', 77, NULL, 'Kuwaiti', 'KW', '414', '965', 'KW.png', 0, 1, '2022-03-14 15:33:13', '2022-03-14 15:33:13'),
(417, 'Kyrgyzstan', 'Kyrgyz Republic', 'Bishkek', 72, NULL, 'Kyrgyz', 'KG', '417', '996', 'KG.png', 0, 1, '2022-03-14 15:33:13', '2022-03-14 15:33:13'),
(418, 'Lao People\'s Democratic Republic', 'Lao People’s Democratic Republic', 'Vientiane', 80, NULL, 'Lao', 'LA', '418', '856', 'LA.png', 0, 1, '2022-03-14 15:33:13', '2022-03-14 15:33:13'),
(422, 'Lebanon', 'Lebanese Republic', 'Beirut', 81, NULL, 'Lebanese', 'LB', '422', '961', 'LB.png', 0, 1, '2022-03-14 15:33:13', '2022-03-14 15:33:13'),
(426, 'Lesotho', 'Kingdom of Lesotho', 'Maseru', 84, NULL, 'Basotho', 'LS', '426', '266', 'LS.png', 0, 1, '2022-03-14 15:33:13', '2022-03-14 15:33:13'),
(428, 'Latvia', 'Republic of Latvia', 'Riga', 46, NULL, 'Latvian', 'LV', '428', '371', 'LV.png', 1, 1, '2022-03-14 15:33:13', '2022-03-14 15:33:13'),
(430, 'Liberia', 'Republic of Liberia', 'Monrovia', 83, NULL, 'Liberian', 'LR', '430', '231', 'LR.png', 0, 1, '2022-03-14 15:33:13', '2022-03-14 15:33:13'),
(434, 'Libya', 'Socialist People’s Libyan Arab Jamahiriya', 'Tripoli', 87, NULL, 'Libyan', 'LY', '434', '218', 'LY.png', 0, 1, '2022-03-14 15:33:13', '2022-03-14 15:33:13'),
(438, 'Liechtenstein', 'Principality of Liechtenstein', 'Vaduz', 29, NULL, 'Liechtensteiner', 'LI', '438', '423', 'LI.png', 1, 1, '2022-03-14 15:33:13', '2022-03-14 15:33:13'),
(440, 'Lithuania', 'Republic of Lithuania', 'Vilnius', 46, NULL, 'Lithuanian', 'LT', '440', '370', 'LT.png', 1, 1, '2022-03-14 15:33:13', '2022-03-14 15:33:13'),
(442, 'Luxembourg', 'Grand Duchy of Luxembourg', 'Luxembourg', 46, NULL, 'Luxembourger', 'LU', '442', '352', 'LU.png', 1, 1, '2022-03-14 15:33:13', '2022-03-14 15:33:13'),
(446, 'Macao', 'Macao Special Administrative Region of the People’s Republic of China (MO2)', 'Macao (MO3)', 94, NULL, 'Macanese', 'MO', '446', '853', 'MO.png', 0, 1, '2022-03-14 15:33:13', '2022-03-14 15:33:13'),
(450, 'Madagascar', 'Republic of Madagascar', 'Antananarivo', 90, NULL, 'Malagasy', 'MG', '450', '261', 'MG.png', 0, 1, '2022-03-14 15:33:13', '2022-03-14 15:33:13'),
(454, 'Malawi', 'Republic of Malawi', 'Lilongwe', 98, NULL, 'Malawian', 'MW', '454', '265', 'MW.png', 0, 1, '2022-03-14 15:33:13', '2022-03-14 15:33:13'),
(458, 'Malaysia', 'Malaysia', 'Kuala Lumpur (MY1)', 100, NULL, 'Malaysian', 'MY', '458', '60', 'MY.png', 0, 1, '2022-03-14 15:33:13', '2022-03-14 15:33:13'),
(462, 'Maldives', 'Republic of Maldives', 'Malé', 97, NULL, 'Maldivian', 'MV', '462', '960', 'MV.png', 0, 1, '2022-03-14 15:33:13', '2022-03-14 15:33:13'),
(466, 'Mali', 'Republic of Mali', 'Bamako', 164, NULL, 'Malian', 'ML', '466', '223', 'ML.png', 0, 1, '2022-03-14 15:33:13', '2022-03-14 15:33:13'),
(470, 'Malta', 'Republic of Malta', 'Valletta', 46, NULL, 'Maltese', 'MT', '470', '356', 'MT.png', 1, 1, '2022-03-14 15:33:13', '2022-03-14 15:33:13'),
(474, 'Martinique', 'Martinique', 'Fort-de-France', 46, NULL, 'Martinican', 'MQ', '474', '596', 'MQ.png', 0, 1, '2022-03-14 15:33:13', '2022-03-14 15:33:13'),
(478, 'Mauritania', 'Islamic Republic of Mauritania', 'Nouakchott', 95, NULL, 'Mauritanian', 'MR', '478', '222', 'MR.png', 0, 1, '2022-03-14 15:33:13', '2022-03-14 15:33:13'),
(480, 'Mauritius', 'Republic of Mauritius', 'Port Louis', 96, NULL, 'Mauritian', 'MU', '480', '230', 'MU.png', 0, 1, '2022-03-14 15:33:13', '2022-03-14 15:33:13'),
(484, 'Mexico', 'United Mexican States', 'Mexico City', 99, NULL, 'Mexican', 'MX', '484', '52', 'MX.png', 0, 1, '2022-03-14 15:33:13', '2022-03-14 15:33:13'),
(492, 'Monaco', 'Principality of Monaco', 'Monaco', 46, NULL, 'Monegasque', 'MC', '492', '377', 'MC.png', 0, 1, '2022-03-14 15:33:13', '2022-03-14 15:33:13'),
(496, 'Mongolia', 'Mongolia', 'Ulan Bator', 93, NULL, 'Mongolian', 'MN', '496', '976', 'MN.png', 0, 1, '2022-03-14 15:33:13', '2022-03-14 15:33:13'),
(498, 'Moldova, Republic of', 'Republic of Moldova', 'Chisinau', 89, NULL, 'Moldovan', 'MD', '498', '373', 'MD.png', 0, 1, '2022-03-14 15:33:13', '2022-03-14 15:33:13'),
(499, 'Montenegro', 'Montenegro', 'Podgorica', 46, NULL, 'Montenegrin', 'ME', '499', '382', NULL, 0, 1, '2022-03-14 15:33:13', '2022-03-14 15:33:13'),
(500, 'Montserrat', 'Montserrat', 'Plymouth (MS2)', 162, NULL, 'Montserratian', 'MS', '500', '1', 'MS.png', 0, 1, '2022-03-14 15:33:13', '2022-03-14 15:33:13'),
(504, 'Morocco', 'Kingdom of Morocco', 'Rabat', 88, NULL, 'Moroccan', 'MA', '504', '212', 'MA.png', 0, 1, '2022-03-14 15:33:13', '2022-03-14 15:33:13'),
(508, 'Mozambique', 'Republic of Mozambique', 'Maputo', 101, NULL, 'Mozambican', 'MZ', '508', '258', 'MZ.png', 0, 1, '2022-03-14 15:33:13', '2022-03-14 15:33:13'),
(512, 'Oman', 'Sultanate of Oman', 'Muscat', 108, NULL, 'Omani', 'OM', '512', '968', 'OM.png', 0, 1, '2022-03-14 15:33:13', '2022-03-14 15:33:13'),
(516, 'Namibia', 'Republic of Namibia', 'Windhoek', 102, NULL, 'Namibian', 'NA', '516', '264', 'NA.png', 0, 1, '2022-03-14 15:33:13', '2022-03-14 15:33:13'),
(520, 'Nauru', 'Republic of Nauru', 'Yaren', 8, NULL, 'Nauruan', 'NR', '520', '674', 'NR.png', 0, 1, '2022-03-14 15:33:13', '2022-03-14 15:33:13'),
(524, 'Nepal', 'Nepal', 'Kathmandu', 106, NULL, 'Nepalese', 'NP', '524', '977', 'NP.png', 0, 1, '2022-03-14 15:33:13', '2022-03-14 15:33:13'),
(528, 'Netherlands', 'Kingdom of the Netherlands', 'Amsterdam (NL2)', 46, NULL, 'Dutch', 'NL', '528', '31', 'NL.png', 1, 1, '2022-03-14 15:33:13', '2022-03-14 15:33:13'),
(531, 'Curaçao', 'Curaçao', 'Willemstad', 5, NULL, 'Curaçaoan', 'CW', '531', '599', NULL, 0, 1, '2022-03-14 15:33:13', '2022-03-14 15:33:13'),
(533, 'Aruba', 'Aruba', 'Oranjestad', 9, NULL, 'Aruban', 'AW', '533', '297', 'AW.png', 0, 1, '2022-03-14 15:33:13', '2022-03-14 15:33:13'),
(534, 'Sint Maarten (Dutch part)', 'Sint Maarten', 'Philipsburg', 5, NULL, 'Sint Maartener', 'SX', '534', '721', NULL, 0, 1, '2022-03-14 15:33:13', '2022-03-14 15:33:13'),
(535, 'Bonaire, Sint Eustatius and Saba', NULL, NULL, 148, NULL, 'of Bonaire, Sint Eustatius and Saba', 'BQ', '535', '599', NULL, 0, 1, '2022-03-14 15:33:13', '2022-03-14 15:33:13'),
(540, 'New Caledonia', 'New Caledonia', 'Nouméa', 166, NULL, 'New Caledonian', 'NC', '540', '687', 'NC.png', 0, 1, '2022-03-14 15:33:13', '2022-03-14 15:33:13'),
(548, 'Vanuatu', 'Republic of Vanuatu', 'Port Vila', 153, NULL, 'Vanuatuan', 'VU', '548', '678', 'VU.png', 0, 1, '2022-03-14 15:33:13', '2022-03-14 15:33:13'),
(554, 'New Zealand', 'New Zealand', 'Wellington', 107, NULL, 'New Zealander', 'NZ', '554', '64', 'NZ.png', 0, 1, '2022-03-14 15:33:13', '2022-03-14 15:33:13'),
(558, 'Nicaragua', 'Republic of Nicaragua', 'Managua', 104, NULL, 'Nicaraguan', 'NI', '558', '505', 'NI.png', 0, 1, '2022-03-14 15:33:13', '2022-03-14 15:33:13'),
(562, 'Niger', 'Republic of Niger', 'Niamey', 164, NULL, 'Nigerien', 'NE', '562', '227', 'NE.png', 0, 1, '2022-03-14 15:33:13', '2022-03-14 15:33:13'),
(566, 'Nigeria', 'Federal Republic of Nigeria', 'Abuja', 103, NULL, 'Nigerian', 'NG', '566', '234', 'NG.png', 0, 1, '2022-03-14 15:33:13', '2022-03-14 15:33:13'),
(570, 'Niue', 'Niue', 'Alofi', 107, NULL, 'Niuean', 'NU', '570', '683', 'NU.png', 0, 1, '2022-03-14 15:33:13', '2022-03-14 15:33:13'),
(574, 'Norfolk Island', 'Territory of Norfolk Island', 'Kingston', 8, NULL, 'Norfolk Islander', 'NF', '574', '672', 'NF.png', 0, 1, '2022-03-14 15:33:13', '2022-03-14 15:33:13'),
(578, 'Norway', 'Kingdom of Norway', 'Oslo', 105, NULL, 'Norwegian', 'NO', '578', '47', 'NO.png', 1, 1, '2022-03-14 15:33:13', '2022-03-14 15:33:13'),
(580, 'Northern Mariana Islands', 'Commonwealth of the Northern Mariana Islands', 'Saipan', 148, NULL, 'Northern Mariana Islander', 'MP', '580', '1', 'MP.png', 0, 1, '2022-03-14 15:33:13', '2022-03-14 15:33:13'),
(581, 'United States Minor Outlying Islands', 'United States Minor Outlying Islands', 'United States Minor Outlying Islands', 148, NULL, 'of United States Minor Outlying Islands', 'UM', '581', '1', 'UM.png', 0, 1, '2022-03-14 15:33:13', '2022-03-14 15:33:13'),
(583, 'Micronesia, Federated States of', 'Federated States of Micronesia', 'Palikir', 148, NULL, 'Micronesian', 'FM', '583', '691', 'FM.png', 0, 1, '2022-03-14 15:33:13', '2022-03-14 15:33:13'),
(584, 'Marshall Islands', 'Republic of the Marshall Islands', 'Majuro', 148, NULL, 'Marshallese', 'MH', '584', '692', 'MH.png', 0, 1, '2022-03-14 15:33:13', '2022-03-14 15:33:13'),
(585, 'Palau', 'Republic of Palau', 'Melekeok', 148, NULL, 'Palauan', 'PW', '585', '680', 'PW.png', 0, 1, '2022-03-14 15:33:13', '2022-03-14 15:33:13'),
(586, 'Pakistan', 'Islamic Republic of Pakistan', 'Islamabad', 113, NULL, 'Pakistani', 'PK', '586', '92', 'PK.png', 0, 1, '2022-03-14 15:33:13', '2022-03-14 15:33:13'),
(591, 'Panama', 'Republic of Panama', 'Panama City', 109, NULL, 'Panamanian', 'PA', '591', '507', 'PA.png', 0, 1, '2022-03-14 15:33:13', '2022-03-14 15:33:13'),
(598, 'Papua New Guinea', 'Independent State of Papua New Guinea', 'Port Moresby', 111, NULL, 'Papua New Guinean', 'PG', '598', '675', 'PG.png', 0, 1, '2022-03-14 15:33:13', '2022-03-14 15:33:13'),
(600, 'Paraguay', 'Republic of Paraguay', 'Asunción', 115, NULL, 'Paraguayan', 'PY', '600', '595', 'PY.png', 0, 1, '2022-03-14 15:33:13', '2022-03-14 15:33:13'),
(604, 'Peru', 'Republic of Peru', 'Lima', 110, NULL, 'Peruvian', 'PE', '604', '51', 'PE.png', 0, 1, '2022-03-14 15:33:13', '2022-03-14 15:33:13'),
(608, 'Philippines', 'Republic of the Philippines', 'Manila', 112, NULL, 'Filipino', 'PH', '608', '63', 'PH.png', 0, 1, '2022-03-14 15:33:13', '2022-03-14 15:33:13'),
(612, 'Pitcairn', 'Pitcairn Islands', 'Adamstown', 107, NULL, 'Pitcairner', 'PN', '612', '649', 'PN.png', 0, 1, '2022-03-14 15:33:13', '2022-03-14 15:33:13'),
(616, 'Poland', 'Republic of Poland', 'Warsaw', 114, NULL, 'Polish', 'PL', '616', '48', 'PL.png', 1, 1, '2022-03-14 15:33:13', '2022-03-14 15:33:13'),
(620, 'Portugal', 'Portuguese Republic', 'Lisbon', 46, NULL, 'Portuguese', 'PT', '620', '351', 'PT.png', 1, 1, '2022-03-14 15:33:13', '2022-03-14 15:33:13'),
(624, 'Guinea-Bissau', 'Republic of Guinea-Bissau', 'Bissau', 164, NULL, 'Guinea-Bissau national', 'GW', '624', '245', 'GW.png', 0, 1, '2022-03-14 15:33:13', '2022-03-14 15:33:13'),
(626, 'Timor-Leste', 'Democratic Republic of East Timor', 'Dili', 148, NULL, 'East Timorese', 'TL', '626', '670', 'TL.png', 0, 1, '2022-03-14 15:33:13', '2022-03-14 15:33:13'),
(630, 'Puerto Rico', 'Commonwealth of Puerto Rico', 'San Juan', 148, NULL, 'Puerto Rican', 'PR', '630', '1', 'PR.png', 0, 1, '2022-03-14 15:33:13', '2022-03-14 15:33:13'),
(634, 'Qatar', 'State of Qatar', 'Doha', 116, NULL, 'Qatari', 'QA', '634', '974', 'QA.png', 0, 1, '2022-03-14 15:33:13', '2022-03-14 15:33:13'),
(638, 'Réunion', 'Réunion', 'Saint-Denis', 46, NULL, 'Reunionese', 'RE', '638', '262', 'RE.png', 0, 1, '2022-03-14 15:33:13', '2022-03-14 15:33:13'),
(642, 'Romania', 'Romania', 'Bucharest', 117, NULL, 'Romanian', 'RO', '642', '40', 'RO.png', 1, 1, '2022-03-14 15:33:13', '2022-03-14 15:33:13'),
(643, 'Russian Federation', 'Russian Federation', 'Moscow', 119, NULL, 'Russian', 'RU', '643', '7', 'RU.png', 0, 1, '2022-03-14 15:33:13', '2022-03-14 15:33:13'),
(646, 'Rwanda', 'Republic of Rwanda', 'Kigali', 120, NULL, 'Rwandan; Rwandese', 'RW', '646', '250', 'RW.png', 0, 1, '2022-03-14 15:33:13', '2022-03-14 15:33:13'),
(652, 'Saint Barthélemy', 'Collectivity of Saint Barthélemy', 'Gustavia', 46, NULL, 'of Saint Barthélemy', 'BL', '652', '590', NULL, 0, 1, '2022-03-14 15:33:13', '2022-03-14 15:33:13'),
(654, 'Saint Helena, Ascension and Tristan da Cunha', 'Saint Helena, Ascension and Tristan da Cunha', 'Jamestown', 127, NULL, 'Saint Helenian', 'SH', '654', '290', 'SH.png', 0, 1, '2022-03-14 15:33:13', '2022-03-14 15:33:13'),
(659, 'Saint Kitts and Nevis', 'Federation of Saint Kitts and Nevis', 'Basseterre', 162, NULL, 'Kittsian; Nevisian', 'KN', '659', '1', 'KN.png', 0, 1, '2022-03-14 15:33:13', '2022-03-14 15:33:13'),
(660, 'Anguilla', 'Anguilla', 'The Valley', 162, NULL, 'Anguillan', 'AI', '660', '1', 'AI.png', 0, 1, '2022-03-14 15:33:13', '2022-03-14 15:33:13'),
(662, 'Saint Lucia', 'Saint Lucia', 'Castries', 162, NULL, 'Saint Lucian', 'LC', '662', '1', 'LC.png', 0, 1, '2022-03-14 15:33:13', '2022-03-14 15:33:13'),
(663, 'Saint Martin (French part)', 'Collectivity of Saint Martin', 'Marigot', 46, NULL, 'of Saint Martin', 'MF', '663', '590', NULL, 0, 1, '2022-03-14 15:33:13', '2022-03-14 15:33:13'),
(666, 'Saint Pierre and Miquelon', 'Territorial Collectivity of Saint Pierre and Miquelon', 'Saint-Pierre', 46, NULL, 'St-Pierrais; Miquelonnais', 'PM', '666', '508', 'PM.png', 0, 1, '2022-03-14 15:33:13', '2022-03-14 15:33:13'),
(670, 'Saint Vincent and the Grenadines', 'Saint Vincent and the Grenadines', 'Kingstown', 162, NULL, 'Vincentian', 'VC', '670', '1', 'VC.png', 0, 1, '2022-03-14 15:33:13', '2022-03-14 15:33:13'),
(674, 'San Marino', 'Republic of San Marino', 'San Marino', 46, NULL, 'San Marinese', 'SM', '674', '378', 'SM.png', 0, 1, '2022-03-14 15:33:13', '2022-03-14 15:33:13'),
(678, 'Sao Tome and Principe', 'Democratic Republic of São Tomé and Príncipe', 'São Tomé', 133, NULL, 'São Toméan', 'ST', '678', '239', 'ST.png', 0, 1, '2022-03-14 15:33:13', '2022-03-14 15:33:13'),
(682, 'Saudi Arabia', 'Kingdom of Saudi Arabia', 'Riyadh', 121, NULL, 'Saudi Arabian', 'SA', '682', '966', 'SA.png', 0, 1, '2022-03-14 15:33:13', '2022-03-14 15:33:13'),
(686, 'Senegal', 'Republic of Senegal', 'Dakar', 164, NULL, 'Senegalese', 'SN', '686', '221', 'SN.png', 0, 1, '2022-03-14 15:33:13', '2022-03-14 15:33:13'),
(688, 'Serbia', 'Republic of Serbia', 'Belgrade', 118, NULL, 'Serb', 'RS', '688', '381', NULL, 0, 1, '2022-03-14 15:33:13', '2022-03-14 15:33:13'),
(690, 'Seychelles', 'Republic of Seychelles', 'Victoria', 123, NULL, 'Seychellois', 'SC', '690', '248', 'SC.png', 0, 1, '2022-03-14 15:33:13', '2022-03-14 15:33:13'),
(694, 'Sierra Leone', 'Republic of Sierra Leone', 'Freetown', 129, NULL, 'Sierra Leonean', 'SL', '694', '232', 'SL.png', 0, 1, '2022-03-14 15:33:13', '2022-03-14 15:33:13'),
(702, 'Singapore', 'Republic of Singapore', 'Singapore', 126, NULL, 'Singaporean', 'SG', '702', '65', 'SG.png', 0, 1, '2022-03-14 15:33:13', '2022-03-14 15:33:13'),
(703, 'Slovakia', 'Slovak Republic', 'Bratislava', 46, NULL, 'Slovak', 'SK', '703', '421', 'SK.png', 1, 1, '2022-03-14 15:33:13', '2022-03-14 15:33:13'),
(704, 'Viet Nam', 'Socialist Republic of Vietnam', 'Hanoi', 152, NULL, 'Vietnamese', 'VN', '704', '84', 'VN.png', 0, 1, '2022-03-14 15:33:13', '2022-03-14 15:33:13'),
(705, 'Slovenia', 'Republic of Slovenia', 'Ljubljana', 46, NULL, 'Slovene', 'SI', '705', '386', 'SI.png', 1, 1, '2022-03-14 15:33:13', '2022-03-14 15:33:13'),
(706, 'Somalia', 'Somali Republic', 'Mogadishu', 130, NULL, 'Somali', 'SO', '706', '252', 'SO.png', 0, 1, '2022-03-14 15:33:13', '2022-03-14 15:33:13'),
(710, 'South Africa', 'Republic of South Africa', 'Pretoria (ZA1)', 170, NULL, 'South African', 'ZA', '710', '27', 'ZA.png', 0, 1, '2022-03-14 15:33:13', '2022-03-14 15:33:13'),
(716, 'Zimbabwe', 'Republic of Zimbabwe', 'Harare', NULL, NULL, 'Zimbabwean', 'ZW', '716', '263', 'ZW.png', 0, 1, '2022-03-14 15:33:13', '2022-03-14 15:33:13'),
(724, 'Spain', 'Kingdom of Spain', 'Madrid', 46, NULL, 'Spaniard', 'ES', '724', '34', 'ES.png', 1, 1, '2022-03-14 15:33:13', '2022-03-14 15:33:13'),
(728, 'South Sudan', 'Republic of South Sudan', 'Juba', 132, NULL, 'South Sudanese', 'SS', '728', '211', NULL, 0, 1, '2022-03-14 15:33:13', '2022-03-14 15:33:13'),
(729, 'Sudan', 'Republic of the Sudan', 'Khartoum', 124, NULL, 'Sudanese', 'SD', '729', '249', NULL, 0, 1, '2022-03-14 15:33:13', '2022-03-14 15:33:13'),
(732, 'Western Sahara', 'Western Sahara', 'Al aaiun', 88, NULL, 'Sahrawi', 'EH', '732', '212', 'EH.png', 0, 1, '2022-03-14 15:33:13', '2022-03-14 15:33:13'),
(740, 'Suriname', 'Republic of Suriname', 'Paramaribo', 131, NULL, 'Surinamese', 'SR', '740', '597', 'SR.png', 0, 1, '2022-03-14 15:33:13', '2022-03-14 15:33:13'),
(744, 'Svalbard and Jan Mayen', 'Svalbard and Jan Mayen', 'Longyearbyen', 105, NULL, 'of Svalbard', 'SJ', '744', '47', 'SJ.png', 0, 1, '2022-03-14 15:33:13', '2022-03-14 15:33:13'),
(748, 'Swaziland', 'Kingdom of Swaziland', 'Mbabane', 136, NULL, 'Swazi', 'SZ', '748', '268', 'SZ.png', 0, 1, '2022-03-14 15:33:13', '2022-03-14 15:33:13'),
(752, 'Sweden', 'Kingdom of Sweden', 'Stockholm', 125, NULL, 'Swedish', 'SE', '752', '46', 'SE.png', 1, 1, '2022-03-14 15:33:13', '2022-03-14 15:33:13'),
(756, 'Switzerland', 'Swiss Confederation', 'Berne', 29, NULL, 'Swiss', 'CH', '756', '41', 'CH.png', 1, 1, '2022-03-14 15:33:13', '2022-03-14 15:33:13'),
(760, 'Syrian Arab Republic', 'Syrian Arab Republic', 'Damascus', 135, NULL, 'Syrian', 'SY', '760', '963', 'SY.png', 0, 1, '2022-03-14 15:33:13', '2022-03-14 15:33:13'),
(762, 'Tajikistan', 'Republic of Tajikistan', 'Dushanbe', 138, NULL, 'Tajik', 'TJ', '762', '992', 'TJ.png', 0, 1, '2022-03-14 15:33:13', '2022-03-14 15:33:13'),
(764, 'Thailand', 'Kingdom of Thailand', 'Bangkok', 137, NULL, 'Thai', 'TH', '764', '66', 'TH.png', 0, 1, '2022-03-14 15:33:13', '2022-03-14 15:33:13'),
(768, 'Togo', 'Togolese Republic', 'Lomé', 164, NULL, 'Togolese', 'TG', '768', '228', 'TG.png', 0, 1, '2022-03-14 15:33:13', '2022-03-14 15:33:13'),
(772, 'Tokelau', 'Tokelau', '(TK2)', 107, NULL, 'Tokelauan', 'TK', '772', '690', 'TK.png', 0, 1, '2022-03-14 15:33:13', '2022-03-14 15:33:13'),
(776, 'Tonga', 'Kingdom of Tonga', 'Nuku’alofa', 141, NULL, 'Tongan', 'TO', '776', '676', 'TO.png', 0, 1, '2022-03-14 15:33:13', '2022-03-14 15:33:13'),
(780, 'Trinidad and Tobago', 'Republic of Trinidad and Tobago', 'Port of Spain', 143, NULL, 'Trinidadian; Tobagonian', 'TT', '780', '1', 'TT.png', 0, 1, '2022-03-14 15:33:13', '2022-03-14 15:33:13'),
(784, 'United Arab Emirates', 'United Arab Emirates', 'Abu Dhabi', 1, NULL, 'Emirian', 'AE', '784', '971', 'AE.png', 0, 1, '2022-03-14 15:33:13', '2022-03-14 15:33:13'),
(788, 'Tunisia', 'Republic of Tunisia', 'Tunis', 140, NULL, 'Tunisian', 'TN', '788', '216', 'TN.png', 0, 1, '2022-03-14 15:33:13', '2022-03-14 15:33:13'),
(792, 'Turkey', 'Republic of Turkey', 'Ankara', 142, NULL, 'Turk', 'TR', '792', '90', 'TR.png', 0, 1, '2022-03-14 15:33:13', '2022-03-14 15:33:13'),
(795, 'Turkmenistan', 'Turkmenistan', 'Ashgabat', 139, NULL, 'Turkmen', 'TM', '795', '993', 'TM.png', 0, 1, '2022-03-14 15:33:13', '2022-03-14 15:33:13'),
(796, 'Turks and Caicos Islands', 'Turks and Caicos Islands', 'Cockburn Town', 148, NULL, 'Turks and Caicos Islander', 'TC', '796', '1', 'TC.png', 0, 1, '2022-03-14 15:33:13', '2022-03-14 15:33:13'),
(798, 'Tuvalu', 'Tuvalu', 'Funafuti', 8, NULL, 'Tuvaluan', 'TV', '798', '688', 'TV.png', 0, 1, '2022-03-14 15:33:13', '2022-03-14 15:33:13'),
(800, 'Uganda', 'Republic of Uganda', 'Kampala', 147, NULL, 'Ugandan', 'UG', '800', '256', 'UG.png', 0, 1, '2022-03-14 15:33:13', '2022-03-14 15:33:13'),
(804, 'Ukraine', 'Ukraine', 'Kiev', 146, NULL, 'Ukrainian', 'UA', '804', '380', 'UA.png', 0, 1, '2022-03-14 15:33:13', '2022-03-14 15:33:13'),
(807, 'Macedonia, the former Yugoslav Republic of', 'the former Yugoslav Republic of Macedonia', 'Skopje', 91, NULL, 'of the former Yugoslav Republic of Macedonia', 'MK', '807', '389', 'MK.png', 0, 1, '2022-03-14 15:33:13', '2022-03-14 15:33:13'),
(818, 'Egypt', 'Arab Republic of Egypt', 'Cairo', 43, NULL, 'Egyptian', 'EG', '818', '20', 'EG.png', 0, 1, '2022-03-14 15:33:13', '2022-03-14 15:33:13'),
(826, 'United Kingdom', 'United Kingdom of Great Britain and Northern Ireland', 'London', 49, NULL, 'British', 'GB', '826', '44', 'GB.png', 1, 1, '2022-03-14 15:33:13', '2022-03-14 15:33:13'),
(831, 'Guernsey', 'Bailiwick of Guernsey', 'St Peter Port', NULL, NULL, 'of Guernsey', 'GG', '831', '44', NULL, 0, 1, '2022-03-14 15:33:13', '2022-03-14 15:33:13'),
(832, 'Jersey', 'Bailiwick of Jersey', 'St Helier', NULL, NULL, 'of Jersey', 'JE', '832', '44', NULL, 0, 1, '2022-03-14 15:33:13', '2022-03-14 15:33:13'),
(833, 'Isle of Man', 'Isle of Man', 'Douglas', NULL, NULL, 'Manxman; Manxwoman', 'IM', '833', '44', NULL, 0, 1, '2022-03-14 15:33:13', '2022-03-14 15:33:13'),
(834, 'Tanzania, United Republic of', 'United Republic of Tanzania', 'Dodoma (TZ1)', 145, NULL, 'Tanzanian', 'TZ', '834', '255', 'TZ.png', 0, 1, '2022-03-14 15:33:13', '2022-03-14 15:33:13'),
(840, 'United States', 'United States of America', 'Washington DC', 148, NULL, 'American', 'US', '840', '1', 'US.png', 0, 1, '2022-03-14 15:33:13', '2022-03-14 15:33:13'),
(850, 'Virgin Islands, U.S.', 'United States Virgin Islands', 'Charlotte Amalie', 148, NULL, 'US Virgin Islander', 'VI', '850', '1', 'VI.png', 0, 1, '2022-03-14 15:33:13', '2022-03-14 15:33:13'),
(854, 'Burkina Faso', 'Burkina Faso', 'Ouagadougou', 164, NULL, 'Burkinabe', 'BF', '854', '226', 'BF.png', 0, 1, '2022-03-14 15:33:13', '2022-03-14 15:33:13'),
(858, 'Uruguay', 'Eastern Republic of Uruguay', 'Montevideo', 149, NULL, 'Uruguayan', 'UY', '858', '598', 'UY.png', 0, 1, '2022-03-14 15:33:13', '2022-03-14 15:33:13'),
(860, 'Uzbekistan', 'Republic of Uzbekistan', 'Tashkent', 150, NULL, 'Uzbek', 'UZ', '860', '998', 'UZ.png', 0, 1, '2022-03-14 15:33:13', '2022-03-14 15:33:13'),
(862, 'Venezuela, Bolivarian Republic of', 'Bolivarian Republic of Venezuela', 'Caracas', 151, NULL, 'Venezuelan', 'VE', '862', '58', 'VE.png', 0, 1, '2022-03-14 15:33:13', '2022-03-14 15:33:13'),
(876, 'Wallis and Futuna', 'Wallis and Futuna', 'Mata-Utu', 166, NULL, 'Wallisian; Futunan; Wallis and Futuna Islander', 'WF', '876', '681', 'WF.png', 0, 1, '2022-03-14 15:33:13', '2022-03-14 15:33:13'),
(882, 'Samoa', 'Independent State of Samoa', 'Apia', 154, NULL, 'Samoan', 'WS', '882', '685', 'WS.png', 0, 1, '2022-03-14 15:33:13', '2022-03-14 15:33:13'),
(887, 'Yemen', 'Republic of Yemen', 'San’a', 169, NULL, 'Yemenite', 'YE', '887', '967', 'YE.png', 0, 1, '2022-03-14 15:33:13', '2022-03-14 15:33:13'),
(894, 'Zambia', 'Republic of Zambia', 'Lusaka', 172, NULL, 'Zambian', 'ZM', '894', '260', 'ZM.png', 0, 1, '2022-03-14 15:33:13', '2022-03-14 15:33:13');

-- --------------------------------------------------------

--
-- Structură tabel pentru tabel `coupons`
--

CREATE TABLE `coupons` (
  `id` bigint UNSIGNED NOT NULL,
  `shop_id` int UNSIGNED DEFAULT NULL,
  `name` text COLLATE utf8_unicode_ci,
  `code` varchar(255) COLLATE utf8_unicode_ci DEFAULT NULL,
  `description` text COLLATE utf8_unicode_ci,
  `value` decimal(20,6) DEFAULT NULL,
  `min_order_amount` decimal(20,6) DEFAULT NULL,
  `type` enum('amount','percent') COLLATE utf8_unicode_ci NOT NULL DEFAULT 'amount',
  `quantity` int DEFAULT NULL,
  `quantity_per_customer` int DEFAULT NULL,
  `starting_time` timestamp NULL DEFAULT NULL,
  `ending_time` timestamp NULL DEFAULT NULL,
  `active` tinyint(1) NOT NULL DEFAULT '1',
  `deleted_at` timestamp NULL DEFAULT NULL,
  `created_at` timestamp NULL DEFAULT NULL,
  `updated_at` timestamp NULL DEFAULT NULL
) ENGINE=InnoDB DEFAULT CHARSET=utf8mb3 COLLATE=utf8_unicode_ci;

--
-- Eliminarea datelor din tabel `coupons`
--

INSERT INTO `coupons` (`id`, `shop_id`, `name`, `code`, `description`, `value`, `min_order_amount`, `type`, `quantity`, `quantity_per_customer`, `starting_time`, `ending_time`, `active`, `deleted_at`, `created_at`, `updated_at`) VALUES
(1, 4, 'eum', '401129945', 'Provident nesciunt aperiam rerum nulla et laudantium placeat. Voluptas veniam laborum ut sapiente aliquid. Eius veniam sequi molestiae est. Voluptatibus quos est perspiciatis quam et porro. Et ut voluptatum cupiditate nobis sequi at reprehenderit. Tempora ut voluptates voluptas. Eaque aut est et eius nobis totam non. Beatae ut quia pariatur odio. Et ea et sint ratione reiciendis velit. Magnam quasi odit et hic soluta nemo sed. Quo repellat nulla excepturi ut et doloribus. Aut sequi laudantium nostrum error fugiat unde sed. Mollitia est soluta quas debitis qui qui. Architecto beatae sunt hic fuga. Ea sed soluta quia ipsa ut voluptates. Delectus quis et vitae culpa ut eaque fugit. Non explicabo recusandae non tempora ullam architecto. Voluptas dolor autem error quos quia expedita. Modi cupiditate dolore est reiciendis. Aliquam vitae consequuntur repudiandae est quo in quibusdam aut. Molestiae expedita nesciunt autem qui optio ut. Numquam nisi itaque cumque et tempora eius nihil qui. Illo explicabo veritatis ut repellendus. Voluptatem non quidem ullam et quo voluptatibus. Voluptas et et impedit odio itaque vel. Ad molestias reprehenderit eum consequatur nam. Repudiandae cum in exercitationem accusamus odit officiis. Ut soluta fuga odit aliquam nihil explicabo. Dolores consequuntur excepturi reiciendis est in. Dolorum delectus aut et vel hic totam rerum repudiandae. Rerum nemo ipsa qui quia et. Ut dolorem id consequatur qui non vel. Tempore nihil itaque sint impedit.', '71.000000', NULL, 'percent', 77, 4, '2022-03-14 15:33:00', '2022-04-04 14:33:00', 1, NULL, '2022-02-28 15:33:37', '2022-03-04 15:33:37'),
(2, 2, 'non', '4790068', 'Quia nostrum rerum excepturi maiores cum eos et. Voluptas voluptatem repudiandae vel. Tempore voluptas sit tempore. Aut velit a eum optio earum veniam. Officiis dicta magni consequatur quia non quasi veniam. Maxime qui ea consequatur. Quia nam est a ab. Minus quia et adipisci sed maiores dolorem similique. Consequuntur laborum ut consequatur iste inventore. Exercitationem reprehenderit velit expedita id. Nisi necessitatibus aut ex. Perferendis ut minima velit illum vel consequatur placeat. Repellendus provident quisquam possimus et fugiat. Omnis nihil consequuntur qui voluptatem et laboriosam. Alias voluptas distinctio quaerat adipisci. Omnis vitae impedit ex tempora ab voluptate. Fuga voluptatum id molestiae et eum est. Dolores quo ducimus qui incidunt assumenda vel. Sit rerum libero voluptas a et et velit. Nihil est rerum non dolore eius sit expedita. Dolores autem consequatur debitis commodi quis ipsa veritatis. Minus ut aut sit pariatur sint rem. Reiciendis nostrum officiis atque magni. Iste ut quisquam nulla consequuntur sed illo. Natus delectus et in repudiandae facere et ducimus. Similique quisquam harum sint suscipit eos. Fugiat exercitationem exercitationem tempora deserunt quo. Minus rerum atque optio ut occaecati voluptatem similique nulla. Tempora similique eum nihil ducimus omnis suscipit. Quia culpa omnis optio molestiae aut nemo.', '25.000000', NULL, 'percent', 85, 3, '2022-03-21 15:33:00', '2022-04-01 14:33:00', 1, NULL, '2022-03-05 15:33:37', '2022-02-27 15:33:37'),
(3, 5, 'distinctio', '571', 'Qui laborum aliquam repellat quis delectus pariatur id laboriosam. Quas quas id voluptatem est et aut excepturi in. Id dolorum ratione illo qui vitae. Voluptatem quia sit distinctio. Deleniti voluptas soluta distinctio nulla. Iure vitae velit laborum. Assumenda ducimus quia voluptas repellat rerum placeat possimus quia. Odio labore optio et ex dolor. Totam non ratione harum quo tempore qui. Fugiat fugit sequi distinctio odit dolore aut itaque. Aut possimus eius rem aut. Quis iure eaque hic sit velit corrupti. Aspernatur occaecati porro quo sint voluptas voluptatem. Omnis at minus vitae et autem. Velit dolores qui vel facilis quo aut. Autem et qui excepturi corrupti eos aut necessitatibus quia. Minima a quo quo rem. Corrupti dicta et ut. Distinctio dicta sint soluta hic nemo autem vel. Dolores dolor est soluta dolorum quibusdam repellat rem. Occaecati itaque enim saepe nemo corrupti quas. Quaerat ipsa nisi earum eum dicta. Qui earum maiores sint eligendi perferendis similique quas. Id quibusdam eum vitae ipsum. Qui sint impedit sed dolorem voluptas voluptatem possimus. Sint hic quis voluptas. Beatae dolore aut molestiae fugiat quo praesentium saepe. Et minus dicta nam voluptatem et natus error. Nobis minus earum consectetur. Aut sed qui et quia minus pariatur qui. Molestiae laboriosam maxime ea dolores iusto temporibus. Est mollitia sed doloremque eos et occaecati ratione qui. Et voluptatem hic earum nemo.', '87.000000', NULL, 'percent', 8, 5, '2022-03-16 15:33:00', '2022-03-21 15:33:00', 1, NULL, '2022-03-13 15:33:37', '2022-03-09 15:33:37'),
(4, 3, 'placeat', '387739420', 'Assumenda quia qui culpa id. Laborum rerum itaque et quibusdam earum et perferendis et. Aut non laudantium consequatur omnis aliquam non. Et sed facilis dicta ut a. Impedit sit mollitia incidunt dolorum possimus quo. Provident dolores et dolores laboriosam quia enim voluptates. Id qui sint consequatur doloremque itaque. Commodi velit qui dolor unde dolor quo minima labore. Alias ratione quis quod sed aliquid ut. Fuga officia molestiae est reprehenderit iste dolorum aspernatur. Aut animi dolores velit ut quo est qui. Nihil iste possimus quod laboriosam tenetur molestiae. Voluptas occaecati accusamus qui nisi. Tenetur voluptatem consequuntur totam omnis iusto. Perferendis distinctio laboriosam illum. Quaerat sint eveniet amet ipsam suscipit veniam enim necessitatibus. Aut ad est accusamus est. Omnis expedita asperiores qui aut ab alias. Dolor et rem culpa sed ea aut. Odio sed similique labore placeat hic et maxime eum. Nesciunt illum iusto voluptas soluta. Accusantium dolorem dolorum sint vero cumque. Aliquid fuga provident officia amet ex cum. Quae nemo animi libero. Animi nemo earum omnis et. Aliquam tempore aut quo reprehenderit magni voluptas. Molestiae commodi necessitatibus architecto temporibus nobis. Eum architecto nemo molestiae vitae. Vel omnis id totam sint facilis quo. Et dolores sit fuga aut. Rerum dolorem nam qui consequatur fuga mollitia voluptatem. Aliquid quisquam itaque qui cumque accusamus non.', '72.000000', NULL, 'percent', 47, 5, '2022-03-14 15:33:00', '2022-04-01 14:33:00', 1, NULL, '2022-03-01 15:33:37', '2022-03-10 15:33:37'),
(5, 5, 'a', '4436887', 'Esse eum quis aliquid reiciendis laudantium ut velit. Enim exercitationem asperiores sunt et ex qui. Voluptatem labore aperiam ad nobis enim similique rem. Et corrupti harum eaque delectus sed quae beatae tempore. Quasi aut quod numquam in. Ut in rem alias. Eligendi est aut qui dolorem eum cumque. Sint deleniti temporibus atque porro suscipit reprehenderit. At fugit minima autem dicta praesentium. Praesentium ea quas voluptatem sint. Architecto cumque quidem dolorum impedit enim. Et deserunt illum nesciunt rerum. In perspiciatis et eum exercitationem sit neque suscipit reiciendis. Suscipit est a sapiente autem et dolorem. Soluta excepturi quia eos. Et impedit at aut vitae. Doloremque sit neque eligendi. Accusantium natus est veritatis id sed sunt autem. Omnis commodi quas voluptatum consectetur consectetur harum autem. Fugiat est ipsum fuga. Blanditiis voluptates dolorum et quod. Vel accusamus ut iusto deserunt labore dolor dolor cumque. Temporibus quam aut autem numquam asperiores blanditiis sed assumenda. Aut dolorem illum et ipsa autem neque. Consequatur consequatur possimus et et. Possimus veritatis sit et culpa. Quo non cum rerum ea dolores ipsa. Cum architecto saepe omnis quibusdam debitis. Ipsa ut repudiandae autem velit reprehenderit. Quia rerum optio ducimus dolore odio. Enim repudiandae ab sit aut explicabo vel quasi. Facere fugiat laborum dolorem. Nostrum aliquam odit qui eveniet similique reiciendis perferendis atque.', '36.000000', NULL, 'percent', 48, 4, '2022-03-18 15:33:00', '2022-04-05 14:33:00', 1, NULL, '2022-03-05 15:33:37', '2022-03-03 15:33:37'),
(6, 3, 'et', '8', 'Quaerat unde debitis omnis totam consequatur dignissimos. Et minima enim quia fugit qui. Earum nesciunt mollitia reprehenderit repellendus. Tempore quae quae ut autem eum. Ipsam nam omnis numquam quasi qui omnis architecto. Aliquid doloremque dolores earum assumenda et qui quo nihil. Et et dignissimos placeat excepturi eligendi reiciendis. Facilis voluptatem optio vel eveniet facilis qui. Quia et pariatur est rerum. Quia fugiat enim ipsa incidunt qui. Voluptatem aliquam et vitae vel corrupti consequatur. Sit consequatur soluta molestiae aut voluptas. Odio reprehenderit quia odit voluptatum sequi qui soluta. Optio aut culpa rerum. Omnis rerum dolores tenetur molestiae quis. Rerum natus qui sint animi fugiat enim quam. Sequi id beatae soluta rerum. Vel non impedit distinctio perferendis voluptatem repellat quidem. Dolores eos quas numquam. Quaerat aut corrupti et a. Adipisci qui nulla iure. Maiores enim voluptas qui sunt enim optio consequuntur. Est nostrum temporibus ea. Quaerat adipisci ducimus fuga aperiam facilis eos. Omnis consequatur saepe alias quod vel. Dicta saepe soluta nam error atque est. Sed porro est labore tempore aliquid non. Inventore rerum consectetur commodi voluptatem omnis quod temporibus dolores. Qui est ut in accusamus eius explicabo. Delectus tempora ipsa exercitationem adipisci consectetur quo repudiandae. Eligendi omnis at et ipsa provident.', '37.000000', NULL, 'amount', 69, 4, '2022-03-19 15:33:00', '2022-03-24 15:33:00', 1, NULL, '2022-03-04 15:33:37', '2022-03-11 15:33:37'),
(7, 3, 'occaecati', '24324', 'Exercitationem modi fugit sed a mollitia. Eum ea dolorem rerum. Enim animi porro quia tenetur rerum culpa sed. Culpa distinctio aliquid sit ea. Debitis eveniet aut pariatur dolore. Magni qui necessitatibus veritatis amet assumenda aliquam. Aut sit distinctio laborum autem dolores. Est rerum et et ut non. Dolorem sapiente perspiciatis molestiae. Libero expedita et mollitia aut aut. Tempora cumque nihil veniam laborum qui. Qui facere omnis deserunt vel. Similique quo in voluptas at quibusdam consequuntur consectetur voluptas. Ut doloremque consequatur nesciunt qui odit et atque eveniet. Voluptatum nostrum et placeat eum non non. Dolorem ullam iusto et rerum voluptas quaerat voluptatem. Possimus rem aliquam non nesciunt modi velit vel incidunt. Quibusdam quas et tenetur est minima ad. Voluptate adipisci molestiae maiores quis. Veritatis explicabo provident et exercitationem. A delectus rerum est dolores velit velit. Animi rerum quod voluptates quam. Quae ducimus atque et consequatur autem. Fuga et iure eius. Nisi ducimus natus porro est necessitatibus et aperiam. Temporibus aut accusantium qui quam est. Rerum rerum odio laboriosam omnis quaerat ut animi. Ad totam ut debitis natus ad et. Quia accusantium quis officia sapiente. Ad labore omnis itaque. Ipsum suscipit repellat provident quisquam nesciunt deleniti facere. Qui ut laudantium voluptas consectetur.', '95.000000', NULL, 'amount', 39, 1, '2022-03-19 15:33:00', '2022-03-26 15:33:00', 1, NULL, '2022-03-07 15:33:37', '2022-03-13 15:33:37'),
(8, 4, 'dolor', '1224', 'Blanditiis expedita molestias ratione quae nostrum. Fugit qui nesciunt numquam perspiciatis eum repellendus magnam. Corrupti odit et itaque fugit aperiam velit voluptatem. Earum pariatur ad fugiat nemo et est quibusdam. Commodi ut autem reiciendis officia eum nostrum eveniet. Rerum quas voluptas a ipsum. Neque voluptas cumque placeat voluptatem dolorem nostrum. Tenetur doloremque ad sit natus. Dolor sint tempora consequuntur qui quis rerum odit. Facere qui ratione deserunt veritatis sed. Quae sed ducimus quas facilis sequi. Aut non quisquam veritatis aliquid nisi. Quasi dolor corporis beatae et quo dolore. Repudiandae eius quo iste omnis veniam dolores ut in. Magnam delectus laudantium voluptas tenetur est. Deleniti sapiente velit occaecati. Error voluptatem sed est et aut at. Rerum eligendi similique commodi qui alias molestias et id. Ducimus beatae sed deleniti eligendi incidunt sit sunt libero. Qui sed voluptas voluptatem officiis nisi alias. Consequuntur eum cum occaecati sed omnis excepturi ea. Necessitatibus error possimus provident sint aperiam omnis vitae. Aperiam alias voluptatem quasi vel neque nihil maiores. Asperiores consequuntur nobis nesciunt perspiciatis reprehenderit nobis aut voluptatem. Sint sit earum exercitationem a non. Ratione aut consequatur officia ut consequuntur dolores tenetur. Numquam velit minus dicta possimus. Quis quam cupiditate non. Omnis velit sit ullam laudantium eaque ullam eaque molestiae. Quaerat earum impedit nulla fugiat.', '92.000000', NULL, 'percent', 42, 5, '2022-03-21 15:33:00', '2022-04-05 14:33:00', 1, NULL, '2022-03-09 15:33:37', '2022-03-09 15:33:37'),
(9, 5, 'cum', '6', 'Autem totam et sed magni repudiandae. Rem excepturi minima voluptatem et vero non. Rem consequatur vero perferendis odit hic rerum quisquam. Et odit in officiis libero eligendi consequatur. Et culpa unde reprehenderit neque reprehenderit nostrum. Et quaerat voluptatem quis esse asperiores non. Nulla unde amet qui quidem. Beatae repellendus fugit officia rerum qui incidunt. Dolore sint inventore tempore suscipit dolorum placeat libero. Aut et alias ut voluptatem. Voluptatem debitis optio enim itaque. Ipsam dolor dolorem consequatur ratione aut ratione cumque nemo. Repudiandae hic in aut sint repellat earum. Ut sed quo consectetur ad voluptatem. Esse fugiat quas sequi est eos quo. Ut libero qui numquam. Labore aut id delectus et molestiae labore qui harum. Sint dolor enim ab nihil et in accusantium. Et qui necessitatibus et tenetur et. Neque tempore corrupti soluta assumenda voluptatem hic. Dolores nam odit voluptas non nihil dolor. Hic natus adipisci dolores repudiandae. Distinctio in autem quasi dignissimos. Dolor velit labore nostrum accusantium in recusandae saepe molestiae. Officia impedit odit laudantium alias. Harum magnam velit maiores rerum sed est deserunt nihil. Et consectetur non vel aut et et. Qui aut voluptatum exercitationem velit voluptatem sint sit. Eos esse commodi dolores dolore et. Necessitatibus cupiditate dolores qui aut. Impedit nihil sit omnis quibusdam et nulla recusandae.', '22.000000', NULL, 'percent', 96, 2, '2022-03-18 15:33:00', '2022-03-22 15:33:00', 1, NULL, '2022-03-01 15:33:37', '2022-03-10 15:33:37'),
(10, 5, 'beatae', '60', 'Quidem quia suscipit debitis quae eveniet excepturi mollitia. Minus asperiores distinctio vel odit aut delectus sapiente fuga. Possimus est repudiandae enim molestias. Temporibus tempore esse reiciendis et nihil et. Qui magni facilis veniam rerum est. Impedit nulla dolor omnis molestiae iusto doloribus fuga illo. Unde placeat ipsa aut consectetur placeat optio ipsam quae. Deserunt repellendus voluptatem non odit soluta et. Omnis consectetur et deleniti earum. Et sed alias illo expedita laborum numquam ut aut. Neque dolores officia ut minus optio. Optio ratione amet ut rerum tenetur. Magni est et omnis enim tempora deserunt harum. Culpa sit libero vel sunt. Iusto consequatur libero et ea. Velit aliquid blanditiis aperiam odit. Et quos aliquam rerum rerum dolore. Dolores iusto perferendis aut dolores iusto autem. Omnis eos similique illo maxime quia sed quibusdam fugiat. Qui necessitatibus exercitationem illo quas laboriosam soluta quia. Nihil harum modi quia. Debitis blanditiis reprehenderit eum ad doloribus quaerat porro. Dolor consequuntur autem laudantium reiciendis cumque neque explicabo. Modi dolorem velit et incidunt laboriosam sed. Aspernatur velit ratione et amet voluptas. Repellendus maiores architecto quasi rerum est. Molestiae et rerum facilis sit dolorem. Error ullam eligendi tempora quo odio non non. Et facilis optio et commodi culpa velit recusandae nulla. Sunt tempore rerum aut ea. Fugit aperiam cupiditate dolorem qui.', '44.000000', NULL, 'amount', 30, 4, '2022-03-19 15:33:00', '2022-03-21 15:33:00', 1, NULL, '2022-03-12 15:33:37', '2022-03-10 15:33:37'),
(11, 2, 'corporis', '5437706', 'Magnam sit rerum veritatis. Ad quia magni non ullam. Neque facere non perferendis. Consequatur repudiandae commodi qui dolor distinctio voluptate sed. Soluta dicta quo et eveniet. Eveniet dolores dicta nihil et voluptas. Maxime vel exercitationem natus voluptatem sunt id adipisci. Ea facilis nulla quis nisi. Voluptas quo autem ut quo sapiente et ut. Voluptatem sit in dicta perferendis. Et ullam explicabo non ducimus nihil dolor sapiente. Ea tempora aut et sed exercitationem dolorem. Et inventore reiciendis voluptatem ut voluptatem quas. Eos totam quibusdam voluptatibus hic aliquam. Omnis omnis non cupiditate eligendi dolor ipsa incidunt. Voluptas rerum omnis debitis quia minus reiciendis aspernatur aperiam. Quidem atque iure porro dolorem omnis. Distinctio recusandae iure neque reiciendis perferendis possimus. Harum culpa maiores accusantium quo occaecati. Cum ut consequuntur impedit. Ratione quo minus facilis voluptas. Maxime necessitatibus quidem ipsam sequi itaque inventore assumenda. Repudiandae voluptates temporibus et qui. Maiores id perferendis perspiciatis sit expedita enim. Ducimus sit inventore saepe eius aliquam tempore. Est repudiandae ea libero modi porro consequatur. Dolores optio nemo dolor illo porro. Modi aut autem sit deleniti deleniti velit fugiat. Aperiam molestiae molestiae sit quia hic.', '75.000000', NULL, 'percent', 19, 5, '2022-03-15 15:33:00', '2022-03-25 15:33:00', 1, NULL, '2022-02-28 15:33:37', '2022-03-01 15:33:37'),
(12, 3, 'corrupti', '804837792', 'Sunt cupiditate in maxime possimus. Quasi ipsa ullam dolor inventore aut. Ab delectus aut harum saepe. Molestiae amet voluptates aspernatur distinctio. Aspernatur repudiandae eius explicabo sint. Nihil velit iusto commodi consectetur. Libero est dolorem voluptate consequatur nesciunt magnam ipsa. Dolorem maxime architecto distinctio voluptate non perferendis aut. In qui dolorem voluptas error autem voluptatem. Et tempore voluptate quis consectetur unde voluptatem libero in. Labore sit ipsa consequatur fugiat molestias doloremque dignissimos pariatur. Maxime voluptatum libero sit nihil qui praesentium assumenda. Commodi repudiandae sit dolor quis non fuga. Laborum nesciunt commodi sed delectus. Alias repudiandae architecto blanditiis officiis rem natus veritatis. Rerum laudantium quis accusamus quia. Optio similique repellat nam commodi impedit magni. Quia facere odit sequi tempora qui velit earum. Sit ipsam incidunt ut molestias et. Qui velit sunt mollitia sit consequatur porro. Eum soluta autem rerum et quis ut. Temporibus doloremque minima eveniet voluptatem eos voluptatem. Debitis nihil quisquam necessitatibus pariatur repudiandae nisi sint. Necessitatibus blanditiis officiis vero voluptates sit earum. Autem nam aperiam saepe ab eos dolor a labore.', '39.000000', NULL, 'percent', 46, 5, '2022-03-15 15:33:00', '2022-03-31 14:33:00', 1, NULL, '2022-03-13 15:33:37', '2022-03-04 15:33:37'),
(13, 1, 'incidunt', '43927', 'Et est eaque dolorem corporis porro. Maiores mollitia ducimus est dicta blanditiis voluptate consequatur. In est voluptatem ut quis repudiandae doloribus commodi. Laudantium nostrum maxime sunt quae. Quod aut voluptas numquam totam. Et vel mollitia ut voluptate voluptas et reiciendis. Placeat dolorem consequatur expedita. Officiis aut quia amet voluptatem ut voluptas vel earum. Incidunt natus impedit fugiat nostrum. Facere reprehenderit voluptatem officiis aut vitae facere voluptatum excepturi. Inventore ipsum amet voluptate id culpa modi. Autem quidem officia qui porro quod. Dignissimos dolores id assumenda voluptatem modi magnam ullam. Laboriosam earum optio nam quis inventore. Aut accusamus nihil velit aspernatur provident. Sed error non culpa blanditiis. Aut ut nulla voluptas quia. Vel esse rerum et veritatis debitis iste tempora. Inventore vel iusto consequuntur est nesciunt velit omnis. Distinctio voluptatum in doloribus quisquam eos sequi. Explicabo vero et alias dolor vel. Omnis quod sed commodi neque explicabo et ipsam. Impedit molestias impedit voluptatum aliquam possimus necessitatibus. Commodi minima officiis accusamus. Quo quo voluptas consequatur exercitationem sed. Et ipsa dolores et iure est at explicabo. In consequatur nostrum ipsum suscipit quo eum voluptatem. Reiciendis repellat ad necessitatibus rerum. Quo ullam illo sint blanditiis.', '62.000000', NULL, 'percent', 27, 3, '2022-03-17 15:33:00', '2022-04-02 14:33:00', 1, NULL, '2022-03-07 15:33:37', '2022-03-01 15:33:37'),
(14, 2, 'fugit', '91', 'Et eligendi earum tempore non enim dolorem similique. Necessitatibus nam sint et adipisci quia odio tempore. Repudiandae quo explicabo accusamus doloribus quo excepturi veritatis eaque. Quia doloremque atque optio et odio itaque. Aspernatur eum cupiditate optio dignissimos error at culpa. Reprehenderit nobis tempora ipsa. Rerum tempore alias assumenda quo enim sed. Reprehenderit ipsam ut aspernatur voluptatibus. Quibusdam occaecati voluptatem iusto porro ut velit. Labore sint ut qui saepe et doloribus. Quasi iure magnam ipsa aliquam et omnis. Voluptas cupiditate commodi enim aut. Exercitationem quas qui aut repellendus. Sed est ea amet est aut est. Minima voluptatibus voluptas incidunt esse voluptatum deserunt. Praesentium reiciendis earum facilis sunt quaerat ut non. Quia sed quia facilis sapiente dignissimos tempore. Eos atque minima tenetur molestias. Velit consequuntur vitae et reiciendis. Nemo sequi ullam enim qui commodi. Repellendus repellendus quam asperiores harum quia. Quam cum ipsam rem quo dolore necessitatibus. Consequatur illo labore vitae neque quibusdam sunt. Iure consequatur expedita at reiciendis et cum. Et ad asperiores expedita neque. Quis consectetur iusto minima minus sint facere nostrum ut. Voluptatem distinctio cumque et vero nisi. Vel eligendi veritatis quasi qui. Voluptas eius error alias eligendi nesciunt. Qui dolores dolores saepe consequuntur. Consequatur temporibus ut et sit numquam illum. Omnis quos non ut minima fugit nulla alias.', '36.000000', NULL, 'amount', 11, 5, '2022-03-16 15:33:00', '2022-03-27 14:33:00', 1, NULL, '2022-03-06 15:33:37', '2022-03-07 15:33:37'),
(15, 3, 'quas', '12335939', 'Omnis a qui voluptate ipsam tenetur amet nihil. Similique quaerat non iure sed inventore voluptatem. Aspernatur temporibus natus et possimus. Magnam quae et est. Sunt nulla sunt tenetur vel et voluptas. Provident enim et fugit aliquam vel natus. Porro maiores commodi eum consequatur voluptas. Explicabo reiciendis sed dolor explicabo quam atque odio. Odit quas qui consectetur ut accusantium sed. Earum eum laborum est et. Facilis reiciendis incidunt doloremque soluta praesentium aspernatur. At aliquid esse consectetur ex sed quam. Suscipit ipsam et ex earum inventore. Aperiam ut itaque totam odit est. Accusamus consequatur similique beatae deserunt dicta. Voluptates ipsam quam deserunt nihil at quisquam voluptas. Voluptas sit vero delectus unde. Laborum rerum consequatur unde enim voluptas. Vitae est ipsa et. Ex ad et qui. Accusamus qui tenetur quia aut saepe architecto provident nisi. Nostrum dolores consequatur rerum necessitatibus occaecati. Numquam qui sit neque consequuntur corrupti ex. Deleniti ipsam ipsam laudantium est nihil dolor quas. Dolore voluptas qui tempora ea ullam. Assumenda quaerat tenetur qui nam est. Qui officiis quis ex quaerat natus aperiam quis. Aut distinctio quia consectetur enim et non. Voluptas aut assumenda laudantium aspernatur officiis. Tenetur dignissimos cumque sint dolor sed recusandae. Voluptatem sapiente ab ratione voluptatem velit. Dolores non praesentium libero ullam. Quod maiores molestias a repellat sunt necessitatibus voluptates.', '54.000000', NULL, 'percent', 56, 3, '2022-03-21 15:33:00', '2022-03-23 15:33:00', 1, NULL, '2022-03-06 15:33:37', '2022-03-14 15:33:37');

-- --------------------------------------------------------

--
-- Structură tabel pentru tabel `coupon_customer`
--

CREATE TABLE `coupon_customer` (
  `coupon_id` bigint UNSIGNED NOT NULL,
  `customer_id` bigint UNSIGNED NOT NULL,
  `created_at` timestamp NULL DEFAULT NULL,
  `updated_at` timestamp NULL DEFAULT NULL
) ENGINE=InnoDB DEFAULT CHARSET=utf8mb3 COLLATE=utf8_unicode_ci;

--
-- Eliminarea datelor din tabel `coupon_customer`
--

INSERT INTO `coupon_customer` (`coupon_id`, `customer_id`, `created_at`, `updated_at`) VALUES
(7, 6, '2022-03-14 15:33:20', '2022-03-14 15:33:20'),
(12, 16, '2022-03-14 15:33:20', '2022-03-14 15:33:20'),
(3, 4, '2022-03-14 15:33:20', '2022-03-14 15:33:20'),
(8, 9, '2022-03-14 15:33:20', '2022-03-14 15:33:20'),
(8, 3, '2022-03-14 15:33:20', '2022-03-14 15:33:20'),
(13, 4, '2022-03-14 15:33:20', '2022-03-14 15:33:20'),
(11, 8, '2022-03-14 15:33:20', '2022-03-14 15:33:20'),
(3, 13, '2022-03-14 15:33:20', '2022-03-14 15:33:20'),
(4, 11, '2022-03-14 15:33:20', '2022-03-14 15:33:20'),
(11, 13, '2022-03-14 15:33:20', '2022-03-14 15:33:20'),
(5, 11, '2022-03-14 15:33:20', '2022-03-14 15:33:20'),
(3, 1, '2022-03-14 15:33:20', '2022-03-14 15:33:20'),
(10, 2, '2022-03-14 15:33:20', '2022-03-14 15:33:20'),
(13, 9, '2022-03-14 15:33:20', '2022-03-14 15:33:20'),
(13, 5, '2022-03-14 15:33:20', '2022-03-14 15:33:20');

-- --------------------------------------------------------

--
-- Structură tabel pentru tabel `coupon_shipping_zone`
--

CREATE TABLE `coupon_shipping_zone` (
  `coupon_id` bigint UNSIGNED NOT NULL,
  `shipping_zone_id` int UNSIGNED NOT NULL,
  `created_at` timestamp NULL DEFAULT NULL,
  `updated_at` timestamp NULL DEFAULT NULL
) ENGINE=InnoDB DEFAULT CHARSET=utf8mb3 COLLATE=utf8_unicode_ci;

-- --------------------------------------------------------

--
-- Structură tabel pentru tabel `currencies`
--

CREATE TABLE `currencies` (
  `id` int UNSIGNED NOT NULL,
  `iso_code` varchar(3) COLLATE utf8_unicode_ci NOT NULL,
  `iso_numeric` varchar(3) COLLATE utf8_unicode_ci DEFAULT NULL,
  `name` varchar(255) COLLATE utf8_unicode_ci NOT NULL,
  `symbol` varchar(255) COLLATE utf8_unicode_ci DEFAULT NULL,
  `disambiguate_symbol` varchar(255) COLLATE utf8_unicode_ci DEFAULT NULL,
  `subunit` varchar(255) COLLATE utf8_unicode_ci DEFAULT NULL,
  `subunit_to_unit` int NOT NULL DEFAULT '100',
  `symbol_first` tinyint(1) NOT NULL DEFAULT '1',
  `html_entity` varchar(255) COLLATE utf8_unicode_ci DEFAULT NULL,
  `decimal_mark` varchar(25) COLLATE utf8_unicode_ci DEFAULT NULL,
  `thousands_separator` varchar(25) COLLATE utf8_unicode_ci DEFAULT NULL,
  `smallest_denomination` int NOT NULL DEFAULT '1',
  `priority` int DEFAULT '100',
  `active` tinyint(1) DEFAULT '0',
  `created_at` timestamp NULL DEFAULT NULL,
  `updated_at` timestamp NULL DEFAULT NULL
) ENGINE=InnoDB DEFAULT CHARSET=utf8mb3 COLLATE=utf8_unicode_ci;

--
-- Eliminarea datelor din tabel `currencies`
--

INSERT INTO `currencies` (`id`, `iso_code`, `iso_numeric`, `name`, `symbol`, `disambiguate_symbol`, `subunit`, `subunit_to_unit`, `symbol_first`, `html_entity`, `decimal_mark`, `thousands_separator`, `smallest_denomination`, `priority`, `active`, `created_at`, `updated_at`) VALUES
(1, 'AED', '784', 'United Arab Emirates Dirham', 'د.إ', NULL, 'Fils', 100, 0, '', '.', ',', 25, 100, 0, '2022-03-14 15:33:12', '2022-03-14 15:33:12'),
(2, 'AFN', '971', 'Afghani', '؋', NULL, 'Pul', 100, 0, '', '.', ',', 100, 100, 0, '2022-03-14 15:33:12', '2022-03-14 15:33:12'),
(3, 'ALL', '008', 'Albanian Lek', 'L', 'Lek', 'Qintar', 100, 0, '', '.', ',', 100, 100, 0, '2022-03-14 15:33:12', '2022-03-14 15:33:12'),
(4, 'AMD', '051', 'Armenian Dram', 'դր.', NULL, 'Luma', 100, 0, '', '.', ',', 10, 100, 0, '2022-03-14 15:33:12', '2022-03-14 15:33:12'),
(5, 'ANG', '532', 'Netherlands Antillean Gulden', 'ƒ', NULL, 'Cent', 100, 1, '&#x0192;', ',', '.', 1, 100, 0, '2022-03-14 15:33:12', '2022-03-14 15:33:12'),
(6, 'AOA', '973', 'Angolan Kwanza', 'Kz', NULL, 'Cêntimo', 100, 0, '', '.', ',', 10, 100, 0, '2022-03-14 15:33:12', '2022-03-14 15:33:12'),
(7, 'ARS', '032', 'Argentine Peso', '$', '$m/n', 'Centavo', 100, 1, '&#x20B1;', ',', '.', 1, 100, 0, '2022-03-14 15:33:12', '2022-03-14 15:33:12'),
(8, 'AUD', '036', 'Australian Dollar', '$', 'A$', 'Cent', 100, 1, '$', '.', ',', 5, 4, 0, '2022-03-14 15:33:12', '2022-03-14 15:33:12'),
(9, 'AWG', '533', 'Aruban Florin', 'ƒ', NULL, 'Cent', 100, 0, '&#x0192;', '.', ',', 5, 100, 0, '2022-03-14 15:33:12', '2022-03-14 15:33:12'),
(10, 'AZN', '944', 'Azerbaijani Manat', '₼', NULL, 'Qəpik', 100, 1, '', '.', ',', 1, 100, 0, '2022-03-14 15:33:12', '2022-03-14 15:33:12'),
(11, 'BAM', '977', 'Bosnia and Herzegovina Convertible Mark', 'КМ', NULL, 'Fening', 100, 1, '', '.', ',', 5, 100, 0, '2022-03-14 15:33:12', '2022-03-14 15:33:12'),
(12, 'BBD', '052', 'Barbadian Dollar', '$', 'Bds$', 'Cent', 100, 0, '$', '.', ',', 1, 100, 0, '2022-03-14 15:33:12', '2022-03-14 15:33:12'),
(13, 'BDT', '050', 'Bangladeshi Taka', '৳', NULL, 'Paisa', 100, 1, '', '.', ',', 1, 10, 0, '2022-03-14 15:33:12', '2022-03-14 15:33:12'),
(14, 'BGN', '975', 'Bulgarian Lev', 'лв.', NULL, 'Stotinka', 100, 0, '', '.', ',', 1, 100, 0, '2022-03-14 15:33:12', '2022-03-14 15:33:12'),
(15, 'BHD', '048', 'Bahraini Dinar', 'ب.د', NULL, 'Fils', 1000, 1, '', '.', ',', 5, 100, 0, '2022-03-14 15:33:12', '2022-03-14 15:33:12'),
(16, 'BIF', '108', 'Burundian Franc', 'Fr', 'FBu', 'Centime', 1, 0, '', '.', ',', 100, 100, 0, '2022-03-14 15:33:12', '2022-03-14 15:33:12'),
(17, 'BMD', '060', 'Bermudian Dollar', '$', 'BD$', 'Cent', 100, 1, '$', '.', ',', 1, 100, 0, '2022-03-14 15:33:12', '2022-03-14 15:33:12'),
(18, 'BND', '096', 'Brunei Dollar', '$', 'BND', 'Sen', 100, 1, '$', '.', ',', 1, 100, 0, '2022-03-14 15:33:12', '2022-03-14 15:33:12'),
(19, 'BOB', '068', 'Bolivian Boliviano', 'Bs.', NULL, 'Centavo', 100, 1, '', '.', ',', 10, 100, 0, '2022-03-14 15:33:12', '2022-03-14 15:33:12'),
(20, 'BRL', '986', 'Brazilian Real', 'R$', NULL, 'Centavo', 100, 1, 'R$', ',', '.', 5, 100, 0, '2022-03-14 15:33:12', '2022-03-14 15:33:12'),
(21, 'BSD', '044', 'Bahamian Dollar', '$', 'BSD', 'Cent', 100, 1, '$', '.', ',', 1, 100, 0, '2022-03-14 15:33:12', '2022-03-14 15:33:12'),
(22, 'BTN', '064', 'Bhutanese Ngultrum', 'Nu.', NULL, 'Chertrum', 100, 0, '', '.', ',', 5, 100, 0, '2022-03-14 15:33:12', '2022-03-14 15:33:12'),
(23, 'BWP', '072', 'Botswana Pula', 'P', NULL, 'Thebe', 100, 1, '', '.', ',', 5, 100, 0, '2022-03-14 15:33:12', '2022-03-14 15:33:12'),
(24, 'BYN', '933', 'Belarusian Ruble', 'Br', 'BYN', 'Kapeyka', 100, 0, '', ',', ' ', 1, 100, 0, '2022-03-14 15:33:12', '2022-03-14 15:33:12'),
(25, 'BYR', '974', 'Belarusian Ruble', 'Br', 'BYR', NULL, 1, 0, '', ',', ' ', 100, 50, 0, '2022-03-14 15:33:12', '2022-03-14 15:33:12'),
(26, 'BZD', '084', 'Belize Dollar', '$', 'BZ$', 'Cent', 100, 1, '$', '.', ',', 1, 100, 0, '2022-03-14 15:33:12', '2022-03-14 15:33:12'),
(27, 'CAD', '124', 'Canadian Dollar', '$', 'C$', 'Cent', 100, 1, '$', '.', ',', 5, 5, 0, '2022-03-14 15:33:12', '2022-03-14 15:33:12'),
(28, 'CDF', '976', 'Congolese Franc', 'Fr', 'FC', 'Centime', 100, 0, '', '.', ',', 1, 100, 0, '2022-03-14 15:33:12', '2022-03-14 15:33:12'),
(29, 'CHF', '756', 'Swiss Franc', 'CHF', NULL, 'Rappen', 100, 1, '', '.', ',', 5, 100, 0, '2022-03-14 15:33:12', '2022-03-14 15:33:12'),
(30, 'CLF', '990', 'Unidad de Fomento', 'UF', NULL, 'Peso', 10000, 1, '&#x20B1;', ',', '.', 1, 100, 0, '2022-03-14 15:33:12', '2022-03-14 15:33:12'),
(31, 'CLP', '152', 'Chilean Peso', '$', 'CLP', 'Peso', 1, 1, '&#36;', ',', '.', 1, 100, 0, '2022-03-14 15:33:12', '2022-03-14 15:33:12'),
(32, 'CNY', '156', 'Chinese Renminbi Yuan', '¥', NULL, 'Fen', 100, 1, '￥', '.', ',', 1, 100, 0, '2022-03-14 15:33:12', '2022-03-14 15:33:12'),
(33, 'COP', '170', 'Colombian Peso', '$', 'COL$', 'Centavo', 100, 1, '&#36;', ',', '.', 20, 100, 0, '2022-03-14 15:33:12', '2022-03-14 15:33:12'),
(34, 'CRC', '188', 'Costa Rican Colón', '₡', NULL, 'Céntimo', 100, 1, '&#x20A1;', ',', '.', 500, 100, 0, '2022-03-14 15:33:12', '2022-03-14 15:33:12'),
(35, 'CUC', '931', 'Cuban Convertible Peso', '$', 'CUC$', 'Centavo', 100, 0, '', '.', ',', 1, 100, 0, '2022-03-14 15:33:12', '2022-03-14 15:33:12'),
(36, 'CUP', '192', 'Cuban Peso', '$', '$MN', 'Centavo', 100, 1, '&#x20B1;', '.', ',', 1, 100, 0, '2022-03-14 15:33:12', '2022-03-14 15:33:12'),
(37, 'CVE', '132', 'Cape Verdean Escudo', '$', 'Esc', 'Centavo', 100, 0, '', '.', ',', 100, 100, 0, '2022-03-14 15:33:12', '2022-03-14 15:33:12'),
(38, 'CZK', '203', 'Czech Koruna', 'Kč', NULL, 'Haléř', 100, 0, '', ',', ' ', 100, 100, 0, '2022-03-14 15:33:12', '2022-03-14 15:33:12'),
(39, 'DJF', '262', 'Djiboutian Franc', 'Fdj', NULL, 'Centime', 1, 0, '', '.', ',', 100, 100, 0, '2022-03-14 15:33:12', '2022-03-14 15:33:12'),
(40, 'DKK', '208', 'Danish Krone', 'kr.', 'DKK', 'Øre', 100, 0, '', ',', '.', 50, 100, 0, '2022-03-14 15:33:12', '2022-03-14 15:33:12'),
(41, 'DOP', '214', 'Dominican Peso', '$', 'RD$', 'Centavo', 100, 1, '&#x20B1;', '.', ',', 100, 100, 0, '2022-03-14 15:33:12', '2022-03-14 15:33:12'),
(42, 'DZD', '012', 'Algerian Dinar', 'د.ج', NULL, 'Centime', 100, 0, '', '.', ',', 100, 100, 0, '2022-03-14 15:33:12', '2022-03-14 15:33:12'),
(43, 'EGP', '818', 'Egyptian Pound', 'ج.م', NULL, 'Piastre', 100, 1, '&#x00A3;', '.', ',', 25, 100, 0, '2022-03-14 15:33:12', '2022-03-14 15:33:12'),
(44, 'ERN', '232', 'Eritrean Nakfa', 'Nfk', NULL, 'Cent', 100, 0, '', '.', ',', 1, 100, 0, '2022-03-14 15:33:12', '2022-03-14 15:33:12'),
(45, 'ETB', '230', 'Ethiopian Birr', 'Br', 'ETB', 'Santim', 100, 0, '', '.', ',', 1, 100, 0, '2022-03-14 15:33:12', '2022-03-14 15:33:12'),
(46, 'EUR', '978', 'Euro', '€', NULL, 'Cent', 100, 1, '&#x20AC;', ',', '.', 1, 2, 1, '2022-03-14 15:33:12', '2022-03-14 15:33:12'),
(47, 'FJD', '242', 'Fijian Dollar', '$', 'FJ$', 'Cent', 100, 0, '$', '.', ',', 5, 100, 0, '2022-03-14 15:33:12', '2022-03-14 15:33:12'),
(48, 'FKP', '238', 'Falkland Pound', '£', 'FK£', 'Penny', 100, 0, '&#x00A3;', '.', ',', 1, 100, 0, '2022-03-14 15:33:12', '2022-03-14 15:33:12'),
(49, 'GBP', '826', 'British Pound', '£', NULL, 'Penny', 100, 1, '&#x00A3;', '.', ',', 1, 3, 0, '2022-03-14 15:33:12', '2022-03-14 15:33:12'),
(50, 'GEL', '981', 'Georgian Lari', 'ლ', NULL, 'Tetri', 100, 0, '', '.', ',', 1, 100, 0, '2022-03-14 15:33:12', '2022-03-14 15:33:12'),
(51, 'GHS', '936', 'Ghanaian Cedi', '₵', NULL, 'Pesewa', 100, 1, '&#x20B5;', '.', ',', 1, 100, 0, '2022-03-14 15:33:12', '2022-03-14 15:33:12'),
(52, 'GIP', '292', 'Gibraltar Pound', '£', 'GIP', 'Penny', 100, 1, '&#x00A3;', '.', ',', 1, 100, 0, '2022-03-14 15:33:12', '2022-03-14 15:33:12'),
(53, 'GMD', '270', 'Gambian Dalasi', 'D', NULL, 'Butut', 100, 0, '', '.', ',', 1, 100, 0, '2022-03-14 15:33:12', '2022-03-14 15:33:12'),
(54, 'GNF', '324', 'Guinean Franc', 'Fr', 'FG', 'Centime', 1, 0, '', '.', ',', 100, 100, 0, '2022-03-14 15:33:12', '2022-03-14 15:33:12'),
(55, 'GTQ', '320', 'Guatemalan Quetzal', 'Q', NULL, 'Centavo', 100, 1, '', '.', ',', 1, 100, 0, '2022-03-14 15:33:12', '2022-03-14 15:33:12'),
(56, 'GYD', '328', 'Guyanese Dollar', '$', 'G$', 'Cent', 100, 0, '$', '.', ',', 100, 100, 0, '2022-03-14 15:33:12', '2022-03-14 15:33:12'),
(57, 'HKD', '344', 'Hong Kong Dollar', '$', 'HK$', 'Cent', 100, 1, '$', '.', ',', 10, 100, 0, '2022-03-14 15:33:12', '2022-03-14 15:33:12'),
(58, 'HNL', '340', 'Honduran Lempira', 'L', 'HNL', 'Centavo', 100, 1, '', '.', ',', 5, 100, 0, '2022-03-14 15:33:12', '2022-03-14 15:33:12'),
(59, 'HRK', '191', 'Croatian Kuna', 'kn', NULL, 'Lipa', 100, 0, '', ',', '.', 1, 100, 0, '2022-03-14 15:33:12', '2022-03-14 15:33:12'),
(60, 'HTG', '332', 'Haitian Gourde', 'G', NULL, 'Centime', 100, 0, '', '.', ',', 5, 100, 0, '2022-03-14 15:33:12', '2022-03-14 15:33:12'),
(61, 'HUF', '348', 'Hungarian Forint', 'Ft', NULL, 'Fillér', 1, 0, '', ',', '.', 5, 100, 0, '2022-03-14 15:33:12', '2022-03-14 15:33:12'),
(62, 'IDR', '360', 'Indonesian Rupiah', 'Rp', NULL, 'Sen', 100, 1, '', ',', '.', 5000, 100, 0, '2022-03-14 15:33:12', '2022-03-14 15:33:12'),
(63, 'ILS', '376', 'Israeli New Sheqel', '₪', NULL, 'Agora', 100, 1, '&#x20AA;', '.', ',', 10, 100, 0, '2022-03-14 15:33:12', '2022-03-14 15:33:12'),
(64, 'INR', '356', 'Indian Rupee', '₹', NULL, 'Paisa', 100, 1, '&#x20b9;', '.', ',', 50, 59, 1, '2022-03-14 15:33:12', '2022-03-14 15:33:12'),
(65, 'IQD', '368', 'Iraqi Dinar', 'ع.د', NULL, 'Fils', 1000, 0, '', '.', ',', 50000, 100, 0, '2022-03-14 15:33:12', '2022-03-14 15:33:12'),
(66, 'IRR', '364', 'Iranian Rial', '﷼', NULL, NULL, 100, 1, '&#xFDFC;', '.', ',', 5000, 100, 0, '2022-03-14 15:33:12', '2022-03-14 15:33:12'),
(67, 'ISK', '352', 'Icelandic Króna', 'kr', NULL, NULL, 1, 1, '', ',', '.', 1, 100, 0, '2022-03-14 15:33:12', '2022-03-14 15:33:12'),
(68, 'JMD', '388', 'Jamaican Dollar', '$', 'J$', 'Cent', 100, 1, '$', '.', ',', 1, 100, 0, '2022-03-14 15:33:12', '2022-03-14 15:33:12'),
(69, 'JOD', '400', 'Jordanian Dinar', 'د.ا', NULL, 'Fils', 1000, 1, '', '.', ',', 5, 100, 0, '2022-03-14 15:33:12', '2022-03-14 15:33:12'),
(70, 'JPY', '392', 'Japanese Yen', '¥', NULL, NULL, 1, 1, '&#x00A5;', '.', ',', 1, 6, 1, '2022-03-14 15:33:12', '2022-03-14 15:33:12'),
(71, 'KES', '404', 'Kenyan Shilling', 'KSh', NULL, 'Cent', 100, 1, '', '.', ',', 50, 100, 0, '2022-03-14 15:33:12', '2022-03-14 15:33:12'),
(72, 'KGS', '417', 'Kyrgyzstani Som', 'som', NULL, 'Tyiyn', 100, 0, '', '.', ',', 1, 100, 0, '2022-03-14 15:33:12', '2022-03-14 15:33:12'),
(73, 'KHR', '116', 'Cambodian Riel', '៛', NULL, 'Sen', 100, 0, '&#x17DB;', '.', ',', 5000, 100, 0, '2022-03-14 15:33:12', '2022-03-14 15:33:12'),
(74, 'KMF', '174', 'Comorian Franc', 'Fr', 'CF', 'Centime', 1, 0, '', '.', ',', 100, 100, 0, '2022-03-14 15:33:12', '2022-03-14 15:33:12'),
(75, 'KPW', '408', 'North Korean Won', '₩', NULL, 'Chŏn', 100, 0, '&#x20A9;', '.', ',', 1, 100, 0, '2022-03-14 15:33:12', '2022-03-14 15:33:12'),
(76, 'KRW', '410', 'South Korean Won', '₩', NULL, NULL, 1, 1, '&#x20A9;', '.', ',', 1, 100, 0, '2022-03-14 15:33:12', '2022-03-14 15:33:12'),
(77, 'KWD', '414', 'Kuwaiti Dinar', 'د.ك', NULL, 'Fils', 1000, 1, '', '.', ',', 5, 100, 0, '2022-03-14 15:33:12', '2022-03-14 15:33:12'),
(78, 'KYD', '136', 'Cayman Islands Dollar', '$', 'CI$', 'Cent', 100, 1, '$', '.', ',', 1, 100, 0, '2022-03-14 15:33:12', '2022-03-14 15:33:12'),
(79, 'KZT', '398', 'Kazakhstani Tenge', '〒', NULL, 'Tiyn', 100, 0, '', '.', ',', 100, 100, 0, '2022-03-14 15:33:12', '2022-03-14 15:33:12'),
(80, 'LAK', '418', 'Lao Kip', '₭', NULL, 'Att', 100, 0, '&#x20AD;', '.', ',', 10, 100, 0, '2022-03-14 15:33:12', '2022-03-14 15:33:12'),
(81, 'LBP', '422', 'Lebanese Pound', 'ل.ل', NULL, 'Piastre', 100, 1, '&#x00A3;', '.', ',', 25000, 100, 0, '2022-03-14 15:33:12', '2022-03-14 15:33:12'),
(82, 'LKR', '144', 'Sri Lankan Rupee', '₨', 'SLRs', 'Cent', 100, 0, '&#x0BF9;', '.', ',', 100, 100, 0, '2022-03-14 15:33:12', '2022-03-14 15:33:12'),
(83, 'LRD', '430', 'Liberian Dollar', '$', 'L$', 'Cent', 100, 0, '$', '.', ',', 5, 100, 0, '2022-03-14 15:33:12', '2022-03-14 15:33:12'),
(84, 'LSL', '426', 'Lesotho Loti', 'L', 'M', 'Sente', 100, 0, '', '.', ',', 1, 100, 0, '2022-03-14 15:33:12', '2022-03-14 15:33:12'),
(85, 'LTL', '440', 'Lithuanian Litas', 'Lt', NULL, 'Centas', 100, 0, '', '.', ',', 1, 100, 0, '2022-03-14 15:33:12', '2022-03-14 15:33:12'),
(86, 'LVL', '428', 'Latvian Lats', 'Ls', NULL, 'Santīms', 100, 1, '', '.', ',', 1, 100, 0, '2022-03-14 15:33:12', '2022-03-14 15:33:12'),
(87, 'LYD', '434', 'Libyan Dinar', 'ل.د', NULL, 'Dirham', 1000, 0, '', '.', ',', 50, 100, 0, '2022-03-14 15:33:12', '2022-03-14 15:33:12'),
(88, 'MAD', '504', 'Moroccan Dirham', 'د.م.', NULL, 'Centime', 100, 0, '', '.', ',', 1, 100, 0, '2022-03-14 15:33:12', '2022-03-14 15:33:12'),
(89, 'MDL', '498', 'Moldovan Leu', 'L', NULL, 'Ban', 100, 0, '', '.', ',', 1, 100, 0, '2022-03-14 15:33:12', '2022-03-14 15:33:12'),
(90, 'MGA', '969', 'Malagasy Ariary', 'Ar', NULL, 'Iraimbilanja', 5, 1, '', '.', ',', 1, 100, 0, '2022-03-14 15:33:12', '2022-03-14 15:33:12'),
(91, 'MKD', '807', 'Macedonian Denar', 'ден', NULL, 'Deni', 100, 0, '', '.', ',', 100, 100, 0, '2022-03-14 15:33:12', '2022-03-14 15:33:12'),
(92, 'MMK', '104', 'Myanmar Kyat', 'K', 'MMK', 'Pya', 100, 0, '', '.', ',', 50, 100, 0, '2022-03-14 15:33:12', '2022-03-14 15:33:12'),
(93, 'MNT', '496', 'Mongolian Tögrög', '₮', NULL, 'Möngö', 100, 0, '&#x20AE;', '.', ',', 2000, 100, 0, '2022-03-14 15:33:12', '2022-03-14 15:33:12'),
(94, 'MOP', '446', 'Macanese Pataca', 'P', NULL, 'Avo', 100, 0, '', '.', ',', 10, 100, 0, '2022-03-14 15:33:12', '2022-03-14 15:33:12'),
(95, 'MRO', '478', 'Mauritanian Ouguiya', 'UM', NULL, 'Khoums', 5, 0, '', '.', ',', 1, 100, 0, '2022-03-14 15:33:12', '2022-03-14 15:33:12'),
(96, 'MUR', '480', 'Mauritian Rupee', '₨', NULL, 'Cent', 100, 1, '&#x20A8;', '.', ',', 100, 100, 0, '2022-03-14 15:33:12', '2022-03-14 15:33:12'),
(97, 'MVR', '462', 'Maldivian Rufiyaa', 'MVR', NULL, 'Laari', 100, 0, '', '.', ',', 1, 100, 0, '2022-03-14 15:33:12', '2022-03-14 15:33:12'),
(98, 'MWK', '454', 'Malawian Kwacha', 'MK', NULL, 'Tambala', 100, 0, '', '.', ',', 1, 100, 0, '2022-03-14 15:33:12', '2022-03-14 15:33:12'),
(99, 'MXN', '484', 'Mexican Peso', '$', 'MEX$', 'Centavo', 100, 1, '$', '.', ',', 5, 100, 0, '2022-03-14 15:33:12', '2022-03-14 15:33:12'),
(100, 'MYR', '458', 'Malaysian Ringgit', 'RM', NULL, 'Sen', 100, 1, '', '.', ',', 5, 100, 0, '2022-03-14 15:33:12', '2022-03-14 15:33:12'),
(101, 'MZN', '943', 'Mozambican Metical', 'MTn', NULL, 'Centavo', 100, 1, '', ',', '.', 1, 100, 0, '2022-03-14 15:33:12', '2022-03-14 15:33:12'),
(102, 'NAD', '516', 'Namibian Dollar', '$', 'N$', 'Cent', 100, 0, '$', '.', ',', 5, 100, 0, '2022-03-14 15:33:12', '2022-03-14 15:33:12'),
(103, 'NGN', '566', 'Nigerian Naira', '₦', NULL, 'Kobo', 100, 1, '&#x20A6;', '.', ',', 50, 100, 0, '2022-03-14 15:33:12', '2022-03-14 15:33:12'),
(104, 'NIO', '558', 'Nicaraguan Córdoba', 'C$', NULL, 'Centavo', 100, 0, '', '.', ',', 5, 100, 0, '2022-03-14 15:33:12', '2022-03-14 15:33:12'),
(105, 'NOK', '578', 'Norwegian Krone', 'kr', 'NOK', 'Øre', 100, 0, 'kr', ',', '.', 100, 100, 0, '2022-03-14 15:33:12', '2022-03-14 15:33:12'),
(106, 'NPR', '524', 'Nepalese Rupee', '₨', 'NPR', 'Paisa', 100, 1, '&#x20A8;', '.', ',', 1, 100, 0, '2022-03-14 15:33:12', '2022-03-14 15:33:12'),
(107, 'NZD', '554', 'New Zealand Dollar', '$', 'NZ$', 'Cent', 100, 1, '$', '.', ',', 10, 100, 0, '2022-03-14 15:33:12', '2022-03-14 15:33:12'),
(108, 'OMR', '512', 'Omani Rial', 'ر.ع.', NULL, 'Baisa', 1000, 1, '&#xFDFC;', '.', ',', 5, 100, 0, '2022-03-14 15:33:12', '2022-03-14 15:33:12'),
(109, 'PAB', '590', 'Panamanian Balboa', 'B/.', NULL, 'Centésimo', 100, 0, '', '.', ',', 1, 100, 0, '2022-03-14 15:33:12', '2022-03-14 15:33:12'),
(110, 'PEN', '604', 'Peruvian Nuevo Sol', 'S/.', NULL, 'Céntimo', 100, 1, 'S/.', '.', ',', 1, 100, 0, '2022-03-14 15:33:12', '2022-03-14 15:33:12'),
(111, 'PGK', '598', 'Papua New Guinean Kina', 'K', 'PGK', 'Toea', 100, 0, '', '.', ',', 5, 100, 0, '2022-03-14 15:33:12', '2022-03-14 15:33:12'),
(112, 'PHP', '608', 'Philippine Peso', '₱', NULL, 'Centavo', 100, 1, '&#x20B1;', '.', ',', 1, 100, 0, '2022-03-14 15:33:12', '2022-03-14 15:33:12'),
(113, 'PKR', '586', 'Pakistani Rupee', '₨', 'PKR', 'Paisa', 100, 1, '&#x20A8;', '.', ',', 100, 100, 0, '2022-03-14 15:33:12', '2022-03-14 15:33:12'),
(114, 'PLN', '985', 'Polish Złoty', 'zł', NULL, 'Grosz', 100, 0, 'z&#322;', ',', ' ', 1, 100, 0, '2022-03-14 15:33:12', '2022-03-14 15:33:12'),
(115, 'PYG', '600', 'Paraguayan Guaraní', '₲', NULL, 'Céntimo', 1, 1, '&#x20B2;', '.', ',', 5000, 100, 0, '2022-03-14 15:33:12', '2022-03-14 15:33:12'),
(116, 'QAR', '634', 'Qatari Riyal', 'ر.ق', NULL, 'Dirham', 100, 0, '&#xFDFC;', '.', ',', 1, 100, 0, '2022-03-14 15:33:12', '2022-03-14 15:33:12'),
(117, 'RON', '946', 'Romanian Leu', 'Lei', NULL, 'Bani', 100, 0, '', ',', '.', 1, 100, 0, '2022-03-14 15:33:12', '2022-03-14 15:33:12'),
(118, 'RSD', '941', 'Serbian Dinar', 'РСД', NULL, 'Para', 100, 1, '', '.', ',', 100, 100, 0, '2022-03-14 15:33:12', '2022-03-14 15:33:12'),
(119, 'RUB', '643', 'Russian Ruble', '₽', NULL, 'Kopeck', 100, 0, '&#x20BD;', ',', '.', 1, 100, 0, '2022-03-14 15:33:12', '2022-03-14 15:33:12'),
(120, 'RWF', '646', 'Rwandan Franc', 'FRw', NULL, 'Centime', 1, 0, '', '.', ',', 100, 100, 0, '2022-03-14 15:33:12', '2022-03-14 15:33:12'),
(121, 'SAR', '682', 'Saudi Riyal', 'ر.س', NULL, 'Hallallah', 100, 1, '&#xFDFC;', '.', ',', 5, 100, 0, '2022-03-14 15:33:12', '2022-03-14 15:33:12'),
(122, 'SBD', '090', 'Solomon Islands Dollar', '$', 'SI$', 'Cent', 100, 0, '$', '.', ',', 10, 100, 0, '2022-03-14 15:33:12', '2022-03-14 15:33:12'),
(123, 'SCR', '690', 'Seychellois Rupee', '₨', 'SRe', 'Cent', 100, 0, '&#x20A8;', '.', ',', 1, 100, 0, '2022-03-14 15:33:12', '2022-03-14 15:33:12'),
(124, 'SDG', '938', 'Sudanese Pound', '£', 'SDG', 'Piastre', 100, 1, '', '.', ',', 1, 100, 0, '2022-03-14 15:33:12', '2022-03-14 15:33:12'),
(125, 'SEK', '752', 'Swedish Krona', 'kr', 'SEK', 'Öre', 100, 0, '', ',', ' ', 100, 100, 0, '2022-03-14 15:33:12', '2022-03-14 15:33:12'),
(126, 'SGD', '702', 'Singapore Dollar', '$', 'S$', 'Cent', 100, 1, '$', '.', ',', 1, 100, 0, '2022-03-14 15:33:12', '2022-03-14 15:33:12'),
(127, 'SHP', '654', 'Saint Helenian Pound', '£', 'SHP', 'Penny', 100, 0, '&#x00A3;', '.', ',', 1, 100, 0, '2022-03-14 15:33:12', '2022-03-14 15:33:12'),
(128, 'SKK', '703', 'Slovak Koruna', 'Sk', NULL, 'Halier', 100, 1, '', '.', ',', 50, 100, 0, '2022-03-14 15:33:12', '2022-03-14 15:33:12'),
(129, 'SLL', '694', 'Sierra Leonean Leone', 'Le', NULL, 'Cent', 100, 0, '', '.', ',', 1000, 100, 0, '2022-03-14 15:33:12', '2022-03-14 15:33:12'),
(130, 'SOS', '706', 'Somali Shilling', 'Sh', NULL, 'Cent', 100, 0, '', '.', ',', 1, 100, 0, '2022-03-14 15:33:12', '2022-03-14 15:33:12'),
(131, 'SRD', '968', 'Surinamese Dollar', '$', 'SRD', 'Cent', 100, 0, '', '.', ',', 1, 100, 0, '2022-03-14 15:33:12', '2022-03-14 15:33:12'),
(132, 'SSP', '728', 'South Sudanese Pound', '£', 'SSP', 'piaster', 100, 0, '&#x00A3;', '.', ',', 5, 100, 0, '2022-03-14 15:33:12', '2022-03-14 15:33:12'),
(133, 'STD', '678', 'São Tomé and Príncipe Dobra', 'Db', NULL, 'Cêntimo', 100, 0, '', '.', ',', 10000, 100, 0, '2022-03-14 15:33:12', '2022-03-14 15:33:12'),
(134, 'SVC', '222', 'Salvadoran Colón', '₡', NULL, 'Centavo', 100, 1, '&#x20A1;', '.', ',', 1, 100, 0, '2022-03-14 15:33:12', '2022-03-14 15:33:12'),
(135, 'SYP', '760', 'Syrian Pound', '£S', NULL, 'Piastre', 100, 0, '&#x00A3;', '.', ',', 100, 100, 0, '2022-03-14 15:33:12', '2022-03-14 15:33:12'),
(136, 'SZL', '748', 'Swazi Lilangeni', 'E', 'SZL', 'Cent', 100, 1, '', '.', ',', 1, 100, 0, '2022-03-14 15:33:12', '2022-03-14 15:33:12'),
(137, 'THB', '764', 'Thai Baht', '฿', NULL, 'Satang', 100, 1, '&#x0E3F;', '.', ',', 1, 100, 0, '2022-03-14 15:33:12', '2022-03-14 15:33:12'),
(138, 'TJS', '972', 'Tajikistani Somoni', 'ЅМ', NULL, 'Diram', 100, 0, '', '.', ',', 1, 100, 0, '2022-03-14 15:33:12', '2022-03-14 15:33:12'),
(139, 'TMT', '934', 'Turkmenistani Manat', 'T', NULL, 'Tenge', 100, 0, '', '.', ',', 1, 100, 0, '2022-03-14 15:33:12', '2022-03-14 15:33:12'),
(140, 'TND', '788', 'Tunisian Dinar', 'د.ت', NULL, 'Millime', 1000, 0, '', '.', ',', 10, 100, 0, '2022-03-14 15:33:12', '2022-03-14 15:33:12'),
(141, 'TOP', '776', 'Tongan Paʻanga', 'T$', NULL, 'Seniti', 100, 1, '', '.', ',', 1, 100, 0, '2022-03-14 15:33:12', '2022-03-14 15:33:12'),
(142, 'TRY', '949', 'Turkish Lira', '₺', NULL, 'kuruş', 100, 1, '&#8378;', ',', '.', 1, 100, 0, '2022-03-14 15:33:12', '2022-03-14 15:33:12'),
(143, 'TTD', '780', 'Trinidad and Tobago Dollar', '$', 'TT$', 'Cent', 100, 0, '$', '.', ',', 1, 100, 0, '2022-03-14 15:33:12', '2022-03-14 15:33:12'),
(144, 'TWD', '901', 'New Taiwan Dollar', '$', 'NT$', 'Cent', 100, 1, '$', '.', ',', 50, 100, 0, '2022-03-14 15:33:12', '2022-03-14 15:33:12'),
(145, 'TZS', '834', 'Tanzanian Shilling', 'Sh', NULL, 'Cent', 100, 1, '', '.', ',', 5000, 100, 0, '2022-03-14 15:33:12', '2022-03-14 15:33:12'),
(146, 'UAH', '980', 'Ukrainian Hryvnia', '₴', NULL, 'Kopiyka', 100, 0, '&#x20B4;', '.', ',', 1, 100, 0, '2022-03-14 15:33:12', '2022-03-14 15:33:12'),
(147, 'UGX', '800', 'Ugandan Shilling', 'USh', NULL, 'Cent', 1, 0, '', '.', ',', 1000, 100, 0, '2022-03-14 15:33:12', '2022-03-14 15:33:12'),
(148, 'USD', '840', 'United States Dollar', '$', 'US$', 'Cent', 100, 1, '$', '.', ',', 1, 1, 1, '2022-03-14 15:33:12', '2022-03-14 15:33:12'),
(149, 'UYU', '858', 'Uruguayan Peso', '$', NULL, 'Centésimo', 100, 1, '&#x20B1;', ',', '.', 100, 100, 0, '2022-03-14 15:33:12', '2022-03-14 15:33:12'),
(150, 'UZS', '860', 'Uzbekistan Som', '', NULL, 'Tiyin', 100, 0, '', '.', ',', 100, 100, 0, '2022-03-14 15:33:12', '2022-03-14 15:33:12'),
(151, 'VEF', '937', 'Venezuelan Bolívar', 'Bs', NULL, 'Céntimo', 100, 1, '', ',', '.', 1, 100, 0, '2022-03-14 15:33:12', '2022-03-14 15:33:12'),
(152, 'VND', '704', 'Vietnamese Đồng', '₫', NULL, 'Hào', 1, 1, '&#x20AB;', ',', '.', 100, 100, 0, '2022-03-14 15:33:12', '2022-03-14 15:33:12'),
(153, 'VUV', '548', 'Vanuatu Vatu', 'Vt', NULL, NULL, 1, 1, '', '.', ',', 1, 100, 0, '2022-03-14 15:33:12', '2022-03-14 15:33:12'),
(154, 'WST', '882', 'Samoan Tala', 'T', 'WS$', 'Sene', 100, 0, '', '.', ',', 10, 100, 0, '2022-03-14 15:33:12', '2022-03-14 15:33:12'),
(155, 'XAF', '950', 'Central African Cfa Franc', 'Fr', 'FCFA', 'Centime', 1, 0, '', '.', ',', 100, 100, 0, '2022-03-14 15:33:12', '2022-03-14 15:33:12'),
(156, 'XAG', '961', 'Silver (Troy Ounce)', 'oz t', 'XAG', 'oz', 1, 0, '', '.', ',', 1, 100, 0, '2022-03-14 15:33:12', '2022-03-14 15:33:12'),
(157, 'XAU', '959', 'Gold (Troy Ounce)', 'oz t', 'XAU', 'oz', 1, 0, '', '.', ',', 1, 100, 0, '2022-03-14 15:33:12', '2022-03-14 15:33:12'),
(158, 'XBA', '955', 'European Composite Unit', '', 'XBA', '', 1, 0, '', '.', ',', 1, 100, 0, '2022-03-14 15:33:12', '2022-03-14 15:33:12'),
(159, 'XBB', '956', 'European Monetary Unit', '', 'XBB', '', 1, 0, '', '.', ',', 1, 100, 0, '2022-03-14 15:33:12', '2022-03-14 15:33:12'),
(160, 'XBC', '957', 'European Unit of Account 9', '', 'XBC', '', 1, 0, '', '.', ',', 1, 100, 0, '2022-03-14 15:33:12', '2022-03-14 15:33:12'),
(161, 'XBD', '958', 'European Unit of Account 17', '', 'XBD', '', 1, 0, '', '.', ',', 1, 100, 0, '2022-03-14 15:33:12', '2022-03-14 15:33:12'),
(162, 'XCD', '951', 'East Caribbean Dollar', '$', 'EX$', 'Cent', 100, 1, '$', '.', ',', 1, 100, 0, '2022-03-14 15:33:12', '2022-03-14 15:33:12'),
(163, 'XDR', '960', 'Special Drawing Rights', 'SDR', NULL, '', 1, 0, '$', '.', ',', 1, 100, 0, '2022-03-14 15:33:12', '2022-03-14 15:33:12'),
(164, 'XOF', '952', 'West African Cfa Franc', 'Fr', 'CFA', 'Centime', 1, 0, '', '.', ',', 100, 100, 0, '2022-03-14 15:33:12', '2022-03-14 15:33:12'),
(165, 'XPD', '964', 'Palladium', 'oz t', 'XPD', 'oz', 1, 0, '', '.', ',', 1, 100, 0, '2022-03-14 15:33:12', '2022-03-14 15:33:12'),
(166, 'XPF', '953', 'Cfp Franc', 'Fr', NULL, 'Centime', 1, 0, '', '.', ',', 100, 100, 0, '2022-03-14 15:33:12', '2022-03-14 15:33:12'),
(167, 'XPT', '962', 'Platinum', 'oz t', NULL, '', 1, 0, '', '.', ',', 1, 100, 0, '2022-03-14 15:33:12', '2022-03-14 15:33:12'),
(168, 'xts', '963', 'Codes specifically reserved for testing purposes', '', NULL, '', 1, 0, '', '.', ',', 1, 100, 0, '2022-03-14 15:33:12', '2022-03-14 15:33:12'),
(169, 'YER', '886', 'Yemeni Rial', '﷼', NULL, 'Fils', 100, 0, '&#xFDFC;', '.', ',', 100, 100, 0, '2022-03-14 15:33:12', '2022-03-14 15:33:12'),
(170, 'ZAR', '710', 'South African Rand', 'R', NULL, 'Cent', 100, 1, '&#x0052;', '.', ',', 10, 100, 0, '2022-03-14 15:33:12', '2022-03-14 15:33:12'),
(171, 'ZMK', '894', 'Zambian Kwacha', 'ZK', 'ZMK', 'Ngwee', 100, 0, '', '.', ',', 5, 100, 0, '2022-03-14 15:33:12', '2022-03-14 15:33:12'),
(172, 'ZMW', '967', 'Zambian Kwacha', 'ZK', 'ZMW', 'Ngwee', 100, 0, '', '.', ',', 5, 100, 0, '2022-03-14 15:33:12', '2022-03-14 15:33:12'),
(173, 'BTC', '', 'Bitcoin', 'B⃦', NULL, 'Satoshi', 100000000, 1, '', '.', ',', 1, 100, 0, '2022-03-14 15:33:12', '2022-03-14 15:33:12'),
(174, 'JEP', '', 'Jersey Pound', '£', 'JEP', 'Penny', 100, 1, '&#x00A3;', '.', ',', 1, 100, 0, '2022-03-14 15:33:13', '2022-03-14 15:33:13'),
(175, 'GGP', '', 'Guernsey Pound', '£', 'GGP', 'Penny', 100, 1, '&#x00A3;', '.', ',', 1, 100, 0, '2022-03-14 15:33:13', '2022-03-14 15:33:13'),
(176, 'IMP', '', 'Isle of Man Pound', '£', 'IMP', 'Penny', 100, 1, '&#x00A3;', '.', ',', 1, 100, 0, '2022-03-14 15:33:13', '2022-03-14 15:33:13'),
(177, 'XFU', '', 'UIC Franc', '', 'XFU', '', 100, 1, '', '.', ',', 1, 100, 0, '2022-03-14 15:33:13', '2022-03-14 15:33:13');

-- --------------------------------------------------------

--
-- Structură tabel pentru tabel `customers`
--

CREATE TABLE `customers` (
  `id` bigint UNSIGNED NOT NULL,
  `name` varchar(255) COLLATE utf8_unicode_ci NOT NULL,
  `nice_name` varchar(255) COLLATE utf8_unicode_ci DEFAULT NULL,
  `email` varchar(255) COLLATE utf8_unicode_ci NOT NULL,
  `password` varchar(60) COLLATE utf8_unicode_ci DEFAULT NULL,
  `dob` date DEFAULT NULL,
  `sex` varchar(255) COLLATE utf8_unicode_ci DEFAULT NULL,
  `description` longtext COLLATE utf8_unicode_ci,
  `last_visited_at` timestamp NULL DEFAULT NULL,
  `last_visited_from` varchar(45) COLLATE utf8_unicode_ci DEFAULT NULL,
  `stripe_id` varchar(255) COLLATE utf8_unicode_ci DEFAULT NULL,
  `card_holder_name` text COLLATE utf8_unicode_ci,
  `pm_type` varchar(255) COLLATE utf8_unicode_ci DEFAULT NULL,
  `pm_last_four` varchar(255) COLLATE utf8_unicode_ci DEFAULT NULL,
  `active` tinyint(1) DEFAULT '1',
  `accepts_marketing` tinyint(1) DEFAULT '1',
  `verification_token` varchar(100) COLLATE utf8_unicode_ci DEFAULT NULL,
  `api_token` varchar(80) COLLATE utf8_unicode_ci DEFAULT NULL,
  `remember_token` varchar(100) COLLATE utf8_unicode_ci DEFAULT NULL,
  `deleted_at` timestamp NULL DEFAULT NULL,
  `created_at` timestamp NULL DEFAULT NULL,
  `updated_at` timestamp NULL DEFAULT NULL
) ENGINE=InnoDB DEFAULT CHARSET=utf8mb3 COLLATE=utf8_unicode_ci;

--
-- Eliminarea datelor din tabel `customers`
--

INSERT INTO `customers` (`id`, `name`, `nice_name`, `email`, `password`, `dob`, `sex`, `description`, `last_visited_at`, `last_visited_from`, `stripe_id`, `card_holder_name`, `pm_type`, `pm_last_four`, `active`, `accepts_marketing`, `verification_token`, `api_token`, `remember_token`, `deleted_at`, `created_at`, `updated_at`) VALUES
(1, 'Jodie Bogisich MD', 'Senger', 'customer@demo.com', '$2y$10$s5EjWHOdmLvzUlottWQoluzIAb0sywJe7g7Q7o18DmVXXQOkIKuke', '2004-10-13', 'app.male', 'Ea sed tenetur nam atque. Necessitatibus animi eos illum ratione odio. Ducimus ipsam sed sed pariatur impedit exercitationem itaque.', NULL, NULL, NULL, NULL, NULL, NULL, 1, 1, NULL, NULL, 'prSHP6SUD0', NULL, '2020-04-14 14:33:22', '2020-04-14 14:33:22'),
(2, 'Carol Abshire PhD', 'Nienow', 'devonte72@hotmail.com', '$2y$10$v8B.91IcfegnAKY6xAz9suRuNNzgMgZVCgd86H4opE/ckGrVuvWIa', '2002-10-08', 'app.male', 'Dolores vitae occaecati sed officiis voluptatem tempore consequatur. Similique soluta voluptatibus ad aut vel voluptas. Ad deserunt velit alias quo et. Modi a eaque fugit nulla nesciunt aspernatur.', NULL, NULL, NULL, NULL, NULL, NULL, 1, 1, NULL, NULL, 'kamjRp24i7', NULL, '2021-02-14 15:33:22', '2021-02-14 15:33:22'),
(3, 'Miss Maymie Greenholt', 'Turcotte', 'ikling@hotmail.com', '$2y$10$8ZSgr28mB4OdzgJItsieN.7JoO1eDP1Uq4wNqAiGGhTDpm4TTJidW', '1986-04-16', 'app.female', 'Sunt architecto expedita qui nam. Voluptas excepturi magni sapiente beatae voluptas eum. Pariatur nulla minima molestias sint dolorem minus doloremque.', NULL, NULL, NULL, NULL, NULL, NULL, 1, 1, NULL, NULL, 'le5qrBGNAt', NULL, '2020-02-14 15:33:23', '2020-02-14 15:33:23'),
(4, 'Buford Runte', 'Stehr', 'ewell76@yahoo.com', '$2y$10$IeIx/S/noAWOi1lhBXZXr.y4Vxc0QwENw91usU/e2TKPzm2Yr2Fyu', '2012-09-11', 'app.other', 'Rem aut iusto deleniti. Voluptas molestiae repellat eum dolor minima. Ut eligendi voluptas alias. Quis necessitatibus repellat aut sed ut sed placeat.', NULL, NULL, NULL, NULL, NULL, NULL, 1, 1, NULL, NULL, 'nXjd2tVjmO', NULL, '2020-07-14 14:33:23', '2020-07-14 14:33:23'),
(5, 'Guido Satterfield MD', 'Treutel', 'therese16@williamson.com', '$2y$10$a.gUiQ6awZ8gmZRtbLpI.ONFLnMxqtZAlFIJezFN8n13latrMbwti', '2016-04-12', 'app.male', 'Consectetur consequatur rem voluptatem saepe veniam occaecati quibusdam. Nulla iusto est ad aut suscipit. Rerum est et ea velit laboriosam voluptate. At numquam dolorem velit vitae sunt rerum.', NULL, NULL, NULL, NULL, NULL, NULL, 1, 1, NULL, NULL, 'WYYGM1IURK', NULL, '2020-05-14 14:33:23', '2020-05-14 14:33:23'),
(6, 'Libbie Steuber', 'Okuneva', 'vblick@altenwerth.info', '$2y$10$..XDohA71LlWJLhfYT655uDkU5vHmusgiLMRheOslyOG6O2/eU4yK', '2006-05-03', 'app.female', 'Totam ex atque omnis. Quia incidunt iusto est consequuntur exercitationem voluptas.', NULL, NULL, NULL, NULL, NULL, NULL, 1, 1, NULL, NULL, 'VuVrr4IgP9', NULL, '2020-06-14 14:33:23', '2020-06-14 14:33:23'),
(7, 'Ariel Jakubowski', 'Greenfelder', 'iprice@hotmail.com', '$2y$10$WNqzpUlgcb2ErSgR1jzs2e0CRPV0tYBueWgvRbaTzT.YK4dy9iEzK', '1985-06-05', 'app.female', 'Quia numquam in dolorem dicta totam. Dolor fugiat animi omnis ipsum et repudiandae. Laudantium perspiciatis iusto ullam rerum iusto.', NULL, NULL, NULL, NULL, NULL, NULL, 1, 1, NULL, NULL, 'iOVa4l9O4l', NULL, '2020-07-14 14:33:23', '2020-07-14 14:33:23'),
(8, 'Novella Wuckert', 'Kovacek', 'blanca.schultz@langosh.com', '$2y$10$RJc4fjuqxAZNpf8qXMZj8OaFe.CcIMKuZxjo5MFWbPn.NlwSfKQkC', '1993-02-28', 'app.female', 'Et blanditiis ab natus sint repellat tempora sit. In rerum sed id. In aut molestiae cum. Qui molestias et at. Perferendis aut praesentium officiis. Quia non voluptas repellat et corporis sit cumque.', NULL, NULL, NULL, NULL, NULL, NULL, 1, 1, NULL, NULL, 'QRNEqigKAm', NULL, '2020-02-14 15:33:23', '2020-02-14 15:33:23'),
(9, 'Jolie Bailey', 'Parisian', 'lavina54@gmail.com', '$2y$10$Pi6n57tYnxIfDqcIw0u8m.eLh2u9o0PTvMdwuJ6fzWLB.ANFKTJGC', '1987-01-25', 'app.other', 'Illum sed eligendi ut quae rerum voluptatem exercitationem. Voluptates ipsam exercitationem est qui. Est aut nobis molestiae non.', NULL, NULL, NULL, NULL, NULL, NULL, 1, 1, NULL, NULL, 'HN8gHYv2k6', NULL, '2020-11-14 15:33:23', '2020-11-14 15:33:23'),
(10, 'Prof. Trudie Harber', 'Mertz', 'terrill95@leffler.org', '$2y$10$c2OcZNx4A..eVDhN0Feefud3z8BXzrD602xQYMS1EmxvC.nYX8KZW', '1972-11-01', 'app.male', 'Soluta quia vel cum sint sunt. Sapiente laborum voluptas aliquam error deserunt veniam dolorum. Ducimus quibusdam reiciendis corporis voluptate minima accusantium.', NULL, NULL, NULL, NULL, NULL, NULL, 1, 1, NULL, NULL, 'cCom5SvqBU', NULL, '2020-10-14 14:33:23', '2020-10-14 14:33:23'),
(11, 'Dasia Anderson', 'Kirlin', 'jayde92@crooks.com', '$2y$10$jvGsB5B5cuod0kshXMnIbepH5coST67bFmFoOCLG.ppMzElSfq/cC', '1997-09-08', 'app.female', 'Amet pariatur pariatur ab cum et eum. Temporibus similique vero odio quae.', NULL, NULL, NULL, NULL, NULL, NULL, 1, 1, NULL, NULL, '4dBNCIbaQP', NULL, '2020-09-14 14:33:23', '2020-09-14 14:33:23'),
(12, 'Mr. Janick Yost IV', 'Heathcote', 'orn.dagmar@swaniawski.com', '$2y$10$.8JH1p3XPSjn/TxXxYZFhOdv.QoZrDB1kyRVgr1q9/SbVk22WcJ82', '2016-04-26', 'app.other', 'Vel eius similique omnis laudantium. Mollitia corporis exercitationem rerum et sint ipsam hic nulla. Ut soluta qui enim fuga enim asperiores.', NULL, NULL, NULL, NULL, NULL, NULL, 1, 1, NULL, NULL, '2qJUyObWhX', NULL, '2021-03-14 15:33:23', '2021-03-14 15:33:23'),
(13, 'Toney Kerluke', 'Ledner', 'jamil61@runte.com', '$2y$10$eUwLt3bY6TZQdU/44cD45ehKFvGWa3mWVVFehhnnsLpEFYa.9XvTC', '1993-09-13', 'app.male', 'Excepturi id soluta asperiores quia. Vel hic quisquam eos rem. Dolor saepe officiis magnam qui veniam sunt. Velit sed dolore qui error fugit quisquam est.', NULL, NULL, NULL, NULL, NULL, NULL, 1, 1, NULL, NULL, '0fpr8dnVCO', NULL, '2021-02-14 15:33:23', '2021-02-14 15:33:23'),
(14, 'Mr. Deon Stoltenberg III', 'Erdman', 'shania.mohr@yahoo.com', '$2y$10$hPl5V7kOAdAUVwhqVndSL.Uw1r.kVuPzXW1.jIo4K9rS3WGPFZfKi', '1980-07-09', 'app.other', 'Corporis expedita minima iusto vitae. Non eligendi omnis rerum est quas quis nulla. Pariatur eos quidem vero quo est voluptatum est.', NULL, NULL, NULL, NULL, NULL, NULL, 1, 1, NULL, NULL, 'ebBfoXbKDb', NULL, '2020-11-14 15:33:23', '2020-11-14 15:33:23'),
(15, 'Edward Herzog V', 'Kassulke', 'crona.gennaro@botsford.com', '$2y$10$Q28cZqFpphFYhQcQFRl2Eew.NeW3ZZwIplP/FdLBIwoVact1RO2Pa', '1995-06-29', 'app.male', 'Magni porro sit fugit et ut dolores. Reprehenderit quo facilis eos delectus molestiae. Accusamus eum est sed quidem iusto quia quia. Voluptatibus est accusamus vero modi maxime aut aut.', NULL, NULL, NULL, NULL, NULL, NULL, 1, 1, NULL, NULL, 'OyCxGqz1qW', NULL, '2021-02-14 15:33:24', '2021-02-14 15:33:24'),
(16, 'Germaine Vandervort', 'Kirlin', 'reanna02@yahoo.com', '$2y$10$dRJ1Yad//9i0uzv2.neon.19PUZTmA6lb31wm6auLBKqiGLizzV4u', '2015-06-24', 'app.female', 'Ipsa est doloremque repellat atque cumque labore. Officia voluptas est ut aut. Vitae expedita ex nostrum neque maxime. Et est dolorem qui debitis quia molestiae sed.', NULL, NULL, NULL, NULL, NULL, NULL, 1, 1, NULL, NULL, 'CIRGgp5ldh', NULL, '2020-05-14 14:33:24', '2020-05-14 14:33:24');

-- --------------------------------------------------------

--
-- Structură tabel pentru tabel `dashboard_configs`
--

CREATE TABLE `dashboard_configs` (
  `user_id` bigint NOT NULL,
  `upgrade_plan_notice` tinyint(1) DEFAULT '1',
  `created_at` timestamp NULL DEFAULT NULL,
  `updated_at` timestamp NULL DEFAULT NULL
) ENGINE=InnoDB DEFAULT CHARSET=utf8mb3 COLLATE=utf8_unicode_ci;

--
-- Eliminarea datelor din tabel `dashboard_configs`
--

INSERT INTO `dashboard_configs` (`user_id`, `upgrade_plan_notice`, `created_at`, `updated_at`) VALUES
(1, 1, '2022-03-14 15:33:13', '2022-03-14 15:33:13'),
(2, 1, '2022-03-14 15:33:21', '2022-03-14 15:33:21'),
(3, 1, '2022-03-14 15:33:21', '2022-03-14 15:33:21'),
(4, 1, '2022-03-14 15:33:21', '2022-03-14 15:33:21'),
(5, 1, '2022-03-14 15:33:21', '2022-03-14 15:33:21'),
(6, 1, '2022-03-14 15:33:21', '2022-03-14 15:33:21'),
(7, 1, '2022-03-14 15:33:21', '2022-03-14 15:33:21');

-- --------------------------------------------------------

--
-- Structură tabel pentru tabel `delivery_boys`
--

CREATE TABLE `delivery_boys` (
  `id` bigint UNSIGNED NOT NULL,
  `shop_id` int UNSIGNED DEFAULT NULL,
  `first_name` varchar(255) COLLATE utf8_unicode_ci DEFAULT NULL,
  `last_name` varchar(255) COLLATE utf8_unicode_ci DEFAULT NULL,
  `nice_name` varchar(255) COLLATE utf8_unicode_ci DEFAULT NULL,
  `email` varchar(255) COLLATE utf8_unicode_ci NOT NULL,
  `phone_number` varchar(255) COLLATE utf8_unicode_ci DEFAULT NULL,
  `password` varchar(255) COLLATE utf8_unicode_ci NOT NULL,
  `status` tinyint(1) NOT NULL DEFAULT '0',
  `dob` date DEFAULT NULL,
  `sex` varchar(255) COLLATE utf8_unicode_ci DEFAULT NULL,
  `verification_token` varchar(100) COLLATE utf8_unicode_ci DEFAULT NULL,
  `api_token` varchar(80) COLLATE utf8_unicode_ci DEFAULT NULL,
  `remember_token` varchar(100) COLLATE utf8_unicode_ci DEFAULT NULL,
  `deleted_at` timestamp NULL DEFAULT NULL,
  `created_at` timestamp NULL DEFAULT NULL,
  `updated_at` timestamp NULL DEFAULT NULL
) ENGINE=InnoDB DEFAULT CHARSET=utf8mb3 COLLATE=utf8_unicode_ci;

--
-- Eliminarea datelor din tabel `delivery_boys`
--

INSERT INTO `delivery_boys` (`id`, `shop_id`, `first_name`, `last_name`, `nice_name`, `email`, `phone_number`, `password`, `status`, `dob`, `sex`, `verification_token`, `api_token`, `remember_token`, `deleted_at`, `created_at`, `updated_at`) VALUES
(1, 1, 'Fernando', 'Stehr', 'Quitzon', 'delivery1@demo.com', '+1-863-800-5423', '$2y$10$0WcEpFbLJK3j5tPfeNyDi.TekWST3SK7iXGW7oy4P3OYFnNEj0gVO', 1, NULL, NULL, NULL, NULL, NULL, NULL, '2022-03-14 15:33:22', '2022-03-14 15:33:22'),
(2, 2, 'Cecile', 'Collins', 'Jacobi', 'delivery2@demo.com', '(430) 676-4176', '$2y$10$D7q09J5z1OjzloNThhpzBuF58kyViykecHGo.JR3sjqLovxMp.Ate', 1, NULL, NULL, NULL, NULL, NULL, NULL, '2022-03-14 15:33:22', '2022-03-14 15:33:22'),
(3, 3, 'Lelah', 'O\'Conner', 'Hansen', 'delivery3@demo.com', '1-667-265-9886', '$2y$10$nwjIAsA0HyNQmy6V5IU1.OyYGXFw81r96rq9SQrupIatA7q4dMWEG', 1, NULL, NULL, NULL, NULL, NULL, NULL, '2022-03-14 15:33:22', '2022-03-14 15:33:22'),
(4, 4, 'Erick', 'Von', 'Pacocha', 'delivery4@demo.com', '+1-515-715-3059', '$2y$10$tPB9EoGycmYwuQ/CdrDEkuxykorM1PBq8gIMyES3AbiuUamRUzCx2', 1, NULL, NULL, NULL, NULL, NULL, NULL, '2022-03-14 15:33:22', '2022-03-14 15:33:22'),
(5, 5, 'Kendrick', 'Christiansen', 'DuBuque', 'delivery5@demo.com', '1-678-543-5401', '$2y$10$gmM8TUFN0Tuxz65uUIKXoOfn2WX/SkVOZHdIm237XXLcLsqTsHHB.', 1, NULL, NULL, NULL, NULL, NULL, NULL, '2022-03-14 15:33:22', '2022-03-14 15:33:22'),
(6, 1, 'Cydney', 'Witting', 'Goldner', 'delivery@demo.com', '1-908-997-9054', '$2y$10$pJrpeAw0JeF/fMqU73HNCO76H..Ja1WXkQYju0YaMGxkv3wcpZWJm', 1, NULL, NULL, NULL, NULL, NULL, NULL, '2022-03-14 15:33:22', '2022-03-14 15:33:22');

-- --------------------------------------------------------

--
-- Structură tabel pentru tabel `disputes`
--

CREATE TABLE `disputes` (
  `id` bigint UNSIGNED NOT NULL,
  `shop_id` int UNSIGNED DEFAULT NULL,
  `dispute_type_id` int UNSIGNED DEFAULT NULL,
  `customer_id` bigint UNSIGNED NOT NULL,
  `order_id` bigint UNSIGNED NOT NULL,
  `product_id` bigint UNSIGNED DEFAULT NULL,
  `description` longtext COLLATE utf8_unicode_ci,
  `order_received` tinyint(1) NOT NULL DEFAULT '1',
  `return_goods` tinyint(1) DEFAULT NULL,
  `refund_amount` decimal(20,6) DEFAULT NULL,
  `status` int UNSIGNED NOT NULL DEFAULT '1',
  `created_at` timestamp NULL DEFAULT NULL,
  `updated_at` timestamp NULL DEFAULT NULL
) ENGINE=InnoDB DEFAULT CHARSET=utf8mb3 COLLATE=utf8_unicode_ci;

--
-- Eliminarea datelor din tabel `disputes`
--

INSERT INTO `disputes` (`id`, `shop_id`, `dispute_type_id`, `customer_id`, `order_id`, `product_id`, `description`, `order_received`, `return_goods`, `refund_amount`, `status`, `created_at`, `updated_at`) VALUES
(1, 2, 4, 10, 7, NULL, 'Similique velit aspernatur dicta. Et quos nobis quo.', 1, 1, NULL, 2, '2021-11-14 15:33:37', '2021-10-14 14:33:37'),
(2, 4, 3, 4, 13, NULL, 'Est vitae ut nulla aut beatae. Blanditiis suscipit quia est a fugiat.', 1, 0, NULL, 2, '2021-11-14 15:33:37', '2022-02-14 15:33:37'),
(3, 3, 2, 5, 11, NULL, 'Labore culpa neque provident odio sed. In non repellendus pariatur exercitationem.', 0, 1, NULL, 2, '2022-01-14 15:33:37', '2022-01-14 15:33:37'),
(4, 1, 6, 9, 4, NULL, 'Et dolor harum non ipsa fugiat assumenda. Veritatis perspiciatis hic autem. Et quis iusto natus.', 0, 0, NULL, 5, '2021-11-14 15:33:37', '2022-02-14 15:33:37'),
(5, 5, 3, 10, 12, NULL, 'Sit sit laudantium ut laborum error. Fuga culpa sint minima molestiae sed laborum cupiditate.', 0, 1, NULL, 4, '2021-11-14 15:33:37', '2021-12-14 15:33:37');

-- --------------------------------------------------------

--
-- Structură tabel pentru tabel `dispute_types`
--

CREATE TABLE `dispute_types` (
  `id` int UNSIGNED NOT NULL,
  `detail` varchar(255) COLLATE utf8_unicode_ci NOT NULL
) ENGINE=InnoDB DEFAULT CHARSET=utf8mb3 COLLATE=utf8_unicode_ci;

--
-- Eliminarea datelor din tabel `dispute_types`
--

INSERT INTO `dispute_types` (`id`, `detail`) VALUES
(2, 'Counterfeit goods'),
(9, 'Customs problem'),
(4, 'Damaged goods'),
(1, 'Did not receive goods'),
(7, 'Problems with the accessories'),
(6, 'Product not as described'),
(5, 'Quality not good'),
(3, 'Quantity shortage'),
(10, 'Shipping address not correct'),
(8, 'Shipping method');

-- --------------------------------------------------------

--
-- Structură tabel pentru tabel `email_templates`
--

CREATE TABLE `email_templates` (
  `id` int UNSIGNED NOT NULL,
  `shop_id` int UNSIGNED DEFAULT NULL,
  `name` varchar(255) COLLATE utf8_unicode_ci DEFAULT NULL,
  `sender_name` varchar(255) COLLATE utf8_unicode_ci DEFAULT NULL,
  `sender_email` varchar(255) COLLATE utf8_unicode_ci DEFAULT NULL,
  `subject` varchar(255) COLLATE utf8_unicode_ci DEFAULT NULL,
  `body` longtext COLLATE utf8_unicode_ci,
  `type` enum('HTML','Text') COLLATE utf8_unicode_ci NOT NULL DEFAULT 'HTML',
  `position` enum('Content','Header','Footer') COLLATE utf8_unicode_ci NOT NULL DEFAULT 'Content',
  `template_for` enum('Platform','Merchant') COLLATE utf8_unicode_ci NOT NULL DEFAULT 'Platform',
  `files` longtext COLLATE utf8_unicode_ci,
  `deleted_at` timestamp NULL DEFAULT NULL,
  `created_at` timestamp NULL DEFAULT NULL,
  `updated_at` timestamp NULL DEFAULT NULL
) ENGINE=InnoDB DEFAULT CHARSET=utf8mb3 COLLATE=utf8_unicode_ci;

--
-- Eliminarea datelor din tabel `email_templates`
--

INSERT INTO `email_templates` (`id`, `shop_id`, `name`, `sender_name`, `sender_email`, `subject`, `body`, `type`, `position`, `template_for`, `files`, `deleted_at`, `created_at`, `updated_at`) VALUES
(1, NULL, 'Welcome Merchant', NULL, 'support@domain.com', 'Welcome to {platform_name}', '<table class=\"m_886163020439323843footer\" width=\"700\" height=\"165\" bgcolor=\"#efefef\" align=\"center\" border=\"0\" cellpadding=\"0\" cellspacing=\"0\"><tbody><tr><td valign=\"bottom\" style=\"color:#999;line-height:18px;font-size:11px;font-family:arial\">Site Access: <a href=\"http://d.incevio.com/http://www.incevio.com/?tracelog=rowan&amp;rowan_id1=sellerLeaveFeedbackToBuyer_en_US_2017-10-22&amp;rowan_msg_id=c063bc521feb4649a25121ff130ac482&amp;ck=in_edm_other\" style=\"color:#999;text-decoration:underline;font-size:11px;font-family:arial\" target=\"_blank\" data-saferedirecturl=\"https://www.google.com/url?hl=en&amp;q=http://d.incevio.com/http://www.incevio.com/?tracelog%3Drowan%26rowan_id1%3DsellerLeaveFeedbackToBuyer_en_US_2017-10-22%26rowan_msg_id%3Dc063bc521feb4649a25121ff130ac482%26ck%3Din_edm_other&amp;source=gmail&amp;ust=1508835770795000&amp;usg=AFQjCNFswRI--_oSylG_TCSI9jMZfEgJFw\">Homepage</a> <span style=\"color:#999\">|</span> <a href=\"http://d.incevio.com/http://trade.incevio.com?tracelog=rowan&amp;rowan_id1=sellerLeaveFeedbackToBuyer_en_US_2017-10-22&amp;rowan_msg_id=c063bc521feb4649a25121ff130ac482&amp;ck=in_edm_other\" style=\"color:#999;text-decoration:underline;font-size:11px;font-family:arial\" target=\"_blank\" data-saferedirecturl=\"https://www.google.com/url?hl=en&amp;q=http://d.incevio.com/http://trade.incevio.com?tracelog%3Drowan%26rowan_id1%3DsellerLeaveFeedbackToBuyer_en_US_2017-10-22%26rowan_msg_id%3Dc063bc521feb4649a25121ff130ac482%26ck%3Din_edm_other&amp;source=gmail&amp;ust=1508835770795000&amp;usg=AFQjCNHs5u0lVvXx_IxyFnkfBFEuVdacig\">My Orders</a> <span style=\"color:#999\">|</span> <a href=\"http://d.incevio.com/http://www.incevio.com/buyerprotection/index.html?tracelog=rowan&amp;rowan_id1=sellerLeaveFeedbackToBuyer_en_US_2017-10-22&amp;rowan_msg_id=c063bc521feb4649a25121ff130ac482&amp;ck=in_edm_other\" style=\"color:#999;text-decoration:underline;font-size:11px;font-family:arial\" target=\"_blank\" data-saferedirecturl=\"https://www.google.com/url?hl=en&amp;q=http://d.incevio.com/http://www.incevio.com/buyerprotection/index.html?tracelog%3Drowan%26rowan_id1%3DsellerLeaveFeedbackToBuyer_en_US_2017-10-22%26rowan_msg_id%3Dc063bc521feb4649a25121ff130ac482%26ck%3Din_edm_other&amp;source=gmail&amp;ust=1508835770795000&amp;usg=AFQjCNFgBGjO2cWQlMNn3ok1sdo9FEI0PQ\">Buyer Protection</a> <span style=\"color:#999\">|</span> <a href=\"http://help.incevio.com/?tracelog=rowan&amp;rowan_id1=sellerLeaveFeedbackToBuyer_en_US_2017-10-22&amp;rowan_msg_id=c063bc521feb4649a25121ff130ac482&amp;ck=in_edm_other\" style=\"color:#999;text-decoration:underline;font-size:11px;font-family:arial\" target=\"_blank\" data-saferedirecturl=\"https://www.google.com/url?hl=en&amp;q=http://help.incevio.com/?tracelog%3Drowan%26rowan_id1%3DsellerLeaveFeedbackToBuyer_en_US_2017-10-22%26rowan_msg_id%3Dc063bc521feb4649a25121ff130ac482%26ck%3Din_edm_other&amp;source=gmail&amp;ust=1508835770795000&amp;usg=AFQjCNEY6uWlpV61xJ2EWu_OnR1ImK1k8A\">Help Center</a> <span style=\"color:#999\">|</span> <a href=\"http://www.incevio.com/help/home.html#contact?tracelog=rowan&amp;rowan_id1=sellerLeaveFeedbackToBuyer_en_US_2017-10-22&amp;rowan_msg_id=c063bc521feb4649a25121ff130ac482&amp;ck=in_edm_other\" style=\"color:#999;text-decoration:underline;font-size:11px;font-family:arial\" target=\"_blank\" data-saferedirecturl=\"https://www.google.com/url?hl=en&amp;q=http://www.incevio.com/help/home.html%23contact?tracelog%3Drowan%26rowan_id1%3DsellerLeaveFeedbackToBuyer_en_US_2017-10-22%26rowan_msg_id%3Dc063bc521feb4649a25121ff130ac482%26ck%3Din_edm_other&amp;source=gmail&amp;ust=1508835770795000&amp;usg=AFQjCNFrHNdxDedZiwv6L-zLA4_5jthBKw\">Contact Us</a><br><a href=\"http://us.my.incevio.com/user/company/forget_password_input_email.htm?edm_src=wto&amp;edm_type=ifm&amp;edm_cta=footer&amp;tracelog=rowan&amp;rowan_id1=sellerLeaveFeedbackToBuyer_en_US_2017-10-22&amp;rowan_msg_id=c063bc521feb4649a25121ff130ac482&amp;ck=in_edm_other\" style=\"color:#999;text-decoration:underline\" target=\"_blank\" data-saferedirecturl=\"https://www.google.com/url?hl=en&amp;q=http://us.my.incevio.com/user/company/forget_password_input_email.htm?edm_src%3Dwto%26edm_type%3Difm%26edm_cta%3Dfooter%26tracelog%3Drowan%26rowan_id1%3DsellerLeaveFeedbackToBuyer_en_US_2017-10-22%26rowan_msg_id%3Dc063bc521feb4649a25121ff130ac482%26ck%3Din_edm_other&amp;source=gmail&amp;ust=1508835770795000&amp;usg=AFQjCNGl36Hq7gk2E4ZfaHgnp8lgblu0Hw\">Forgot your password?</a> <br>This email was sent to <a href=\"http://d.incevio.com/mailto:?tracelog=rowan&amp;rowan_id1=sellerLeaveFeedbackToBuyer_en_US_2017-10-22&amp;rowan_msg_id=c063bc521feb4649a25121ff130ac482&amp;ck=in_edm_other\" style=\"color:#999;text-decoration:underline\" target=\"_blank\" data-saferedirecturl=\"https://www.google.com/url?hl=en&amp;q=http://d.incevio.com/mailto:?tracelog%3Drowan%26rowan_id1%3DsellerLeaveFeedbackToBuyer_en_US_2017-10-22%26rowan_msg_id%3Dc063bc521feb4649a25121ff130ac482%26ck%3Din_edm_other&amp;source=gmail&amp;ust=1508835770795000&amp;usg=AFQjCNF57ZGzDDxPVbiErICMxd6_6wJH0Q\"></a>. <br>You are receiving this email because you are a registered member of <a href=\"http://d.incevio.com/http://www.incevio.com?tracelog=rowan&amp;rowan_id1=sellerLeaveFeedbackToBuyer_en_US_2017-10-22&amp;rowan_msg_id=c063bc521feb4649a25121ff130ac482&amp;ck=in_edm_other\" style=\"color:#999;text-decoration:underline\" target=\"_blank\" data-saferedirecturl=\"https://www.google.com/url?hl=en&amp;q=http://d.incevio.com/http://www.incevio.com?tracelog%3Drowan%26rowan_id1%3DsellerLeaveFeedbackToBuyer_en_US_2017-10-22%26rowan_msg_id%3Dc063bc521feb4649a25121ff130ac482%26ck%3Din_edm_other&amp;source=gmail&amp;ust=1508835770795000&amp;usg=AFQjCNEV-vw0uLnpfTBy2KjLmMrSWfquEA\">www.<span class=\"il\">incevio</span>.com</a>, powered by incevio.com. <br>Read our <a href=\"http://www.incevio.com/help/safety_security/policies_rules/others/001.html?tracelog=rowan&amp;rowan_id1=sellerLeaveFeedbackToBuyer_en_US_2017-10-22&amp;rowan_msg_id=c063bc521feb4649a25121ff130ac482&amp;ck=in_edm_other\" style=\"color:#999;text-decoration:underline\" target=\"_blank\" data-saferedirecturl=\"https://www.google.com/url?hl=en&amp;q=http://www.incevio.com/help/safety_security/policies_rules/others/001.html?tracelog%3Drowan%26rowan_id1%3DsellerLeaveFeedbackToBuyer_en_US_2017-10-22%26rowan_msg_id%3Dc063bc521feb4649a25121ff130ac482%26ck%3Din_edm_other&amp;source=gmail&amp;ust=1508835770795000&amp;usg=AFQjCNHhvncoIuRqRpPKKTgyRYpiV6Z5vg\">Privacy Policy</a> and <a href=\"http://www.incevio.com/help/safety_security/policies_rules/others/002.html?tracelog=rowan&amp;rowan_id1=sellerLeaveFeedbackToBuyer_en_US_2017-10-22&amp;rowan_msg_id=c063bc521feb4649a25121ff130ac482&amp;ck=in_edm_other\" style=\"color:#999;text-decoration:underline\" target=\"_blank\" data-saferedirecturl=\"https://www.google.com/url?hl=en&amp;q=http://www.incevio.com/help/safety_security/policies_rules/others/002.html?tracelog%3Drowan%26rowan_id1%3DsellerLeaveFeedbackToBuyer_en_US_2017-10-22%26rowan_msg_id%3Dc063bc521feb4649a25121ff130ac482%26ck%3Din_edm_other&amp;source=gmail&amp;ust=1508835770795000&amp;usg=AFQjCNGdCuw2_Z7MHkHP5eKVE0mPoK_ysA\">Terms of Use</a> if you have any questions. <br><span class=\"il\">incevio</span> Service Center: <a href=\"http://d.incevio.com/mailto:buyer@incevio.com?tracelog=rowan&amp;rowan_id1=sellerLeaveFeedbackToBuyer_en_US_2017-10-22&amp;rowan_msg_id=c063bc521feb4649a25121ff130ac482&amp;ck=in_edm_other\" style=\"color:#999;text-decoration:underline\" target=\"_blank\" data-saferedirecturl=\"https://www.google.com/url?hl=en&amp;q=http://d.incevio.com/mailto:buyer@incevio.com?tracelog%3Drowan%26rowan_id1%3DsellerLeaveFeedbackToBuyer_en_US_2017-10-22%26rowan_msg_id%3Dc063bc521feb4649a25121ff130ac482%26ck%3Din_edm_other&amp;source=gmail&amp;ust=1508835770795000&amp;usg=AFQjCNEZo5gjjdfsNWKIaeuOQoM6rxxuNQ\">buyer@<span class=\"il\">incevio</span>.com</a> <br>incevio.com Hong Kong Limited, 26/F Tower One, Times Square1 Matheson Street Causeway Bay, Hong Kong.</td></tr><tr><td height=\"20\">&nbsp;</td></tr></tbody></table>', 'HTML', 'Footer', 'Platform', NULL, NULL, '2022-03-14 15:33:40', '2022-03-14 15:33:40'),
(2, NULL, 'Welcome Merchant', NULL, 'support@domain.com', 'Welcome to {platform_name}', 'Welcome to {platform_name}', 'HTML', 'Content', 'Platform', NULL, NULL, '2022-03-14 15:33:40', '2022-03-14 15:33:40'),
(3, NULL, 'Welcome User', NULL, 'support@domain.com', 'Welcome to {shop_name}', '<!DOCTYPE html PUBLIC \"-//W3C//DTD XHTML 1.0 Transitional//EN\" \"http://www.w3.org/TR/xhtml1/DTD/xhtml1-transitional.dtd\">\n                <html xmlns=\"http://www.w3.org/1999/xhtml\">\n                <head>\n                  <meta http-equiv=\"Content-Type\" content=\"text/html; charset=utf-8\" />\n                  <meta name=\"viewport\" content=\"width=device-width\" />\n                  <title>Airmail Welcome</title>\n                </head>\n                <body bgcolor=\"#ffffff\">\n                  <div align=\"center\">\n                    <table class=\"head-wrap w320 full-width-gmail-android\" bgcolor=\"#f9f8f8\" cellpadding=\"0\" cellspacing=\"0\" border=\"0\" width=\"100%\">\n                      <tr>\n                        <td background=\"https://www.filepicker.io/api/file/UOesoVZTFObSHCgUDygC\" bgcolor=\"#ffffff\" width=\"100%\" height=\"8\" valign=\"top\">\n                          <!--[if gte mso 9]>\n                          <v:rect xmlns:v=\"urn:schemas-microsoft-com:vml\" fill=\"true\" stroke=\"false\" style=\"mso-width-percent:1000;height:8px;\">\n                            <v:fill type=\"tile\" src=\"https://www.filepicker.io/api/file/UOesoVZTFObSHCgUDygC\" color=\"#ffffff\" />\n                            <v:textbox inset=\"0,0,0,0\">\n                          <![endif]-->\n                          <div height=\"8\">\n                          </div>\n                          <!--[if gte mso 9]>\n                            </v:textbox>\n                          </v:rect>\n                          <![endif]-->\n                        </td>\n                      </tr>\n                      <tr class=\"header-background\">\n                        <td class=\"header container\" align=\"center\">\n                          <div class=\"content\">\n                            <span class=\"brand\">\n                              <a href=\"#\">\n                                Company Name\n                              </a>\n                            </span>\n                          </div>\n                        </td>\n                      </tr>\n                    </table>\n\n                    <table class=\"body-wrap w320\">\n                      <tr>\n                        <td></td>\n                        <td class=\"container\">\n                          <div class=\"content\">\n                            <table cellspacing=\"0\">\n                              <tr>\n                                <td>\n                                  <table class=\"soapbox\">\n                                    <tr>\n                                      <td class=\"soapbox-title\">Welcome to {platform_name}</td>\n                                    </tr>\n                                  </table>\n                                  <table class=\"status-container single\">\n                                    <tr>\n                                      <td class=\"status-padding\"></td>\n                                      <td>\n                                        <table class=\"status\" bgcolor=\"#fffeea\" cellspacing=\"0\">\n                                          <tr>\n                                            <td class=\"status-cell\">\n                                              Coupon code: <b>13448278949</b>\n                                            </td>\n                                          </tr>\n                                        </table>\n                                      </td>\n                                      <td class=\"status-padding\"></td>\n                                    </tr>\n                                  </table>\n                                  <table class=\"body\">\n                                    <tr>\n                                      <td class=\"body-padding\"></td>\n                                      <td class=\"body-padded\">\n                                        <div class=\"body-title\">Hey {{ first_name }}, thanks for signing up</div>\n                                        <table class=\"body-text\">\n                                          <tr>\n                                            <td class=\"body-text-cell\">\n                                              We\'re really excited for you to join our community! You\'re just one click away from activate your account.\n                                            </td>\n                                          </tr>\n                                        </table>\n                                        <div style=\"text-align:left;\"><!--[if mso]>\n                                          <v:roundrect xmlns:v=\"urn:schemas-microsoft-com:vml\" xmlns:w=\"urn:schemas-microsoft-com:office:word\" href=\"#\" style=\"height:38px;v-text-anchor:middle;width:190px;\" arcsize=\"11%\" strokecolor=\"#407429\" fill=\"t\">\n                                            <v:fill type=\"tile\" src=\"https://www.filepicker.io/api/file/N8GiNGsmT6mK6ORk00S7\" color=\"#41CC00\" />\n                                            <w:anchorlock/>\n                                            <center style=\"color:#ffffff;font-family:sans-serif;font-size:17px;font-weight:bold;\">Come on back</center>\n                                          </v:roundrect>\n                                        <![endif]--><a href=\"#\"\n                                        style=\"background-color:#41CC00;background-image:url(https://www.filepicker.io/api/file/N8GiNGsmT6mK6ORk00S7);border:1px solid #407429;border-radius:4px;color:#ffffff;display:inline-block;font-family:sans-serif;font-size:17px;font-weight:bold;text-shadow: -1px -1px #47A54B;line-height:38px;text-align:center;text-decoration:none;width:190px;-webkit-text-size-adjust:none;mso-hide:all;\">Activate Account!</a></div>\n                                        <table class=\"body-signature-block\">\n                                          <tr>\n                                            <td class=\"body-signature-cell\">\n                                              <p>Thanks so much,</p>\n                                              <p class=\"body-signature\"><img src=\"https://www.filepicker.io/api/file/2R9HpqboTPaB4NyF35xt\" alt=\"Company Name\"></p>\n                                            </td>\n                                          </tr>\n                                        </table>\n                                      </td>\n                                      <td class=\"body-padding\"></td>\n                                    </tr>\n                                  </table>\n                                </td>\n                              </tr>\n                            </table>\n                          </div>\n                        </td>\n                        <td></td>\n                      </tr>\n                    </table>\n\n                    <table class=\"footer-wrap w320 full-width-gmail-android\" bgcolor=\"#e5e5e5\">\n                      <tr>\n                        <td class=\"container\">\n                          <div class=\"content footer-lead\">\n                            <a href=\"#\"><b>Get in touch</b></a> if you have any questions or feedback\n                          </div>\n                        </td>\n                      </tr>\n                    </table>\n                    <table class=\"footer-wrap w320 full-width-gmail-android\" bgcolor=\"#e5e5e5\">\n                      <tr>\n                        <td class=\"container\">\n                          <div class=\"content\">\n                            <a href=\"#\">Contact Us</a>&nbsp;&nbsp;|&nbsp;&nbsp;\n                            <span class=\"footer-group\">\n                              <a href=\"#\">Facebook</a>&nbsp;&nbsp;|&nbsp;&nbsp;\n                              <a href=\"#\">Twitter</a>&nbsp;&nbsp;|&nbsp;&nbsp;\n                              <a href=\"#\">Support</a>\n                            </span>\n                          </div>\n                        </td>\n                      </tr>\n                    </table>\n                  </div>\n\n                </body>\n                </html>\n                ', 'HTML', 'Content', 'Platform', NULL, NULL, '2022-03-14 15:33:40', '2022-03-14 15:33:40'),
(4, NULL, 'Welcome Customer', NULL, 'support@domain.com', 'Welcome to {platform_name}', '<!DOCTYPE html PUBLIC \"-//W3C//DTD XHTML 1.0 Transitional//EN\" \"http://www.w3.org/TR/xhtml1/DTD/xhtml1-transitional.dtd\">\n<html xmlns=\"http://www.w3.org/1999/xhtml\">\n<head>\n  <meta http-equiv=\"Content-Type\" content=\"text/html; charset=utf-8\" />\n  <meta name=\"viewport\" content=\"width=device-width\" />\n  <title>Airmail Welcome</title>\n</head>\n<body bgcolor=\"#ffffff\">\n  <div align=\"center\">\n    <table class=\"head-wrap w320 full-width-gmail-android\" bgcolor=\"#f9f8f8\" cellpadding=\"0\" cellspacing=\"0\" border=\"0\" width=\"100%\">\n      <tr>\n        <td background=\"https://www.filepicker.io/api/file/UOesoVZTFObSHCgUDygC\" bgcolor=\"#ffffff\" width=\"100%\" height=\"8\" valign=\"top\">\n          <!--[if gte mso 9]>\n          <v:rect xmlns:v=\"urn:schemas-microsoft-com:vml\" fill=\"true\" stroke=\"false\" style=\"mso-width-percent:1000;height:8px;\">\n            <v:fill type=\"tile\" src=\"https://www.filepicker.io/api/file/UOesoVZTFObSHCgUDygC\" color=\"#ffffff\" />\n            <v:textbox inset=\"0,0,0,0\">\n          <![endif]-->\n          <div height=\"8\">\n          </div>\n          <!--[if gte mso 9]>\n            </v:textbox>\n          </v:rect>\n          <![endif]-->\n        </td>\n      </tr>\n      <tr class=\"header-background\">\n        <td class=\"header container\" align=\"center\">\n          <div class=\"content\">\n            <span class=\"brand\">\n              <a href=\"#\">\n                Company Name\n              </a>\n            </span>\n          </div>\n        </td>\n      </tr>\n    </table>\n\n    <table class=\"body-wrap w320\">\n      <tr>\n        <td></td>\n        <td class=\"container\">\n          <div class=\"content\">\n            <table cellspacing=\"0\">\n              <tr>\n                <td>\n                  <table class=\"soapbox\">\n                    <tr>\n                      <td class=\"soapbox-title\">Welcome to {platform_name}</td>\n                    </tr>\n                  </table>\n                  <table class=\"status-container single\">\n                    <tr>\n                      <td class=\"status-padding\"></td>\n                      <td>\n                        <table class=\"status\" bgcolor=\"#fffeea\" cellspacing=\"0\">\n                          <tr>\n                            <td class=\"status-cell\">\n                              Coupon code: <b>13448278949</b>\n                            </td>\n                          </tr>\n                        </table>\n                      </td>\n                      <td class=\"status-padding\"></td>\n                    </tr>\n                  </table>\n                  <table class=\"body\">\n                    <tr>\n                      <td class=\"body-padding\"></td>\n                      <td class=\"body-padded\">\n                        <div class=\"body-title\">Hey {{ first_name }}, thanks for signing up</div>\n                        <table class=\"body-text\">\n                          <tr>\n                            <td class=\"body-text-cell\">\n                              We\'re really excited for you to join our community! You\'re just one click away from activate your account.\n                            </td>\n                          </tr>\n                        </table>\n                        <div style=\"text-align:left;\"><!--[if mso]>\n                          <v:roundrect xmlns:v=\"urn:schemas-microsoft-com:vml\" xmlns:w=\"urn:schemas-microsoft-com:office:word\" href=\"#\" style=\"height:38px;v-text-anchor:middle;width:190px;\" arcsize=\"11%\" strokecolor=\"#407429\" fill=\"t\">\n                            <v:fill type=\"tile\" src=\"https://www.filepicker.io/api/file/N8GiNGsmT6mK6ORk00S7\" color=\"#41CC00\" />\n                            <w:anchorlock/>\n                            <center style=\"color:#ffffff;font-family:sans-serif;font-size:17px;font-weight:bold;\">Come on back</center>\n                          </v:roundrect>\n                        <![endif]--><a href=\"#\"\n                        style=\"background-color:#41CC00;background-image:url(https://www.filepicker.io/api/file/N8GiNGsmT6mK6ORk00S7);border:1px solid #407429;border-radius:4px;color:#ffffff;display:inline-block;font-family:sans-serif;font-size:17px;font-weight:bold;text-shadow: -1px -1px #47A54B;line-height:38px;text-align:center;text-decoration:none;width:190px;-webkit-text-size-adjust:none;mso-hide:all;\">Activate Account!</a></div>\n                        <table class=\"body-signature-block\">\n                          <tr>\n                            <td class=\"body-signature-cell\">\n                              <p>Thanks so much,</p>\n                              <p class=\"body-signature\"><img src=\"https://www.filepicker.io/api/file/2R9HpqboTPaB4NyF35xt\" alt=\"Company Name\"></p>\n                            </td>\n                          </tr>\n                        </table>\n                      </td>\n                      <td class=\"body-padding\"></td>\n                    </tr>\n                  </table>\n                </td>\n              </tr>\n            </table>\n          </div>\n        </td>\n        <td></td>\n      </tr>\n    </table>\n\n    <table class=\"footer-wrap w320 full-width-gmail-android\" bgcolor=\"#e5e5e5\">\n      <tr>\n        <td class=\"container\">\n          <div class=\"content footer-lead\">\n            <a href=\"#\"><b>Get in touch</b></a> if you have any questions or feedback\n          </div>\n        </td>\n      </tr>\n    </table>\n    <table class=\"footer-wrap w320 full-width-gmail-android\" bgcolor=\"#e5e5e5\">\n      <tr>\n        <td class=\"container\">\n          <div class=\"content\">\n            <a href=\"#\">Contact Us</a>&nbsp;&nbsp;|&nbsp;&nbsp;\n            <span class=\"footer-group\">\n              <a href=\"#\">Facebook</a>&nbsp;&nbsp;|&nbsp;&nbsp;\n              <a href=\"#\">Twitter</a>&nbsp;&nbsp;|&nbsp;&nbsp;\n              <a href=\"#\">Support</a>\n            </span>\n          </div>\n        </td>\n      </tr>\n    </table>\n  </div>\n\n</body>\n</html>\n', 'HTML', 'Content', 'Platform', NULL, NULL, '2022-03-14 15:33:40', '2022-03-14 15:33:40'),
(5, NULL, 'User account updated', NULL, 'support@domain.com', 'Your account settings have been updated', '<!DOCTYPE html PUBLIC \"-//W3C//DTD XHTML 1.0 Transitional//EN\" \"http://www.w3.org/TR/xhtml1/DTD/xhtml1-transitional.dtd\">\n<html xmlns=\"http://www.w3.org/1999/xhtml\">\n<head>\n  <meta http-equiv=\"Content-Type\" content=\"text/html; charset=utf-8\" />\n  <meta name=\"viewport\" content=\"width=device-width\" />\n  <title>Airmail Ping</title>\n</head>\n\n<body bgcolor=\"#ffffff\">\n\n  <div align=\"center\">\n    <table class=\"head-wrap w320 full-width-gmail-android\" bgcolor=\"#f9f8f8\" cellpadding=\"0\" cellspacing=\"0\" border=\"0\">\n      <tr>\n        <td background=\"https://www.filepicker.io/api/file/UOesoVZTFObSHCgUDygC\" bgcolor=\"#ffffff\" width=\"100%\" height=\"8\" valign=\"top\">\n          <!--[if gte mso 9]>\n          <v:rect xmlns:v=\"urn:schemas-microsoft-com:vml\" fill=\"true\" stroke=\"false\" style=\"mso-width-percent:1000;height:8px;\">\n            <v:fill type=\"tile\" src=\"https://www.filepicker.io/api/file/UOesoVZTFObSHCgUDygC\" color=\"#ffffff\" />\n            <v:textbox inset=\"0,0,0,0\">\n          <![endif]-->\n          <div height=\"8\">\n          </div>\n          <!--[if gte mso 9]>\n            </v:textbox>\n          </v:rect>\n          <![endif]-->\n        </td>\n      </tr>\n      <tr class=\"header-background\">\n        <td class=\"header container\" align=\"center\">\n          <div class=\"content\">\n            <span class=\"brand\">\n              <a href=\"#\">\n                Company Name\n              </a>\n            </span>\n          </div>\n        </td>\n      </tr>\n    </table>\n\n    <table class=\"body-wrap w320\">\n      <tr>\n        <td></td>\n        <td class=\"container\">\n          <div class=\"content\">\n            <table cellspacing=\"0\">\n              <tr>\n                <td>\n                  <table class=\"soapbox\">\n                    <tr>\n                      <td class=\"soapbox-title\">Your account settings have been updated</td>\n                    </tr>\n                  </table>\n                  <table class=\"body\">\n                    <tr>\n                      <td class=\"body-padding\"></td>\n                      <td class=\"body-padded\">\n                        <div class=\"body-title\">Hi {{ first_name }},</div>\n                        <table class=\"body-text\">\n                          <tr>\n                            <td class=\"body-text-cell\">\n                              Your account settings have been updated. If you did not update your settings, please <a href=\"#\">contact support</a>.\n                            </td>\n                          </tr>\n                        </table>\n                        <div><!--[if mso]>\n                          <v:roundrect xmlns:v=\"urn:schemas-microsoft-com:vml\" xmlns:w=\"urn:schemas-microsoft-com:office:word\" href=\"#\" style=\"height:38px;v-text-anchor:middle;width:230px;\" arcsize=\"11%\" strokecolor=\"#407429\" fill=\"t\">\n                            <v:fill type=\"tile\" src=\"https://www.filepicker.io/api/file/N8GiNGsmT6mK6ORk00S7\" color=\"#41CC00\" />\n                            <w:anchorlock/>\n                            <center style=\"color:#ffffff;font-family:sans-serif;font-size:17px;font-weight:bold;\">Review Account Settings</center>\n                          </v:roundrect>\n                        <![endif]--><a href=\"#\"\n                        style=\"background-color:#41CC00;background-image:url(https://www.filepicker.io/api/file/N8GiNGsmT6mK6ORk00S7);border:1px solid #407429;border-radius:4px;color:#ffffff;display:inline-block;font-family:sans-serif;font-size:17px;font-weight:bold;text-shadow: -1px -1px #47A54B;line-height:38px;text-align:center;text-decoration:none;width:230px;-webkit-text-size-adjust:none;mso-hide:all;\">Review Account Settings</a></div>\n                        <table class=\"body-signature-block\">\n                          <tr>\n                            <td class=\"body-signature-cell\">\n                              <p>Thanks for being a customer!</p>\n                              <p class=\"body-signature\"><img src=\"https://www.filepicker.io/api/file/2R9HpqboTPaB4NyF35xt\" alt=\"Company Name\"></p>\n                            </td>\n                          </tr>\n                        </table>\n                      </td>\n                      <td class=\"body-padding\"></td>\n                    </tr>\n                  </table>\n                </td>\n              </tr>\n            </table>\n          </div>\n        </td>\n        <td></td>\n      </tr>\n    </table>\n\n    <table class=\"footer-wrap w320 full-width-gmail-android\" bgcolor=\"#e5e5e5\">\n      <tr>\n        <td></td>\n        <td class=\"container\">\n          <div class=\"content footer-lead\">\n            <a href=\"#\"><b>Get in touch</b></a> if you have any questions or feedback\n          </div>\n        </td>\n        <td></td>\n      </tr>\n    </table>\n    <table class=\"footer-wrap w320 full-width-gmail-android\" bgcolor=\"#e5e5e5\">\n      <tr>\n        <td></td>\n        <td class=\"container\">\n          <div class=\"content\">\n            <a href=\"#\">Contact Us</a>&nbsp;&nbsp;|&nbsp;&nbsp;\n            <span class=\"footer-group\">\n              <a href=\"#\">Facebook</a>&nbsp;&nbsp;|&nbsp;&nbsp;\n              <a href=\"#\">Twitter</a>&nbsp;&nbsp;|&nbsp;&nbsp;\n              <a href=\"#\">Support</a>\n            </span>\n          </div>\n        </td>\n        <td></td>\n      </tr>\n    </table>\n  </div>\n\n</body>\n</html>\n', 'HTML', 'Content', 'Platform', NULL, NULL, '2022-03-14 15:33:40', '2022-03-14 15:33:40');

-- --------------------------------------------------------

--
-- Structură tabel pentru tabel `failed_jobs`
--

CREATE TABLE `failed_jobs` (
  `id` bigint UNSIGNED NOT NULL,
  `uuid` varchar(255) COLLATE utf8_unicode_ci DEFAULT NULL,
  `connection` text COLLATE utf8_unicode_ci NOT NULL,
  `queue` text COLLATE utf8_unicode_ci NOT NULL,
  `payload` longtext COLLATE utf8_unicode_ci NOT NULL,
  `exception` longtext COLLATE utf8_unicode_ci NOT NULL,
  `failed_at` timestamp NOT NULL DEFAULT CURRENT_TIMESTAMP
) ENGINE=InnoDB DEFAULT CHARSET=utf8mb3 COLLATE=utf8_unicode_ci;

-- --------------------------------------------------------

--
-- Structură tabel pentru tabel `faqs`
--

CREATE TABLE `faqs` (
  `id` int UNSIGNED NOT NULL,
  `faq_topic_id` int UNSIGNED DEFAULT NULL,
  `question` text COLLATE utf8_unicode_ci,
  `answer` longtext COLLATE utf8_unicode_ci,
  `created_at` timestamp NULL DEFAULT NULL,
  `updated_at` timestamp NULL DEFAULT NULL
) ENGINE=InnoDB DEFAULT CHARSET=utf8mb3 COLLATE=utf8_unicode_ci;

--
-- Eliminarea datelor din tabel `faqs`
--

INSERT INTO `faqs` (`id`, `faq_topic_id`, `question`, `answer`, `created_at`, `updated_at`) VALUES
(1, 1, 'Why should I sell on :marketplace?', 'There are many reasons to sell on :marketplace. We have our customers who can see your products to the ability to start selling fast without the need to create a new standalone website. You spend no time and money to do marekting, We do it for you!', '2022-03-14 15:33:15', '2022-03-14 15:33:15'),
(2, 1, 'Where else can I learn about how selling on :marketplace works?', 'We have videos, web docs, and blogs to help you find what you need.<ul><li>Getting Started page</li><li>Training and tutorials</li><li>Blog</li></ul>', '2022-03-14 15:33:15', '2022-03-14 15:33:15'),
(3, 1, 'Can I close my account?', 'If you want to close your account permanently, Seller Support can assist you. Keep in mind that you can use the Maintenance mode feature that will hide all your listings, or you can deactivate or remove your listings entirely but hold on to your account for future use. Before you close your account permanently, please cancel and remove your listings and resolve all transactions.', '2022-03-14 15:33:15', '2022-03-14 15:33:15'),
(4, 2, 'How do I manage my merchant account?', 'Use will get access to a full featured Merchant Dashboard to manage all aspects of selling on :marketplace, like manage your selling account, add product information, make inventory updates, manage orders, and manage users.', '2022-03-14 15:33:15', '2022-03-14 15:33:15'),
(5, 2, 'How many items i can add on my inventory?', 'It depends on which sbscription you choose. Please visit the pricing section for detail.', '2022-03-14 15:33:15', '2022-03-14 15:33:15'),
(6, 2, 'How will I know when I have a sale?', ':marketplace notifies you by email when you receive an order. You can change the notification settings in your account settings.', '2022-03-14 15:33:15', '2022-03-14 15:33:15'),
(7, 2, 'Can I offer gift-wrap and packaging services to my customers?', 'Yes. Our packaging service allows customers to choose when they check out, you can make the options available for any individual item on your listing page.', '2022-03-14 15:33:15', '2022-03-14 15:33:15'),
(8, 3, 'How much does it cost to sell on :marketplace?', ':marketplace offers different selling plans for a monthly subscription fee plus per-item selling fees, which vary by subscriptions. Please visit the pricing section for detail.', '2022-03-14 15:33:15', '2022-03-14 15:33:15'),
(9, 3, 'Is there any hidden cost?', 'No', '2022-03-14 15:33:15', '2022-03-14 15:33:15');

-- --------------------------------------------------------

--
-- Structură tabel pentru tabel `faq_topics`
--

CREATE TABLE `faq_topics` (
  `id` int UNSIGNED NOT NULL,
  `name` text COLLATE utf8_unicode_ci NOT NULL,
  `for` enum('Merchant','Customer') COLLATE utf8_unicode_ci NOT NULL DEFAULT 'Merchant',
  `created_at` timestamp NULL DEFAULT NULL,
  `updated_at` timestamp NULL DEFAULT NULL
) ENGINE=InnoDB DEFAULT CHARSET=utf8mb3 COLLATE=utf8_unicode_ci;

--
-- Eliminarea datelor din tabel `faq_topics`
--

INSERT INTO `faq_topics` (`id`, `name`, `for`, `created_at`, `updated_at`) VALUES
(1, 'Overview', 'Merchant', '2022-03-14 15:33:15', '2022-03-14 15:33:15'),
(2, 'Sell your items', 'Merchant', '2022-03-14 15:33:15', '2022-03-14 15:33:15'),
(3, 'Pricing', 'Merchant', '2022-03-14 15:33:15', '2022-03-14 15:33:15');

-- --------------------------------------------------------

--
-- Structură tabel pentru tabel `feedbacks`
--

CREATE TABLE `feedbacks` (
  `id` bigint UNSIGNED NOT NULL,
  `customer_id` bigint UNSIGNED NOT NULL,
  `rating` tinyint DEFAULT NULL,
  `comment` longtext COLLATE utf8_unicode_ci,
  `feedbackable_id` bigint UNSIGNED NOT NULL,
  `feedbackable_type` varchar(255) COLLATE utf8_unicode_ci NOT NULL,
  `approved` tinyint(1) NOT NULL DEFAULT '1',
  `spam` tinyint(1) NOT NULL DEFAULT '0',
  `created_at` timestamp NULL DEFAULT NULL,
  `updated_at` timestamp NULL DEFAULT NULL
) ENGINE=InnoDB DEFAULT CHARSET=utf8mb3 COLLATE=utf8_unicode_ci;

--
-- Eliminarea datelor din tabel `feedbacks`
--

INSERT INTO `feedbacks` (`id`, `customer_id`, `rating`, `comment`, `feedbackable_id`, `feedbackable_type`, `approved`, `spam`, `created_at`, `updated_at`) VALUES
(1, 4, 4, 'Quas quidem asperiores assumenda a consequatur. Rerum reiciendis ipsum expedita velit et. Aut et cumque voluptatem recusandae tenetur et labore aspernatur. Dolorum molestiae autem et impedit.', 94, 'App\\Models\\Inventory', 1, 0, '2022-03-11 15:33:39', '2022-03-12 15:33:39'),
(2, 6, 4, 'Voluptas voluptas corporis quia aut. Odio id molestias sed quia cupiditate ab. Eveniet ea quis quae sed. Rerum dolorem nemo saepe laboriosam.', 35, 'App\\Models\\Inventory', 1, 0, '2022-03-01 15:33:39', '2022-03-07 15:33:39'),
(3, 14, 5, 'Enim nihil est rerum modi. Ad totam reiciendis sint modi. Illum culpa fuga est. Omnis rerum laboriosam architecto quae placeat sit nobis sunt. Pariatur voluptas nostrum sapiente.', 4, 'App\\Models\\Shop', 1, 0, '2022-03-10 15:33:39', '2022-03-08 15:33:39'),
(4, 5, 2, 'Vitae eius cupiditate mollitia corrupti dolores minus molestiae distinctio. Voluptatem maiores velit asperiores autem eum. Cumque in autem dolores sunt maiores quasi.', 1, 'App\\Models\\Shop', 1, 0, '2022-03-02 15:33:39', '2022-03-07 15:33:39'),
(5, 9, 4, 'Dolore asperiores ratione ullam adipisci eaque laboriosam debitis. Magnam cum suscipit labore. Eum perferendis officiis sunt et ullam error.', 3, 'App\\Models\\Shop', 1, 0, '2022-02-27 15:33:39', '2022-03-06 15:33:39'),
(6, 2, 3, 'Error atque aut molestiae similique. Rem aut voluptatem voluptatibus maxime quos tenetur. Qui eaque corporis aut soluta quibusdam. Iusto ut et velit.', 16, 'App\\Models\\Inventory', 1, 0, '2022-03-04 15:33:39', '2022-03-04 15:33:39'),
(7, 11, 1, 'Soluta quis saepe culpa rerum cupiditate. Et rem eum ratione nemo eos numquam est adipisci. Omnis ut voluptatem rerum et consequuntur eos itaque.', 3, 'App\\Models\\Shop', 1, 0, '2022-02-28 15:33:39', '2022-03-07 15:33:39'),
(8, 16, 3, 'Fuga qui quia possimus exercitationem et qui. Quia asperiores dolorum cupiditate quod cupiditate.', 5, 'App\\Models\\Shop', 1, 0, '2022-03-04 15:33:39', '2022-03-09 15:33:39'),
(9, 10, 2, 'Aliquam quia molestias suscipit odio minus. Quam aut fugit reprehenderit aut nihil.', 88, 'App\\Models\\Inventory', 1, 0, '2022-02-27 15:33:39', '2022-03-08 15:33:39'),
(10, 15, 3, 'Sed est voluptatum perspiciatis temporibus itaque sit. Qui voluptas aut laboriosam dolore. Aut atque non sunt ut. Nisi praesentium inventore voluptatem at qui perspiciatis assumenda.', 3, 'App\\Models\\Shop', 1, 0, '2022-03-03 15:33:39', '2022-03-04 15:33:39'),
(11, 10, 5, 'Id deserunt qui earum et officia. Voluptatem harum temporibus numquam commodi quidem reprehenderit accusamus aut. Minima error dicta ratione aut. Voluptatem hic sunt consectetur hic sit.', 88, 'App\\Models\\Inventory', 1, 0, '2022-03-09 15:33:39', '2022-03-02 15:33:39'),
(12, 7, 1, 'Sit blanditiis ut molestias eum tempora quo. Labore ea non voluptatem eligendi eos. Repellat numquam voluptates modi quia vel consequatur libero.', 100, 'App\\Models\\Inventory', 1, 0, '2022-03-01 15:33:39', '2022-03-14 15:33:39'),
(13, 9, 5, 'Nam et perspiciatis magni aut eius sit porro. Voluptas et aspernatur deleniti quibusdam eum quos quia. Ipsam ex nam et non pariatur in nostrum. Aut consequuntur suscipit enim nam. Corporis eius natus omnis distinctio necessitatibus facere.', 17, 'App\\Models\\Inventory', 1, 0, '2022-03-06 15:33:39', '2022-03-11 15:33:39'),
(14, 3, 3, 'Cupiditate deleniti reprehenderit qui impedit. Quisquam optio perspiciatis nihil ea. Culpa sint est quia praesentium.', 63, 'App\\Models\\Inventory', 1, 0, '2022-03-12 15:33:39', '2022-03-08 15:33:39'),
(15, 6, 4, 'Provident dolor incidunt vel est fugit voluptatem. Sequi dolores id fuga possimus rem.', 9, 'App\\Models\\Inventory', 1, 0, '2022-03-04 15:33:39', '2022-03-06 15:33:39'),
(16, 15, 5, 'Quo quaerat quo optio iure. Necessitatibus quo dicta quia vitae neque.', 3, 'App\\Models\\Shop', 1, 0, '2022-03-03 15:33:39', '2022-03-12 15:33:39'),
(17, 16, 1, 'Enim ullam sit sit enim autem omnis voluptates. Natus non aut et ex. Quasi sequi asperiores enim quae harum. Qui deserunt officia nostrum dicta soluta consectetur. Ut aspernatur aliquam quas facere voluptate odio.', 5, 'App\\Models\\Shop', 1, 0, '2022-03-03 15:33:39', '2022-03-10 15:33:39'),
(18, 12, 3, 'Animi sequi quae quia quia dignissimos quibusdam. Voluptas eos et atque et molestias accusamus ullam. Porro ut veritatis officia magnam.', 3, 'App\\Models\\Shop', 1, 0, '2022-03-05 15:33:39', '2022-03-04 15:33:39'),
(19, 12, 4, 'Laudantium iste aut et exercitationem autem porro tempore. Voluptatum officia fugiat et illo eos. Dolorem sed nobis accusantium quia in sit.', 1, 'App\\Models\\Shop', 1, 0, '2022-03-01 15:33:39', '2022-03-06 15:33:39'),
(20, 10, 3, 'Quam voluptatem recusandae repellendus iusto repudiandae ipsa. Eaque dolor ducimus non eveniet. Officia temporibus eum cupiditate tempora doloribus occaecati ea.', 4, 'App\\Models\\Shop', 1, 0, '2022-03-06 15:33:39', '2022-03-11 15:33:39'),
(21, 13, 2, 'Quidem repellendus iusto perspiciatis in commodi quis. Optio ad voluptatem natus voluptate nulla quis tempore at. Et consequuntur accusamus vel veniam hic dolorem. Maxime quidem quidem eius neque.', 76, 'App\\Models\\Inventory', 1, 0, '2022-03-03 15:33:39', '2022-03-08 15:33:39'),
(22, 9, 2, 'Dolores enim amet enim accusamus veritatis. Accusamus placeat recusandae rem aut nihil repellat. Voluptatem eos voluptate autem libero quidem. Id voluptates est impedit qui. Sapiente sed hic et quidem.', 3, 'App\\Models\\Shop', 1, 0, '2022-02-28 15:33:39', '2022-03-04 15:33:39'),
(23, 13, 2, 'Maiores provident praesentium dolore aspernatur. Explicabo et placeat quaerat. Perferendis cumque corrupti qui et.', 48, 'App\\Models\\Inventory', 1, 0, '2022-03-07 15:33:39', '2022-02-28 15:33:39'),
(24, 15, 5, 'Tenetur esse ut nobis quo. Modi delectus delectus qui commodi ipsa dolores. Quia ad quo quo maiores dolorem blanditiis fugit.', 2, 'App\\Models\\Inventory', 1, 0, '2022-02-27 15:33:39', '2022-03-01 15:33:39'),
(25, 10, 5, 'Aperiam enim exercitationem animi modi quis alias. Aut fuga ullam aut ullam asperiores.', 1, 'App\\Models\\Shop', 1, 0, '2022-03-04 15:33:39', '2022-03-06 15:33:39'),
(26, 7, 1, 'Quas tempora atque et maiores ex sunt non. Minima perferendis porro qui nihil repellendus architecto facilis dolores. Nihil et non sit atque dolorum ratione. Reiciendis delectus deserunt perspiciatis dolores hic earum.', 39, 'App\\Models\\Inventory', 1, 0, '2022-03-10 15:33:39', '2022-03-04 15:33:39'),
(27, 2, 4, 'Accusantium soluta eum quia nam quaerat. Nihil enim neque est possimus. Omnis excepturi soluta sunt id quia sed.', 3, 'App\\Models\\Shop', 1, 0, '2022-03-03 15:33:39', '2022-02-27 15:33:39'),
(28, 5, 5, 'Error qui eos deserunt quis. Aliquid quos necessitatibus sit veritatis quae alias voluptates. Dicta impedit dolores ea eum non assumenda quia autem. Nam consequuntur nulla rem culpa molestiae. Ut occaecati commodi iste magni.', 5, 'App\\Models\\Shop', 1, 0, '2022-03-04 15:33:39', '2022-03-01 15:33:39'),
(29, 9, 1, 'Dolor aut doloribus explicabo consequatur. Rerum eos rerum blanditiis minus suscipit ut. In aut velit dolorum perspiciatis impedit eos alias. Ipsam aliquam ut officia natus qui velit quia.', 4, 'App\\Models\\Shop', 1, 0, '2022-02-27 15:33:39', '2022-03-10 15:33:39'),
(30, 6, 3, 'Laudantium architecto ut dolorem vitae. Dolores itaque dicta in debitis dolorem. Et odit eum fugit aperiam sit.', 102, 'App\\Models\\Inventory', 1, 0, '2022-03-03 15:33:39', '2022-03-04 15:33:39'),
(31, 14, 4, 'Voluptatibus repellendus nemo sapiente repellat voluptas odit recusandae. Et adipisci nesciunt et. Est ut ipsa eos odit et. Praesentium nemo sed libero accusamus neque quos. Expedita et numquam dicta laborum accusamus.', 5, 'App\\Models\\Shop', 1, 0, '2022-03-09 15:33:39', '2022-03-13 15:33:39'),
(32, 10, 2, 'Quasi porro in deserunt facilis. Sint velit aut vero nostrum consequatur et. Reiciendis provident quisquam nam nisi veniam. Illum ad vitae tempora iure ut rem ut.', 1, 'App\\Models\\Shop', 1, 0, '2022-03-02 15:33:39', '2022-03-06 15:33:39'),
(33, 16, 3, 'Qui numquam consequatur nihil iste laborum fuga nihil esse. Libero et sint ducimus fugit. Deserunt autem maxime atque eius.', 96, 'App\\Models\\Inventory', 1, 0, '2022-03-06 15:33:39', '2022-03-07 15:33:39'),
(34, 11, 3, 'Neque assumenda voluptatem adipisci aut animi. Quia omnis suscipit dolorem eum omnis ea assumenda doloremque. Ut quisquam quam suscipit tempore assumenda. Atque ut recusandae et et dolores omnis et.', 4, 'App\\Models\\Shop', 1, 0, '2022-03-01 15:33:39', '2022-03-12 15:33:39'),
(35, 12, 1, 'Et laudantium omnis ut nam ipsam saepe voluptatem. Excepturi occaecati aut omnis nemo voluptas est similique quae. Dolor adipisci pariatur corporis nobis vel.', 53, 'App\\Models\\Inventory', 1, 0, '2022-03-11 15:33:39', '2022-03-10 15:33:39'),
(36, 11, 4, 'Rerum vitae atque dolores beatae velit suscipit. Aspernatur ipsum sunt distinctio est sed. At eveniet necessitatibus aut omnis dolore. Et dicta aut omnis autem dolorem et. Eum sunt accusantium quasi.', 1, 'App\\Models\\Shop', 1, 0, '2022-03-09 15:33:39', '2022-03-02 15:33:39'),
(37, 15, 5, 'Officiis natus deserunt ea enim eveniet aut recusandae accusamus. Minima ab accusantium libero maxime dicta. Fugiat et magni voluptatum et. Id et qui enim sit.', 5, 'App\\Models\\Shop', 1, 0, '2022-03-09 15:33:39', '2022-03-12 15:33:39'),
(38, 4, 2, 'A ratione odit quia reprehenderit doloremque. Placeat a sint quos. Id labore numquam animi nihil.', 2, 'App\\Models\\Shop', 1, 0, '2022-03-07 15:33:39', '2022-03-02 15:33:39'),
(39, 11, 5, 'Dolorem iste qui qui sit. Quis non ex libero et blanditiis harum ipsa. Vitae nostrum voluptates exercitationem accusamus. Quo sit amet eligendi quae.', 3, 'App\\Models\\Shop', 1, 0, '2022-03-03 15:33:39', '2022-03-12 15:33:39'),
(40, 11, 2, 'Iusto quam nihil quis ducimus molestias. Voluptatem ut amet consectetur enim ab hic quod quis. Excepturi culpa accusantium ipsum nam exercitationem cum.', 4, 'App\\Models\\Shop', 1, 0, '2022-03-01 15:33:39', '2022-02-28 15:33:39'),
(41, 1, 3, 'Tempore alias nulla non qui eum. Cumque consequuntur eaque doloribus suscipit cupiditate in. Ullam voluptatum ad ab voluptates aut eveniet.', 32, 'App\\Models\\Inventory', 1, 0, '2022-03-09 15:33:39', '2022-03-11 15:33:39'),
(42, 13, 4, 'Accusamus aut quis perferendis laborum. Incidunt tenetur dolores ut architecto. Est consequatur voluptatum odit molestiae voluptatibus doloribus voluptatum.', 1, 'App\\Models\\Shop', 1, 0, '2022-03-14 15:33:39', '2022-03-04 15:33:39'),
(43, 8, 3, 'Labore porro error nesciunt voluptatem ex. Alias sint at consequuntur incidunt dolores. Earum ex nam magnam repellat.', 55, 'App\\Models\\Inventory', 1, 0, '2022-03-01 15:33:39', '2022-03-09 15:33:39'),
(44, 12, 5, 'Dolor eligendi reprehenderit ut quo pariatur esse. Sed quibusdam repellendus soluta nobis deserunt dolore vitae. Eaque accusamus qui repellat dolorum eligendi voluptatem ullam. Nihil dolorem rerum nobis incidunt.', 5, 'App\\Models\\Shop', 1, 0, '2022-03-06 15:33:39', '2022-03-07 15:33:39'),
(45, 8, 2, 'Eaque tempore est ad architecto aut rerum. Error ullam ipsum neque reprehenderit consequuntur sit. Corporis reprehenderit facilis laborum quae tempora. Quis ut laboriosam doloremque aut consequatur non.', 15, 'App\\Models\\Inventory', 1, 0, '2022-03-02 15:33:39', '2022-03-11 15:33:39'),
(46, 4, 4, 'Aut ad rem consequatur beatae architecto qui. Aut rerum cum fugit nobis dolore odit. Cumque eos dolore ut ipsa est.', 50, 'App\\Models\\Inventory', 1, 0, '2022-03-13 15:33:39', '2022-03-03 15:33:39'),
(47, 13, 4, 'Consequatur non sint laborum officia quas ipsam. Est dolorem aut qui quibusdam aliquam quibusdam modi veniam. Dicta tempore quod vel perspiciatis. Suscipit mollitia et exercitationem asperiores.', 1, 'App\\Models\\Shop', 1, 0, '2022-03-01 15:33:39', '2022-02-27 15:33:39'),
(48, 13, 3, 'Alias rerum amet alias voluptatum quo a maiores. Non nihil est vitae. Minus eaque quod corporis recusandae quam modi aliquid. Voluptatum tempora inventore dignissimos.', 29, 'App\\Models\\Inventory', 1, 0, '2022-03-07 15:33:39', '2022-03-13 15:33:39'),
(49, 3, 4, 'Amet pariatur ipsam nobis itaque labore. Et et est ut mollitia sapiente beatae sed. Et ipsa est earum tempore sed modi. Voluptate tempora maxime eaque porro quia omnis.', 83, 'App\\Models\\Inventory', 1, 0, '2022-03-05 15:33:39', '2022-03-08 15:33:39'),
(50, 7, 4, 'Mollitia veniam doloribus eos alias. Ad consequatur aut ratione at. Qui corporis qui est non. Voluptas aut suscipit nostrum perspiciatis magni quaerat voluptatem.', 2, 'App\\Models\\Shop', 1, 0, '2022-03-10 15:33:39', '2022-03-01 15:33:39'),
(51, 3, 1, 'Velit exercitationem vitae nihil in rem ex. Facere repellat odio aliquid nihil. Magnam ad aliquam dolores natus aliquid.', 3, 'App\\Models\\Shop', 1, 0, '2022-03-03 15:33:39', '2022-03-05 15:33:39'),
(52, 8, 3, 'Eveniet soluta suscipit iste dignissimos. Reiciendis iure magnam dolores vero. Qui sequi ad nisi dolorem sit accusamus cum. Ea modi dolor consequuntur odio maiores porro doloribus.', 50, 'App\\Models\\Inventory', 1, 0, '2022-03-03 15:33:39', '2022-03-02 15:33:39'),
(53, 9, 5, 'Et sequi architecto adipisci deserunt voluptatem. Sunt id asperiores odit sunt et.', 2, 'App\\Models\\Shop', 1, 0, '2022-03-05 15:33:39', '2022-03-10 15:33:39'),
(54, 8, 2, 'Ut est et veniam voluptatem et. Nemo recusandae laudantium illo et magni quaerat ut. Rerum expedita perspiciatis illo quis quia placeat quo in.', 16, 'App\\Models\\Inventory', 1, 0, '2022-03-09 15:33:39', '2022-03-04 15:33:39'),
(55, 2, 4, 'Maiores dolorem aut totam recusandae delectus. Perspiciatis enim sapiente modi cumque voluptatem officia. Dolorem veniam a fugit fugit et impedit. Sequi sint ut debitis vel cumque quis.', 1, 'App\\Models\\Shop', 1, 0, '2022-03-03 15:33:39', '2022-03-03 15:33:39'),
(56, 9, 1, 'Id quia non numquam maiores impedit et. Quaerat nam quisquam quia ipsam praesentium. Vel animi nobis earum velit minima qui error. Minus sequi est qui praesentium corporis velit eum.', 64, 'App\\Models\\Inventory', 1, 0, '2022-02-27 15:33:39', '2022-03-06 15:33:39'),
(57, 3, 5, 'Commodi officia et cum vitae. Ut vel occaecati est aspernatur. Impedit cum sint nesciunt facilis voluptas et quae. Commodi quisquam maiores ipsa dolorem dolore assumenda rem.', 5, 'App\\Models\\Shop', 1, 0, '2022-03-14 15:33:39', '2022-03-11 15:33:39'),
(58, 1, 1, 'Eligendi et officia consectetur soluta quidem. Id delectus velit veritatis quod dolores omnis repellendus. Eveniet aut voluptatibus magnam ullam. Assumenda delectus molestiae non repellendus culpa voluptatem labore.', 2, 'App\\Models\\Shop', 1, 0, '2022-03-11 15:33:39', '2022-03-12 15:33:39'),
(59, 16, 4, 'Adipisci distinctio eos eveniet laboriosam voluptatum laboriosam. Quia facilis consectetur sit ducimus fugiat nisi voluptas. A eos autem natus laboriosam a tempore. Quia velit enim iusto. Doloribus et aut accusantium.', 79, 'App\\Models\\Inventory', 1, 0, '2022-03-13 15:33:39', '2022-02-28 15:33:39'),
(60, 6, 3, 'Et maxime exercitationem voluptas rem fugiat quae ratione sunt. Tempore non ratione corrupti similique quo. Aliquam molestiae expedita ut assumenda repellat explicabo atque. Ut similique non id nostrum.', 1, 'App\\Models\\Shop', 1, 0, '2022-03-07 15:33:39', '2022-03-02 15:33:39'),
(61, 16, 1, 'Dolore dolores nostrum sint accusantium et. Tempore eius sed rerum laudantium dolorem non. Omnis laboriosam repellat inventore tempore quaerat excepturi qui.', 17, 'App\\Models\\Inventory', 1, 0, '2022-03-01 15:33:39', '2022-03-04 15:33:39'),
(62, 7, 5, 'Voluptatem rerum ipsum illum. Voluptatem neque quae nulla numquam nostrum necessitatibus est. Placeat aliquam repellat eos dicta excepturi earum.', 47, 'App\\Models\\Inventory', 1, 0, '2022-03-05 15:33:39', '2022-03-06 15:33:39'),
(63, 10, 3, 'Mollitia veniam dolorum consequuntur cumque sapiente repellendus. Odio et perferendis totam iure molestiae consequatur molestiae. Et ipsa omnis harum suscipit beatae rerum laboriosam reprehenderit. Tempora aut omnis mollitia consequatur facilis itaque.', 5, 'App\\Models\\Shop', 1, 0, '2022-02-27 15:33:39', '2022-03-04 15:33:39'),
(64, 11, 4, 'Et alias et sit sed laudantium fugit explicabo. Quidem ullam nam omnis accusamus quis aliquid quas. Animi itaque voluptas aut id.', 2, 'App\\Models\\Shop', 1, 0, '2022-03-13 15:33:39', '2022-03-09 15:33:39'),
(65, 9, 2, 'Modi eveniet voluptatem debitis enim dicta eius numquam. Quo quo a officiis aliquam dicta fugiat. Blanditiis labore repudiandae nisi deserunt ut ut.', 1, 'App\\Models\\Shop', 1, 0, '2022-03-09 15:33:39', '2022-03-11 15:33:39'),
(66, 6, 3, 'Quo dolore dolorem exercitationem illo harum aut. Neque molestias ratione et vero vel dolore. Perferendis impedit vitae reprehenderit neque iste earum nesciunt.', 5, 'App\\Models\\Shop', 1, 0, '2022-03-07 15:33:39', '2022-03-10 15:33:39'),
(67, 15, 2, 'Repellendus a et in ut sunt dolorem tempore. Quia nesciunt quia vero aperiam earum dolorem quibusdam. Sint fugit quis rerum at doloribus. Blanditiis quaerat accusantium consectetur sed aut ab vel.', 74, 'App\\Models\\Inventory', 1, 0, '2022-03-08 15:33:39', '2022-03-09 15:33:39'),
(68, 3, 1, 'Quae fugiat adipisci magnam et blanditiis quia est. Nam quae molestiae aut itaque quod provident impedit.', 84, 'App\\Models\\Inventory', 1, 0, '2022-02-27 15:33:39', '2022-02-27 15:33:39'),
(69, 7, 2, 'Est nesciunt fugiat unde debitis possimus. At ut facilis quae sunt consequatur. Dignissimos in earum qui distinctio nostrum beatae.', 3, 'App\\Models\\Shop', 1, 0, '2022-03-11 15:33:39', '2022-03-13 15:33:39'),
(70, 12, 3, 'Aut voluptatum iusto velit quos possimus et. Debitis laudantium aut aut omnis nihil. Repudiandae rerum sit laudantium numquam et. Molestias iusto excepturi quia et enim eum. Voluptate recusandae ut impedit quod tempore dolor fugit.', 52, 'App\\Models\\Inventory', 1, 0, '2022-03-07 15:33:39', '2022-03-01 15:33:39'),
(71, 7, 3, 'Et sit sed et officia. Ut eum sit distinctio aperiam. Facere quos non deserunt impedit provident. Unde quas cum ipsa nihil cupiditate quia.', 9, 'App\\Models\\Inventory', 1, 0, '2022-03-08 15:33:39', '2022-03-06 15:33:39'),
(72, 8, 3, 'Ea impedit autem reprehenderit dignissimos. Eum nihil ullam ex a dolor quidem temporibus. Aspernatur pariatur iusto ut inventore nam beatae sunt.', 8, 'App\\Models\\Inventory', 1, 0, '2022-02-27 15:33:39', '2022-03-08 15:33:39'),
(73, 11, 2, 'Rerum ut aut aut. Blanditiis ipsa error nesciunt nam earum ex. Aut suscipit in quia eum officia.', 4, 'App\\Models\\Shop', 1, 0, '2022-03-04 15:33:39', '2022-03-14 15:33:39'),
(74, 7, 2, 'Nulla fugiat tenetur occaecati. Aut et illum omnis quisquam et. Consequatur quae quibusdam consequuntur est aliquid.', 1, 'App\\Models\\Shop', 1, 0, '2022-03-13 15:33:39', '2022-03-12 15:33:39'),
(75, 6, 4, 'Eveniet dolor doloremque molestiae. Odit tempora reiciendis molestiae. Blanditiis quam voluptatibus ut et occaecati. Dicta officia corrupti delectus nam.', 1, 'App\\Models\\Shop', 1, 0, '2022-03-04 15:33:39', '2022-03-06 15:33:39'),
(76, 5, 4, 'Et et molestiae numquam est quia itaque. Rerum numquam molestias delectus dolores rem aut. Eius aut praesentium sed dicta enim pariatur.', 101, 'App\\Models\\Inventory', 1, 0, '2022-03-02 15:33:39', '2022-03-04 15:33:39'),
(77, 8, 3, 'Est dolorum commodi autem rerum aperiam. Facere vero ut exercitationem dolorem. Totam nihil assumenda labore omnis quidem. Nulla ducimus repudiandae fuga alias consequatur omnis delectus. Ducimus nobis ipsa doloribus accusamus aliquid dolorum.', 18, 'App\\Models\\Inventory', 1, 0, '2022-03-06 15:33:39', '2022-03-03 15:33:39'),
(78, 2, 2, 'Earum adipisci sit maiores officia architecto. Repellat veniam nisi fugit magni distinctio rem placeat. Ipsa ducimus libero assumenda omnis sint omnis ea.', 4, 'App\\Models\\Shop', 1, 0, '2022-03-03 15:33:39', '2022-03-04 15:33:39'),
(79, 4, 4, 'Enim atque nulla at et. Quas quaerat quia ea a ab quia ducimus.', 16, 'App\\Models\\Inventory', 1, 0, '2022-03-13 15:33:39', '2022-03-04 15:33:39'),
(80, 15, 2, 'Molestias deserunt natus laboriosam corporis perferendis. Quia non et aut neque iure et cumque iste. Cumque optio est alias autem. Eligendi ratione quia quia dolore eum. Aut recusandae non quam eos ut consequatur quos.', 2, 'App\\Models\\Shop', 1, 0, '2022-03-09 15:33:39', '2022-02-28 15:33:39'),
(81, 15, 3, 'Possimus at accusantium eum tempore voluptas nulla nostrum voluptates. Nobis aut qui ducimus et. Consequuntur rem facilis repudiandae dolore consequatur autem facere. Fugiat dolorem hic itaque.', 2, 'App\\Models\\Shop', 1, 0, '2022-03-02 15:33:39', '2022-03-09 15:33:39'),
(82, 12, 2, 'Dignissimos placeat est quo voluptas neque. Ab eum temporibus rerum totam saepe adipisci vero optio. Ab nihil quod praesentium fuga. Enim autem enim dignissimos ipsam deleniti.', 15, 'App\\Models\\Inventory', 1, 0, '2022-03-13 15:33:39', '2022-03-09 15:33:39'),
(83, 11, 4, 'Atque deleniti tempora fuga eos at. Possimus reiciendis veniam voluptatem eligendi dolor reiciendis. Doloremque et ipsam et suscipit eveniet. Nisi qui illum nam nam omnis.', 2, 'App\\Models\\Shop', 1, 0, '2022-03-06 15:33:39', '2022-03-13 15:33:39'),
(84, 5, 2, 'Quas sed asperiores quod dignissimos est. Est debitis doloremque libero sapiente eius id. Aut nobis et ducimus a cupiditate inventore dolor. Eum cum quis inventore voluptatum ex totam nesciunt.', 5, 'App\\Models\\Shop', 1, 0, '2022-03-04 15:33:39', '2022-03-11 15:33:39'),
(85, 8, 1, 'Pariatur dignissimos accusamus voluptatem ratione sit odio. Nihil et porro facere est non quidem. Consequatur et id eos odio deleniti ratione sunt.', 1, 'App\\Models\\Shop', 1, 0, '2022-03-14 15:33:39', '2022-03-13 15:33:39'),
(86, 4, 4, 'Et similique doloribus optio qui aliquam dolorum. Iusto ipsum provident aspernatur et dolor distinctio ipsum deserunt. Voluptatibus omnis nisi sit aut assumenda hic.', 1, 'App\\Models\\Shop', 1, 0, '2022-03-10 15:33:39', '2022-03-08 15:33:39'),
(87, 1, 4, 'Dolorum officia repellendus ea voluptatem quia. Nemo magni suscipit ut molestias consequatur. Corrupti eius dicta amet nihil ut tempora.', 2, 'App\\Models\\Shop', 1, 0, '2022-03-06 15:33:39', '2022-03-14 15:33:39'),
(88, 6, 3, 'Necessitatibus assumenda vel autem sunt cumque suscipit. Ea neque quidem deleniti at aut. Odit eius dolorem repellendus eveniet. Quos odio voluptates quia velit cumque doloremque voluptatem. Et libero error quisquam qui quibusdam quo.', 70, 'App\\Models\\Inventory', 1, 0, '2022-03-11 15:33:39', '2022-03-12 15:33:39'),
(89, 7, 1, 'Unde est perferendis eos eos pariatur voluptas expedita. Labore voluptatem voluptates qui ea. Magnam similique dolor consectetur consequatur nam. Vero corrupti possimus tempora iusto sed.', 5, 'App\\Models\\Inventory', 1, 0, '2022-03-12 15:33:39', '2022-03-04 15:33:39'),
(90, 3, 4, 'Sed beatae est voluptatem dolorem aut quia harum. Suscipit beatae ut esse molestiae et sequi voluptatem. Voluptas suscipit sunt dolorem aspernatur nam nobis vitae illo. Libero non doloribus reprehenderit ea nisi enim. Hic et dolores rem est ullam dignissimos inventore nesciunt.', 4, 'App\\Models\\Shop', 1, 0, '2022-03-01 15:33:39', '2022-03-14 15:33:39'),
(91, 10, 2, 'Assumenda necessitatibus nulla dolores dolores. Laudantium sed nobis asperiores ut praesentium.', 4, 'App\\Models\\Shop', 1, 0, '2022-03-07 15:33:39', '2022-03-02 15:33:39'),
(92, 4, 3, 'Aut optio ut tempore voluptatem voluptas non blanditiis. Vel enim modi aperiam rerum suscipit neque et. Delectus nulla eveniet et dolore.', 36, 'App\\Models\\Inventory', 1, 0, '2022-03-11 15:33:39', '2022-03-11 15:33:39'),
(93, 7, 5, 'Quibusdam maxime voluptatem quia velit ratione eveniet veniam. Ab similique qui architecto. Voluptatibus rerum et unde. Consectetur esse et aut accusamus repudiandae accusamus. Et reprehenderit ab excepturi impedit perferendis ut harum.', 3, 'App\\Models\\Shop', 1, 0, '2022-03-03 15:33:39', '2022-03-01 15:33:39'),
(94, 13, 2, 'Pariatur et architecto placeat sed modi excepturi. Sunt ut eos iste est. Aspernatur quo ex accusamus sed. Quisquam est blanditiis quae animi odio tenetur aut.', 102, 'App\\Models\\Inventory', 1, 0, '2022-03-04 15:33:39', '2022-03-06 15:33:39'),
(95, 8, 1, 'Aut impedit corporis sequi et molestiae aut. Molestiae inventore quod et ut.', 31, 'App\\Models\\Inventory', 1, 0, '2022-03-12 15:33:39', '2022-03-05 15:33:39'),
(96, 5, 3, 'Debitis omnis nam dolorem sit at. Voluptas ducimus quia sit provident. Cumque sit fuga aut reprehenderit aliquid nihil placeat.', 3, 'App\\Models\\Shop', 1, 0, '2022-03-03 15:33:39', '2022-03-11 15:33:39'),
(97, 11, 5, 'Aliquam rerum optio velit et rerum vitae voluptatem. Occaecati hic doloribus eligendi dolor inventore voluptates. Fugit qui nemo rerum ab ut.', 2, 'App\\Models\\Shop', 1, 0, '2022-03-07 15:33:39', '2022-03-12 15:33:39'),
(98, 14, 3, 'Voluptas exercitationem repudiandae magnam natus optio sint hic. Rerum officia sequi quibusdam error accusamus dignissimos possimus officia. Excepturi dolores et debitis ut quia quisquam aut temporibus.', 57, 'App\\Models\\Inventory', 1, 0, '2022-03-04 15:33:39', '2022-03-08 15:33:39'),
(99, 6, 2, 'Quis voluptate asperiores omnis veniam consequatur. Molestias et est alias quia est unde neque accusamus.', 28, 'App\\Models\\Inventory', 1, 0, '2022-03-02 15:33:39', '2022-03-01 15:33:39'),
(100, 1, 2, 'Explicabo sint perferendis accusamus dolores provident dolor. Eum velit fugit omnis dolor debitis sit animi provident. Et eum et id maxime accusamus a quasi voluptatem. Quae minima ut odio nam possimus deserunt.', 79, 'App\\Models\\Inventory', 1, 0, '2022-03-11 15:33:39', '2022-03-13 15:33:39'),
(101, 10, 5, 'Voluptas quas quaerat rem repudiandae non. Nam sit fugiat vero quos vero et saepe officiis. Accusamus voluptatem aut sunt quia incidunt ut.', 4, 'App\\Models\\Shop', 1, 0, '2022-03-06 15:33:39', '2022-03-06 15:33:39'),
(102, 2, 5, 'Nam quod deleniti natus est deleniti nobis repellendus. Voluptatem tenetur corrupti sunt deleniti.', 4, 'App\\Models\\Shop', 1, 0, '2022-03-14 15:33:39', '2022-02-28 15:33:39'),
(103, 2, 5, 'Quo veritatis consequatur perspiciatis ut. Magni omnis nesciunt aut. Sit quam suscipit odio.', 30, 'App\\Models\\Inventory', 1, 0, '2022-03-11 15:33:39', '2022-02-27 15:33:39'),
(104, 1, 4, 'Non provident quibusdam mollitia itaque consequatur velit dolorem. Reprehenderit necessitatibus eos ut. Eaque quia similique a tempore. Explicabo dolores tempore commodi.', 3, 'App\\Models\\Inventory', 1, 0, '2022-03-01 15:33:39', '2022-03-08 15:33:39'),
(105, 10, 4, 'Sapiente est aut consectetur illum labore accusamus. Velit quibusdam nihil sit non sapiente est consequatur. Accusantium maiores vel molestias consequatur iure et.', 74, 'App\\Models\\Inventory', 1, 0, '2022-03-03 15:33:39', '2022-03-14 15:33:39'),
(106, 3, 4, 'Quisquam unde enim illo error est voluptatibus. Laborum consequatur dolores et nulla enim aliquam et. Saepe corrupti et quam necessitatibus nostrum sit in. Aut non nihil magnam autem. Recusandae et ut eos exercitationem dolorum.', 46, 'App\\Models\\Inventory', 1, 0, '2022-03-04 15:33:39', '2022-03-01 15:33:39'),
(107, 11, 3, 'Blanditiis itaque consequatur sunt impedit alias quasi. Dolorem laborum tenetur distinctio. Expedita asperiores et officia quos.', 34, 'App\\Models\\Inventory', 1, 0, '2022-03-10 15:33:39', '2022-03-01 15:33:39'),
(108, 16, 2, 'Ea sit accusantium autem rerum mollitia placeat molestiae. Vel ut non expedita dolorum non quia id. Distinctio nam eius illum. Occaecati eius officia velit velit. Corporis nam deleniti vero culpa itaque labore sed.', 3, 'App\\Models\\Shop', 1, 0, '2022-02-27 15:33:39', '2022-03-02 15:33:39'),
(109, 5, 2, 'Rerum commodi non ullam molestiae libero. Vel et et qui itaque enim accusantium voluptate. Totam suscipit vitae quia qui sint dolor.', 75, 'App\\Models\\Inventory', 1, 0, '2022-03-10 15:33:39', '2022-03-05 15:33:39'),
(110, 5, 4, 'Voluptas dicta unde ea unde saepe. Et culpa vero a incidunt architecto. Est fugiat dolore minus quisquam. Quo aliquam ea sed voluptatibus ipsam nostrum recusandae.', 98, 'App\\Models\\Inventory', 1, 0, '2022-03-01 15:33:39', '2022-02-27 15:33:39'),
(111, 10, 4, 'Sunt minima reiciendis quod eos. Enim saepe pariatur quo. Quam dolor consequatur officia fuga ut aut.', 2, 'App\\Models\\Shop', 1, 0, '2022-03-14 15:33:39', '2022-02-27 15:33:39'),
(112, 15, 2, 'Rerum aut ut voluptates quibusdam aperiam. Et et odit tenetur eos nobis. Numquam ad quo et. Laborum debitis ut vero consequatur similique eos consectetur.', 71, 'App\\Models\\Inventory', 1, 0, '2022-03-08 15:33:39', '2022-03-09 15:33:39'),
(113, 9, 1, 'Aut blanditiis quod et aliquam facilis voluptatibus voluptates qui. Distinctio et magnam rerum eius ea sunt. Maiores ut voluptas officiis nihil consequuntur eum. Recusandae perspiciatis error voluptatum ullam voluptatibus neque.', 3, 'App\\Models\\Shop', 1, 0, '2022-03-01 15:33:39', '2022-03-06 15:33:39'),
(114, 7, 5, 'Quasi nesciunt magni in maiores hic incidunt. Nihil aut aut at blanditiis. Iste velit dolor modi non recusandae in.', 79, 'App\\Models\\Inventory', 1, 0, '2022-03-03 15:33:39', '2022-03-11 15:33:39'),
(115, 16, 1, 'Tempora enim ratione unde odit accusantium omnis. Nostrum saepe voluptas asperiores quam dolor consectetur officia. Voluptatem molestias ut ipsa.', 5, 'App\\Models\\Shop', 1, 0, '2022-03-01 15:33:39', '2022-03-12 15:33:39'),
(116, 13, 1, 'Minus nihil laborum consequatur ut velit et. Quo quia nihil beatae exercitationem enim quia.', 1, 'App\\Models\\Shop', 1, 0, '2022-02-28 15:33:39', '2022-03-11 15:33:39'),
(117, 1, 3, 'Ea ea voluptates vel saepe. Ut dolor qui consequatur. Alias qui et illum officia voluptates enim. Repellendus debitis ut sint unde consectetur. Repellat commodi maxime sunt deserunt deserunt.', 3, 'App\\Models\\Shop', 1, 0, '2022-03-01 15:33:39', '2022-03-05 15:33:39'),
(118, 10, 3, 'Voluptas voluptas iste adipisci provident quia provident quo. Quidem magni tenetur enim. Qui eligendi est amet dolor a quaerat. Perferendis rerum quasi enim sint dolor.', 48, 'App\\Models\\Inventory', 1, 0, '2022-03-03 15:33:39', '2022-03-11 15:33:39'),
(119, 9, 5, 'Consequatur repellat ullam rem corrupti. Ut eveniet aut aspernatur quam velit perspiciatis repudiandae. Ut ut nobis hic dolorem sunt in.', 3, 'App\\Models\\Shop', 1, 0, '2022-03-06 15:33:39', '2022-03-03 15:33:39'),
(120, 1, 5, 'Veritatis aut ad natus quia magni explicabo. Omnis explicabo quos corporis ut error et. Sunt consequatur ut dolorem dolorum id.', 4, 'App\\Models\\Inventory', 1, 0, '2022-03-07 15:33:39', '2022-03-10 15:33:39'),
(121, 13, 1, 'Ut praesentium sunt veniam possimus aut voluptas culpa. Velit repellat corporis eaque. Illum doloremque doloremque ut est saepe.', 16, 'App\\Models\\Inventory', 1, 0, '2022-03-05 15:33:39', '2022-03-02 15:33:39'),
(122, 3, 4, 'Ut officiis natus autem est. Eligendi placeat ex consequuntur ex id. Dolorem voluptate voluptatem eos. Optio natus iusto aut quo exercitationem magni rerum.', 5, 'App\\Models\\Shop', 1, 0, '2022-03-04 15:33:39', '2022-03-02 15:33:39'),
(123, 12, 5, 'Labore numquam quia sit. Praesentium et reprehenderit dolore et debitis. Qui voluptatem laborum quam vel facere dolor quas.', 5, 'App\\Models\\Shop', 1, 0, '2022-03-09 15:33:39', '2022-03-11 15:33:39'),
(124, 1, 3, 'Neque quas quis quae unde laudantium. Ratione voluptas et voluptatem asperiores. Vitae ipsum nam omnis est excepturi.', 7, 'App\\Models\\Inventory', 1, 0, '2022-03-02 15:33:39', '2022-03-08 15:33:39'),
(125, 4, 1, 'Reiciendis sit dolores et. Totam unde veniam sequi aut sit doloremque atque odio. Nobis porro sunt ratione voluptatibus. Suscipit nihil eligendi minima quaerat soluta et.', 25, 'App\\Models\\Inventory', 1, 0, '2022-02-27 15:33:39', '2022-03-06 15:33:39'),
(126, 10, 3, 'Et aspernatur qui minus necessitatibus atque. Ut qui labore accusantium porro. Repudiandae a alias cum sed quo est reiciendis recusandae. Et in et et illo laboriosam minima autem. Dicta doloribus pariatur omnis assumenda nobis nobis voluptatem.', 41, 'App\\Models\\Inventory', 1, 0, '2022-03-05 15:33:39', '2022-03-14 15:33:39'),
(127, 4, 2, 'Id quia fugit sint. Aliquam aut deleniti deserunt vero. Asperiores magni veritatis illum a omnis reprehenderit eum nobis.', 89, 'App\\Models\\Inventory', 1, 0, '2022-03-03 15:33:39', '2022-02-27 15:33:39'),
(128, 1, 4, 'Saepe sed fugit temporibus et. Temporibus sint consequatur laborum laborum omnis similique. Explicabo in tenetur omnis rerum ex voluptatum qui et.', 4, 'App\\Models\\Shop', 1, 0, '2022-02-27 15:33:39', '2022-02-28 15:33:39'),
(129, 13, 5, 'Nemo ullam nihil eum occaecati et et. Quaerat sunt quae est ab magnam ex. Quis consequatur occaecati aut. Voluptas repellat aut pariatur modi nemo.', 3, 'App\\Models\\Shop', 1, 0, '2022-03-11 15:33:39', '2022-03-11 15:33:39'),
(130, 11, 1, 'Iusto illo aut ducimus. Laudantium sit aut minus explicabo quis nulla et dolor. Eius ut atque ratione dolores magnam adipisci. Minima omnis iure voluptas. Ea itaque sit aliquam voluptatum aut voluptas.', 1, 'App\\Models\\Shop', 1, 0, '2022-03-04 15:33:39', '2022-03-01 15:33:39'),
(131, 8, 2, 'Incidunt similique voluptatibus soluta ducimus. Nemo autem iusto omnis quibusdam. Eum omnis cum reprehenderit aliquid. Et omnis qui at esse.', 4, 'App\\Models\\Shop', 1, 0, '2022-03-10 15:33:39', '2022-03-14 15:33:39'),
(132, 4, 4, 'Saepe maxime soluta est ab. Optio atque expedita sit molestiae veritatis similique. Voluptatum ut quaerat magni minima adipisci.', 1, 'App\\Models\\Shop', 1, 0, '2022-03-12 15:33:39', '2022-03-05 15:33:39'),
(133, 8, 4, 'Repellendus ut laborum soluta. Sunt impedit ut ab modi aut. Consequatur perspiciatis architecto a laborum. Maiores dolorem exercitationem est asperiores ea rerum sapiente.', 103, 'App\\Models\\Inventory', 1, 0, '2022-03-04 15:33:39', '2022-03-03 15:33:39'),
(134, 4, 3, 'Provident quia voluptatibus reprehenderit omnis fuga repellendus quos expedita. Voluptatem similique omnis quo tenetur in eos.', 5, 'App\\Models\\Shop', 1, 0, '2022-03-11 15:33:39', '2022-03-05 15:33:39'),
(135, 10, 1, 'Autem ipsam eum vel voluptas. Quo velit quas nesciunt ut qui.', 46, 'App\\Models\\Inventory', 1, 0, '2022-03-12 15:33:39', '2022-03-03 15:33:39'),
(136, 11, 4, 'Cupiditate deserunt eaque veritatis sunt inventore modi voluptatem voluptas. Doloribus sit enim culpa et sint ut. Non incidunt possimus explicabo et dignissimos qui.', 26, 'App\\Models\\Inventory', 1, 0, '2022-03-09 15:33:39', '2022-03-10 15:33:39'),
(137, 9, 4, 'Sint alias provident voluptas iure eum quis consequatur. Voluptas accusantium officiis aut sunt ipsam voluptatem. Veritatis asperiores quis alias ab aliquid facilis aperiam dolor. Eum quis quia ullam nesciunt nam consectetur expedita.', 2, 'App\\Models\\Shop', 1, 0, '2022-03-08 15:33:39', '2022-02-28 15:33:39'),
(138, 3, 2, 'Ex non quis ut distinctio error. Possimus itaque esse non maxime.', 80, 'App\\Models\\Inventory', 1, 0, '2022-03-03 15:33:39', '2022-03-11 15:33:39'),
(139, 1, 2, 'Aut dignissimos quis amet beatae at nam. Autem aut praesentium sapiente dolorem rerum a. Et in voluptatem voluptatem et est magnam necessitatibus.', 5, 'App\\Models\\Shop', 1, 0, '2022-03-01 15:33:39', '2022-02-28 15:33:39'),
(140, 1, 2, 'Optio aliquam laborum voluptatem. Maiores sed ducimus similique incidunt nemo vel maxime. Praesentium facilis impedit ipsam quo ipsa.', 53, 'App\\Models\\Inventory', 1, 0, '2022-02-28 15:33:39', '2022-03-08 15:33:39'),
(141, 6, 4, 'Nesciunt quis enim ut quae nostrum aut aut. Doloremque quis alias debitis.', 2, 'App\\Models\\Shop', 1, 0, '2022-03-06 15:33:39', '2022-03-07 15:33:39'),
(142, 16, 1, 'Inventore facilis repudiandae atque eos totam illum neque ullam. Sequi eligendi accusantium dolores debitis vero amet perferendis. Explicabo ipsa non deserunt.', 48, 'App\\Models\\Inventory', 1, 0, '2022-03-02 15:33:39', '2022-03-14 15:33:39'),
(143, 13, 1, 'Nostrum atque vero officiis facilis ab reiciendis sunt. Et in voluptatum veritatis illum qui sunt doloremque. Itaque perspiciatis nam vel. Et earum consequatur nostrum tenetur.', 4, 'App\\Models\\Shop', 1, 0, '2022-02-28 15:33:39', '2022-02-27 15:33:39'),
(144, 1, 3, 'Saepe sunt aut earum esse culpa ut. Porro ducimus laudantium itaque dolor sed architecto autem. Tempore at aut modi similique aperiam. Ipsa est totam et expedita.', 4, 'App\\Models\\Shop', 1, 0, '2022-03-05 15:33:39', '2022-03-14 15:33:39'),
(145, 6, 3, 'Vel rem velit iure incidunt consequatur. Officiis facere et ex. Similique quos quaerat adipisci animi incidunt.', 36, 'App\\Models\\Inventory', 1, 0, '2022-03-01 15:33:39', '2022-02-28 15:33:39'),
(146, 1, 1, 'Libero non quae a doloremque et blanditiis. Illo sit dolorum necessitatibus mollitia unde ipsam. Facere qui itaque et sint quisquam dolorem a voluptatem. Veritatis excepturi illo deleniti cupiditate iste blanditiis quod voluptatem.', 5, 'App\\Models\\Shop', 1, 0, '2022-03-13 15:33:39', '2022-03-04 15:33:39'),
(147, 10, 2, 'Quis numquam possimus magnam itaque commodi. Sed nisi atque praesentium eum. Quia eaque inventore animi. Molestiae neque eum nihil dolorem est non.', 4, 'App\\Models\\Shop', 1, 0, '2022-03-08 15:33:39', '2022-03-13 15:33:39'),
(148, 10, 3, 'Delectus voluptatem eius facere. Similique excepturi in quia accusamus suscipit rerum. Debitis dolores ut in.', 2, 'App\\Models\\Shop', 1, 0, '2022-03-02 15:33:39', '2022-03-06 15:33:39'),
(149, 15, 4, 'Ea possimus in voluptas molestias unde. Ea excepturi commodi cupiditate accusamus. Beatae voluptate numquam aut adipisci vel nostrum. Quo eligendi vel vero autem eligendi suscipit.', 22, 'App\\Models\\Inventory', 1, 0, '2022-03-08 15:33:39', '2022-02-28 15:33:39'),
(150, 8, 4, 'Et in et esse culpa fugiat. Sit laborum id nemo totam et fugiat provident.', 28, 'App\\Models\\Inventory', 1, 0, '2022-02-27 15:33:39', '2022-03-03 15:33:39');

-- --------------------------------------------------------

--
-- Structură tabel pentru tabel `gift_cards`
--

CREATE TABLE `gift_cards` (
  `id` bigint UNSIGNED NOT NULL,
  `customer_id` bigint UNSIGNED DEFAULT NULL,
  `name` text COLLATE utf8_unicode_ci,
  `description` text COLLATE utf8_unicode_ci,
  `serial_number` varchar(255) COLLATE utf8_unicode_ci DEFAULT NULL,
  `pin_code` varchar(255) COLLATE utf8_unicode_ci DEFAULT NULL,
  `value` decimal(20,6) DEFAULT NULL,
  `remaining_value` decimal(20,6) DEFAULT NULL,
  `partial_use` tinyint(1) DEFAULT NULL,
  `activation_time` timestamp NULL DEFAULT NULL,
  `expiry_time` timestamp NULL DEFAULT NULL,
  `exclude_offer_items` tinyint(1) DEFAULT NULL,
  `exclude_tax_n_shipping` tinyint(1) DEFAULT NULL,
  `deleted_at` timestamp NULL DEFAULT NULL,
  `created_at` timestamp NULL DEFAULT NULL,
  `updated_at` timestamp NULL DEFAULT NULL
) ENGINE=InnoDB DEFAULT CHARSET=utf8mb3 COLLATE=utf8_unicode_ci;

-- --------------------------------------------------------

--
-- Structură tabel pentru tabel `gtin_types`
--

CREATE TABLE `gtin_types` (
  `id` int UNSIGNED NOT NULL,
  `name` varchar(100) COLLATE utf8_unicode_ci NOT NULL,
  `description` text COLLATE utf8_unicode_ci NOT NULL
) ENGINE=InnoDB DEFAULT CHARSET=utf8mb3 COLLATE=utf8_unicode_ci;

--
-- Eliminarea datelor din tabel `gtin_types`
--

INSERT INTO `gtin_types` (`id`, `name`, `description`) VALUES
(1, 'UPC', 'Universal Product Code (UPC), also called GTIN-12 and UPC-A'),
(2, 'EAN', 'European Article Number (EAN), also called GTIN-13'),
(3, 'JAN', 'Japanese Article Number (JAN), also called GTIN-13'),
(4, 'ISBN', 'International Standard Book Number (ISBN)'),
(5, 'ITF', 'ITF barcodes, also known as Interleaved 2 of 5 barcodes, encode 14 numeric digits and are generally used for the packaging level of products. Since they can deal with high printing tolerances, ITF is a good choice when barcodes need to be printed on corrugated cardboard.');

-- --------------------------------------------------------

--
-- Structură tabel pentru tabel `images`
--

CREATE TABLE `images` (
  `id` bigint UNSIGNED NOT NULL,
  `path` text COLLATE utf8_unicode_ci NOT NULL,
  `name` text COLLATE utf8_unicode_ci,
  `type` varchar(100) COLLATE utf8_unicode_ci DEFAULT NULL,
  `extension` varchar(255) COLLATE utf8_unicode_ci DEFAULT NULL,
  `size` varchar(255) COLLATE utf8_unicode_ci DEFAULT '0',
  `order` int NOT NULL DEFAULT '0',
  `featured` tinyint DEFAULT NULL,
  `imageable_id` int UNSIGNED NOT NULL,
  `imageable_type` varchar(255) COLLATE utf8_unicode_ci NOT NULL,
  `created_at` timestamp NULL DEFAULT NULL,
  `updated_at` timestamp NULL DEFAULT NULL
) ENGINE=InnoDB DEFAULT CHARSET=utf8mb3 COLLATE=utf8_unicode_ci;

--
-- Eliminarea datelor din tabel `images`
--

INSERT INTO `images` (`id`, `path`, `name`, `type`, `extension`, `size`, `order`, `featured`, `imageable_id`, `imageable_type`, `created_at`, `updated_at`) VALUES
(1, 'images\\Ue4SfaRNpJ.png', 'Ue4SfaRNpJ.png', 'logo', 'png', '0', 0, 0, 1, 'App\\Models\\Shop', '2022-03-14 15:33:22', '2022-03-14 15:33:22'),
(2, 'images\\qMtQDaeGOs.png', 'qMtQDaeGOs.png', 'logo', 'png', '0', 0, 0, 2, 'App\\Models\\Shop', '2022-03-14 15:33:22', '2022-03-14 15:33:22'),
(3, 'images\\0baFUw4E7B.png', '0baFUw4E7B.png', 'logo', 'png', '0', 0, 0, 3, 'App\\Models\\Shop', '2022-03-14 15:33:22', '2022-03-14 15:33:22'),
(4, 'images\\yXWKpo9l69.png', 'yXWKpo9l69.png', 'logo', 'png', '0', 0, 0, 4, 'App\\Models\\Shop', '2022-03-14 15:33:22', '2022-03-14 15:33:22'),
(5, 'images\\2ZgkNHNRHJ.png', '2ZgkNHNRHJ.png', 'logo', 'png', '0', 0, 0, 5, 'App\\Models\\Shop', '2022-03-14 15:33:22', '2022-03-14 15:33:22'),
(6, 'images\\category_5.png', 'category_5.png', 'background', 'png', '0', 0, 0, 5, 'App\\Models\\CategoryGroup', '2022-03-14 15:33:24', '2022-03-14 15:33:24'),
(7, 'images\\category_4.png', 'category_4.png', 'background', 'png', '0', 0, 0, 4, 'App\\Models\\CategoryGroup', '2022-03-14 15:33:24', '2022-03-14 15:33:24'),
(8, 'images\\category_2.png', 'category_2.png', 'background', 'png', '0', 0, 0, 2, 'App\\Models\\CategoryGroup', '2022-03-14 15:33:24', '2022-03-14 15:33:24'),
(9, 'images\\category_9.png', 'category_9.png', 'background', 'png', '0', 0, 0, 9, 'App\\Models\\CategoryGroup', '2022-03-14 15:33:24', '2022-03-14 15:33:24'),
(10, 'images\\category_1.png', 'category_1.png', 'background', 'png', '0', 0, 0, 1, 'App\\Models\\CategoryGroup', '2022-03-14 15:33:24', '2022-03-14 15:33:24'),
(11, 'images\\category_7.png', 'category_7.png', 'background', 'png', '0', 0, 0, 7, 'App\\Models\\CategoryGroup', '2022-03-14 15:33:24', '2022-03-14 15:33:24'),
(12, 'images\\category_3.png', 'category_3.png', 'background', 'png', '0', 0, 0, 3, 'App\\Models\\CategoryGroup', '2022-03-14 15:33:24', '2022-03-14 15:33:24'),
(13, 'images\\category_8.png', 'category_8.png', 'background', 'png', '0', 0, 0, 8, 'App\\Models\\CategoryGroup', '2022-03-14 15:33:24', '2022-03-14 15:33:24'),
(14, 'images\\category_6.png', 'category_6.png', 'background', 'png', '0', 0, 0, 6, 'App\\Models\\CategoryGroup', '2022-03-14 15:33:24', '2022-03-14 15:33:24'),
(15, 'images\\G5KuSYciJj.jpg', 'G5KuSYciJj.jpg', NULL, 'jpg', '147417', 0, 1, 1, 'App\\Models\\Product', '2022-03-14 15:33:28', '2022-03-14 15:33:28'),
(16, 'images\\cEAIMexl3C.jpg', 'cEAIMexl3C.jpg', NULL, 'jpg', '117482', 0, 0, 1, 'App\\Models\\Product', '2022-03-14 15:33:28', '2022-03-14 15:33:28'),
(17, 'images\\haZ9puvlEV.jpg', 'haZ9puvlEV.jpg', NULL, 'jpg', '128884', 0, 0, 1, 'App\\Models\\Product', '2022-03-14 15:33:28', '2022-03-14 15:33:28'),
(18, 'images\\64be5WQNyU.jpg', '64be5WQNyU.jpg', NULL, 'jpg', '251632', 0, 1, 41, 'App\\Models\\Product', '2022-03-14 15:33:28', '2022-03-14 15:33:28'),
(19, 'images\\0b54ivH6YM.jpg', '0b54ivH6YM.jpg', NULL, 'jpg', '188413', 0, 0, 41, 'App\\Models\\Product', '2022-03-14 15:33:28', '2022-03-14 15:33:28'),
(20, 'images\\FvFMq6K7x0.jpg', 'FvFMq6K7x0.jpg', NULL, 'jpg', '405851', 0, 0, 41, 'App\\Models\\Product', '2022-03-14 15:33:28', '2022-03-14 15:33:28'),
(21, 'images\\4bteVm9kab.jpg', '4bteVm9kab.jpg', NULL, 'jpg', '437710', 0, 0, 41, 'App\\Models\\Product', '2022-03-14 15:33:28', '2022-03-14 15:33:28'),
(22, 'images\\Pe1pgEDBaK.jpg', 'Pe1pgEDBaK.jpg', NULL, 'jpg', '122447', 0, 1, 35, 'App\\Models\\Product', '2022-03-14 15:33:28', '2022-03-14 15:33:28'),
(23, 'images\\kSSuxPlJN6.jpg', 'kSSuxPlJN6.jpg', NULL, 'jpg', '41639', 0, 0, 35, 'App\\Models\\Product', '2022-03-14 15:33:28', '2022-03-14 15:33:28'),
(24, 'images\\zkARhbFb2T.jpg', 'zkARhbFb2T.jpg', NULL, 'jpg', '61874', 0, 0, 35, 'App\\Models\\Product', '2022-03-14 15:33:28', '2022-03-14 15:33:28'),
(25, 'images\\hqnV6h8sX4.jpg', 'hqnV6h8sX4.jpg', NULL, 'jpg', '150734', 0, 1, 42, 'App\\Models\\Product', '2022-03-14 15:33:28', '2022-03-14 15:33:28'),
(26, 'images\\NCUMFCNOFV.jpg', 'NCUMFCNOFV.jpg', NULL, 'jpg', '52301', 0, 0, 42, 'App\\Models\\Product', '2022-03-14 15:33:28', '2022-03-14 15:33:28'),
(27, 'images\\4h3SVeGXjl.jpg', '4h3SVeGXjl.jpg', NULL, 'jpg', '694491', 0, 1, 47, 'App\\Models\\Product', '2022-03-14 15:33:28', '2022-03-14 15:33:28'),
(28, 'images\\gP77snYtF9.jpg', 'gP77snYtF9.jpg', NULL, 'jpg', '585317', 0, 0, 47, 'App\\Models\\Product', '2022-03-14 15:33:28', '2022-03-14 15:33:28'),
(29, 'images\\rUDiawjh7g.jpg', 'rUDiawjh7g.jpg', NULL, 'jpg', '255847', 0, 0, 47, 'App\\Models\\Product', '2022-03-14 15:33:28', '2022-03-14 15:33:28'),
(30, 'images\\kY9m6FE1Sc.jpg', 'kY9m6FE1Sc.jpg', NULL, 'jpg', '151281', 0, 1, 10, 'App\\Models\\Product', '2022-03-14 15:33:28', '2022-03-14 15:33:28'),
(31, 'images\\YXErfNL1II.jpg', 'YXErfNL1II.jpg', NULL, 'jpg', '282307', 0, 0, 10, 'App\\Models\\Product', '2022-03-14 15:33:28', '2022-03-14 15:33:28'),
(32, 'images\\ESkl0LPVo1.jpg', 'ESkl0LPVo1.jpg', NULL, 'jpg', '198579', 0, 0, 10, 'App\\Models\\Product', '2022-03-14 15:33:28', '2022-03-14 15:33:28'),
(33, 'images\\K3pbFGN2fS.jpg', 'K3pbFGN2fS.jpg', NULL, 'jpg', '462235', 0, 0, 10, 'App\\Models\\Product', '2022-03-14 15:33:28', '2022-03-14 15:33:28'),
(34, 'images\\7exJ4pplDS.jpg', '7exJ4pplDS.jpg', NULL, 'jpg', '139886', 0, 1, 38, 'App\\Models\\Product', '2022-03-14 15:33:28', '2022-03-14 15:33:28'),
(35, 'images\\aJoI1QYeLi.jpg', 'aJoI1QYeLi.jpg', NULL, 'jpg', '96212', 0, 0, 38, 'App\\Models\\Product', '2022-03-14 15:33:28', '2022-03-14 15:33:28'),
(36, 'images\\oKLmzNrhxx.jpg', 'oKLmzNrhxx.jpg', NULL, 'jpg', '90308', 0, 0, 38, 'App\\Models\\Product', '2022-03-14 15:33:28', '2022-03-14 15:33:28'),
(37, 'images\\XPR8ENP7Go.jpg', 'XPR8ENP7Go.jpg', NULL, 'jpg', '151281', 0, 1, 5, 'App\\Models\\Product', '2022-03-14 15:33:28', '2022-03-14 15:33:28'),
(38, 'images\\FB4QJBKUVj.jpg', 'FB4QJBKUVj.jpg', NULL, 'jpg', '282307', 0, 0, 5, 'App\\Models\\Product', '2022-03-14 15:33:28', '2022-03-14 15:33:28'),
(39, 'images\\e2PtnBzaDf.jpg', 'e2PtnBzaDf.jpg', NULL, 'jpg', '198579', 0, 0, 5, 'App\\Models\\Product', '2022-03-14 15:33:28', '2022-03-14 15:33:28'),
(40, 'images\\Pl1SsucU0O.jpg', 'Pl1SsucU0O.jpg', NULL, 'jpg', '462235', 0, 0, 5, 'App\\Models\\Product', '2022-03-14 15:33:28', '2022-03-14 15:33:28'),
(41, 'images\\FinBDGqWYy.jpg', 'FinBDGqWYy.jpg', NULL, 'jpg', '119626', 0, 1, 49, 'App\\Models\\Product', '2022-03-14 15:33:28', '2022-03-14 15:33:28'),
(42, 'images\\BbFJHv4pYo.jpg', 'BbFJHv4pYo.jpg', NULL, 'jpg', '284150', 0, 0, 49, 'App\\Models\\Product', '2022-03-14 15:33:28', '2022-03-14 15:33:28'),
(43, 'images\\fbvgMCvhCy.jpg', 'fbvgMCvhCy.jpg', NULL, 'jpg', '105039', 0, 1, 40, 'App\\Models\\Product', '2022-03-14 15:33:28', '2022-03-14 15:33:28'),
(44, 'images\\4lxW7Q62sP.jpg', '4lxW7Q62sP.jpg', NULL, 'jpg', '29912', 0, 0, 40, 'App\\Models\\Product', '2022-03-14 15:33:28', '2022-03-14 15:33:28'),
(45, 'images\\yPgBFRWjl6.jpg', 'yPgBFRWjl6.jpg', NULL, 'jpg', '119626', 0, 1, 17, 'App\\Models\\Product', '2022-03-14 15:33:28', '2022-03-14 15:33:28'),
(46, 'images\\U95z8ZI1NB.jpg', 'U95z8ZI1NB.jpg', NULL, 'jpg', '284150', 0, 0, 17, 'App\\Models\\Product', '2022-03-14 15:33:28', '2022-03-14 15:33:28'),
(47, 'images\\na4CWMMjPm.jpg', 'na4CWMMjPm.jpg', NULL, 'jpg', '221557', 0, 1, 36, 'App\\Models\\Product', '2022-03-14 15:33:28', '2022-03-14 15:33:28'),
(48, 'images\\hBi2BNlnG2.jpg', 'hBi2BNlnG2.jpg', NULL, 'jpg', '212310', 0, 0, 36, 'App\\Models\\Product', '2022-03-14 15:33:28', '2022-03-14 15:33:28'),
(49, 'images\\kJjEePd3G3.jpg', 'kJjEePd3G3.jpg', NULL, 'jpg', '166962', 0, 0, 36, 'App\\Models\\Product', '2022-03-14 15:33:28', '2022-03-14 15:33:28'),
(50, 'images\\kY1r1drVkc.jpg', 'kY1r1drVkc.jpg', NULL, 'jpg', '159915', 0, 0, 36, 'App\\Models\\Product', '2022-03-14 15:33:28', '2022-03-14 15:33:28'),
(51, 'images\\3RelHCoTq3.jpg', '3RelHCoTq3.jpg', NULL, 'jpg', '214066', 0, 0, 36, 'App\\Models\\Product', '2022-03-14 15:33:28', '2022-03-14 15:33:28'),
(52, 'images\\BW5UQdUEbz.jpg', 'BW5UQdUEbz.jpg', NULL, 'jpg', '485590', 0, 1, 14, 'App\\Models\\Product', '2022-03-14 15:33:28', '2022-03-14 15:33:28'),
(53, 'images\\2zbGgZHFVv.jpg', '2zbGgZHFVv.jpg', NULL, 'jpg', '450759', 0, 0, 14, 'App\\Models\\Product', '2022-03-14 15:33:28', '2022-03-14 15:33:28'),
(54, 'images\\KzzyAsVUCY.jpg', 'KzzyAsVUCY.jpg', NULL, 'jpg', '382586', 0, 0, 14, 'App\\Models\\Product', '2022-03-14 15:33:28', '2022-03-14 15:33:28'),
(55, 'images\\lf8elMqEwY.jpg', 'lf8elMqEwY.jpg', NULL, 'jpg', '498648', 0, 1, 25, 'App\\Models\\Product', '2022-03-14 15:33:28', '2022-03-14 15:33:28'),
(56, 'images\\U3FYFxm5n1.jpg', 'U3FYFxm5n1.jpg', NULL, 'jpg', '478752', 0, 0, 25, 'App\\Models\\Product', '2022-03-14 15:33:28', '2022-03-14 15:33:28'),
(57, 'images\\YkOqipVZ6m.jpg', 'YkOqipVZ6m.jpg', NULL, 'jpg', '150367', 0, 1, 37, 'App\\Models\\Product', '2022-03-14 15:33:28', '2022-03-14 15:33:28'),
(58, 'images\\mNi27Xpb1J.jpg', 'mNi27Xpb1J.jpg', NULL, 'jpg', '344533', 0, 0, 37, 'App\\Models\\Product', '2022-03-14 15:33:28', '2022-03-14 15:33:28'),
(59, 'images\\IkPWg7efBY.jpg', 'IkPWg7efBY.jpg', NULL, 'jpg', '110646', 0, 0, 37, 'App\\Models\\Product', '2022-03-14 15:33:28', '2022-03-14 15:33:28'),
(60, 'images\\09gSX1q74S.jpg', '09gSX1q74S.jpg', NULL, 'jpg', '227200', 0, 1, 18, 'App\\Models\\Product', '2022-03-14 15:33:28', '2022-03-14 15:33:28'),
(61, 'images\\jIpxHQven7.jpeg', 'jIpxHQven7.jpeg', NULL, 'jpeg', '133945', 0, 0, 18, 'App\\Models\\Product', '2022-03-14 15:33:28', '2022-03-14 15:33:28'),
(62, 'images\\uu822jtLCB.jpg', 'uu822jtLCB.jpg', NULL, 'jpg', '135881', 0, 1, 39, 'App\\Models\\Product', '2022-03-14 15:33:28', '2022-03-14 15:33:28'),
(63, 'images\\fc6KIyxh6y.jpg', 'fc6KIyxh6y.jpg', NULL, 'jpg', '224145', 0, 0, 39, 'App\\Models\\Product', '2022-03-14 15:33:28', '2022-03-14 15:33:28'),
(64, 'images\\5a4KBxoarx.jpg', '5a4KBxoarx.jpg', NULL, 'jpg', '435031', 0, 0, 39, 'App\\Models\\Product', '2022-03-14 15:33:28', '2022-03-14 15:33:28'),
(65, 'images\\Sd9H4sefLc.jpg', 'Sd9H4sefLc.jpg', NULL, 'jpg', '279672', 0, 1, 44, 'App\\Models\\Product', '2022-03-14 15:33:28', '2022-03-14 15:33:28'),
(66, 'images\\dhSZILGFO2.jpg', 'dhSZILGFO2.jpg', NULL, 'jpg', '481848', 0, 0, 44, 'App\\Models\\Product', '2022-03-14 15:33:28', '2022-03-14 15:33:28'),
(67, 'images\\Kljq9qg6x8.jpg', 'Kljq9qg6x8.jpg', NULL, 'jpg', '229615', 0, 0, 44, 'App\\Models\\Product', '2022-03-14 15:33:28', '2022-03-14 15:33:28'),
(68, 'images\\CCZIZTMiZZ.jpg', 'CCZIZTMiZZ.jpg', NULL, 'jpg', '278534', 0, 1, 9, 'App\\Models\\Product', '2022-03-14 15:33:28', '2022-03-14 15:33:28'),
(69, 'images\\A6XytonCwH.jpg', 'A6XytonCwH.jpg', NULL, 'jpg', '104910', 0, 0, 9, 'App\\Models\\Product', '2022-03-14 15:33:28', '2022-03-14 15:33:28'),
(70, 'images\\tf3iEW0ac1.jpg', 'tf3iEW0ac1.jpg', NULL, 'jpg', '74096', 0, 0, 9, 'App\\Models\\Product', '2022-03-14 15:33:28', '2022-03-14 15:33:28'),
(71, 'images\\2fHYQgFyyW.jpg', '2fHYQgFyyW.jpg', NULL, 'jpg', '82897', 0, 0, 9, 'App\\Models\\Product', '2022-03-14 15:33:28', '2022-03-14 15:33:28'),
(72, 'images\\ajnZqerOGG.jpg', 'ajnZqerOGG.jpg', NULL, 'jpg', '145810', 0, 1, 43, 'App\\Models\\Product', '2022-03-14 15:33:28', '2022-03-14 15:33:28'),
(73, 'images\\I1vbeLWeCN.jpg', 'I1vbeLWeCN.jpg', NULL, 'jpg', '44668', 0, 0, 43, 'App\\Models\\Product', '2022-03-14 15:33:28', '2022-03-14 15:33:28'),
(74, 'images\\PvxZxEDFY2.jpg', 'PvxZxEDFY2.jpg', NULL, 'jpg', '40482', 0, 0, 43, 'App\\Models\\Product', '2022-03-14 15:33:28', '2022-03-14 15:33:28'),
(75, 'images\\LQsZmyQZFk.jpg', 'LQsZmyQZFk.jpg', NULL, 'jpg', '32457', 0, 0, 43, 'App\\Models\\Product', '2022-03-14 15:33:28', '2022-03-14 15:33:28'),
(76, 'images\\3T7KQrAOVb.jpg', '3T7KQrAOVb.jpg', NULL, 'jpg', '105641', 0, 1, 13, 'App\\Models\\Product', '2022-03-14 15:33:28', '2022-03-14 15:33:28'),
(77, 'images\\MCgJGG2sxG.jpg', 'MCgJGG2sxG.jpg', NULL, 'jpg', '248951', 0, 0, 13, 'App\\Models\\Product', '2022-03-14 15:33:28', '2022-03-14 15:33:28'),
(78, 'images\\R2GEkb8Ag3.jpg', 'R2GEkb8Ag3.jpg', NULL, 'jpg', '202167', 0, 1, 34, 'App\\Models\\Product', '2022-03-14 15:33:28', '2022-03-14 15:33:28'),
(79, 'images\\QdaT9vmEaD.jpg', 'QdaT9vmEaD.jpg', NULL, 'jpg', '221557', 0, 1, 28, 'App\\Models\\Product', '2022-03-14 15:33:28', '2022-03-14 15:33:28'),
(80, 'images\\YBIzbnHd1u.jpg', 'YBIzbnHd1u.jpg', NULL, 'jpg', '212310', 0, 0, 28, 'App\\Models\\Product', '2022-03-14 15:33:28', '2022-03-14 15:33:28'),
(81, 'images\\Aw1y2KjMwA.jpg', 'Aw1y2KjMwA.jpg', NULL, 'jpg', '166962', 0, 0, 28, 'App\\Models\\Product', '2022-03-14 15:33:28', '2022-03-14 15:33:28'),
(82, 'images\\csOE2djeMR.jpg', 'csOE2djeMR.jpg', NULL, 'jpg', '159915', 0, 0, 28, 'App\\Models\\Product', '2022-03-14 15:33:28', '2022-03-14 15:33:28'),
(83, 'images\\yrg32jGKrK.jpg', 'yrg32jGKrK.jpg', NULL, 'jpg', '214066', 0, 0, 28, 'App\\Models\\Product', '2022-03-14 15:33:28', '2022-03-14 15:33:28'),
(84, 'images\\tyAI5VWcVx.jpg', 'tyAI5VWcVx.jpg', NULL, 'jpg', '216880', 0, 1, 27, 'App\\Models\\Product', '2022-03-14 15:33:28', '2022-03-14 15:33:28'),
(85, 'images\\goo7St2BDq.jpg', 'goo7St2BDq.jpg', NULL, 'jpg', '173268', 0, 0, 27, 'App\\Models\\Product', '2022-03-14 15:33:28', '2022-03-14 15:33:28'),
(86, 'images\\VAxVWzNasY.jpg', 'VAxVWzNasY.jpg', NULL, 'jpg', '158435', 0, 0, 27, 'App\\Models\\Product', '2022-03-14 15:33:28', '2022-03-14 15:33:28'),
(87, 'images\\U5viCQkZeE.jpg', 'U5viCQkZeE.jpg', NULL, 'jpg', '228193', 0, 1, 16, 'App\\Models\\Product', '2022-03-14 15:33:28', '2022-03-14 15:33:28'),
(88, 'images\\5DAXPS5tXj.jpg', '5DAXPS5tXj.jpg', NULL, 'jpg', '236010', 0, 0, 16, 'App\\Models\\Product', '2022-03-14 15:33:28', '2022-03-14 15:33:28'),
(89, 'images\\IGo3O0yA0l.jpg', 'IGo3O0yA0l.jpg', NULL, 'jpg', '171460', 0, 1, 31, 'App\\Models\\Product', '2022-03-14 15:33:28', '2022-03-14 15:33:28'),
(90, 'images\\oQ8TNso1nt.jpg', 'oQ8TNso1nt.jpg', NULL, 'jpg', '58348', 0, 0, 31, 'App\\Models\\Product', '2022-03-14 15:33:28', '2022-03-14 15:33:28'),
(91, 'images\\QkiUPJqEyV.jpg', 'QkiUPJqEyV.jpg', NULL, 'jpg', '109713', 0, 1, 30, 'App\\Models\\Product', '2022-03-14 15:33:28', '2022-03-14 15:33:28'),
(92, 'images\\6DHO82pHPT.jpg', '6DHO82pHPT.jpg', NULL, 'jpg', '19375', 0, 0, 30, 'App\\Models\\Product', '2022-03-14 15:33:28', '2022-03-14 15:33:28'),
(93, 'images\\6fAF06JOdl.jpg', '6fAF06JOdl.jpg', NULL, 'jpg', '227200', 0, 1, 45, 'App\\Models\\Product', '2022-03-14 15:33:28', '2022-03-14 15:33:28'),
(94, 'images\\8KohcFKElk.jpeg', '8KohcFKElk.jpeg', NULL, 'jpeg', '133945', 0, 0, 45, 'App\\Models\\Product', '2022-03-14 15:33:28', '2022-03-14 15:33:28'),
(95, 'images\\1PeQ1AEXzJ.jpg', '1PeQ1AEXzJ.jpg', NULL, 'jpg', '278534', 0, 1, 24, 'App\\Models\\Product', '2022-03-14 15:33:28', '2022-03-14 15:33:28'),
(96, 'images\\XGJNZgtOZ0.jpg', 'XGJNZgtOZ0.jpg', NULL, 'jpg', '104910', 0, 0, 24, 'App\\Models\\Product', '2022-03-14 15:33:28', '2022-03-14 15:33:28'),
(97, 'images\\acJDL2Lt2B.jpg', 'acJDL2Lt2B.jpg', NULL, 'jpg', '74096', 0, 0, 24, 'App\\Models\\Product', '2022-03-14 15:33:28', '2022-03-14 15:33:28'),
(98, 'images\\bRo76E90C3.jpg', 'bRo76E90C3.jpg', NULL, 'jpg', '82897', 0, 0, 24, 'App\\Models\\Product', '2022-03-14 15:33:28', '2022-03-14 15:33:28'),
(99, 'images\\aWnVPC48gs.jpg', 'aWnVPC48gs.jpg', NULL, 'jpg', '246030', 0, 1, 4, 'App\\Models\\Product', '2022-03-14 15:33:28', '2022-03-14 15:33:28'),
(100, 'images\\XVx2C90tRg.jpg', 'XVx2C90tRg.jpg', NULL, 'jpg', '113320', 0, 0, 4, 'App\\Models\\Product', '2022-03-14 15:33:28', '2022-03-14 15:33:28'),
(101, 'images\\1sx8gNsyEa.jpg', '1sx8gNsyEa.jpg', NULL, 'jpg', '354959', 0, 0, 4, 'App\\Models\\Product', '2022-03-14 15:33:28', '2022-03-14 15:33:28'),
(102, 'images\\9naVBRAvU9.jpg', '9naVBRAvU9.jpg', NULL, 'jpg', '160529', 0, 1, 51, 'App\\Models\\Product', '2022-03-14 15:33:28', '2022-03-14 15:33:28'),
(103, 'images\\Xza8aNvnWW.png', 'Xza8aNvnWW.png', NULL, 'png', '194838', 0, 0, 51, 'App\\Models\\Product', '2022-03-14 15:33:28', '2022-03-14 15:33:28'),
(104, 'images\\TIzc4jpVpS.png', 'TIzc4jpVpS.png', NULL, 'png', '146865', 0, 0, 51, 'App\\Models\\Product', '2022-03-14 15:33:28', '2022-03-14 15:33:28'),
(105, 'images\\cCi9aTPo4U.jpg', 'cCi9aTPo4U.jpg', NULL, 'jpg', '109255', 0, 1, 48, 'App\\Models\\Product', '2022-03-14 15:33:28', '2022-03-14 15:33:28'),
(106, 'images\\VkPDoAWwvV.jpg', 'VkPDoAWwvV.jpg', NULL, 'jpg', '523497', 0, 0, 48, 'App\\Models\\Product', '2022-03-14 15:33:28', '2022-03-14 15:33:28'),
(107, 'images\\C7KyRAopjT.jpg', 'C7KyRAopjT.jpg', NULL, 'jpg', '288333', 0, 0, 48, 'App\\Models\\Product', '2022-03-14 15:33:28', '2022-03-14 15:33:28'),
(108, 'images\\6cWcaDwqec.jpg', '6cWcaDwqec.jpg', NULL, 'jpg', '181830', 0, 0, 48, 'App\\Models\\Product', '2022-03-14 15:33:28', '2022-03-14 15:33:28'),
(109, 'images\\fk4hJOs8qi.jpg', 'fk4hJOs8qi.jpg', NULL, 'jpg', '432508', 0, 0, 48, 'App\\Models\\Product', '2022-03-14 15:33:28', '2022-03-14 15:33:28'),
(110, 'images\\SJLvkwLUoY.jpg', 'SJLvkwLUoY.jpg', NULL, 'jpg', '202845', 0, 0, 48, 'App\\Models\\Product', '2022-03-14 15:33:28', '2022-03-14 15:33:28'),
(111, 'images\\BDSUw4XrKw.jpg', 'BDSUw4XrKw.jpg', NULL, 'jpg', '277953', 0, 1, 50, 'App\\Models\\Product', '2022-03-14 15:33:28', '2022-03-14 15:33:28'),
(112, 'images\\fdD10itfIw.jpg', 'fdD10itfIw.jpg', NULL, 'jpg', '876612', 0, 0, 50, 'App\\Models\\Product', '2022-03-14 15:33:28', '2022-03-14 15:33:28'),
(113, 'images\\HXp3x4Pa58.jpg', 'HXp3x4Pa58.jpg', NULL, 'jpg', '342102', 0, 0, 50, 'App\\Models\\Product', '2022-03-14 15:33:28', '2022-03-14 15:33:28'),
(114, 'images\\Tq6MIpFRL0.jpg', 'Tq6MIpFRL0.jpg', NULL, 'jpg', '160529', 0, 1, 21, 'App\\Models\\Product', '2022-03-14 15:33:28', '2022-03-14 15:33:28'),
(115, 'images\\GC5Liak6L1.png', 'GC5Liak6L1.png', NULL, 'png', '194838', 0, 0, 21, 'App\\Models\\Product', '2022-03-14 15:33:28', '2022-03-14 15:33:28'),
(116, 'images\\UbBfKrW3nk.png', 'UbBfKrW3nk.png', NULL, 'png', '146865', 0, 0, 21, 'App\\Models\\Product', '2022-03-14 15:33:28', '2022-03-14 15:33:28'),
(117, 'images\\9u4srGXVrk.jpg', '9u4srGXVrk.jpg', NULL, 'jpg', '179703', 0, 1, 11, 'App\\Models\\Product', '2022-03-14 15:33:28', '2022-03-14 15:33:28'),
(118, 'images\\0VNQj5Sekm.jpg', '0VNQj5Sekm.jpg', NULL, 'jpg', '194943', 0, 0, 11, 'App\\Models\\Product', '2022-03-14 15:33:28', '2022-03-14 15:33:28'),
(119, 'images\\HPNtOeFEWY.jpg', 'HPNtOeFEWY.jpg', NULL, 'jpg', '166868', 0, 0, 11, 'App\\Models\\Product', '2022-03-14 15:33:28', '2022-03-14 15:33:28'),
(120, 'images\\Es8J8ejJ6o.jpg', 'Es8J8ejJ6o.jpg', NULL, 'jpg', '147417', 0, 1, 7, 'App\\Models\\Product', '2022-03-14 15:33:28', '2022-03-14 15:33:28'),
(121, 'images\\9v52yGx9w6.jpg', '9v52yGx9w6.jpg', NULL, 'jpg', '117482', 0, 0, 7, 'App\\Models\\Product', '2022-03-14 15:33:28', '2022-03-14 15:33:28'),
(122, 'images\\JFCTxuQW3C.jpg', 'JFCTxuQW3C.jpg', NULL, 'jpg', '128884', 0, 0, 7, 'App\\Models\\Product', '2022-03-14 15:33:28', '2022-03-14 15:33:28'),
(123, 'images\\zNom2Z9StP.jpg', 'zNom2Z9StP.jpg', NULL, 'jpg', '194770', 0, 1, 15, 'App\\Models\\Product', '2022-03-14 15:33:28', '2022-03-14 15:33:28'),
(124, 'images\\mbEPjHMQ3b.jpg', 'mbEPjHMQ3b.jpg', NULL, 'jpg', '22030', 0, 0, 15, 'App\\Models\\Product', '2022-03-14 15:33:28', '2022-03-14 15:33:28'),
(125, 'images\\syJ3sEFwtK.jpg', 'syJ3sEFwtK.jpg', NULL, 'jpg', '44992', 0, 0, 15, 'App\\Models\\Product', '2022-03-14 15:33:28', '2022-03-14 15:33:28'),
(126, 'images\\IaZePw9kMI.jpg', 'IaZePw9kMI.jpg', NULL, 'jpg', '14210', 0, 0, 15, 'App\\Models\\Product', '2022-03-14 15:33:28', '2022-03-14 15:33:28'),
(127, 'images\\N7uVePtplE.jpeg', 'N7uVePtplE.jpeg', NULL, 'jpeg', '6878', 0, 0, 15, 'App\\Models\\Product', '2022-03-14 15:33:28', '2022-03-14 15:33:28'),
(128, 'images\\hfNUdeWBtb.jpg', 'hfNUdeWBtb.jpg', NULL, 'jpg', '105039', 0, 1, 19, 'App\\Models\\Product', '2022-03-14 15:33:28', '2022-03-14 15:33:28'),
(129, 'images\\0D7AenbSFP.jpg', '0D7AenbSFP.jpg', NULL, 'jpg', '29912', 0, 0, 19, 'App\\Models\\Product', '2022-03-14 15:33:28', '2022-03-14 15:33:28'),
(130, 'images\\L9gLVx5ayl.jpg', 'L9gLVx5ayl.jpg', NULL, 'jpg', '416558', 0, 1, 12, 'App\\Models\\Product', '2022-03-14 15:33:28', '2022-03-14 15:33:28'),
(131, 'images\\KxzirRCdv8.jpg', 'KxzirRCdv8.jpg', NULL, 'jpg', '569367', 0, 0, 12, 'App\\Models\\Product', '2022-03-14 15:33:28', '2022-03-14 15:33:28'),
(132, 'images\\tgcPn4BLWw.jpg', 'tgcPn4BLWw.jpg', NULL, 'jpg', '794095', 0, 0, 12, 'App\\Models\\Product', '2022-03-14 15:33:28', '2022-03-14 15:33:28'),
(133, 'images\\mo7AnTIkqe.jpg', 'mo7AnTIkqe.jpg', NULL, 'jpg', '485590', 0, 1, 46, 'App\\Models\\Product', '2022-03-14 15:33:28', '2022-03-14 15:33:28'),
(134, 'images\\20HAgohdOF.jpg', '20HAgohdOF.jpg', NULL, 'jpg', '450759', 0, 0, 46, 'App\\Models\\Product', '2022-03-14 15:33:28', '2022-03-14 15:33:28'),
(135, 'images\\VhPLDbO48e.jpg', 'VhPLDbO48e.jpg', NULL, 'jpg', '382586', 0, 0, 46, 'App\\Models\\Product', '2022-03-14 15:33:28', '2022-03-14 15:33:28'),
(136, 'images\\FEy5EVO7NT.jpg', 'FEy5EVO7NT.jpg', NULL, 'jpg', '277953', 0, 1, 2, 'App\\Models\\Product', '2022-03-14 15:33:28', '2022-03-14 15:33:28'),
(137, 'images\\PeeITbnNxn.jpg', 'PeeITbnNxn.jpg', NULL, 'jpg', '876612', 0, 0, 2, 'App\\Models\\Product', '2022-03-14 15:33:28', '2022-03-14 15:33:28'),
(138, 'images\\ZIZd59mV2A.jpg', 'ZIZd59mV2A.jpg', NULL, 'jpg', '342102', 0, 0, 2, 'App\\Models\\Product', '2022-03-14 15:33:28', '2022-03-14 15:33:28'),
(139, 'images\\s9q0zovp0A.jpg', 's9q0zovp0A.jpg', NULL, 'jpg', '202167', 0, 1, 23, 'App\\Models\\Product', '2022-03-14 15:33:28', '2022-03-14 15:33:28'),
(140, 'images\\Q4VM1Fekyp.jpg', 'Q4VM1Fekyp.jpg', NULL, 'jpg', '147417', 0, 1, 26, 'App\\Models\\Product', '2022-03-14 15:33:28', '2022-03-14 15:33:28'),
(141, 'images\\o7mDylL5Iv.jpg', 'o7mDylL5Iv.jpg', NULL, 'jpg', '117482', 0, 0, 26, 'App\\Models\\Product', '2022-03-14 15:33:28', '2022-03-14 15:33:28'),
(142, 'images\\SOgFp5DI1U.jpg', 'SOgFp5DI1U.jpg', NULL, 'jpg', '128884', 0, 0, 26, 'App\\Models\\Product', '2022-03-14 15:33:28', '2022-03-14 15:33:28'),
(143, 'images\\tphjsLHlQj.jpg', 'tphjsLHlQj.jpg', NULL, 'jpg', '150734', 0, 1, 8, 'App\\Models\\Product', '2022-03-14 15:33:28', '2022-03-14 15:33:28'),
(144, 'images\\1bKuHPJ7F8.jpg', '1bKuHPJ7F8.jpg', NULL, 'jpg', '52301', 0, 0, 8, 'App\\Models\\Product', '2022-03-14 15:33:28', '2022-03-14 15:33:28'),
(145, 'images\\WPCx6YBwg1.jpg', 'WPCx6YBwg1.jpg', NULL, 'jpg', '105641', 0, 1, 22, 'App\\Models\\Product', '2022-03-14 15:33:28', '2022-03-14 15:33:28'),
(146, 'images\\xw4gcsBAaG.jpg', 'xw4gcsBAaG.jpg', NULL, 'jpg', '248951', 0, 0, 22, 'App\\Models\\Product', '2022-03-14 15:33:28', '2022-03-14 15:33:28'),
(147, 'images\\gi0lttoo2P.jpg', 'gi0lttoo2P.jpg', NULL, 'jpg', '202167', 0, 1, 33, 'App\\Models\\Product', '2022-03-14 15:33:28', '2022-03-14 15:33:28'),
(148, 'images\\bMWV3uMh0o.jpg', 'bMWV3uMh0o.jpg', NULL, 'jpg', '118247', 0, 0, 33, 'App\\Models\\Product', '2022-03-14 15:33:28', '2022-03-14 15:33:28'),
(149, 'images\\N1VhQ8z2I2.jpg', 'N1VhQ8z2I2.jpg', NULL, 'jpg', '219962', 0, 0, 33, 'App\\Models\\Product', '2022-03-14 15:33:28', '2022-03-14 15:33:28'),
(150, 'images\\peLJE3fPDW.jpg', 'peLJE3fPDW.jpg', NULL, 'jpg', '488363', 0, 1, 3, 'App\\Models\\Product', '2022-03-14 15:33:28', '2022-03-14 15:33:28'),
(151, 'images\\zIPoxM57GI.jpg', 'zIPoxM57GI.jpg', NULL, 'jpg', '410379', 0, 0, 3, 'App\\Models\\Product', '2022-03-14 15:33:28', '2022-03-14 15:33:28'),
(152, 'images\\415VzsnLih.jpg', '415VzsnLih.jpg', NULL, 'jpg', '370985', 0, 0, 3, 'App\\Models\\Product', '2022-03-14 15:33:28', '2022-03-14 15:33:28'),
(153, 'images\\4XASs6I0qw.jpg', '4XASs6I0qw.jpg', NULL, 'jpg', '279970', 0, 0, 3, 'App\\Models\\Product', '2022-03-14 15:33:28', '2022-03-14 15:33:28'),
(154, 'images\\097BtbI0YQ.jpg', '097BtbI0YQ.jpg', NULL, 'jpg', '227200', 0, 1, 20, 'App\\Models\\Product', '2022-03-14 15:33:28', '2022-03-14 15:33:28'),
(155, 'images\\6Ncs16xiXv.jpeg', '6Ncs16xiXv.jpeg', NULL, 'jpeg', '133945', 0, 0, 20, 'App\\Models\\Product', '2022-03-14 15:33:28', '2022-03-14 15:33:28'),
(156, 'images\\BreqwB9sKj.jpg', 'BreqwB9sKj.jpg', NULL, 'jpg', '171460', 0, 1, 29, 'App\\Models\\Product', '2022-03-14 15:33:28', '2022-03-14 15:33:28'),
(157, 'images\\bKutm93brT.jpg', 'bKutm93brT.jpg', NULL, 'jpg', '58348', 0, 0, 29, 'App\\Models\\Product', '2022-03-14 15:33:28', '2022-03-14 15:33:28'),
(158, 'images\\WcmipxiZ7n.jpg', 'WcmipxiZ7n.jpg', NULL, 'jpg', '119626', 0, 1, 6, 'App\\Models\\Product', '2022-03-14 15:33:28', '2022-03-14 15:33:28'),
(159, 'images\\arlQ6rd75o.jpg', 'arlQ6rd75o.jpg', NULL, 'jpg', '284150', 0, 0, 6, 'App\\Models\\Product', '2022-03-14 15:33:28', '2022-03-14 15:33:28'),
(160, 'images\\SkfQRCDfl1.jpg', 'SkfQRCDfl1.jpg', NULL, 'jpg', '332245', 0, 1, 32, 'App\\Models\\Product', '2022-03-14 15:33:28', '2022-03-14 15:33:28'),
(161, 'images\\KdCSLvqzsp.jpg', 'KdCSLvqzsp.jpg', NULL, 'jpg', '278426', 0, 0, 32, 'App\\Models\\Product', '2022-03-14 15:33:28', '2022-03-14 15:33:28'),
(162, 'images\\UToJSMtU5z.jpg', 'UToJSMtU5z.jpg', NULL, 'jpg', '694491', 0, NULL, 1, 'App\\Models\\Inventory', '2022-03-14 15:33:35', '2022-03-14 15:33:35'),
(163, 'images\\60Nvl8DjcS.jpg', '60Nvl8DjcS.jpg', NULL, 'jpg', '585317', 0, NULL, 1, 'App\\Models\\Inventory', '2022-03-14 15:33:35', '2022-03-14 15:33:35'),
(164, 'images\\tUbzt3vNtg.jpg', 'tUbzt3vNtg.jpg', NULL, 'jpg', '255847', 0, NULL, 1, 'App\\Models\\Inventory', '2022-03-14 15:33:35', '2022-03-14 15:33:35'),
(165, 'images\\MppQFtdbFx.jpg', 'MppQFtdbFx.jpg', NULL, 'jpg', '214433', 0, NULL, 31, 'App\\Models\\Inventory', '2022-03-14 15:33:35', '2022-03-14 15:33:35'),
(166, 'images\\E63Ut2tg4y.jpg', 'E63Ut2tg4y.jpg', NULL, 'jpg', '140388', 0, NULL, 31, 'App\\Models\\Inventory', '2022-03-14 15:33:35', '2022-03-14 15:33:35'),
(167, 'images\\jDyCkMUy5E.jpg', 'jDyCkMUy5E.jpg', NULL, 'jpg', '123509', 0, NULL, 31, 'App\\Models\\Inventory', '2022-03-14 15:33:35', '2022-03-14 15:33:35'),
(168, 'images\\mcgn2Fi0Nq.jpg', 'mcgn2Fi0Nq.jpg', NULL, 'jpg', '227200', 0, NULL, 38, 'App\\Models\\Inventory', '2022-03-14 15:33:35', '2022-03-14 15:33:35'),
(169, 'images\\dk8YJpb2Ur.jpeg', 'dk8YJpb2Ur.jpeg', NULL, 'jpeg', '133945', 0, NULL, 38, 'App\\Models\\Inventory', '2022-03-14 15:33:35', '2022-03-14 15:33:35'),
(170, 'images\\STdrBQPUmG.jpg', 'STdrBQPUmG.jpg', NULL, 'jpg', '228193', 0, NULL, 95, 'App\\Models\\Inventory', '2022-03-14 15:33:35', '2022-03-14 15:33:35'),
(171, 'images\\XtZHE2mWAi.jpg', 'XtZHE2mWAi.jpg', NULL, 'jpg', '236010', 0, NULL, 95, 'App\\Models\\Inventory', '2022-03-14 15:33:35', '2022-03-14 15:33:35'),
(172, 'images\\JNuOfHWHwR.jpg', 'JNuOfHWHwR.jpg', NULL, 'jpg', '105039', 0, NULL, 92, 'App\\Models\\Inventory', '2022-03-14 15:33:35', '2022-03-14 15:33:35'),
(173, 'images\\JxIGdpduBm.jpg', 'JxIGdpduBm.jpg', NULL, 'jpg', '29912', 0, NULL, 92, 'App\\Models\\Inventory', '2022-03-14 15:33:35', '2022-03-14 15:33:35'),
(174, 'images\\Rz5zkgNkQ8.jpg', 'Rz5zkgNkQ8.jpg', NULL, 'jpg', '128590', 0, NULL, 81, 'App\\Models\\Inventory', '2022-03-14 15:33:35', '2022-03-14 15:33:35'),
(175, 'images\\9uwjSgkBZE.png', '9uwjSgkBZE.png', NULL, 'png', '451649', 0, NULL, 81, 'App\\Models\\Inventory', '2022-03-14 15:33:35', '2022-03-14 15:33:35'),
(176, 'images\\hZB5wpxdPC.jpeg', 'hZB5wpxdPC.jpeg', NULL, 'jpeg', '37291', 0, NULL, 81, 'App\\Models\\Inventory', '2022-03-14 15:33:35', '2022-03-14 15:33:35'),
(177, 'images\\YrquXoqTsH.jpeg', 'YrquXoqTsH.jpeg', NULL, 'jpeg', '107989', 0, NULL, 81, 'App\\Models\\Inventory', '2022-03-14 15:33:35', '2022-03-14 15:33:35'),
(178, 'images\\zutqUYK0pu.jpg', 'zutqUYK0pu.jpg', NULL, 'jpg', '145490', 0, NULL, 50, 'App\\Models\\Inventory', '2022-03-14 15:33:35', '2022-03-14 15:33:35'),
(179, 'images\\2KQgomnnpJ.jpg', '2KQgomnnpJ.jpg', NULL, 'jpg', '463973', 0, NULL, 50, 'App\\Models\\Inventory', '2022-03-14 15:33:35', '2022-03-14 15:33:35'),
(180, 'images\\CnouDjrg0x.jpeg', 'CnouDjrg0x.jpeg', NULL, 'jpeg', '51467', 0, NULL, 50, 'App\\Models\\Inventory', '2022-03-14 15:33:35', '2022-03-14 15:33:35'),
(181, 'images\\9XLBg9uA2w.jpg', '9XLBg9uA2w.jpg', NULL, 'jpg', '277953', 0, NULL, 34, 'App\\Models\\Inventory', '2022-03-14 15:33:35', '2022-03-14 15:33:35'),
(182, 'images\\yktNn5Zsf8.jpg', 'yktNn5Zsf8.jpg', NULL, 'jpg', '876612', 0, NULL, 34, 'App\\Models\\Inventory', '2022-03-14 15:33:35', '2022-03-14 15:33:35'),
(183, 'images\\7n7yovg5on.jpg', '7n7yovg5on.jpg', NULL, 'jpg', '342102', 0, NULL, 34, 'App\\Models\\Inventory', '2022-03-14 15:33:35', '2022-03-14 15:33:35'),
(184, 'images\\zXZkDNlX9m.jpg', 'zXZkDNlX9m.jpg', NULL, 'jpg', '416558', 0, NULL, 40, 'App\\Models\\Inventory', '2022-03-14 15:33:35', '2022-03-14 15:33:35'),
(185, 'images\\ywEr2FBneq.jpg', 'ywEr2FBneq.jpg', NULL, 'jpg', '569367', 0, NULL, 40, 'App\\Models\\Inventory', '2022-03-14 15:33:35', '2022-03-14 15:33:35'),
(186, 'images\\ZweLdN1lw5.jpg', 'ZweLdN1lw5.jpg', NULL, 'jpg', '794095', 0, NULL, 40, 'App\\Models\\Inventory', '2022-03-14 15:33:35', '2022-03-14 15:33:35'),
(187, 'images\\ZSnB3I5sS5.jpg', 'ZSnB3I5sS5.jpg', NULL, 'jpg', '277953', 0, NULL, 71, 'App\\Models\\Inventory', '2022-03-14 15:33:35', '2022-03-14 15:33:35'),
(188, 'images\\rDulKYCm8g.jpg', 'rDulKYCm8g.jpg', NULL, 'jpg', '876612', 0, NULL, 71, 'App\\Models\\Inventory', '2022-03-14 15:33:35', '2022-03-14 15:33:35'),
(189, 'images\\hbT9MXHLb0.jpg', 'hbT9MXHLb0.jpg', NULL, 'jpg', '342102', 0, NULL, 71, 'App\\Models\\Inventory', '2022-03-14 15:33:35', '2022-03-14 15:33:35'),
(190, 'images\\KlJ4ILhuxM.jpg', 'KlJ4ILhuxM.jpg', NULL, 'jpg', '315426', 0, NULL, 84, 'App\\Models\\Inventory', '2022-03-14 15:33:35', '2022-03-14 15:33:35'),
(191, 'images\\ffbDu20fgQ.jpg', 'ffbDu20fgQ.jpg', NULL, 'jpg', '229382', 0, NULL, 84, 'App\\Models\\Inventory', '2022-03-14 15:33:35', '2022-03-14 15:33:35'),
(192, 'images\\idW5qcG4h3.jpg', 'idW5qcG4h3.jpg', NULL, 'jpg', '254367', 0, NULL, 84, 'App\\Models\\Inventory', '2022-03-14 15:33:35', '2022-03-14 15:33:35'),
(193, 'images\\VrcpGfyrc0.jpg', 'VrcpGfyrc0.jpg', NULL, 'jpg', '273044', 0, NULL, 84, 'App\\Models\\Inventory', '2022-03-14 15:33:35', '2022-03-14 15:33:35'),
(194, 'images\\aE1iAFwBZm.jpg', 'aE1iAFwBZm.jpg', NULL, 'jpg', '85299', 0, NULL, 8, 'App\\Models\\Inventory', '2022-03-14 15:33:35', '2022-03-14 15:33:35'),
(195, 'images\\Zkkm7L7Du8.jpg', 'Zkkm7L7Du8.jpg', NULL, 'jpg', '21899', 0, NULL, 8, 'App\\Models\\Inventory', '2022-03-14 15:33:35', '2022-03-14 15:33:35'),
(196, 'images\\WGwvveOmtb.jpg', 'WGwvveOmtb.jpg', NULL, 'jpg', '194770', 0, NULL, 12, 'App\\Models\\Inventory', '2022-03-14 15:33:35', '2022-03-14 15:33:35'),
(197, 'images\\6BXFz7dAox.jpg', '6BXFz7dAox.jpg', NULL, 'jpg', '22030', 0, NULL, 12, 'App\\Models\\Inventory', '2022-03-14 15:33:35', '2022-03-14 15:33:35'),
(198, 'images\\ka2oLK81mp.jpg', 'ka2oLK81mp.jpg', NULL, 'jpg', '44992', 0, NULL, 12, 'App\\Models\\Inventory', '2022-03-14 15:33:35', '2022-03-14 15:33:35'),
(199, 'images\\L1X1UZQ5Rd.jpg', 'L1X1UZQ5Rd.jpg', NULL, 'jpg', '14210', 0, NULL, 12, 'App\\Models\\Inventory', '2022-03-14 15:33:35', '2022-03-14 15:33:35'),
(200, 'images\\8IfIhnoQwx.jpeg', '8IfIhnoQwx.jpeg', NULL, 'jpeg', '6878', 0, NULL, 12, 'App\\Models\\Inventory', '2022-03-14 15:33:35', '2022-03-14 15:33:35'),
(201, 'images\\rsGG1cOZmC.jpg', 'rsGG1cOZmC.jpg', NULL, 'jpg', '227200', 0, NULL, 41, 'App\\Models\\Inventory', '2022-03-14 15:33:35', '2022-03-14 15:33:35'),
(202, 'images\\XPvUMW5D8B.jpeg', 'XPvUMW5D8B.jpeg', NULL, 'jpeg', '133945', 0, NULL, 41, 'App\\Models\\Inventory', '2022-03-14 15:33:35', '2022-03-14 15:33:35'),
(203, 'images\\lpis0lMpgM.jpg', 'lpis0lMpgM.jpg', NULL, 'jpg', '214433', 0, NULL, 42, 'App\\Models\\Inventory', '2022-03-14 15:33:35', '2022-03-14 15:33:35'),
(204, 'images\\4L6e0MTYJA.jpg', '4L6e0MTYJA.jpg', NULL, 'jpg', '140388', 0, NULL, 42, 'App\\Models\\Inventory', '2022-03-14 15:33:35', '2022-03-14 15:33:35'),
(205, 'images\\bMdRA6J2wp.jpg', 'bMdRA6J2wp.jpg', NULL, 'jpg', '123509', 0, NULL, 42, 'App\\Models\\Inventory', '2022-03-14 15:33:35', '2022-03-14 15:33:35'),
(206, 'images\\eQpz8MIWYE.jpg', 'eQpz8MIWYE.jpg', NULL, 'jpg', '185189', 0, NULL, 83, 'App\\Models\\Inventory', '2022-03-14 15:33:35', '2022-03-14 15:33:35'),
(207, 'images\\NEbtyzgu60.jpg', 'NEbtyzgu60.jpg', NULL, 'jpg', '756937', 0, NULL, 83, 'App\\Models\\Inventory', '2022-03-14 15:33:35', '2022-03-14 15:33:35'),
(208, 'images\\0qcAgmZWlL.jpg', '0qcAgmZWlL.jpg', NULL, 'jpg', '142420', 0, NULL, 27, 'App\\Models\\Inventory', '2022-03-14 15:33:35', '2022-03-14 15:33:35'),
(209, 'images\\33MNiB6YWD.jpg', '33MNiB6YWD.jpg', NULL, 'jpg', '83815', 0, NULL, 27, 'App\\Models\\Inventory', '2022-03-14 15:33:35', '2022-03-14 15:33:35'),
(210, 'images\\Kwx7M4HwXu.jpg', 'Kwx7M4HwXu.jpg', NULL, 'jpg', '21357', 0, NULL, 27, 'App\\Models\\Inventory', '2022-03-14 15:33:35', '2022-03-14 15:33:35'),
(211, 'images\\TzzffFb7AB.jpg', 'TzzffFb7AB.jpg', NULL, 'jpg', '216880', 0, NULL, 2, 'App\\Models\\Inventory', '2022-03-14 15:33:35', '2022-03-14 15:33:35'),
(212, 'images\\MowR6pAcT2.jpg', 'MowR6pAcT2.jpg', NULL, 'jpg', '173268', 0, NULL, 2, 'App\\Models\\Inventory', '2022-03-14 15:33:35', '2022-03-14 15:33:35'),
(213, 'images\\GM5vXzxb3X.jpg', 'GM5vXzxb3X.jpg', NULL, 'jpg', '158435', 0, NULL, 2, 'App\\Models\\Inventory', '2022-03-14 15:33:35', '2022-03-14 15:33:35'),
(214, 'images\\0LwdSnS2w4.jpg', '0LwdSnS2w4.jpg', NULL, 'jpg', '221557', 0, NULL, 23, 'App\\Models\\Inventory', '2022-03-14 15:33:35', '2022-03-14 15:33:35'),
(215, 'images\\OUr26tcG4z.jpg', 'OUr26tcG4z.jpg', NULL, 'jpg', '212310', 0, NULL, 23, 'App\\Models\\Inventory', '2022-03-14 15:33:35', '2022-03-14 15:33:35'),
(216, 'images\\6erZdRVubM.jpg', '6erZdRVubM.jpg', NULL, 'jpg', '166962', 0, NULL, 23, 'App\\Models\\Inventory', '2022-03-14 15:33:35', '2022-03-14 15:33:35'),
(217, 'images\\XdFTB3iaPn.jpg', 'XdFTB3iaPn.jpg', NULL, 'jpg', '159915', 0, NULL, 23, 'App\\Models\\Inventory', '2022-03-14 15:33:35', '2022-03-14 15:33:35'),
(218, 'images\\Vknjs4FDos.jpg', 'Vknjs4FDos.jpg', NULL, 'jpg', '214066', 0, NULL, 23, 'App\\Models\\Inventory', '2022-03-14 15:33:35', '2022-03-14 15:33:35'),
(219, 'images\\cI84rCKnOK.jpg', 'cI84rCKnOK.jpg', NULL, 'jpg', '154752', 0, NULL, 4, 'App\\Models\\Inventory', '2022-03-14 15:33:35', '2022-03-14 15:33:35'),
(220, 'images\\eJuWqn03Ry.jpg', 'eJuWqn03Ry.jpg', NULL, 'jpg', '49365', 0, NULL, 4, 'App\\Models\\Inventory', '2022-03-14 15:33:35', '2022-03-14 15:33:35'),
(221, 'images\\UB0ScTyTwG.jpg', 'UB0ScTyTwG.jpg', NULL, 'jpg', '12887', 0, NULL, 4, 'App\\Models\\Inventory', '2022-03-14 15:33:35', '2022-03-14 15:33:35'),
(222, 'images\\ShghPaVooA.jpg', 'ShghPaVooA.jpg', NULL, 'jpg', '159247', 0, NULL, 7, 'App\\Models\\Inventory', '2022-03-14 15:33:35', '2022-03-14 15:33:35'),
(223, 'images\\lArQ7zs4Hv.jpg', 'lArQ7zs4Hv.jpg', NULL, 'jpg', '9260', 0, NULL, 7, 'App\\Models\\Inventory', '2022-03-14 15:33:35', '2022-03-14 15:33:35'),
(224, 'images\\ckUwkt6ffZ.jpg', 'ckUwkt6ffZ.jpg', NULL, 'jpg', '12653', 0, NULL, 7, 'App\\Models\\Inventory', '2022-03-14 15:33:35', '2022-03-14 15:33:35'),
(225, 'images\\Rya1kbg5zS.jpg', 'Rya1kbg5zS.jpg', NULL, 'jpg', '485590', 0, NULL, 106, 'App\\Models\\Inventory', '2022-03-14 15:33:35', '2022-03-14 15:33:35'),
(226, 'images\\xZVLshddwx.jpg', 'xZVLshddwx.jpg', NULL, 'jpg', '450759', 0, NULL, 106, 'App\\Models\\Inventory', '2022-03-14 15:33:35', '2022-03-14 15:33:35'),
(227, 'images\\w4Y5kgycCm.jpg', 'w4Y5kgycCm.jpg', NULL, 'jpg', '382586', 0, NULL, 106, 'App\\Models\\Inventory', '2022-03-14 15:33:35', '2022-03-14 15:33:35'),
(228, 'images\\7l29bXluY9.jpg', '7l29bXluY9.jpg', NULL, 'jpg', '251632', 0, NULL, 22, 'App\\Models\\Inventory', '2022-03-14 15:33:35', '2022-03-14 15:33:35'),
(229, 'images\\FxvnyzCJsi.jpg', 'FxvnyzCJsi.jpg', NULL, 'jpg', '188413', 0, NULL, 22, 'App\\Models\\Inventory', '2022-03-14 15:33:35', '2022-03-14 15:33:35'),
(230, 'images\\qxDVv6U5NV.jpg', 'qxDVv6U5NV.jpg', NULL, 'jpg', '405851', 0, NULL, 22, 'App\\Models\\Inventory', '2022-03-14 15:33:35', '2022-03-14 15:33:35'),
(231, 'images\\spGeZObAl5.jpg', 'spGeZObAl5.jpg', NULL, 'jpg', '437710', 0, NULL, 22, 'App\\Models\\Inventory', '2022-03-14 15:33:35', '2022-03-14 15:33:35'),
(232, 'images\\A1TEYKgBsm.jpg', 'A1TEYKgBsm.jpg', NULL, 'jpg', '184246', 0, NULL, 51, 'App\\Models\\Inventory', '2022-03-14 15:33:35', '2022-03-14 15:33:35'),
(233, 'images\\5NWeFtagMO.jpg', '5NWeFtagMO.jpg', NULL, 'jpg', '47245', 0, NULL, 51, 'App\\Models\\Inventory', '2022-03-14 15:33:35', '2022-03-14 15:33:35'),
(234, 'images\\5DBqUYwg04.jpg', '5DBqUYwg04.jpg', NULL, 'jpg', '6681', 0, NULL, 51, 'App\\Models\\Inventory', '2022-03-14 15:33:35', '2022-03-14 15:33:35'),
(235, 'images\\oYlX92ZIrd.jpg', 'oYlX92ZIrd.jpg', NULL, 'jpg', '98927', 0, NULL, 11, 'App\\Models\\Inventory', '2022-03-14 15:33:35', '2022-03-14 15:33:35'),
(236, 'images\\R4w9PlOKPb.jpg', 'R4w9PlOKPb.jpg', NULL, 'jpg', '38660', 0, NULL, 11, 'App\\Models\\Inventory', '2022-03-14 15:33:35', '2022-03-14 15:33:35'),
(237, 'images\\Sv1FKIBnGg.jpg', 'Sv1FKIBnGg.jpg', NULL, 'jpg', '45808', 0, NULL, 11, 'App\\Models\\Inventory', '2022-03-14 15:33:35', '2022-03-14 15:33:35'),
(238, 'images\\3J20dyVxKD.jpg', '3J20dyVxKD.jpg', NULL, 'jpg', '160529', 0, NULL, 15, 'App\\Models\\Inventory', '2022-03-14 15:33:35', '2022-03-14 15:33:35'),
(239, 'images\\ALnw0TDimA.png', 'ALnw0TDimA.png', NULL, 'png', '194838', 0, NULL, 15, 'App\\Models\\Inventory', '2022-03-14 15:33:35', '2022-03-14 15:33:35'),
(240, 'images\\JTQxPTVmZw.png', 'JTQxPTVmZw.png', NULL, 'png', '146865', 0, NULL, 15, 'App\\Models\\Inventory', '2022-03-14 15:33:35', '2022-03-14 15:33:35'),
(241, 'images\\ezP2sv1Ibr.jpg', 'ezP2sv1Ibr.jpg', NULL, 'jpg', '498648', 0, NULL, 39, 'App\\Models\\Inventory', '2022-03-14 15:33:35', '2022-03-14 15:33:35'),
(242, 'images\\eK7Oqra5fu.jpg', 'eK7Oqra5fu.jpg', NULL, 'jpg', '478752', 0, NULL, 39, 'App\\Models\\Inventory', '2022-03-14 15:33:35', '2022-03-14 15:33:35'),
(243, 'images\\g2JfrF9QQF.jpg', 'g2JfrF9QQF.jpg', NULL, 'jpg', '119626', 0, NULL, 43, 'App\\Models\\Inventory', '2022-03-14 15:33:35', '2022-03-14 15:33:35'),
(244, 'images\\hfbhqmxBJA.jpg', 'hfbhqmxBJA.jpg', NULL, 'jpg', '284150', 0, NULL, 43, 'App\\Models\\Inventory', '2022-03-14 15:33:35', '2022-03-14 15:33:35'),
(245, 'images\\7hcS5gZuEi.jpg', '7hcS5gZuEi.jpg', NULL, 'jpg', '139886', 0, NULL, 104, 'App\\Models\\Inventory', '2022-03-14 15:33:35', '2022-03-14 15:33:35'),
(246, 'images\\xVFRNDGTmQ.jpg', 'xVFRNDGTmQ.jpg', NULL, 'jpg', '96212', 0, NULL, 104, 'App\\Models\\Inventory', '2022-03-14 15:33:35', '2022-03-14 15:33:35'),
(247, 'images\\sBdUWQEjSB.jpg', 'sBdUWQEjSB.jpg', NULL, 'jpg', '90308', 0, NULL, 104, 'App\\Models\\Inventory', '2022-03-14 15:33:35', '2022-03-14 15:33:35'),
(248, 'images\\LqR3Nts54e.jpg', 'LqR3Nts54e.jpg', NULL, 'jpg', '498648', 0, NULL, 73, 'App\\Models\\Inventory', '2022-03-14 15:33:35', '2022-03-14 15:33:35'),
(249, 'images\\QoMsvIuWnP.jpg', 'QoMsvIuWnP.jpg', NULL, 'jpg', '478752', 0, NULL, 73, 'App\\Models\\Inventory', '2022-03-14 15:33:35', '2022-03-14 15:33:35'),
(250, 'images\\owsXMFJlwS.jpg', 'owsXMFJlwS.jpg', NULL, 'jpg', '349716', 0, NULL, 89, 'App\\Models\\Inventory', '2022-03-14 15:33:35', '2022-03-14 15:33:35'),
(251, 'images\\sbqIndrsLh.jpg', 'sbqIndrsLh.jpg', NULL, 'jpg', '515075', 0, NULL, 89, 'App\\Models\\Inventory', '2022-03-14 15:33:35', '2022-03-14 15:33:35'),
(252, 'images\\59VRgGnRSn.jpg', '59VRgGnRSn.jpg', NULL, 'jpg', '151281', 0, NULL, 94, 'App\\Models\\Inventory', '2022-03-14 15:33:35', '2022-03-14 15:33:35'),
(253, 'images\\GuzP8QB2PZ.jpg', 'GuzP8QB2PZ.jpg', NULL, 'jpg', '282307', 0, NULL, 94, 'App\\Models\\Inventory', '2022-03-14 15:33:35', '2022-03-14 15:33:35'),
(254, 'images\\69lKufddX8.jpg', '69lKufddX8.jpg', NULL, 'jpg', '198579', 0, NULL, 94, 'App\\Models\\Inventory', '2022-03-14 15:33:35', '2022-03-14 15:33:35'),
(255, 'images\\uD5omIYJ1F.jpg', 'uD5omIYJ1F.jpg', NULL, 'jpg', '462235', 0, NULL, 94, 'App\\Models\\Inventory', '2022-03-14 15:33:35', '2022-03-14 15:33:35'),
(256, 'images\\E8iMKs0k4s.jpg', 'E8iMKs0k4s.jpg', NULL, 'jpg', '185189', 0, NULL, 24, 'App\\Models\\Inventory', '2022-03-14 15:33:35', '2022-03-14 15:33:35'),
(257, 'images\\0hY3vnpNGh.jpg', '0hY3vnpNGh.jpg', NULL, 'jpg', '756937', 0, NULL, 24, 'App\\Models\\Inventory', '2022-03-14 15:33:35', '2022-03-14 15:33:35'),
(258, 'images\\1DpqcZCE1Q.jpg', '1DpqcZCE1Q.jpg', NULL, 'jpg', '227200', 0, NULL, 46, 'App\\Models\\Inventory', '2022-03-14 15:33:35', '2022-03-14 15:33:35'),
(259, 'images\\3jVbXk8epY.jpeg', '3jVbXk8epY.jpeg', NULL, 'jpeg', '133945', 0, NULL, 46, 'App\\Models\\Inventory', '2022-03-14 15:33:35', '2022-03-14 15:33:35'),
(260, 'images\\S2vCvKkwXy.jpg', 'S2vCvKkwXy.jpg', NULL, 'jpg', '108709', 0, NULL, 59, 'App\\Models\\Inventory', '2022-03-14 15:33:35', '2022-03-14 15:33:35'),
(261, 'images\\OuaOcOjobQ.jpg', 'OuaOcOjobQ.jpg', NULL, 'jpg', '19446', 0, NULL, 59, 'App\\Models\\Inventory', '2022-03-14 15:33:35', '2022-03-14 15:33:35'),
(262, 'images\\ZYu41NMstp.jpg', 'ZYu41NMstp.jpg', NULL, 'jpg', '98927', 0, NULL, 80, 'App\\Models\\Inventory', '2022-03-14 15:33:35', '2022-03-14 15:33:35'),
(263, 'images\\VOv3tvAFvI.jpg', 'VOv3tvAFvI.jpg', NULL, 'jpg', '38660', 0, NULL, 80, 'App\\Models\\Inventory', '2022-03-14 15:33:35', '2022-03-14 15:33:35'),
(264, 'images\\QrraYA7fnV.jpg', 'QrraYA7fnV.jpg', NULL, 'jpg', '45808', 0, NULL, 80, 'App\\Models\\Inventory', '2022-03-14 15:33:35', '2022-03-14 15:33:35'),
(265, 'images\\ZjrfWWqFeq.jpg', 'ZjrfWWqFeq.jpg', NULL, 'jpg', '143272', 0, NULL, 88, 'App\\Models\\Inventory', '2022-03-14 15:33:35', '2022-03-14 15:33:35'),
(266, 'images\\oqyOA7Lg11.jpg', 'oqyOA7Lg11.jpg', NULL, 'jpg', '290073', 0, NULL, 88, 'App\\Models\\Inventory', '2022-03-14 15:33:35', '2022-03-14 15:33:35'),
(267, 'images\\qrBVpmRTrS.jpg', 'qrBVpmRTrS.jpg', NULL, 'jpg', '339333', 0, NULL, 88, 'App\\Models\\Inventory', '2022-03-14 15:33:35', '2022-03-14 15:33:35'),
(268, 'images\\3IEDHAFH3d.jpg', '3IEDHAFH3d.jpg', NULL, 'jpg', '71204', 0, NULL, 65, 'App\\Models\\Inventory', '2022-03-14 15:33:35', '2022-03-14 15:33:35'),
(269, 'images\\OZdiq90fdd.jpg', 'OZdiq90fdd.jpg', NULL, 'jpg', '12787', 0, NULL, 65, 'App\\Models\\Inventory', '2022-03-14 15:33:35', '2022-03-14 15:33:35'),
(270, 'images\\Ob81XIhD3H.jpg', 'Ob81XIhD3H.jpg', NULL, 'jpg', '19339', 0, NULL, 65, 'App\\Models\\Inventory', '2022-03-14 15:33:35', '2022-03-14 15:33:35'),
(271, 'images\\PLrTtWEkRc.jpg', 'PLrTtWEkRc.jpg', NULL, 'jpg', '100496', 0, NULL, 69, 'App\\Models\\Inventory', '2022-03-14 15:33:35', '2022-03-14 15:33:35'),
(272, 'images\\lMC3wtOwr0.jpg', 'lMC3wtOwr0.jpg', NULL, 'jpg', '32765', 0, NULL, 69, 'App\\Models\\Inventory', '2022-03-14 15:33:35', '2022-03-14 15:33:35'),
(273, 'images\\eHP50Ojr8H.jpg', 'eHP50Ojr8H.jpg', NULL, 'jpg', '77067', 0, NULL, 69, 'App\\Models\\Inventory', '2022-03-14 15:33:35', '2022-03-14 15:33:35'),
(274, 'images\\zizM605kAJ.jpg', 'zizM605kAJ.jpg', NULL, 'jpg', '61229', 0, NULL, 69, 'App\\Models\\Inventory', '2022-03-14 15:33:35', '2022-03-14 15:33:35'),
(275, 'images\\ZWTZhRLCBZ.jpg', 'ZWTZhRLCBZ.jpg', NULL, 'jpg', '145490', 0, NULL, 82, 'App\\Models\\Inventory', '2022-03-14 15:33:35', '2022-03-14 15:33:35'),
(276, 'images\\weyX3J21c1.jpg', 'weyX3J21c1.jpg', NULL, 'jpg', '463973', 0, NULL, 82, 'App\\Models\\Inventory', '2022-03-14 15:33:35', '2022-03-14 15:33:35'),
(277, 'images\\5eRvnUq72k.jpeg', '5eRvnUq72k.jpeg', NULL, 'jpeg', '51467', 0, NULL, 82, 'App\\Models\\Inventory', '2022-03-14 15:33:35', '2022-03-14 15:33:35'),
(278, 'images\\sXUjn9fCJJ.jpg', 'sXUjn9fCJJ.jpg', NULL, 'jpg', '71204', 0, NULL, 93, 'App\\Models\\Inventory', '2022-03-14 15:33:35', '2022-03-14 15:33:35'),
(279, 'images\\MF3qE46A9D.jpg', 'MF3qE46A9D.jpg', NULL, 'jpg', '12787', 0, NULL, 93, 'App\\Models\\Inventory', '2022-03-14 15:33:35', '2022-03-14 15:33:35'),
(280, 'images\\YrCHAkCKAk.jpg', 'YrCHAkCKAk.jpg', NULL, 'jpg', '19339', 0, NULL, 93, 'App\\Models\\Inventory', '2022-03-14 15:33:36', '2022-03-14 15:33:36'),
(281, 'images\\EO8PY88RLu.jpg', 'EO8PY88RLu.jpg', NULL, 'jpg', '119626', 0, NULL, 99, 'App\\Models\\Inventory', '2022-03-14 15:33:36', '2022-03-14 15:33:36'),
(282, 'images\\slL0qGyUdp.jpg', 'slL0qGyUdp.jpg', NULL, 'jpg', '284150', 0, NULL, 99, 'App\\Models\\Inventory', '2022-03-14 15:33:36', '2022-03-14 15:33:36'),
(283, 'images\\hEj2EDplRe.jpg', 'hEj2EDplRe.jpg', NULL, 'jpg', '108709', 0, NULL, 45, 'App\\Models\\Inventory', '2022-03-14 15:33:36', '2022-03-14 15:33:36'),
(284, 'images\\20a9p32dNu.jpg', '20a9p32dNu.jpg', NULL, 'jpg', '19446', 0, NULL, 45, 'App\\Models\\Inventory', '2022-03-14 15:33:36', '2022-03-14 15:33:36'),
(285, 'images\\5evWXCpgmc.jpg', '5evWXCpgmc.jpg', NULL, 'jpg', '147417', 0, NULL, 52, 'App\\Models\\Inventory', '2022-03-14 15:33:36', '2022-03-14 15:33:36'),
(286, 'images\\jaCFPwb3Fj.jpg', 'jaCFPwb3Fj.jpg', NULL, 'jpg', '117482', 0, NULL, 52, 'App\\Models\\Inventory', '2022-03-14 15:33:36', '2022-03-14 15:33:36'),
(287, 'images\\EUbPYmyIzD.jpg', 'EUbPYmyIzD.jpg', NULL, 'jpg', '128884', 0, NULL, 52, 'App\\Models\\Inventory', '2022-03-14 15:33:36', '2022-03-14 15:33:36'),
(288, 'images\\eLtyokt3zC.jpg', 'eLtyokt3zC.jpg', NULL, 'jpg', '167790', 0, NULL, 60, 'App\\Models\\Inventory', '2022-03-14 15:33:36', '2022-03-14 15:33:36'),
(289, 'images\\YZEvOuxb2v.jpg', 'YZEvOuxb2v.jpg', NULL, 'jpg', '69982', 0, NULL, 60, 'App\\Models\\Inventory', '2022-03-14 15:33:36', '2022-03-14 15:33:36'),
(290, 'images\\tDah2FEd5t.jpg', 'tDah2FEd5t.jpg', NULL, 'jpg', '6681', 0, NULL, 60, 'App\\Models\\Inventory', '2022-03-14 15:33:36', '2022-03-14 15:33:36'),
(291, 'images\\VjewS00f1S.jpg', 'VjewS00f1S.jpg', NULL, 'jpg', '47245', 0, NULL, 60, 'App\\Models\\Inventory', '2022-03-14 15:33:36', '2022-03-14 15:33:36'),
(292, 'images\\yfaB9TkTIk.jpg', 'yfaB9TkTIk.jpg', NULL, 'jpg', '150546', 0, NULL, 19, 'App\\Models\\Inventory', '2022-03-14 15:33:36', '2022-03-14 15:33:36'),
(293, 'images\\e1pH5fYDec.jpg', 'e1pH5fYDec.jpg', NULL, 'jpg', '23875', 0, NULL, 19, 'App\\Models\\Inventory', '2022-03-14 15:33:36', '2022-03-14 15:33:36'),
(294, 'images\\d0tB9dx5LF.jpg', 'd0tB9dx5LF.jpg', NULL, 'jpg', '63923', 0, NULL, 19, 'App\\Models\\Inventory', '2022-03-14 15:33:36', '2022-03-14 15:33:36'),
(295, 'images\\lpU5ceLQDp.jpg', 'lpU5ceLQDp.jpg', NULL, 'jpg', '147417', 0, NULL, 62, 'App\\Models\\Inventory', '2022-03-14 15:33:36', '2022-03-14 15:33:36'),
(296, 'images\\FMYAJzSvAA.jpg', 'FMYAJzSvAA.jpg', NULL, 'jpg', '117482', 0, NULL, 62, 'App\\Models\\Inventory', '2022-03-14 15:33:36', '2022-03-14 15:33:36'),
(297, 'images\\K5u9r9DUAw.jpg', 'K5u9r9DUAw.jpg', NULL, 'jpg', '128884', 0, NULL, 62, 'App\\Models\\Inventory', '2022-03-14 15:33:36', '2022-03-14 15:33:36'),
(298, 'images\\sp1UxTVT6o.jpg', 'sp1UxTVT6o.jpg', NULL, 'jpg', '122447', 0, NULL, 85, 'App\\Models\\Inventory', '2022-03-14 15:33:36', '2022-03-14 15:33:36'),
(299, 'images\\enc2tJ01AB.jpg', 'enc2tJ01AB.jpg', NULL, 'jpg', '41639', 0, NULL, 85, 'App\\Models\\Inventory', '2022-03-14 15:33:36', '2022-03-14 15:33:36'),
(300, 'images\\Ajvdx9nNsj.jpg', 'Ajvdx9nNsj.jpg', NULL, 'jpg', '61874', 0, NULL, 85, 'App\\Models\\Inventory', '2022-03-14 15:33:36', '2022-03-14 15:33:36'),
(301, 'images\\rYffuFiNYG.jpg', 'rYffuFiNYG.jpg', NULL, 'jpg', '98927', 0, NULL, 97, 'App\\Models\\Inventory', '2022-03-14 15:33:36', '2022-03-14 15:33:36'),
(302, 'images\\A9lLKKNj55.jpg', 'A9lLKKNj55.jpg', NULL, 'jpg', '38660', 0, NULL, 97, 'App\\Models\\Inventory', '2022-03-14 15:33:36', '2022-03-14 15:33:36'),
(303, 'images\\SOXJoTqBQE.jpg', 'SOXJoTqBQE.jpg', NULL, 'jpg', '45808', 0, NULL, 97, 'App\\Models\\Inventory', '2022-03-14 15:33:36', '2022-03-14 15:33:36'),
(304, 'images\\ivxQJ30t10.jpg', 'ivxQJ30t10.jpg', NULL, 'jpg', '142420', 0, NULL, 9, 'App\\Models\\Inventory', '2022-03-14 15:33:36', '2022-03-14 15:33:36'),
(305, 'images\\y1xXujWcvJ.jpg', 'y1xXujWcvJ.jpg', NULL, 'jpg', '83815', 0, NULL, 9, 'App\\Models\\Inventory', '2022-03-14 15:33:36', '2022-03-14 15:33:36'),
(306, 'images\\DWlG8nGpbT.jpg', 'DWlG8nGpbT.jpg', NULL, 'jpg', '21357', 0, NULL, 9, 'App\\Models\\Inventory', '2022-03-14 15:33:36', '2022-03-14 15:33:36'),
(307, 'images\\o4w7EZUVDb.jpg', 'o4w7EZUVDb.jpg', NULL, 'jpg', '171460', 0, NULL, 26, 'App\\Models\\Inventory', '2022-03-14 15:33:36', '2022-03-14 15:33:36'),
(308, 'images\\OFFTIktyjD.jpg', 'OFFTIktyjD.jpg', NULL, 'jpg', '58348', 0, NULL, 26, 'App\\Models\\Inventory', '2022-03-14 15:33:36', '2022-03-14 15:33:36'),
(309, 'images\\23ZUq7lonb.jpg', '23ZUq7lonb.jpg', NULL, 'jpg', '154752', 0, NULL, 70, 'App\\Models\\Inventory', '2022-03-14 15:33:36', '2022-03-14 15:33:36'),
(310, 'images\\mpXtltQaxX.jpg', 'mpXtltQaxX.jpg', NULL, 'jpg', '49365', 0, NULL, 70, 'App\\Models\\Inventory', '2022-03-14 15:33:36', '2022-03-14 15:33:36'),
(311, 'images\\DJUBkxdhhs.jpg', 'DJUBkxdhhs.jpg', NULL, 'jpg', '12887', 0, NULL, 70, 'App\\Models\\Inventory', '2022-03-14 15:33:36', '2022-03-14 15:33:36'),
(312, 'images\\qzVsdqDfgb.jpg', 'qzVsdqDfgb.jpg', NULL, 'jpg', '202167', 0, NULL, 77, 'App\\Models\\Inventory', '2022-03-14 15:33:36', '2022-03-14 15:33:36'),
(313, 'images\\Kkc3esFxmY.jpg', 'Kkc3esFxmY.jpg', NULL, 'jpg', '227200', 0, NULL, 87, 'App\\Models\\Inventory', '2022-03-14 15:33:36', '2022-03-14 15:33:36'),
(314, 'images\\HytWazOkQV.jpeg', 'HytWazOkQV.jpeg', NULL, 'jpeg', '133945', 0, NULL, 87, 'App\\Models\\Inventory', '2022-03-14 15:33:36', '2022-03-14 15:33:36'),
(315, 'images\\Sn6fGfht5m.jpg', 'Sn6fGfht5m.jpg', NULL, 'jpg', '179703', 0, NULL, 98, 'App\\Models\\Inventory', '2022-03-14 15:33:36', '2022-03-14 15:33:36'),
(316, 'images\\zcQeNJXBjM.jpg', 'zcQeNJXBjM.jpg', NULL, 'jpg', '194943', 0, NULL, 98, 'App\\Models\\Inventory', '2022-03-14 15:33:36', '2022-03-14 15:33:36'),
(317, 'images\\1oeqxOsBDv.jpg', '1oeqxOsBDv.jpg', NULL, 'jpg', '166868', 0, NULL, 98, 'App\\Models\\Inventory', '2022-03-14 15:33:36', '2022-03-14 15:33:36'),
(318, 'images\\Dt7opJxKpV.jpg', 'Dt7opJxKpV.jpg', NULL, 'jpg', '185189', 0, NULL, 66, 'App\\Models\\Inventory', '2022-03-14 15:33:36', '2022-03-14 15:33:36'),
(319, 'images\\JNnCKd4EUe.jpg', 'JNnCKd4EUe.jpg', NULL, 'jpg', '756937', 0, NULL, 66, 'App\\Models\\Inventory', '2022-03-14 15:33:36', '2022-03-14 15:33:36'),
(320, 'images\\gBZjygbwkO.jpg', 'gBZjygbwkO.jpg', NULL, 'jpg', '139886', 0, NULL, 21, 'App\\Models\\Inventory', '2022-03-14 15:33:36', '2022-03-14 15:33:36'),
(321, 'images\\kxjbgUZUou.jpg', 'kxjbgUZUou.jpg', NULL, 'jpg', '96212', 0, NULL, 21, 'App\\Models\\Inventory', '2022-03-14 15:33:36', '2022-03-14 15:33:36'),
(322, 'images\\iyAUSWJXCs.jpg', 'iyAUSWJXCs.jpg', NULL, 'jpg', '90308', 0, NULL, 21, 'App\\Models\\Inventory', '2022-03-14 15:33:36', '2022-03-14 15:33:36'),
(323, 'images\\BmtS7pOrGP.jpg', 'BmtS7pOrGP.jpg', NULL, 'jpg', '498648', 0, NULL, 32, 'App\\Models\\Inventory', '2022-03-14 15:33:36', '2022-03-14 15:33:36');
INSERT INTO `images` (`id`, `path`, `name`, `type`, `extension`, `size`, `order`, `featured`, `imageable_id`, `imageable_type`, `created_at`, `updated_at`) VALUES
(324, 'images\\Yx3bkImMXW.jpg', 'Yx3bkImMXW.jpg', NULL, 'jpg', '478752', 0, NULL, 32, 'App\\Models\\Inventory', '2022-03-14 15:33:36', '2022-03-14 15:33:36'),
(325, 'images\\Gab3sV0Gjo.jpg', 'Gab3sV0Gjo.jpg', NULL, 'jpg', '171460', 0, NULL, 76, 'App\\Models\\Inventory', '2022-03-14 15:33:36', '2022-03-14 15:33:36'),
(326, 'images\\cc0fCsy62T.jpg', 'cc0fCsy62T.jpg', NULL, 'jpg', '58348', 0, NULL, 76, 'App\\Models\\Inventory', '2022-03-14 15:33:36', '2022-03-14 15:33:36'),
(327, 'images\\XvzS3RT9Ci.jpg', 'XvzS3RT9Ci.jpg', NULL, 'jpg', '488363', 0, NULL, 101, 'App\\Models\\Inventory', '2022-03-14 15:33:36', '2022-03-14 15:33:36'),
(328, 'images\\yQ6dlyqIqO.jpg', 'yQ6dlyqIqO.jpg', NULL, 'jpg', '410379', 0, NULL, 101, 'App\\Models\\Inventory', '2022-03-14 15:33:36', '2022-03-14 15:33:36'),
(329, 'images\\7ZME1l6qcF.jpg', '7ZME1l6qcF.jpg', NULL, 'jpg', '370985', 0, NULL, 101, 'App\\Models\\Inventory', '2022-03-14 15:33:36', '2022-03-14 15:33:36'),
(330, 'images\\VawUPeUgp3.jpg', 'VawUPeUgp3.jpg', NULL, 'jpg', '279970', 0, NULL, 101, 'App\\Models\\Inventory', '2022-03-14 15:33:36', '2022-03-14 15:33:36'),
(331, 'images\\Z1eVvvCnoz.jpg', 'Z1eVvvCnoz.jpg', NULL, 'jpg', '474967', 0, NULL, 56, 'App\\Models\\Inventory', '2022-03-14 15:33:36', '2022-03-14 15:33:36'),
(332, 'images\\DvperbU7mw.jpg', 'DvperbU7mw.jpg', NULL, 'jpg', '320629', 0, NULL, 56, 'App\\Models\\Inventory', '2022-03-14 15:33:36', '2022-03-14 15:33:36'),
(333, 'images\\SDv4iI6X9F.jpg', 'SDv4iI6X9F.jpg', NULL, 'jpg', '396205', 0, NULL, 56, 'App\\Models\\Inventory', '2022-03-14 15:33:36', '2022-03-14 15:33:36'),
(334, 'images\\UOUeW7chbq.jpg', 'UOUeW7chbq.jpg', NULL, 'jpg', '415302', 0, NULL, 56, 'App\\Models\\Inventory', '2022-03-14 15:33:36', '2022-03-14 15:33:36'),
(335, 'images\\vfq1oFPZkA.jpg', 'vfq1oFPZkA.jpg', NULL, 'jpg', '277953', 0, NULL, 78, 'App\\Models\\Inventory', '2022-03-14 15:33:36', '2022-03-14 15:33:36'),
(336, 'images\\fjnR9pdPKi.jpg', 'fjnR9pdPKi.jpg', NULL, 'jpg', '876612', 0, NULL, 78, 'App\\Models\\Inventory', '2022-03-14 15:33:36', '2022-03-14 15:33:36'),
(337, 'images\\bNXC7z07IN.jpg', 'bNXC7z07IN.jpg', NULL, 'jpg', '342102', 0, NULL, 78, 'App\\Models\\Inventory', '2022-03-14 15:33:36', '2022-03-14 15:33:36'),
(338, 'images\\u5z16M3lN7.jpg', 'u5z16M3lN7.jpg', NULL, 'jpg', '128590', 0, NULL, 100, 'App\\Models\\Inventory', '2022-03-14 15:33:36', '2022-03-14 15:33:36'),
(339, 'images\\tKaRh8Ppme.png', 'tKaRh8Ppme.png', NULL, 'png', '451649', 0, NULL, 100, 'App\\Models\\Inventory', '2022-03-14 15:33:36', '2022-03-14 15:33:36'),
(340, 'images\\EkmgpKAVYe.jpeg', 'EkmgpKAVYe.jpeg', NULL, 'jpeg', '37291', 0, NULL, 100, 'App\\Models\\Inventory', '2022-03-14 15:33:36', '2022-03-14 15:33:36'),
(341, 'images\\u64xQ8B34e.jpeg', 'u64xQ8B34e.jpeg', NULL, 'jpeg', '107989', 0, NULL, 100, 'App\\Models\\Inventory', '2022-03-14 15:33:36', '2022-03-14 15:33:36'),
(342, 'images\\IiCYr54D50.jpg', 'IiCYr54D50.jpg', NULL, 'jpg', '221557', 0, NULL, 10, 'App\\Models\\Inventory', '2022-03-14 15:33:36', '2022-03-14 15:33:36'),
(343, 'images\\rqnYHZVffI.jpg', 'rqnYHZVffI.jpg', NULL, 'jpg', '212310', 0, NULL, 10, 'App\\Models\\Inventory', '2022-03-14 15:33:36', '2022-03-14 15:33:36'),
(344, 'images\\Cv3aPkZVxs.jpg', 'Cv3aPkZVxs.jpg', NULL, 'jpg', '166962', 0, NULL, 10, 'App\\Models\\Inventory', '2022-03-14 15:33:36', '2022-03-14 15:33:36'),
(345, 'images\\I2DLllN0hM.jpg', 'I2DLllN0hM.jpg', NULL, 'jpg', '159915', 0, NULL, 10, 'App\\Models\\Inventory', '2022-03-14 15:33:36', '2022-03-14 15:33:36'),
(346, 'images\\P0B7dn611W.jpg', 'P0B7dn611W.jpg', NULL, 'jpg', '214066', 0, NULL, 10, 'App\\Models\\Inventory', '2022-03-14 15:33:36', '2022-03-14 15:33:36'),
(347, 'images\\SbjmsKrgl3.jpg', 'SbjmsKrgl3.jpg', NULL, 'jpg', '154752', 0, NULL, 30, 'App\\Models\\Inventory', '2022-03-14 15:33:36', '2022-03-14 15:33:36'),
(348, 'images\\JoDNC5VRvT.jpg', 'JoDNC5VRvT.jpg', NULL, 'jpg', '49365', 0, NULL, 30, 'App\\Models\\Inventory', '2022-03-14 15:33:36', '2022-03-14 15:33:36'),
(349, 'images\\kmm4dglxz4.jpg', 'kmm4dglxz4.jpg', NULL, 'jpg', '12887', 0, NULL, 30, 'App\\Models\\Inventory', '2022-03-14 15:33:36', '2022-03-14 15:33:36'),
(350, 'images\\TVoWGU5W4y.jpg', 'TVoWGU5W4y.jpg', NULL, 'jpg', '184246', 0, NULL, 33, 'App\\Models\\Inventory', '2022-03-14 15:33:36', '2022-03-14 15:33:36'),
(351, 'images\\y2kRxghQFE.jpg', 'y2kRxghQFE.jpg', NULL, 'jpg', '47245', 0, NULL, 33, 'App\\Models\\Inventory', '2022-03-14 15:33:36', '2022-03-14 15:33:36'),
(352, 'images\\1QxdZKkC5C.jpg', '1QxdZKkC5C.jpg', NULL, 'jpg', '6681', 0, NULL, 33, 'App\\Models\\Inventory', '2022-03-14 15:33:36', '2022-03-14 15:33:36'),
(353, 'images\\9kHHP28s3D.jpg', '9kHHP28s3D.jpg', NULL, 'jpg', '246030', 0, NULL, 54, 'App\\Models\\Inventory', '2022-03-14 15:33:36', '2022-03-14 15:33:36'),
(354, 'images\\CYxgRwVQlM.jpg', 'CYxgRwVQlM.jpg', NULL, 'jpg', '113320', 0, NULL, 54, 'App\\Models\\Inventory', '2022-03-14 15:33:36', '2022-03-14 15:33:36'),
(355, 'images\\6EMnYINsAj.jpg', '6EMnYINsAj.jpg', NULL, 'jpg', '354959', 0, NULL, 54, 'App\\Models\\Inventory', '2022-03-14 15:33:36', '2022-03-14 15:33:36'),
(356, 'images\\wkqQLhu7R8.jpg', 'wkqQLhu7R8.jpg', NULL, 'jpg', '221557', 0, NULL, 103, 'App\\Models\\Inventory', '2022-03-14 15:33:36', '2022-03-14 15:33:36'),
(357, 'images\\LmGtSJLGiM.jpg', 'LmGtSJLGiM.jpg', NULL, 'jpg', '212310', 0, NULL, 103, 'App\\Models\\Inventory', '2022-03-14 15:33:36', '2022-03-14 15:33:36'),
(358, 'images\\cOj2NOU3kq.jpg', 'cOj2NOU3kq.jpg', NULL, 'jpg', '166962', 0, NULL, 103, 'App\\Models\\Inventory', '2022-03-14 15:33:36', '2022-03-14 15:33:36'),
(359, 'images\\JgkAmpbC7E.jpg', 'JgkAmpbC7E.jpg', NULL, 'jpg', '159915', 0, NULL, 103, 'App\\Models\\Inventory', '2022-03-14 15:33:36', '2022-03-14 15:33:36'),
(360, 'images\\wLN8mdY0hV.jpg', 'wLN8mdY0hV.jpg', NULL, 'jpg', '214066', 0, NULL, 103, 'App\\Models\\Inventory', '2022-03-14 15:33:36', '2022-03-14 15:33:36'),
(361, 'images\\CWS7YyfTtZ.jpg', 'CWS7YyfTtZ.jpg', NULL, 'jpg', '246030', 0, NULL, 29, 'App\\Models\\Inventory', '2022-03-14 15:33:36', '2022-03-14 15:33:36'),
(362, 'images\\rXDtKJkTWC.jpg', 'rXDtKJkTWC.jpg', NULL, 'jpg', '113320', 0, NULL, 29, 'App\\Models\\Inventory', '2022-03-14 15:33:36', '2022-03-14 15:33:36'),
(363, 'images\\OewjH5l7xZ.jpg', 'OewjH5l7xZ.jpg', NULL, 'jpg', '354959', 0, NULL, 29, 'App\\Models\\Inventory', '2022-03-14 15:33:36', '2022-03-14 15:33:36'),
(364, 'images\\YV9AhvqTb7.jpg', 'YV9AhvqTb7.jpg', NULL, 'jpg', '694491', 0, NULL, 37, 'App\\Models\\Inventory', '2022-03-14 15:33:36', '2022-03-14 15:33:36'),
(365, 'images\\SGmmSAqfJf.jpg', 'SGmmSAqfJf.jpg', NULL, 'jpg', '585317', 0, NULL, 37, 'App\\Models\\Inventory', '2022-03-14 15:33:36', '2022-03-14 15:33:36'),
(366, 'images\\jx3bN6cham.jpg', 'jx3bN6cham.jpg', NULL, 'jpg', '255847', 0, NULL, 37, 'App\\Models\\Inventory', '2022-03-14 15:33:36', '2022-03-14 15:33:36'),
(367, 'images\\cdVfE9wtJI.jpg', 'cdVfE9wtJI.jpg', NULL, 'jpg', '278534', 0, NULL, 57, 'App\\Models\\Inventory', '2022-03-14 15:33:36', '2022-03-14 15:33:36'),
(368, 'images\\o8ENn4iZrg.jpg', 'o8ENn4iZrg.jpg', NULL, 'jpg', '104910', 0, NULL, 57, 'App\\Models\\Inventory', '2022-03-14 15:33:36', '2022-03-14 15:33:36'),
(369, 'images\\wudJf3yuo9.jpg', 'wudJf3yuo9.jpg', NULL, 'jpg', '74096', 0, NULL, 57, 'App\\Models\\Inventory', '2022-03-14 15:33:36', '2022-03-14 15:33:36'),
(370, 'images\\GWbcYZDBtp.jpg', 'GWbcYZDBtp.jpg', NULL, 'jpg', '82897', 0, NULL, 57, 'App\\Models\\Inventory', '2022-03-14 15:33:36', '2022-03-14 15:33:36'),
(371, 'images\\1TKmb0RUB8.jpg', '1TKmb0RUB8.jpg', NULL, 'jpg', '171460', 0, NULL, 6, 'App\\Models\\Inventory', '2022-03-14 15:33:36', '2022-03-14 15:33:36'),
(372, 'images\\TEnW7iCWOr.jpg', 'TEnW7iCWOr.jpg', NULL, 'jpg', '58348', 0, NULL, 6, 'App\\Models\\Inventory', '2022-03-14 15:33:36', '2022-03-14 15:33:36'),
(373, 'images\\HHwDBUHxje.jpg', 'HHwDBUHxje.jpg', NULL, 'jpg', '150546', 0, NULL, 44, 'App\\Models\\Inventory', '2022-03-14 15:33:36', '2022-03-14 15:33:36'),
(374, 'images\\54JBHox4jJ.jpg', '54JBHox4jJ.jpg', NULL, 'jpg', '23875', 0, NULL, 44, 'App\\Models\\Inventory', '2022-03-14 15:33:36', '2022-03-14 15:33:36'),
(375, 'images\\wBGAlXT1Pa.jpg', 'wBGAlXT1Pa.jpg', NULL, 'jpg', '63923', 0, NULL, 44, 'App\\Models\\Inventory', '2022-03-14 15:33:36', '2022-03-14 15:33:36'),
(376, 'images\\8l0kkPO2E0.jpg', '8l0kkPO2E0.jpg', NULL, 'jpg', '278534', 0, NULL, 48, 'App\\Models\\Inventory', '2022-03-14 15:33:36', '2022-03-14 15:33:36'),
(377, 'images\\4YKXiRttD0.jpg', '4YKXiRttD0.jpg', NULL, 'jpg', '104910', 0, NULL, 48, 'App\\Models\\Inventory', '2022-03-14 15:33:36', '2022-03-14 15:33:36'),
(378, 'images\\jM9ZiZDDIg.jpg', 'jM9ZiZDDIg.jpg', NULL, 'jpg', '74096', 0, NULL, 48, 'App\\Models\\Inventory', '2022-03-14 15:33:36', '2022-03-14 15:33:36'),
(379, 'images\\9wCCbX2PhN.jpg', '9wCCbX2PhN.jpg', NULL, 'jpg', '82897', 0, NULL, 48, 'App\\Models\\Inventory', '2022-03-14 15:33:36', '2022-03-14 15:33:36'),
(380, 'images\\sj19kZlnSM.jpg', 'sj19kZlnSM.jpg', NULL, 'jpg', '488363', 0, NULL, 63, 'App\\Models\\Inventory', '2022-03-14 15:33:36', '2022-03-14 15:33:36'),
(381, 'images\\8lYzU1t21p.jpg', '8lYzU1t21p.jpg', NULL, 'jpg', '410379', 0, NULL, 63, 'App\\Models\\Inventory', '2022-03-14 15:33:36', '2022-03-14 15:33:36'),
(382, 'images\\0SsJVm19Rk.jpg', '0SsJVm19Rk.jpg', NULL, 'jpg', '370985', 0, NULL, 63, 'App\\Models\\Inventory', '2022-03-14 15:33:36', '2022-03-14 15:33:36'),
(383, 'images\\1sim7Y5dte.jpg', '1sim7Y5dte.jpg', NULL, 'jpg', '279970', 0, NULL, 63, 'App\\Models\\Inventory', '2022-03-14 15:33:36', '2022-03-14 15:33:36'),
(384, 'images\\6yenhGpXTD.jpg', '6yenhGpXTD.jpg', NULL, 'jpg', '227200', 0, NULL, 28, 'App\\Models\\Inventory', '2022-03-14 15:33:36', '2022-03-14 15:33:36'),
(385, 'images\\DAWEM3pvRZ.jpeg', 'DAWEM3pvRZ.jpeg', NULL, 'jpeg', '133945', 0, NULL, 28, 'App\\Models\\Inventory', '2022-03-14 15:33:36', '2022-03-14 15:33:36'),
(386, 'images\\blhKvMUNMW.jpg', 'blhKvMUNMW.jpg', NULL, 'jpg', '367888', 0, NULL, 64, 'App\\Models\\Inventory', '2022-03-14 15:33:36', '2022-03-14 15:33:36'),
(387, 'images\\tOquunSplz.jpg', 'tOquunSplz.jpg', NULL, 'jpg', '248919', 0, NULL, 64, 'App\\Models\\Inventory', '2022-03-14 15:33:36', '2022-03-14 15:33:36'),
(388, 'images\\YkXzFxUYs7.jpg', 'YkXzFxUYs7.jpg', NULL, 'jpg', '511252', 0, NULL, 64, 'App\\Models\\Inventory', '2022-03-14 15:33:36', '2022-03-14 15:33:36'),
(389, 'images\\cglDWVRPSP.jpg', 'cglDWVRPSP.jpg', NULL, 'jpg', '202167', 0, NULL, 105, 'App\\Models\\Inventory', '2022-03-14 15:33:36', '2022-03-14 15:33:36'),
(390, 'images\\4IZz4MWQsf.jpg', '4IZz4MWQsf.jpg', NULL, 'jpg', '251632', 0, NULL, 16, 'App\\Models\\Inventory', '2022-03-14 15:33:36', '2022-03-14 15:33:36'),
(391, 'images\\8xChqEAEpi.jpg', '8xChqEAEpi.jpg', NULL, 'jpg', '188413', 0, NULL, 16, 'App\\Models\\Inventory', '2022-03-14 15:33:36', '2022-03-14 15:33:36'),
(392, 'images\\mkSknraBC5.jpg', 'mkSknraBC5.jpg', NULL, 'jpg', '405851', 0, NULL, 16, 'App\\Models\\Inventory', '2022-03-14 15:33:36', '2022-03-14 15:33:36'),
(393, 'images\\RSYVaGu5fl.jpg', 'RSYVaGu5fl.jpg', NULL, 'jpg', '437710', 0, NULL, 16, 'App\\Models\\Inventory', '2022-03-14 15:33:36', '2022-03-14 15:33:36'),
(394, 'images\\kmxvDL011f.jpg', 'kmxvDL011f.jpg', NULL, 'jpg', '246030', 0, NULL, 25, 'App\\Models\\Inventory', '2022-03-14 15:33:36', '2022-03-14 15:33:36'),
(395, 'images\\0PtmO1qlel.jpg', '0PtmO1qlel.jpg', NULL, 'jpg', '113320', 0, NULL, 25, 'App\\Models\\Inventory', '2022-03-14 15:33:36', '2022-03-14 15:33:36'),
(396, 'images\\PlHie0wC5L.jpg', 'PlHie0wC5L.jpg', NULL, 'jpg', '354959', 0, NULL, 25, 'App\\Models\\Inventory', '2022-03-14 15:33:36', '2022-03-14 15:33:36'),
(397, 'images\\I9zwCZQO1z.jpg', 'I9zwCZQO1z.jpg', NULL, 'jpg', '150546', 0, NULL, 47, 'App\\Models\\Inventory', '2022-03-14 15:33:36', '2022-03-14 15:33:36'),
(398, 'images\\7lUag2bVUE.jpg', '7lUag2bVUE.jpg', NULL, 'jpg', '23875', 0, NULL, 47, 'App\\Models\\Inventory', '2022-03-14 15:33:36', '2022-03-14 15:33:36'),
(399, 'images\\FD5krt3Vsf.jpg', 'FD5krt3Vsf.jpg', NULL, 'jpg', '63923', 0, NULL, 47, 'App\\Models\\Inventory', '2022-03-14 15:33:36', '2022-03-14 15:33:36'),
(400, 'images\\U0AZqcLWUx.jpg', 'U0AZqcLWUx.jpg', NULL, 'jpg', '145490', 0, NULL, 79, 'App\\Models\\Inventory', '2022-03-14 15:33:36', '2022-03-14 15:33:36'),
(401, 'images\\HHIjlYOSQT.jpg', 'HHIjlYOSQT.jpg', NULL, 'jpg', '463973', 0, NULL, 79, 'App\\Models\\Inventory', '2022-03-14 15:33:36', '2022-03-14 15:33:36'),
(402, 'images\\qecY4LiQt5.jpeg', 'qecY4LiQt5.jpeg', NULL, 'jpeg', '51467', 0, NULL, 79, 'App\\Models\\Inventory', '2022-03-14 15:33:36', '2022-03-14 15:33:36'),
(403, 'images\\fsboBjOsxI.jpg', 'fsboBjOsxI.jpg', NULL, 'jpg', '225459', 0, NULL, 91, 'App\\Models\\Inventory', '2022-03-14 15:33:36', '2022-03-14 15:33:36'),
(404, 'images\\MvrWER9oTr.jpg', 'MvrWER9oTr.jpg', NULL, 'jpg', '244762', 0, NULL, 91, 'App\\Models\\Inventory', '2022-03-14 15:33:36', '2022-03-14 15:33:36'),
(405, 'images\\DAFuXyfwVN.jpg', 'DAFuXyfwVN.jpg', NULL, 'jpg', '345128', 0, NULL, 91, 'App\\Models\\Inventory', '2022-03-14 15:33:36', '2022-03-14 15:33:36'),
(406, 'images\\hzE8j44NVk.jpg', 'hzE8j44NVk.jpg', NULL, 'jpg', '150546', 0, NULL, 102, 'App\\Models\\Inventory', '2022-03-14 15:33:36', '2022-03-14 15:33:36'),
(407, 'images\\bfdyZ0BZOD.jpg', 'bfdyZ0BZOD.jpg', NULL, 'jpg', '23875', 0, NULL, 102, 'App\\Models\\Inventory', '2022-03-14 15:33:36', '2022-03-14 15:33:36'),
(408, 'images\\6jRFGQmVQ7.jpg', '6jRFGQmVQ7.jpg', NULL, 'jpg', '63923', 0, NULL, 102, 'App\\Models\\Inventory', '2022-03-14 15:33:36', '2022-03-14 15:33:36'),
(409, 'images\\9tLqAgQKMC.jpg', '9tLqAgQKMC.jpg', NULL, 'jpg', '151281', 0, NULL, 5, 'App\\Models\\Inventory', '2022-03-14 15:33:36', '2022-03-14 15:33:36'),
(410, 'images\\Nds182GM7V.jpg', 'Nds182GM7V.jpg', NULL, 'jpg', '282307', 0, NULL, 5, 'App\\Models\\Inventory', '2022-03-14 15:33:36', '2022-03-14 15:33:36'),
(411, 'images\\bKEfEjGj2q.jpg', 'bKEfEjGj2q.jpg', NULL, 'jpg', '198579', 0, NULL, 5, 'App\\Models\\Inventory', '2022-03-14 15:33:36', '2022-03-14 15:33:36'),
(412, 'images\\H9RYi1gOft.jpg', 'H9RYi1gOft.jpg', NULL, 'jpg', '462235', 0, NULL, 5, 'App\\Models\\Inventory', '2022-03-14 15:33:36', '2022-03-14 15:33:36'),
(413, 'images\\PJi7Nx2wjk.jpg', 'PJi7Nx2wjk.jpg', NULL, 'jpg', '142420', 0, NULL, 49, 'App\\Models\\Inventory', '2022-03-14 15:33:36', '2022-03-14 15:33:36'),
(414, 'images\\luo2XEo2nA.jpg', 'luo2XEo2nA.jpg', NULL, 'jpg', '83815', 0, NULL, 49, 'App\\Models\\Inventory', '2022-03-14 15:33:36', '2022-03-14 15:33:36'),
(415, 'images\\EaCSkdFvzS.jpg', 'EaCSkdFvzS.jpg', NULL, 'jpg', '21357', 0, NULL, 49, 'App\\Models\\Inventory', '2022-03-14 15:33:36', '2022-03-14 15:33:36'),
(416, 'images\\qIEDngNsfe.jpg', 'qIEDngNsfe.jpg', NULL, 'jpg', '474967', 0, NULL, 61, 'App\\Models\\Inventory', '2022-03-14 15:33:36', '2022-03-14 15:33:36'),
(417, 'images\\Zu9TgL0mug.jpg', 'Zu9TgL0mug.jpg', NULL, 'jpg', '320629', 0, NULL, 61, 'App\\Models\\Inventory', '2022-03-14 15:33:36', '2022-03-14 15:33:36'),
(418, 'images\\RABrDOB2g3.jpg', 'RABrDOB2g3.jpg', NULL, 'jpg', '396205', 0, NULL, 61, 'App\\Models\\Inventory', '2022-03-14 15:33:36', '2022-03-14 15:33:36'),
(419, 'images\\AixYRJmlTP.jpg', 'AixYRJmlTP.jpg', NULL, 'jpg', '415302', 0, NULL, 61, 'App\\Models\\Inventory', '2022-03-14 15:33:36', '2022-03-14 15:33:36'),
(420, 'images\\zFJxSS9FYw.jpg', 'zFJxSS9FYw.jpg', NULL, 'jpg', '246030', 0, NULL, 72, 'App\\Models\\Inventory', '2022-03-14 15:33:36', '2022-03-14 15:33:36'),
(421, 'images\\aMxfOfjoTf.jpg', 'aMxfOfjoTf.jpg', NULL, 'jpg', '113320', 0, NULL, 72, 'App\\Models\\Inventory', '2022-03-14 15:33:36', '2022-03-14 15:33:36'),
(422, 'images\\KCYkwQFIDz.jpg', 'KCYkwQFIDz.jpg', NULL, 'jpg', '354959', 0, NULL, 72, 'App\\Models\\Inventory', '2022-03-14 15:33:36', '2022-03-14 15:33:36'),
(423, 'images\\TuzuqrugPi.jpg', 'TuzuqrugPi.jpg', NULL, 'jpg', '227200', 0, NULL, 55, 'App\\Models\\Inventory', '2022-03-14 15:33:36', '2022-03-14 15:33:36'),
(424, 'images\\u6OeWDY96v.jpeg', 'u6OeWDY96v.jpeg', NULL, 'jpeg', '133945', 0, NULL, 55, 'App\\Models\\Inventory', '2022-03-14 15:33:36', '2022-03-14 15:33:36'),
(425, 'images\\qz2NAW3XIj.jpg', 'qz2NAW3XIj.jpg', NULL, 'jpg', '202167', 0, NULL, 58, 'App\\Models\\Inventory', '2022-03-14 15:33:36', '2022-03-14 15:33:36'),
(426, 'images\\W2TAnqolBS.jpg', 'W2TAnqolBS.jpg', NULL, 'jpg', '216880', 0, NULL, 67, 'App\\Models\\Inventory', '2022-03-14 15:33:36', '2022-03-14 15:33:36'),
(427, 'images\\EZkw5tWPpD.jpg', 'EZkw5tWPpD.jpg', NULL, 'jpg', '173268', 0, NULL, 67, 'App\\Models\\Inventory', '2022-03-14 15:33:36', '2022-03-14 15:33:36'),
(428, 'images\\a1WqpW769l.jpg', 'a1WqpW769l.jpg', NULL, 'jpg', '158435', 0, NULL, 67, 'App\\Models\\Inventory', '2022-03-14 15:33:36', '2022-03-14 15:33:36'),
(429, 'images\\bFpBJweGGx.jpg', 'bFpBJweGGx.jpg', NULL, 'jpg', '251632', 0, NULL, 13, 'App\\Models\\Inventory', '2022-03-14 15:33:36', '2022-03-14 15:33:36'),
(430, 'images\\mplnEncbkN.jpg', 'mplnEncbkN.jpg', NULL, 'jpg', '188413', 0, NULL, 13, 'App\\Models\\Inventory', '2022-03-14 15:33:36', '2022-03-14 15:33:36'),
(431, 'images\\lYmLaVPHee.jpg', 'lYmLaVPHee.jpg', NULL, 'jpg', '405851', 0, NULL, 13, 'App\\Models\\Inventory', '2022-03-14 15:33:36', '2022-03-14 15:33:36'),
(432, 'images\\0lCxI94uUu.jpg', '0lCxI94uUu.jpg', NULL, 'jpg', '437710', 0, NULL, 13, 'App\\Models\\Inventory', '2022-03-14 15:33:36', '2022-03-14 15:33:36'),
(433, 'images\\5rSUqW6pjp.jpg', '5rSUqW6pjp.jpg', NULL, 'jpg', '279672', 0, NULL, 53, 'App\\Models\\Inventory', '2022-03-14 15:33:36', '2022-03-14 15:33:36'),
(434, 'images\\vM80Fo52qv.jpg', 'vM80Fo52qv.jpg', NULL, 'jpg', '481848', 0, NULL, 53, 'App\\Models\\Inventory', '2022-03-14 15:33:36', '2022-03-14 15:33:36'),
(435, 'images\\Hqy5fos8PV.jpg', 'Hqy5fos8PV.jpg', NULL, 'jpg', '229615', 0, NULL, 53, 'App\\Models\\Inventory', '2022-03-14 15:33:36', '2022-03-14 15:33:36'),
(436, 'images\\TTAKbTXtvT.jpg', 'TTAKbTXtvT.jpg', NULL, 'jpg', '185189', 0, NULL, 68, 'App\\Models\\Inventory', '2022-03-14 15:33:36', '2022-03-14 15:33:36'),
(437, 'images\\4zs3VPgaLS.jpg', '4zs3VPgaLS.jpg', NULL, 'jpg', '756937', 0, NULL, 68, 'App\\Models\\Inventory', '2022-03-14 15:33:36', '2022-03-14 15:33:36'),
(438, 'images\\ZNW4Ng2N2E.jpg', 'ZNW4Ng2N2E.jpg', NULL, 'jpg', '251632', 0, NULL, 17, 'App\\Models\\Inventory', '2022-03-14 15:33:36', '2022-03-14 15:33:36'),
(439, 'images\\tYjKVa0UiH.jpg', 'tYjKVa0UiH.jpg', NULL, 'jpg', '188413', 0, NULL, 17, 'App\\Models\\Inventory', '2022-03-14 15:33:36', '2022-03-14 15:33:36'),
(440, 'images\\gI8Isn88aS.jpg', 'gI8Isn88aS.jpg', NULL, 'jpg', '405851', 0, NULL, 17, 'App\\Models\\Inventory', '2022-03-14 15:33:36', '2022-03-14 15:33:36'),
(441, 'images\\RQXKoDop89.jpg', 'RQXKoDop89.jpg', NULL, 'jpg', '437710', 0, NULL, 17, 'App\\Models\\Inventory', '2022-03-14 15:33:36', '2022-03-14 15:33:36'),
(442, 'images\\c4NHwgjCfy.jpg', 'c4NHwgjCfy.jpg', NULL, 'jpg', '367888', 0, NULL, 74, 'App\\Models\\Inventory', '2022-03-14 15:33:36', '2022-03-14 15:33:36'),
(443, 'images\\BuI6xH2Aeo.jpg', 'BuI6xH2Aeo.jpg', NULL, 'jpg', '248919', 0, NULL, 74, 'App\\Models\\Inventory', '2022-03-14 15:33:36', '2022-03-14 15:33:36'),
(444, 'images\\B4FuyYS4rg.jpg', 'B4FuyYS4rg.jpg', NULL, 'jpg', '511252', 0, NULL, 74, 'App\\Models\\Inventory', '2022-03-14 15:33:36', '2022-03-14 15:33:36'),
(445, 'images\\KoOATzVirf.jpg', 'KoOATzVirf.jpg', NULL, 'jpg', '228193', 0, NULL, 75, 'App\\Models\\Inventory', '2022-03-14 15:33:36', '2022-03-14 15:33:36'),
(446, 'images\\tT3vCUD0Cb.jpg', 'tT3vCUD0Cb.jpg', NULL, 'jpg', '236010', 0, NULL, 75, 'App\\Models\\Inventory', '2022-03-14 15:33:36', '2022-03-14 15:33:36'),
(447, 'images\\ESIhAwnDo2.jpg', 'ESIhAwnDo2.jpg', NULL, 'jpg', '416558', 0, NULL, 86, 'App\\Models\\Inventory', '2022-03-14 15:33:36', '2022-03-14 15:33:36'),
(448, 'images\\wmtw1V2k5Y.jpg', 'wmtw1V2k5Y.jpg', NULL, 'jpg', '569367', 0, NULL, 86, 'App\\Models\\Inventory', '2022-03-14 15:33:36', '2022-03-14 15:33:36'),
(449, 'images\\1drqkiSnfg.jpg', '1drqkiSnfg.jpg', NULL, 'jpg', '794095', 0, NULL, 86, 'App\\Models\\Inventory', '2022-03-14 15:33:36', '2022-03-14 15:33:36'),
(450, 'images\\qpuN7fVQzg.jpg', 'qpuN7fVQzg.jpg', NULL, 'jpg', '184246', 0, NULL, 90, 'App\\Models\\Inventory', '2022-03-14 15:33:36', '2022-03-14 15:33:36'),
(451, 'images\\qbZb1IpboK.jpg', 'qbZb1IpboK.jpg', NULL, 'jpg', '47245', 0, NULL, 90, 'App\\Models\\Inventory', '2022-03-14 15:33:36', '2022-03-14 15:33:36'),
(452, 'images\\ZwF7YHrkLm.jpg', 'ZwF7YHrkLm.jpg', NULL, 'jpg', '6681', 0, NULL, 90, 'App\\Models\\Inventory', '2022-03-14 15:33:36', '2022-03-14 15:33:36'),
(453, 'images\\DZmWCNNguN.jpg', 'DZmWCNNguN.jpg', NULL, 'jpg', '100496', 0, NULL, 36, 'App\\Models\\Inventory', '2022-03-14 15:33:36', '2022-03-14 15:33:36'),
(454, 'images\\JgfBgf8BZY.jpg', 'JgfBgf8BZY.jpg', NULL, 'jpg', '32765', 0, NULL, 36, 'App\\Models\\Inventory', '2022-03-14 15:33:36', '2022-03-14 15:33:36'),
(455, 'images\\tS6nNsnEnr.jpg', 'tS6nNsnEnr.jpg', NULL, 'jpg', '77067', 0, NULL, 36, 'App\\Models\\Inventory', '2022-03-14 15:33:36', '2022-03-14 15:33:36'),
(456, 'images\\aUyBfTWi0m.jpg', 'aUyBfTWi0m.jpg', NULL, 'jpg', '61229', 0, NULL, 36, 'App\\Models\\Inventory', '2022-03-14 15:33:36', '2022-03-14 15:33:36'),
(457, 'images\\OhjtuvA4ax.jpg', 'OhjtuvA4ax.jpg', NULL, 'jpg', '278534', 0, NULL, 3, 'App\\Models\\Inventory', '2022-03-14 15:33:36', '2022-03-14 15:33:36'),
(458, 'images\\uKCZSjhDhg.jpg', 'uKCZSjhDhg.jpg', NULL, 'jpg', '104910', 0, NULL, 3, 'App\\Models\\Inventory', '2022-03-14 15:33:36', '2022-03-14 15:33:36'),
(459, 'images\\YyXFf5TeVx.jpg', 'YyXFf5TeVx.jpg', NULL, 'jpg', '74096', 0, NULL, 3, 'App\\Models\\Inventory', '2022-03-14 15:33:36', '2022-03-14 15:33:36'),
(460, 'images\\LtDw4RRNu5.jpg', 'LtDw4RRNu5.jpg', NULL, 'jpg', '82897', 0, NULL, 3, 'App\\Models\\Inventory', '2022-03-14 15:33:36', '2022-03-14 15:33:36'),
(461, 'images\\rA0s1rUq9b.jpg', 'rA0s1rUq9b.jpg', NULL, 'jpg', '246030', 0, NULL, 14, 'App\\Models\\Inventory', '2022-03-14 15:33:36', '2022-03-14 15:33:36'),
(462, 'images\\14pJlbLrwa.jpg', '14pJlbLrwa.jpg', NULL, 'jpg', '113320', 0, NULL, 14, 'App\\Models\\Inventory', '2022-03-14 15:33:36', '2022-03-14 15:33:36'),
(463, 'images\\LEwAUCcVCR.jpg', 'LEwAUCcVCR.jpg', NULL, 'jpg', '354959', 0, NULL, 14, 'App\\Models\\Inventory', '2022-03-14 15:33:36', '2022-03-14 15:33:36'),
(464, 'images\\sE1rvLdisA.jpg', 'sE1rvLdisA.jpg', NULL, 'jpg', '105039', 0, NULL, 96, 'App\\Models\\Inventory', '2022-03-14 15:33:36', '2022-03-14 15:33:36'),
(465, 'images\\iOD00tkf3w.jpg', 'iOD00tkf3w.jpg', NULL, 'jpg', '29912', 0, NULL, 96, 'App\\Models\\Inventory', '2022-03-14 15:33:36', '2022-03-14 15:33:36'),
(466, 'images\\V5kvuEaTux.jpg', 'V5kvuEaTux.jpg', NULL, 'jpg', '315426', 0, NULL, 20, 'App\\Models\\Inventory', '2022-03-14 15:33:36', '2022-03-14 15:33:36'),
(467, 'images\\QjCYchemS8.jpg', 'QjCYchemS8.jpg', NULL, 'jpg', '229382', 0, NULL, 20, 'App\\Models\\Inventory', '2022-03-14 15:33:36', '2022-03-14 15:33:36'),
(468, 'images\\XukYPim6NP.jpg', 'XukYPim6NP.jpg', NULL, 'jpg', '254367', 0, NULL, 20, 'App\\Models\\Inventory', '2022-03-14 15:33:36', '2022-03-14 15:33:36'),
(469, 'images\\m5dgMLlh0a.jpg', 'm5dgMLlh0a.jpg', NULL, 'jpg', '273044', 0, NULL, 20, 'App\\Models\\Inventory', '2022-03-14 15:33:36', '2022-03-14 15:33:36'),
(470, 'images\\4IqoocSQLB.jpg', '4IqoocSQLB.jpg', NULL, 'jpg', '100496', 0, NULL, 35, 'App\\Models\\Inventory', '2022-03-14 15:33:36', '2022-03-14 15:33:36'),
(471, 'images\\q1UDDcfBMP.jpg', 'q1UDDcfBMP.jpg', NULL, 'jpg', '32765', 0, NULL, 35, 'App\\Models\\Inventory', '2022-03-14 15:33:36', '2022-03-14 15:33:36'),
(472, 'images\\OgxNz6Xs7X.jpg', 'OgxNz6Xs7X.jpg', NULL, 'jpg', '77067', 0, NULL, 35, 'App\\Models\\Inventory', '2022-03-14 15:33:36', '2022-03-14 15:33:36'),
(473, 'images\\m1zlWoTuFG.jpg', 'm1zlWoTuFG.jpg', NULL, 'jpg', '61229', 0, NULL, 35, 'App\\Models\\Inventory', '2022-03-14 15:33:36', '2022-03-14 15:33:36'),
(474, 'images\\VuF9QWSa4G.jpg', 'VuF9QWSa4G.jpg', NULL, 'jpg', '202167', 0, NULL, 18, 'App\\Models\\Inventory', '2022-03-14 15:33:36', '2022-03-14 15:33:36'),
(475, 'images\\iDaxgwbYuG.jpg', 'iDaxgwbYuG.jpg', NULL, 'jpg', '118247', 0, NULL, 18, 'App\\Models\\Inventory', '2022-03-14 15:33:36', '2022-03-14 15:33:36'),
(476, 'images\\ztIB5Piqkw.jpg', 'ztIB5Piqkw.jpg', NULL, 'jpg', '219962', 0, NULL, 18, 'App\\Models\\Inventory', '2022-03-14 15:33:36', '2022-03-14 15:33:36'),
(477, 'images\\AW7YzzP3CY.jpg', 'AW7YzzP3CY.jpg', NULL, 'jpg', '108709', 0, NULL, 107, 'App\\Models\\Inventory', '2022-03-14 15:33:36', '2022-03-14 15:33:36'),
(478, 'images\\wymNhrrblK.jpg', 'wymNhrrblK.jpg', NULL, 'jpg', '19446', 0, NULL, 107, 'App\\Models\\Inventory', '2022-03-14 15:33:36', '2022-03-14 15:33:36'),
(479, 'images\\blog_2.png', 'blog_2.png', 'cover', 'png', '0', 0, 1, 2, 'App\\Models\\Blog', '2022-03-14 15:33:37', '2022-03-14 15:33:37'),
(480, 'images\\blog_1.png', 'blog_1.png', 'cover', 'png', '0', 0, 1, 1, 'App\\Models\\Blog', '2022-03-14 15:33:37', '2022-03-14 15:33:37'),
(481, 'images\\blog_5.png', 'blog_5.png', 'cover', 'png', '0', 0, 1, 5, 'App\\Models\\Blog', '2022-03-14 15:33:37', '2022-03-14 15:33:37'),
(482, 'images\\blog_4.png', 'blog_4.png', 'cover', 'png', '0', 0, 1, 4, 'App\\Models\\Blog', '2022-03-14 15:33:37', '2022-03-14 15:33:37'),
(483, 'images\\blog_3.png', 'blog_3.png', 'cover', 'png', '0', 0, 1, 3, 'App\\Models\\Blog', '2022-03-14 15:33:37', '2022-03-14 15:33:37'),
(484, 'images\\Bd9hpY0STF.jpg', 'Bd9hpY0STF.jpg', 'feature', 'jpg', '346663', 1, 1, 1, 'App\\Models\\Slider', '2022-03-14 15:33:38', '2022-03-14 15:33:38'),
(485, 'images\\QsuGaHxNJf.jpg', 'QsuGaHxNJf.jpg', 'mobile', 'jpg', '167914', 1, 0, 1, 'App\\Models\\Slider', '2022-03-14 15:33:38', '2022-03-14 15:33:38'),
(486, 'images\\T7IeYERuMX.jpg', 'T7IeYERuMX.jpg', 'feature', 'jpg', '228174', 2, 1, 2, 'App\\Models\\Slider', '2022-03-14 15:33:38', '2022-03-14 15:33:38'),
(487, 'images\\7OA2SDog2G.jpg', '7OA2SDog2G.jpg', 'mobile', 'jpg', '158165', 2, 0, 2, 'App\\Models\\Slider', '2022-03-14 15:33:38', '2022-03-14 15:33:38'),
(488, 'images\\yFBRyGNONS.jpg', 'yFBRyGNONS.jpg', 'feature', 'jpg', '207019', 3, 1, 3, 'App\\Models\\Slider', '2022-03-14 15:33:38', '2022-03-14 15:33:38'),
(489, 'images\\xU7kj8aASC.jpg', 'xU7kj8aASC.jpg', 'mobile', 'jpg', '179071', 3, 0, 3, 'App\\Models\\Slider', '2022-03-14 15:33:38', '2022-03-14 15:33:38'),
(490, 'images\\T1EwpZwzG1.jpg', 'T1EwpZwzG1.jpg', 'feature', 'jpg', '297276', 4, 1, 4, 'App\\Models\\Slider', '2022-03-14 15:33:38', '2022-03-14 15:33:38'),
(491, 'images\\SxK4ewvdm8.jpg', 'SxK4ewvdm8.jpg', 'mobile', 'jpg', '120619', 4, 0, 4, 'App\\Models\\Slider', '2022-03-14 15:33:38', '2022-03-14 15:33:38'),
(492, 'images\\grWXUR2tUX.jpg', 'grWXUR2tUX.jpg', 'feature', 'jpg', '0', 0, 1, 1, 'App\\Models\\Banner', '2022-03-14 15:33:38', '2022-03-14 15:33:38'),
(493, 'images\\5JlyclPWiZ.jpg', '5JlyclPWiZ.jpg', 'feature', 'jpg', '0', 0, 1, 2, 'App\\Models\\Banner', '2022-03-14 15:33:38', '2022-03-14 15:33:38'),
(494, 'images\\uz8rISSKN4.jpg', 'uz8rISSKN4.jpg', 'feature', 'jpg', '0', 0, 1, 3, 'App\\Models\\Banner', '2022-03-14 15:33:38', '2022-03-14 15:33:38'),
(495, 'images\\6GypNANLxv.jpg', '6GypNANLxv.jpg', 'feature', 'jpg', '0', 0, 1, 4, 'App\\Models\\Banner', '2022-03-14 15:33:38', '2022-03-14 15:33:38'),
(496, 'images\\JvfXkLpNIb.jpg', 'JvfXkLpNIb.jpg', 'feature', 'jpg', '0', 0, 1, 5, 'App\\Models\\Banner', '2022-03-14 15:33:38', '2022-03-14 15:33:38'),
(497, 'images\\ephQCiHAKi.jpg', 'ephQCiHAKi.jpg', 'feature', 'jpg', '0', 0, 1, 6, 'App\\Models\\Banner', '2022-03-14 15:33:38', '2022-03-14 15:33:38'),
(498, 'images\\HK07jPgEBW.jpg', 'HK07jPgEBW.jpg', 'feature', 'jpg', '0', 0, 1, 7, 'App\\Models\\Banner', '2022-03-14 15:33:38', '2022-03-14 15:33:38'),
(499, 'images\\uM2QTnOWue.jpg', 'uM2QTnOWue.jpg', 'feature', 'jpg', '0', 0, 1, 8, 'App\\Models\\Banner', '2022-03-14 15:33:38', '2022-03-14 15:33:38'),
(500, 'images\\QHyjKbeDTC.jpg', 'QHyjKbeDTC.jpg', 'feature', 'jpg', '0', 0, 1, 9, 'App\\Models\\Banner', '2022-03-14 15:33:38', '2022-03-14 15:33:38'),
(501, 'images\\KZ8j8CrFEM.jpg', 'KZ8j8CrFEM.jpg', 'feature', 'jpg', '0', 0, 1, 10, 'App\\Models\\Banner', '2022-03-14 15:33:38', '2022-03-14 15:33:38'),
(502, 'images\\QPF2hrSpKB.jpg', 'QPF2hrSpKB.jpg', 'feature', 'jpg', '0', 0, NULL, 14, 'App\\Models\\Manufacturer', '2022-03-14 15:33:40', '2022-03-14 15:33:40'),
(503, 'images\\PNDGuQvcu4.jpg', 'PNDGuQvcu4.jpg', 'feature', 'jpg', '0', 0, NULL, 4, 'App\\Models\\Manufacturer', '2022-03-14 15:33:40', '2022-03-14 15:33:40'),
(504, 'images\\o3Xq2jUzsj.jpg', 'o3Xq2jUzsj.jpg', 'feature', 'jpg', '0', 0, NULL, 16, 'App\\Models\\Manufacturer', '2022-03-14 15:33:40', '2022-03-14 15:33:40'),
(505, 'images\\KDtUvFw9E3.jpg', 'KDtUvFw9E3.jpg', 'feature', 'jpg', '0', 0, NULL, 1, 'App\\Models\\Category', '2022-03-14 15:33:40', '2022-03-14 15:33:40'),
(506, 'images\\tq72nZ5ojs.jpg', 'tq72nZ5ojs.jpg', 'feature', 'jpg', '0', 0, NULL, 2, 'App\\Models\\Category', '2022-03-14 15:33:40', '2022-03-14 15:33:40'),
(507, 'images\\8GgROZz9yy.jpg', '8GgROZz9yy.jpg', 'feature', 'jpg', '0', 0, NULL, 3, 'App\\Models\\Category', '2022-03-14 15:33:40', '2022-03-14 15:33:40'),
(508, 'images\\FnQ1bGcP0H.jpg', 'FnQ1bGcP0H.jpg', 'feature', 'jpg', '0', 0, NULL, 4, 'App\\Models\\Category', '2022-03-14 15:33:40', '2022-03-14 15:33:40'),
(509, 'images\\KKXbMEhk4b.jpg', 'KKXbMEhk4b.jpg', 'feature', 'jpg', '0', 0, NULL, 5, 'App\\Models\\Category', '2022-03-14 15:33:40', '2022-03-14 15:33:40'),
(510, 'images\\kjoyRcIntf.jpg', 'kjoyRcIntf.jpg', 'feature', 'jpg', '0', 0, NULL, 7, 'App\\Models\\Category', '2022-03-14 15:33:40', '2022-03-14 15:33:40'),
(511, 'images\\KEkvKLhwjB.jpg', 'KEkvKLhwjB.jpg', 'feature', 'jpg', '0', 0, NULL, 8, 'App\\Models\\Category', '2022-03-14 15:33:40', '2022-03-14 15:33:40'),
(512, 'images\\JNqviWi2Pb.jpg', 'JNqviWi2Pb.jpg', 'feature', 'jpg', '0', 0, NULL, 10, 'App\\Models\\Category', '2022-03-14 15:33:40', '2022-03-14 15:33:40'),
(513, 'images\\zUHt4UtTmW.jpg', 'zUHt4UtTmW.jpg', 'feature', 'jpg', '0', 0, NULL, 34, 'App\\Models\\Category', '2022-03-14 15:33:40', '2022-03-14 15:33:40'),
(514, 'images\\X2JooppReN.jpg', 'X2JooppReN.jpg', 'feature', 'jpg', '0', 0, NULL, 25, 'App\\Models\\Category', '2022-03-14 15:33:40', '2022-03-14 15:33:40'),
(515, 'images\\5JPEHXhlZH.jpg', '5JPEHXhlZH.jpg', 'feature', 'jpg', '0', 0, NULL, 18, 'App\\Models\\Category', '2022-03-14 15:33:40', '2022-03-14 15:33:40'),
(516, 'images\\jFRef4szLK.png', 'jFRef4szLK.png', 'logo', 'png', '0', 0, NULL, 1, 'App\\Models\\Manufacturer', '2022-03-14 15:33:40', '2022-03-14 15:33:40'),
(517, 'images\\ws8MVsYVxj.png', 'ws8MVsYVxj.png', 'logo', 'png', '0', 0, NULL, 12, 'App\\Models\\Manufacturer', '2022-03-14 15:33:40', '2022-03-14 15:33:40'),
(518, 'images\\BEaFDyHt1X.png', 'BEaFDyHt1X.png', 'logo', 'png', '0', 0, NULL, 10, 'App\\Models\\Manufacturer', '2022-03-14 15:33:40', '2022-03-14 15:33:40'),
(519, 'images\\Q1vRJlnocq.png', 'Q1vRJlnocq.png', 'logo', 'png', '0', 0, NULL, 5, 'App\\Models\\Manufacturer', '2022-03-14 15:33:40', '2022-03-14 15:33:40'),
(520, 'images\\TF3QzQlXnu.png', 'TF3QzQlXnu.png', 'logo', 'png', '0', 0, NULL, 14, 'App\\Models\\Manufacturer', '2022-03-14 15:33:40', '2022-03-14 15:33:40'),
(521, 'images\\GxBdPZHZMh.png', 'GxBdPZHZMh.png', 'logo', 'png', '0', 0, NULL, 15, 'App\\Models\\Manufacturer', '2022-03-14 15:33:40', '2022-03-14 15:33:40'),
(522, 'images\\jxmbFUREJR.png', 'jxmbFUREJR.png', 'logo', 'png', '0', 0, NULL, 11, 'App\\Models\\Manufacturer', '2022-03-14 15:33:40', '2022-03-14 15:33:40'),
(523, 'images\\421Elherhh.png', '421Elherhh.png', 'logo', 'png', '0', 0, NULL, 4, 'App\\Models\\Manufacturer', '2022-03-14 15:33:40', '2022-03-14 15:33:40'),
(524, 'images\\CCS5ZKDhde.png', 'CCS5ZKDhde.png', 'logo', 'png', '0', 0, NULL, 13, 'App\\Models\\Manufacturer', '2022-03-14 15:33:40', '2022-03-14 15:33:40'),
(525, 'images\\ovt8OyXy1X.png', 'ovt8OyXy1X.png', 'logo', 'png', '0', 0, NULL, 8, 'App\\Models\\Manufacturer', '2022-03-14 15:33:40', '2022-03-14 15:33:40'),
(526, 'images\\XT9EFZQcSo.png', 'XT9EFZQcSo.png', 'logo', 'png', '0', 0, NULL, 2, 'App\\Models\\Manufacturer', '2022-03-14 15:33:40', '2022-03-14 15:33:40'),
(527, 'images\\htqTpwEo1L.png', 'htqTpwEo1L.png', 'logo', 'png', '0', 0, NULL, 6, 'App\\Models\\Manufacturer', '2022-03-14 15:33:40', '2022-03-14 15:33:40'),
(528, 'images\\ag8E1iXrRJ.png', 'ag8E1iXrRJ.png', 'logo', 'png', '0', 0, NULL, 16, 'App\\Models\\Manufacturer', '2022-03-14 15:33:40', '2022-03-14 15:33:40'),
(529, 'images\\1M4OwbXkPl.png', '1M4OwbXkPl.png', 'logo', 'png', '0', 0, NULL, 3, 'App\\Models\\Manufacturer', '2022-03-14 15:33:40', '2022-03-14 15:33:40'),
(530, 'images\\R6QOtEg8Jn.png', 'R6QOtEg8Jn.png', 'logo', 'png', '0', 0, NULL, 9, 'App\\Models\\Manufacturer', '2022-03-14 15:33:40', '2022-03-14 15:33:40'),
(531, 'images\\R1UIKrPP6I.png', 'R1UIKrPP6I.png', 'logo', 'png', '0', 0, NULL, 7, 'App\\Models\\Manufacturer', '2022-03-14 15:33:40', '2022-03-14 15:33:40');

-- --------------------------------------------------------

--
-- Structură tabel pentru tabel `inventories`
--

CREATE TABLE `inventories` (
  `id` bigint UNSIGNED NOT NULL,
  `shop_id` int UNSIGNED DEFAULT NULL,
  `title` text COLLATE utf8_unicode_ci NOT NULL,
  `warehouse_id` int UNSIGNED DEFAULT NULL,
  `product_id` bigint UNSIGNED NOT NULL,
  `brand` varchar(255) COLLATE utf8_unicode_ci DEFAULT NULL,
  `supplier_id` int UNSIGNED DEFAULT NULL,
  `sku` varchar(200) COLLATE utf8_unicode_ci NOT NULL,
  `condition` enum('New','Used','Refurbished') COLLATE utf8_unicode_ci NOT NULL,
  `condition_note` text COLLATE utf8_unicode_ci,
  `description` longtext COLLATE utf8_unicode_ci,
  `key_features` text COLLATE utf8_unicode_ci,
  `stock_quantity` int NOT NULL DEFAULT '0',
  `damaged_quantity` int DEFAULT NULL,
  `user_id` bigint UNSIGNED DEFAULT NULL,
  `purchase_price` decimal(20,6) DEFAULT NULL,
  `sale_price` decimal(20,6) NOT NULL,
  `offer_price` decimal(20,6) DEFAULT NULL,
  `offer_start` timestamp NULL DEFAULT NULL,
  `offer_end` timestamp NULL DEFAULT NULL,
  `shipping_weight` decimal(20,2) DEFAULT NULL,
  `free_shipping` tinyint(1) DEFAULT NULL,
  `available_from` timestamp NOT NULL DEFAULT CURRENT_TIMESTAMP,
  `min_order_quantity` int NOT NULL DEFAULT '1',
  `slug` varchar(200) COLLATE utf8_unicode_ci NOT NULL,
  `linked_items` text COLLATE utf8_unicode_ci,
  `meta_title` text COLLATE utf8_unicode_ci,
  `meta_description` longtext COLLATE utf8_unicode_ci,
  `stuff_pick` tinyint(1) DEFAULT NULL,
  `active` tinyint(1) NOT NULL DEFAULT '1',
  `deleted_at` timestamp NULL DEFAULT NULL,
  `created_at` timestamp NULL DEFAULT NULL,
  `updated_at` timestamp NULL DEFAULT NULL
) ENGINE=InnoDB DEFAULT CHARSET=utf8mb3 COLLATE=utf8_unicode_ci;

--
-- Eliminarea datelor din tabel `inventories`
--

INSERT INTO `inventories` (`id`, `shop_id`, `title`, `warehouse_id`, `product_id`, `brand`, `supplier_id`, `sku`, `condition`, `condition_note`, `description`, `key_features`, `stock_quantity`, `damaged_quantity`, `user_id`, `purchase_price`, `sale_price`, `offer_price`, `offer_start`, `offer_end`, `shipping_weight`, `free_shipping`, `available_from`, `min_order_quantity`, `slug`, `linked_items`, `meta_title`, `meta_description`, `stuff_pick`, `active`, `deleted_at`, `created_at`, `updated_at`) VALUES
(1, 1, 'Quam accusantium non dolores asperiores nostrum dolores libero.', NULL, 1, 'Larson PLC', 3, 'voluptas', 'Used', 'SHE HAD THIS FIT--\" you never had fits, my dear, I think?\' he said to herself; \'the March Hare had just begun \'Well, of all the while, till at last it unfolded its arms, took the least idea what.', 'Omnis rerum quia aut asperiores. Et sapiente enim id quis autem enim neque. Doloremque mollitia enim maiores maxime et dicta quis commodi. Suscipit deleniti non sunt sed sed aut. Ipsum cupiditate beatae beatae. Amet ut harum et in. Incidunt velit alias neque qui ipsam quas est doloremque. Repellat distinctio reiciendis consectetur incidunt occaecati assumenda officia qui. Ducimus corrupti modi ut omnis possimus esse earum. Quis et totam tenetur omnis sit adipisci non. Earum qui beatae quis est tenetur hic quos eos. Inventore aut doloremque velit et cum molestiae rerum adipisci. Optio quibusdam facere expedita ullam voluptatem accusamus ut. Quae nulla ut voluptates ducimus. Enim minima minima eveniet quidem quos animi iste minima. Qui est est tempore labore quia quisquam molestias. Reiciendis laboriosam nam praesentium officia eos minus. Expedita eaque aliquid qui sint ut voluptatem non. Minima sit excepturi voluptatem ipsa velit. Ut velit enim occaecati aspernatur molestiae cumque. Distinctio quisquam provident et enim ipsum ut tempore. Consequuntur ad dolores vel non. Accusamus enim saepe iste est voluptates eligendi asperiores. Dolore dolor dolor sapiente. Eaque consequuntur nihil corrupti et totam nemo occaecati. Id fugiat quas enim voluptas accusamus. Doloribus fugiat omnis nemo sit et aut voluptates. Numquam et doloremque ea repellat ab. Ab facilis modi ipsam quaerat aut et aut. Maxime accusamus deleniti ea nihil quia.', 'a:7:{i:0;s:43:\"Consequuntur quasi id et beatae ullam quia.\";i:1;s:25:\"Iusto omnis quod sit aut.\";i:2;s:29:\"Omnis at quae ea consectetur.\";i:3;s:26:\"Sed et ad sed minus fugit.\";i:4;s:73:\"Provident ut corrupti veritatis consequatur illum at perferendis maiores.\";i:5;s:68:\"Harum consequatur et aliquam nemo facere perspiciatis omnis aliquid.\";i:6;s:41:\"Labore magni aut sit assumenda unde quia.\";}', 52, 0, 3, '282.148642', '420.148642', NULL, NULL, NULL, '1397.00', 0, '2022-03-11 15:33:00', 1, 'abc-xyz-listing-123', 'a:2:{i:0;i:0;i:1;i:35;}', 'Debitis quia qui et est at non ducimus sed.', 'Dormouse!\' And they pinched it on both sides at once. The Dormouse shook itself, and began bowing to the Cheshire Cat: now I shall be late!\' (when she thought it must be removed,\' said the Cat, \'if.', 1, 1, NULL, '2022-03-07 15:33:30', '2022-03-01 15:33:30'),
(2, 5, 'Pariatur corrupti quia assumenda qui saepe qui aut fugiat.', NULL, 12, 'Kulas Inc', 4, 'quod', 'New', 'Mouse did not at all a pity. I said \"What for?\"\' \'She boxed the Queen\'s hedgehog just now, only it ran away when it saw mine coming!\' \'How do you want to be?\' it asked. \'Oh, I\'m not the same.', 'Rerum commodi autem soluta magni rem enim sit modi. Voluptatem tenetur magni sit repudiandae. Temporibus nobis dolorem beatae deserunt debitis deserunt. Velit autem occaecati ipsam numquam excepturi consequuntur iure. Dolorem sed est dolorum fuga minus quia officia. Architecto et dicta qui. Rem corrupti est aut et. Fugiat ipsa esse quo quo eos explicabo. Sed provident consequatur consequatur et. Quia numquam quae voluptatem dolores blanditiis dolorem. Unde debitis est sint dolor est. Velit quam saepe at iste sed. Voluptatibus ut sint repellat et. Aliquid neque facere ut quia culpa. Voluptatem et qui repudiandae consequatur eveniet ea. Recusandae aut quam quidem. A sunt voluptas autem quaerat dolorem voluptas possimus impedit. Corrupti cum est ut culpa consequatur possimus. Perspiciatis sapiente sed debitis distinctio qui eos culpa. Adipisci vero consequuntur sed adipisci. Suscipit ducimus minima omnis quia. Magni modi necessitatibus atque qui aut. Similique dignissimos dolor omnis corrupti et. Placeat exercitationem quia et optio. Modi facere illum quae cum voluptas pariatur. Ducimus qui eveniet tenetur. Voluptas iure explicabo maiores reiciendis sunt. Veritatis hic et ut libero voluptatem quod necessitatibus. Aspernatur ut laudantium neque accusantium porro vero totam. Et quis et nam maiores. Dolorem eveniet porro aut aut nulla. Quas aspernatur excepturi atque facere molestiae omnis alias. Quia minima in quasi tempora earum ipsa odio et.', 'a:7:{i:0;s:31:\"Qui excepturi eum aliquam sunt.\";i:1;s:29:\"Est harum ad est error sequi.\";i:2;s:32:\"Vel rerum rerum quis distinctio.\";i:3;s:38:\"Voluptatem impedit facere et nihil et.\";i:4;s:30:\"Vel libero ut hic repellendus.\";i:5;s:55:\"Eos qui ducimus assumenda beatae et eius id voluptatum.\";i:6;s:52:\"Atque corrupti qui consequatur sint illo odio rerum.\";}', 67, 0, 3, '91.464118', '97.464118', NULL, NULL, NULL, '1108.00', 1, '2022-03-13 15:33:00', 1, 'quo-et-facilis-ut-recusandae-ea', 'a:2:{i:0;i:0;i:1;i:15;}', 'Accusamus ut quibusdam molestias cumque ex nostrum quis.', 'And I declare it\'s too bad, that it was over at last: \'and I wish I hadn\'t quite finished my tea when I find a pleasure in all directions, \'just like a telescope.\' And so she felt very curious.', 0, 1, NULL, '2022-03-08 15:33:30', '2022-02-27 15:33:30'),
(3, 4, 'Minus dolorem rerum assumenda ab.', NULL, 48, 'Larson PLC', 4, 'molestias', 'New', 'This time there were any tears. No, there were three gardeners who were giving it a minute or two, she made it out to sea!\" But the insolence of his tail. \'As if I shall see it again, but it had.', 'Incidunt molestias qui unde voluptas quod. Earum odio velit corrupti asperiores impedit. Ducimus eaque autem sapiente animi voluptatem incidunt. Possimus dolor molestias cumque et vel. Qui consectetur vero natus. Ut optio voluptatibus cumque. Molestias recusandae accusantium incidunt quisquam quod earum. Architecto qui ea perspiciatis aperiam necessitatibus illum ea. Totam sit nihil et id sit saepe in aliquid. Perspiciatis dicta fugiat earum debitis esse. Omnis qui fugiat possimus optio. Odit est quia beatae similique et repellat. Doloribus cumque ut exercitationem doloribus esse non amet. Ipsa rem sint magni possimus et vitae. Veritatis qui qui facere excepturi. Et quae aspernatur excepturi ipsum. Laborum aut id labore libero et. Vel qui autem nihil qui. Qui quisquam consequuntur possimus. Enim beatae ut ipsam voluptatem et. In libero eos voluptatem tenetur facilis. Aperiam provident vel consequatur nisi in nihil beatae. Sit et ut labore et qui aliquid. Est consequatur et voluptatem veniam. Repellendus qui esse blanditiis sed fugiat totam repudiandae enim. At quia necessitatibus totam qui et nesciunt veniam quo. Soluta itaque veritatis corrupti dolores quisquam. Est aperiam voluptatem et sint. Velit sed sit sint in. Nihil quidem dolorem in dolores est perspiciatis ratione. Repudiandae enim esse aut officiis ad hic sit.', 'a:7:{i:0;s:29:\"Nisi totam voluptas nesciunt.\";i:1;s:47:\"Id dolor sunt nemo velit temporibus harum modi.\";i:2;s:69:\"Perferendis asperiores voluptatum aliquid nobis dolorem ullam magnam.\";i:3;s:35:\"Vel nostrum minus adipisci numquam.\";i:4;s:57:\"Debitis et rerum harum molestiae vitae architecto dolore.\";i:5;s:30:\"Possimus omnis nulla quasi in.\";i:6;s:58:\"Enim provident soluta voluptatum voluptatem reprehenderit.\";}', 24, 0, 3, '53.002700', '150.002700', '111.002700', '2022-03-14 15:33:00', '2022-03-25 15:33:00', '761.00', 1, '2022-03-13 15:33:00', 1, 'nostrum-et-id-et-repellendus-ut-non-et', 'a:2:{i:0;i:10;i:1;i:38;}', 'Magnam est et praesentium iusto.', 'Alice guessed who it was, even before she found she had known them all her fancy, that: he hasn\'t got no business of MINE.\' The Queen smiled and passed on. \'Who ARE you talking to?\' said the Mouse.', 0, 1, NULL, '2022-03-10 15:33:30', '2022-03-05 15:33:30'),
(4, 1, 'Sint doloribus accusamus dolor ipsum sed.', NULL, 13, 'Kohler, Lind and Schiller', 3, 'at', 'Refurbished', 'Hatter. He came in with a lobster as a cushion, resting their elbows on it, for she could see this, as she remembered trying to touch her. \'Poor little thing!\' said the King, rubbing his hands; \'so.', 'Maiores voluptatem quasi qui recusandae unde in. Debitis temporibus sint aut voluptatem explicabo commodi nam. Dolor perspiciatis dolorem culpa nisi nostrum. Sunt iusto laboriosam omnis aliquam. Odio reprehenderit aut omnis tempore omnis numquam quidem. Perferendis adipisci rerum repudiandae. Illum nulla sint ipsam at officiis doloremque hic. Dolorum aut eos et laborum vitae. Possimus nostrum vero enim suscipit. Fugiat eum voluptatem sequi. Sequi enim consequatur eos numquam provident. Et rem sit cum velit. Et id voluptatibus nostrum ut iure aut. Corrupti vitae neque excepturi amet aliquid amet. Dolor reiciendis deserunt quaerat quia. Commodi sint quia suscipit aut quos. Est velit quo qui esse et. Est omnis quisquam eum itaque suscipit vero. Amet deleniti molestias sunt aut fugit illo. Rerum consequatur et rerum sapiente nisi dolorum maxime. Iure voluptas eveniet laboriosam nesciunt iure molestias odio. Et minima quibusdam corrupti. Id consequatur omnis hic voluptatem et qui. Dignissimos et accusamus iste ad similique. Ut dignissimos aperiam qui voluptatem ullam ea voluptas nesciunt. Et necessitatibus eaque ut ea dolores ut. Deleniti laudantium eveniet minus quibusdam accusantium ipsum. Est architecto incidunt ducimus minus minus exercitationem. Consectetur enim quo dolor eum esse dolor architecto. Iure quod neque pariatur enim deserunt pariatur provident. Quod voluptatem quam quae voluptatem fuga nemo corrupti.', 'a:7:{i:0;s:37:\"Voluptatem in est doloribus ut nulla.\";i:1;s:50:\"Perspiciatis vero cupiditate dolor temporibus eum.\";i:2;s:56:\"Omnis expedita eos ut labore non recusandae repellendus.\";i:3;s:30:\"Tempore magnam aspernatur eum.\";i:4;s:27:\"Minima dolor quas sapiente.\";i:5;s:49:\"Doloremque non voluptatem aut est quidem ea fuga.\";i:6;s:50:\"Odit sed ut numquam dolore ut voluptas amet ipsum.\";}', 45, 0, 3, '212.632400', '362.632400', '189.632400', '2022-03-14 15:33:00', '2022-03-20 15:33:00', '758.00', 0, '2022-03-11 15:33:00', 1, 'necessitatibus-perferendis-iste-qui-enim-vel-commodi', 'a:3:{i:0;i:2;i:1;i:13;i:2;i:49;}', 'Omnis reiciendis suscipit dicta cupiditate qui dolorum magni nisi.', 'Duchess. An invitation for the accident of the earth. Let me see: that would happen: \'\"Miss Alice! Come here directly, and get ready for your walk!\" \"Coming in a low voice, \'Your Majesty must.', 0, 1, NULL, '2022-02-27 15:33:30', '2022-03-04 15:33:30'),
(5, 4, 'Vero neque quo officia dicta illum illo.', NULL, 43, 'Rohan Group', 4, 'laudantium', 'Refurbished', 'I suppose you\'ll be asleep again before it\'s done.\' \'Once upon a heap of sticks and dry leaves, and the turtles all advance! They are waiting on the Duchess\'s knee, while plates and dishes crashed.', 'Libero eum expedita provident. Rerum optio placeat rem modi quia. Cum similique amet eum quas. Dolorem aut explicabo voluptatem animi aut dolor mollitia. Modi autem a ut consequatur. Sed minus aliquid eaque. Quisquam optio inventore adipisci quaerat quis. Animi dolorem quas consectetur fuga odio sint in. At in sequi iste rerum et delectus. Autem mollitia omnis voluptas consequatur aliquid amet. Debitis qui ab distinctio accusamus et. Laudantium iusto harum natus beatae officia cupiditate. Magni est voluptatibus consequatur porro. Nobis fuga est quam nostrum commodi. Est maiores distinctio impedit ipsam. Magni aut ducimus placeat corrupti. Inventore natus dolor non iste sit. Qui aut voluptatem et sit sit laborum. Numquam et velit culpa. Quod esse possimus ab aut expedita. Et quia blanditiis corporis culpa ab voluptas cupiditate. Unde dolorum cum ab rem rerum suscipit totam. Dolorum modi culpa delectus aspernatur. Facilis in iure eum praesentium beatae. Et minima ipsum sequi aut. Nostrum architecto aspernatur quia a velit voluptas eos aut. Fugit a sequi aliquam ipsam ratione explicabo. Et in perferendis voluptas et eos aut. Id non consectetur libero dolor deserunt. Enim consequatur non magnam inventore dignissimos esse. Enim est qui dolorem quaerat accusantium eum voluptatem. Quod nesciunt commodi cupiditate sapiente rerum consectetur. Cum ut quia qui repellat possimus consequatur.', 'a:7:{i:0;s:29:\"Id et dolorem aut laudantium.\";i:1;s:53:\"Facere tempore sed quod eveniet non voluptatibus rem.\";i:2;s:50:\"Sequi iure maiores placeat et voluptas aspernatur.\";i:3;s:38:\"Enim veniam molestias et quasi ut est.\";i:4;s:67:\"Fugiat ducimus reprehenderit nihil explicabo aut in cupiditate est.\";i:5;s:47:\"Aperiam sit ea enim quis perspiciatis expedita.\";i:6;s:61:\"Perferendis eum iste commodi accusamus reprehenderit aperiam.\";}', 53, 0, 3, '216.174208', '312.174208', '117.174208', '2022-03-14 15:33:00', '2022-03-30 14:33:00', '440.00', 1, '2022-03-13 15:33:00', 1, 'ipsa-hic-adipisci-ut-quis-architecto-nostrum-sed', 'a:2:{i:0;i:14;i:1;i:38;}', 'Dolor mollitia et ducimus animi.', 'Mock Turtle angrily: \'really you are very dull!\' \'You ought to have wondered at this, but at any rate it would like the tone of this was the White Rabbit with pink eyes ran close by her. There was.', 1, 1, NULL, '2022-03-04 15:33:30', '2022-03-07 15:33:30'),
(6, 1, 'Non ut voluptatem ea et voluptates ratione ipsum.', NULL, 37, 'Cormier, Mohr and Spencer', 4, 'reprehenderit', 'New', 'White Rabbit: it was the same thing,\' said the White Rabbit, who said in a large canvas bag, which tied up at this moment the door and found herself in a game of croquet she was quite out of its.', 'Nisi dolore dolore ullam ratione cumque. Praesentium eaque placeat voluptatem vel corporis sed voluptatem. Distinctio qui non a ipsam. Laboriosam placeat hic rem et aperiam. Fugit incidunt autem nostrum harum maxime eligendi. Possimus pariatur velit vero harum sed. Maxime a velit qui eum voluptatum accusamus natus qui. Quibusdam voluptatum atque consequuntur. Quia placeat error qui ut animi enim dolor. Voluptatem nam sit perspiciatis veniam itaque. Qui reprehenderit ullam placeat error atque. Illum reprehenderit saepe non error et earum et. Voluptas est natus animi cupiditate quibusdam consequuntur minima. Et praesentium est excepturi sit rerum. Molestiae repellendus quia aut ea illo mollitia. Non omnis quidem suscipit est aut. Reiciendis magni non illo est. Corporis qui culpa expedita. Aperiam itaque quas incidunt vero placeat similique dolores qui. Corporis aut odit nisi omnis perspiciatis perspiciatis. Suscipit aut ex odio eveniet voluptates eos eligendi. Officia ut velit qui in esse id. Inventore ratione dolor repudiandae dolorem error rerum reprehenderit. Quod labore id maxime voluptas. Facere quas voluptatem et consequatur. Voluptate sit libero minus quia iusto. Ipsum dolores quia facere repellat ad alias maxime. Quia aut rem libero debitis. Omnis velit dolor provident non eos vitae architecto. Iure enim aspernatur velit dicta officia. Libero omnis nobis perspiciatis vitae. Voluptates recusandae asperiores ducimus dolores alias.', 'a:7:{i:0;s:46:\"Velit in qui qui facere perferendis vel eaque.\";i:1;s:40:\"Omnis cumque aliquam commodi nemo sequi.\";i:2;s:34:\"Ut praesentium ex esse autem illo.\";i:3;s:42:\"Saepe quia sequi voluptas nihil veritatis.\";i:4;s:57:\"Quisquam voluptatem ut quisquam delectus est dolorem hic.\";i:5;s:38:\"Voluptates aspernatur quod aliquam et.\";i:6;s:40:\"In dolorum fuga itaque tempore animi ea.\";}', 57, 0, 3, '277.850000', '402.850000', NULL, NULL, NULL, '104.00', 1, '2022-03-13 15:33:00', 1, 'eos-enim-non-provident-modi-in-ipsum', 'a:2:{i:0;i:4;i:1;i:23;}', 'Dolores similique cum quam non.', 'I dare say you never had to stoop to save her neck would bend about easily in any direction, like a telescope! I think I could, if I only wish they WOULD go with Edgar Atheling to meet William and.', 0, 1, NULL, '2022-03-14 15:33:30', '2022-03-06 15:33:30'),
(7, 4, 'Tempore nihil sapiente officia magnam temporibus voluptates et.', NULL, 13, 'Rohan Group', 3, 'nemo', 'Refurbished', 'First, she dreamed of little pebbles came rattling in at the thought that it was not otherwise than what it was: she was about a whiting to a shriek, \'and just as she picked up a little bottle on.', 'Error veritatis repellat beatae consequatur praesentium cumque veniam nihil. Autem velit facilis atque provident sapiente id dignissimos iste. Molestiae consequatur explicabo corrupti facere incidunt repudiandae facere. Nihil ullam earum eos incidunt. Omnis eum ut recusandae voluptatem veniam qui. Eum et velit ut deleniti corporis maxime id. Ad tempora molestiae minima dolor quia architecto aut. Aut qui ut molestiae molestiae. Rerum quia sed eius veritatis. Quasi voluptas et dolorem minus mollitia provident. Vel quae iure reiciendis quia quidem voluptatem officia pariatur. Est eum sapiente fugit est cumque. Sit incidunt iure suscipit qui eos repellat. Accusamus earum laudantium laboriosam dolorem non. Aut alias neque aspernatur facilis velit. Nisi ut ipsam reprehenderit cumque. Nisi tempora perspiciatis et eos mollitia assumenda. Vitae molestias itaque blanditiis suscipit corporis accusantium quo. Quisquam dolores commodi autem velit. Sunt cupiditate quisquam officia est. Sunt tempore iste voluptate beatae sit unde. Impedit deleniti error debitis ut aperiam voluptatem molestiae. Nobis similique voluptatem quisquam quae qui tempora ut atque. Dolor ducimus id dicta omnis. Repellat accusamus et vitae aspernatur. Aut non itaque ea quia. Magni sit et quos in molestias eos natus. Unde sapiente non culpa. Temporibus voluptatem iusto ducimus natus quis. Repudiandae reiciendis rerum dignissimos repellat quas.', 'a:7:{i:0;s:17:\"Omnis at aut quo.\";i:1;s:47:\"Debitis vel dolore hic culpa maiores molestiae.\";i:2;s:31:\"Dolorem ab eos et nesciunt qui.\";i:3;s:46:\"Dolorem sint quia sed iusto quia unde commodi.\";i:4;s:46:\"Qui blanditiis et voluptatem facere et facere.\";i:5;s:68:\"Sit laborum iste voluptates quisquam recusandae corporis recusandae.\";i:6;s:35:\"Quo fugit voluptatem earum facilis.\";}', 36, 0, 3, '282.656000', '420.656000', NULL, NULL, NULL, '644.00', 0, '2022-03-13 15:33:00', 1, 'nam-hic-dolore-aut-explicabo', 'a:2:{i:0;i:26;i:1;i:34;}', 'Voluptatem et eum rerum.', 'YET,\' she said to herself how she would have appeared to them she heard a little door into that beautiful garden--how IS that to be ashamed of yourself for asking such a wretched height to be.\' \'It.', 1, 1, NULL, '2022-03-09 15:33:30', '2022-03-02 15:33:30'),
(8, 5, 'Asperiores aut itaque laudantium quod sapiente.', NULL, 7, 'Rohan Group', 5, 'qui', 'Used', 'It was the cat.) \'I hope they\'ll remember her saucer of milk at tea-time. Dinah my dear! Let this be a person of authority among them, called out, \'First witness!\' The first thing I\'ve got to the.', 'Recusandae perferendis deserunt ducimus aut dolore beatae possimus. Et consectetur dolores voluptatem quam iste. Accusantium maiores impedit illum sed. Architecto in eum iure illum qui id iure. Dignissimos voluptatem et dolorum est. Voluptatum laborum quibusdam repellat ea. Ea laborum ea omnis voluptatum ducimus unde. Ullam aliquid vero rem ut nemo eligendi. Aut minima expedita non placeat voluptatem eaque aut. Recusandae enim consectetur veritatis pariatur voluptate quidem. Qui qui iste perferendis. Quo perspiciatis velit a numquam a ut. Aut quia assumenda fugiat omnis sit culpa. Excepturi amet quia qui saepe nihil quia et doloribus. Sint eligendi occaecati animi blanditiis ullam ipsa. Doloremque velit assumenda et iste sequi. Assumenda sit aspernatur consequatur molestiae sequi. Repudiandae unde non est distinctio officiis. Recusandae iusto vel fuga rem laudantium qui. Velit dicta non et est molestiae ut in. Ipsam blanditiis dolores similique temporibus dolorem eaque at. Aliquam nam voluptatum quis quos consectetur eaque. Repudiandae qui quia dolorem. Consequatur sunt aspernatur iste corporis placeat neque ex. Quos repudiandae praesentium dolores dicta labore molestiae accusamus. Qui ipsum sequi nihil. Voluptas et voluptatem occaecati ab possimus. Aut commodi eum eum qui rerum mollitia. Deleniti quo totam voluptas aut. Placeat provident qui dolorem non dolore. Repudiandae sit qui natus sed temporibus in neque. Voluptatem error facere est unde provident.', 'a:7:{i:0;s:58:\"Repellat provident quidem nesciunt blanditiis repellendus.\";i:1;s:41:\"Qui facilis vero ex similique reiciendis.\";i:2;s:55:\"Esse et et laudantium quas non officia consectetur quo.\";i:3;s:50:\"Reiciendis culpa accusamus sed non qui distinctio.\";i:4;s:51:\"Libero voluptas non deserunt vero in illum dolorem.\";i:5;s:51:\"Et voluptate soluta doloribus consequatur quia est.\";i:6;s:40:\"Aperiam laboriosam nihil culpa pariatur.\";}', 31, 0, 3, '161.296359', '227.296359', NULL, NULL, NULL, '213.00', 0, '2022-03-13 15:33:00', 1, 'autem-quidem-quos-animi-aliquam-repudiandae', 'a:2:{i:0;i:32;i:1;i:43;}', 'Sunt velit cupiditate molestiae vitae dolores iure explicabo.', 'Alice, and she went on. \'Would you tell me,\' said Alice, who always took a great hurry. \'You did!\' said the Mouse. \'--I proceed. \"Edwin and Morcar, the earls of Mercia and Northumbria--\"\' \'Ugh!\'.', 1, 1, NULL, '2022-03-13 15:33:30', '2022-03-09 15:33:30'),
(9, 5, 'Aut adipisci consectetur et debitis.', NULL, 29, 'Rutherford-Roob', 1, 'cum', 'Refurbished', 'King, and the pattern on their slates, \'SHE doesn\'t believe there\'s an atom of meaning in them, after all. I needn\'t be so proud as all that.\' \'With extras?\' asked the Mock Turtle. Alice was more.', 'Eaque rerum quia excepturi. Molestias quidem doloribus laboriosam incidunt aliquid. Et repellat quisquam nisi reiciendis amet cum. Labore numquam aliquam accusamus non delectus velit vel ipsam. Illo aut commodi aspernatur recusandae dolorem in. Minima est eligendi consectetur eum omnis. Eum aliquid harum dicta et. Qui rerum aut iusto distinctio blanditiis eum architecto voluptatem. Aut sed similique asperiores qui nostrum blanditiis. Eveniet molestiae dolorem dolorem et accusamus dignissimos velit. Iure quia aut est enim sed. Vel qui maxime deleniti id nemo. Aut quo excepturi est nisi possimus sint. Laudantium voluptatibus nemo ullam voluptas nisi quis. Aliquam ut quo quo culpa eum qui omnis. Ea nihil quo autem praesentium repudiandae unde. Ab sunt ipsam dolorum esse. Et et nihil aut aut pariatur sequi a. Consequatur eos sed ipsum suscipit rerum impedit neque. Eligendi dolorum et libero rem sit. Eveniet fugit ut iste voluptate consectetur sunt. Dolorem omnis ut fuga a veritatis quod excepturi ab. Aut quod quibusdam magnam saepe incidunt. Doloremque non eaque rerum eum architecto ullam modi. Nostrum aliquam delectus enim eos quo fuga. Et dolores facilis modi. Nihil aut doloremque aut. Odit nemo eaque dolorem iure facere hic maxime. Qui architecto soluta illum illum molestiae. Officiis et dolorem voluptas nulla molestias. Animi eveniet mollitia accusantium aut qui. Animi aut ex possimus.', 'a:7:{i:0;s:68:\"Enim consequuntur consectetur aut in hic dolores dolores asperiores.\";i:1;s:27:\"Iure libero asperiores est.\";i:2;s:43:\"Amet sed similique ut et recusandae dolore.\";i:3;s:48:\"Inventore voluptas et recusandae eaque cum quod.\";i:4;s:42:\"Fugit possimus voluptatem similique ipsam.\";i:5;s:58:\"Quam omnis dolorum assumenda occaecati nihil possimus qui.\";i:6;s:61:\"Voluptates ipsa voluptatibus quia aliquid et sit velit natus.\";}', 57, 0, 3, '328.826230', '345.826230', '226.826230', '2022-03-14 15:33:00', '2022-03-24 15:33:00', '1707.00', 1, '2022-03-13 15:33:00', 1, 'facilis-fuga-et-eos-et-sunt', 'a:3:{i:0;i:13;i:1;i:23;i:2;i:26;}', 'Ut commodi vero consequatur earum neque facere.', 'So she began shrinking directly. As soon as look at all a pity. I said \"What for?\"\' \'She boxed the Queen\'s ears--\' the Rabbit was still in existence; \'and now for the baby, and not to her, \'if we.', 1, 1, NULL, '2022-03-07 15:33:30', '2022-03-13 15:33:30'),
(10, 1, 'Id et quidem doloribus id.', NULL, 35, 'Rosenbaum, White and Langosh', 4, 'ex', 'Refurbished', 'I think I must be getting home; the night-air doesn\'t suit my throat!\' and a Dodo, a Lory and an Eaglet, and several other curious creatures. Alice led the way, was the same thing,\' said the Duck.', 'Reiciendis quo maiores cum magni. Consequuntur quis quia iure dignissimos libero et et. Minus aliquam sit praesentium similique. Pariatur eum similique necessitatibus explicabo. Cum earum rerum neque et ea tempore molestiae corporis. Et quia doloremque autem. Qui eius rerum architecto consequatur omnis impedit beatae. Quis autem placeat aut soluta distinctio. Rem voluptatem dignissimos dignissimos ipsa debitis. Accusantium porro error accusamus. Odit adipisci occaecati quia dolorem non officiis. Tempore dignissimos et quaerat id tenetur veniam. Nesciunt nemo reprehenderit consequatur ad excepturi. Totam hic distinctio facere voluptas. Ullam asperiores ratione amet voluptates nihil et sed. Labore est provident nesciunt nesciunt. Modi ipsum nesciunt vitae minus reiciendis ab. Accusantium laboriosam quia maiores voluptate provident. Exercitationem et explicabo aut. Quisquam cumque ratione ut accusantium. Qui vero vitae asperiores sunt dolorem sint. Enim ipsa consequuntur quasi ut incidunt dolores nam sint. Omnis vero corporis modi autem. Neque quis soluta sit itaque id ad eos. Recusandae aut repellat maiores et blanditiis qui officiis. In voluptas tempora fuga est esse minima. Incidunt reprehenderit ratione ut veniam dolores dolorem. Qui quidem culpa veniam dignissimos. Maiores earum ipsum iure eos. Consectetur incidunt pariatur ut et at. Rerum vero consequatur porro et vitae.', 'a:7:{i:0;s:34:\"Illo ex inventore aut rerum autem.\";i:1;s:26:\"Nihil consequatur iure id.\";i:2;s:62:\"Aliquid eum tempore accusamus est inventore pariatur quisquam.\";i:3;s:27:\"Earum a porro ut quod quos.\";i:4;s:36:\"Sapiente id nihil nobis id illum ad.\";i:5;s:30:\"Esse dolor ut tenetur tempore.\";i:6;s:56:\"Eos qui voluptas veniam non molestiae molestiae aut quo.\";}', 18, 0, 3, '201.031438', '268.031438', '125.031438', '2022-03-14 15:33:00', '2022-03-23 15:33:00', '1956.00', 1, '2022-03-11 15:33:00', 1, 'repellat-molestiae-quos-animi-nostrum-ut-dolores-totam', 'a:3:{i:0;i:4;i:1;i:5;i:2;i:14;}', 'Perferendis necessitatibus alias accusantium.', 'CAN have happened to you? Tell us all about for them, but they were trying to fix on one, the cook had disappeared. \'Never mind!\' said the Pigeon. \'I can hardly breathe.\' \'I can\'t go no lower,\' said.', 0, 1, NULL, '2022-03-13 15:33:30', '2022-03-08 15:33:30'),
(11, 1, 'Accusamus qui minus culpa aut exercitationem asperiores architecto.', NULL, 15, 'Rohan Group', 3, 'cum', 'Used', 'White Rabbit cried out, \'Silence in the other: the Duchess and the Gryphon added \'Come, let\'s hear some of the mushroom, and crawled away in the world! Oh, my dear paws! Oh my fur and whiskers!.', 'Ut assumenda autem et vel ut nulla temporibus cumque. Est voluptatum fugit quia qui saepe inventore. At est aperiam et voluptatum. Hic ex corrupti illum quidem aut sunt. Totam et facere repellendus ut architecto. Dolorem qui voluptas ut id unde. Quia quo non mollitia est repellat quae maxime. Id sed quis consectetur dolores totam molestiae. Nulla officia et explicabo mollitia. Ipsam quas est rerum nam quis sint. Sit dolor repellendus soluta corporis. Neque incidunt aut in harum omnis et harum. Deleniti aliquid saepe aliquam consectetur. Quia facilis cum ducimus assumenda et incidunt totam. Perspiciatis quos et occaecati omnis eum pariatur eveniet. Et architecto minus eius amet ut provident voluptas. Dolore ipsam non unde et nam. Recusandae eum doloribus aut inventore molestias. Et quos vel inventore neque aperiam. Nesciunt voluptate ut at aut quis. Eaque et rerum nostrum velit voluptates at. Officiis earum accusamus quibusdam repellat. Culpa voluptatem amet suscipit consectetur. Inventore ipsum provident ut autem voluptates et. Voluptas ut quis unde magnam. Aut assumenda quia asperiores est. Ut quam officia ducimus accusantium quos. Ex nemo qui et explicabo velit. Amet dolorem architecto porro similique. Illum magni voluptatum ut hic beatae. Architecto iure ipsum voluptatem sapiente excepturi aspernatur et. Ea autem quia voluptates laborum eum. Ea a eum atque cum autem illum quos.', 'a:7:{i:0;s:40:\"Et blanditiis voluptatem atque possimus.\";i:1;s:65:\"Numquam perspiciatis sapiente eveniet sit voluptatem consequatur.\";i:2;s:35:\"Vel ut ea ducimus aperiam eum quia.\";i:3;s:39:\"Voluptas velit rerum eius qui suscipit.\";i:4;s:45:\"Voluptate et quia pariatur itaque voluptatem.\";i:5;s:31:\"Ut omnis magni veniam quo quis.\";i:6;s:32:\"Quis quo eum quibusdam delectus.\";}', 57, 0, 3, '303.350000', '356.350000', '232.350000', '2022-03-14 15:33:00', '2022-03-27 14:33:00', '636.00', 1, '2022-03-13 15:33:00', 1, 'magni-veniam-quam-tenetur-rerum-ut', 'a:3:{i:0;i:14;i:1;i:31;i:2;i:46;}', 'Nobis odit asperiores voluptatibus enim est quisquam.', 'However, at last in the pool, and the words \'EAT ME\' were beautifully marked in currants. \'Well, I\'ll eat it,\' said Alice, quite forgetting that she might as well go in at once.\' And in she went.', 1, 1, NULL, '2022-03-05 15:33:30', '2022-03-04 15:33:30'),
(12, 4, 'Et aspernatur eveniet assumenda voluptatem et nostrum qui.', NULL, 7, 'Dach PLC', 5, 'et', 'Used', 'Duchess. An invitation for the end of trials, \"There was some attempts at applause, which was full of the sort,\' said the King and Queen of Hearts, carrying the King\'s crown on a little pattering of.', 'Sed laboriosam nihil ducimus et culpa architecto. Nihil eos occaecati sed. Velit officiis facere placeat tempora dolores aliquid modi. Dolore doloribus sint itaque id nihil dolore est quis. Beatae exercitationem dolorum ducimus. Eos soluta earum placeat et. Tempore nesciunt ut dolores reiciendis ab expedita. Repudiandae laudantium quam odio inventore est. Repellendus et accusamus aut dignissimos laborum suscipit. Enim eum ea natus corrupti non recusandae. Quia illum aut voluptatem provident cum neque alias. Aut illo velit numquam sequi quia ab suscipit non. Cum ipsa eius necessitatibus rem ea minus quis voluptas. Nisi eum minus consectetur minus dolorem. Nobis recusandae doloribus veniam qui aut et omnis. Perferendis est eum corrupti sit harum ut. Impedit omnis est ut consequatur expedita quia. Blanditiis quia voluptatibus atque. Enim et corporis quia ipsa quia. Voluptatem ea et sit quo ipsam officiis debitis sapiente. Ut nihil qui aspernatur. Dolorem eligendi omnis culpa iusto non qui facilis. Aut voluptatem occaecati repudiandae alias repellat et consectetur quia. Quia fugiat repellendus omnis. Explicabo delectus impedit consectetur exercitationem corporis ea. Nihil eos consequatur omnis. Neque incidunt non tenetur delectus quo veritatis atque. Earum odit aut in alias quo. Dolorem sed ullam laboriosam quaerat placeat reprehenderit. Doloremque saepe et nobis vel. Maxime voluptates voluptate ducimus quia.', 'a:7:{i:0;s:50:\"Quam et reprehenderit cum amet doloremque et quia.\";i:1;s:49:\"Et delectus voluptatum dolor sunt ipsa quibusdam.\";i:2;s:37:\"Et sunt minus quasi tempora minus ab.\";i:3;s:63:\"Quis veritatis tenetur atque dolorem consequuntur omnis facere.\";i:4;s:23:\"Nihil velit enim ut in.\";i:5;s:31:\"Aut consequatur non autem quia.\";i:6;s:52:\"Sunt debitis blanditiis tempore eligendi laboriosam.\";}', 27, 0, 3, '383.319294', '525.319294', NULL, NULL, NULL, '1025.00', 0, '2022-03-11 15:33:00', 1, 'nam-ad-voluptas-sed-eum', 'a:2:{i:0;i:2;i:1;i:14;}', 'Aut optio dolorem dolores cupiditate.', 'TWO little shrieks, and more sounds of broken glass, from which she had expected: before she made some tarts, All on a branch of a water-well,\' said the sage, as he spoke, and the Hatter were having.', 1, 1, NULL, '2022-03-14 15:33:30', '2022-03-02 15:33:30'),
(13, 2, 'Fuga molestiae assumenda nesciunt id.', NULL, 45, 'Cormier, Mohr and Spencer', 5, 'quia', 'New', 'The question is, what?\' The great question certainly was, what? Alice looked very anxiously into its face was quite out of it, and very soon finished it off. \'If everybody minded their own.', 'Ut culpa adipisci quia officiis dolore voluptas quia. Quia aut sed mollitia hic cumque sit et. Deserunt et aut veniam ab itaque ab molestias. Repellendus et ut et voluptatem aliquam. Qui dolores numquam a ad officia iusto. At fugiat voluptate corporis aperiam facere eveniet similique sed. Quaerat fugit consequatur adipisci est porro. Quia ipsum cupiditate nesciunt et laudantium sapiente rerum. Optio deleniti est ab eum. Quia itaque numquam perferendis. Optio quod atque et ad. Ex qui est provident. Est similique nam quaerat. Praesentium facere dolores voluptatem dolore quia aliquam eum deleniti. Sint fugit quis commodi tempore molestiae veritatis et. Tempore esse doloremque omnis voluptatem minima est. Quo accusamus delectus aliquam rerum. Ipsum non nulla laboriosam praesentium modi. Qui consectetur eos eligendi in cum necessitatibus tempore eos. Est explicabo ut rerum quam voluptatem voluptates. Beatae aut sed qui pariatur. Quasi dolores saepe laudantium ut natus. Enim adipisci sit qui vel esse consequatur. Aut maiores reprehenderit perspiciatis temporibus. Ex id quam dolor velit. Et minus aut aspernatur aut earum aut. Harum veritatis est quam eaque dolores dolor dolores repellat. Aut repellat non eaque velit repellat. Quae reprehenderit inventore et fugit. Sunt dolores omnis qui atque aspernatur vel qui. Sunt dolor voluptas est dolores. Maiores est alias esse non dignissimos. Accusantium quaerat ipsam suscipit est ipsa et. Dolorum quia et laborum nesciunt velit et pariatur.', 'a:7:{i:0;s:47:\"Molestias officia molestiae dolorum itaque hic.\";i:1;s:23:\"Odio hic amet suscipit.\";i:2;s:28:\"Commodi error rem explicabo.\";i:3;s:40:\"Earum et dolor ea ratione quis quod sed.\";i:4;s:59:\"Quo perferendis ea unde aut numquam repellendus asperiores.\";i:5;s:46:\"Quam illum sed aut rerum tenetur voluptatibus.\";i:6;s:30:\"Qui odio ut exercitationem et.\";}', 40, 0, 3, '248.330000', '282.330000', NULL, NULL, NULL, '731.00', 0, '2022-03-12 15:33:00', 1, 'eum-maxime-minus-est-eligendi-nam', 'a:3:{i:0;i:10;i:1;i:14;i:2;i:16;}', 'Aspernatur voluptatem et cupiditate harum.', 'Alice kept her eyes to see what I could let you out, you know.\' \'I DON\'T know,\' said Alice, very much of it altogether; but after a fashion, and this was his first speech. \'You should learn not to.', 0, 1, NULL, '2022-03-02 15:33:30', '2022-03-13 15:33:30'),
(14, 4, 'Quaerat consequatur aut nihil ut ratione accusantium.', NULL, 48, 'Rosenbaum, White and Langosh', 1, 'quod', 'New', 'Rabbit was still in sight, hurrying down it. There was a very short time the Queen to-day?\' \'I should like to be nothing but a pack of cards!\' At this the whole pack rose up into a butterfly, I.', 'Quidem aspernatur qui eos eum porro quisquam minus. Corrupti eum dolor doloribus cumque. Assumenda itaque autem dolorem est autem consequatur enim consequuntur. Possimus vel quia quis sunt dolorem non sequi. Deleniti in culpa est a officiis enim sed voluptas. Sed omnis sed et officia et numquam. Sit illum non neque est. Est aperiam voluptatibus dicta id. Qui eum rerum sint qui. Quos at occaecati et omnis ipsum labore. Eveniet voluptates et necessitatibus sint iste sapiente similique. Assumenda et modi natus temporibus sit architecto. Sint eum exercitationem ex vero. Et neque minima quam vitae quae. Recusandae dignissimos sequi modi iste. Asperiores qui sint voluptates dolores sunt quia neque beatae. Beatae possimus debitis fuga sit architecto. Quia architecto aut beatae delectus sed dicta. Voluptatibus omnis sit in dolorum. In et voluptatibus aspernatur ut soluta maxime esse omnis. Nesciunt asperiores itaque molestiae molestiae non vero maxime aliquid. Fugiat quo et aut voluptatibus. Aspernatur odit sit in voluptatem vitae autem. Ipsum explicabo velit amet quaerat exercitationem nihil iure. Vitae aut quos dolor ut. Facilis voluptas assumenda magnam laboriosam autem. Facilis qui molestiae ut quaerat quia sint debitis. Ea suscipit sint voluptates voluptatem ex aliquid. Eum necessitatibus atque dolorem perferendis architecto doloremque et ipsa.', 'a:7:{i:0;s:27:\"Quam odio autem culpa sunt.\";i:1;s:36:\"Omnis ab corrupti et animi officiis.\";i:2;s:40:\"Dolorum quis porro ut et nisi veritatis.\";i:3;s:48:\"Eum voluptatem qui voluptates ab dicta ad animi.\";i:4;s:62:\"Quos eligendi nihil quasi velit pariatur impedit consequuntur.\";i:5;s:56:\"Itaque temporibus iste dolorum pariatur earum minima et.\";i:6;s:52:\"Similique sint architecto odit quibusdam voluptatum.\";}', 57, 0, 3, '284.870000', '466.870000', '444.870000', '2022-03-14 15:33:00', '2022-03-26 15:33:00', '102.00', 1, '2022-03-12 15:33:00', 1, 'ratione-harum-qui-laborum-consequatur-voluptates', 'a:2:{i:0;i:14;i:1;i:36;}', 'Corporis illum porro sint non.', 'I THINK,\' said Alice. \'Of course not,\' said Alice to find quite a crowd of little pebbles came rattling in at the mushroom (she had grown to her very much what would happen next. First, she dreamed.', 1, 1, NULL, '2022-03-09 15:33:30', '2022-03-08 15:33:30'),
(15, 4, 'Consequatur quidem et dolorem ut.', NULL, 15, 'Rutherford-Roob', 3, 'rerum', 'New', 'Gryphon went on, taking first one side and then added them up, and there stood the Queen said severely \'Who is this?\' She said it to make out who was peeping anxiously into her head. Still she went.', 'Consectetur nostrum suscipit quaerat voluptatem. Quis ut amet possimus aut pariatur aut neque. Quia magni ullam ad rerum. Tempore sit incidunt deserunt ut vel ea expedita. Et non nihil voluptas autem qui esse autem. Omnis dolorem sint cum. Ab sed voluptas iusto nam id corporis ipsum soluta. Unde eum quo et qui est. Dolorem et ut adipisci consequatur. Dolorem officia assumenda eaque qui quam eveniet. Autem dolorum animi natus odio asperiores atque. Ipsam corrupti provident id in non. Blanditiis quos est et. Vitae quia assumenda a rem enim in iusto. Et et ipsum voluptatem iusto. Nihil dolorum voluptas architecto enim veritatis tempora molestiae. Harum in pariatur voluptatem. Cumque sunt aut quia quis deserunt quos vel. Nam aut sunt optio est cupiditate non ullam. Velit cupiditate ut ex omnis est nostrum temporibus. Ullam et fugit maxime. Placeat alias et at consequatur aliquam. Amet quia quis excepturi est. Nihil ut qui dolorem aut incidunt. Ullam quasi ut in voluptatibus accusantium blanditiis. Aut numquam commodi exercitationem est unde assumenda eum. Assumenda voluptatem magni debitis aperiam enim. Magnam voluptas consectetur vero dolorem. Est eveniet non mollitia. Enim nesciunt dolores ut dolore sint quae est adipisci. Quas perspiciatis assumenda necessitatibus tempora voluptas tenetur. Nam enim est ab in rerum nihil. Facilis accusantium aut velit rerum a ut vero.', 'a:7:{i:0;s:43:\"Rem voluptatem quia cum tempore odio eaque.\";i:1;s:37:\"Iusto quos iusto autem asperiores in.\";i:2;s:34:\"Praesentium et voluptatibus rerum.\";i:3;s:59:\"Est corrupti dignissimos debitis sed sequi dignissimos sit.\";i:4;s:42:\"Ab consequatur iste ratione in quis omnis.\";i:5;s:46:\"Delectus voluptate eos unde et necessitatibus.\";i:6;s:29:\"Saepe vero minus id quasi et.\";}', 91, 0, 3, '125.609686', '185.609686', NULL, NULL, NULL, '808.00', 0, '2022-03-11 15:33:00', 1, 'officiis-amet-odit-est-est-doloremque-totam-non', 'a:2:{i:0;i:22;i:1;i:32;}', 'Explicabo eius quibusdam eligendi velit error hic eveniet.', 'RED rose-tree, and we won\'t talk about cats or dogs either, if you could manage it?) \'And what an ignorant little girl she\'ll think me for asking! No, it\'ll never do to come yet, please your.', 1, 1, NULL, '2022-03-14 15:33:30', '2022-03-06 15:33:30'),
(16, 4, 'Tempora autem eaque voluptate eligendi quo.', NULL, 42, 'Rohan PLC', 2, 'sit', 'New', 'ARE a simpleton.\' Alice did not venture to go among mad people,\' Alice remarked. \'Right, as usual,\' said the Hatter. \'I told you butter wouldn\'t suit the works!\' he added in an offended tone, \'so I.', 'Autem ad rem veniam quos accusamus quod. Dicta sequi eveniet magni minima non aliquam. Deleniti sit repellat quibusdam quod officia eligendi praesentium. Eaque explicabo cupiditate id magni. Reprehenderit molestiae facilis omnis minima laudantium deserunt. Rerum dolore voluptatem et amet debitis voluptatem. Voluptatem omnis expedita sit ea optio sint. Quo eum voluptate doloribus rerum aut qui natus est. Autem ut aut et. Impedit amet recusandae et ipsa saepe omnis quia cupiditate. Aliquam voluptas qui sit inventore quo voluptas. Ab explicabo ut eos repellat vel. Consequatur occaecati aperiam debitis inventore in. Occaecati totam culpa itaque enim. Illum porro illum consequatur esse reprehenderit. Iusto est quia et hic sit velit. Est qui dolor voluptates doloremque quas quis quis. Quisquam officiis omnis eius dignissimos quod et. Ipsa sit et consequatur molestias voluptatem aut voluptas. Eum est recusandae repudiandae placeat quaerat veritatis ipsam. Et et pariatur autem sequi ex. Aut voluptatem minima quas dolorum fuga. Ut nesciunt ullam enim accusantium qui delectus ex quis. Maiores et quidem alias sunt harum. Nam et veniam assumenda omnis dolorem beatae. Perspiciatis occaecati maxime odit consequatur quas quia. Omnis omnis quia atque voluptates sit deleniti. Quisquam dolores est molestiae est. Temporibus praesentium nam illo illum qui nemo incidunt. Perferendis quia asperiores ut provident tempora et quisquam.', 'a:7:{i:0;s:29:\"Consequuntur eum et nesciunt.\";i:1;s:23:\"Iusto qui ea qui ipsum.\";i:2;s:55:\"Numquam sunt temporibus aut neque vel distinctio alias.\";i:3;s:45:\"Et aliquid distinctio in a voluptas est enim.\";i:4;s:45:\"Earum nobis sint tempore voluptatibus veniam.\";i:5;s:29:\"Non perferendis quod est hic.\";i:6;s:34:\"Et eos magni voluptatem excepturi.\";}', 29, 0, 3, '131.661963', '159.661963', NULL, NULL, NULL, '283.00', 0, '2022-03-13 15:33:00', 1, 'odio-non-aperiam-est-beatae-possimus-iure-eum', 'a:3:{i:0;i:29;i:1;i:33;i:2;i:44;}', 'Sit sint facilis et ea eveniet explicabo excepturi.', 'I\'m I, and--oh dear, how puzzling it all is! I\'ll try if I know THAT well enough; don\'t be nervous, or I\'ll kick you down stairs!\' \'That is not said right,\' said the Gryphon at the mouth with.', 1, 1, NULL, '2022-03-08 15:33:30', '2022-02-27 15:33:30'),
(17, 1, 'Neque tenetur perspiciatis quia tempore ipsam odit.', NULL, 46, 'Harvey, Effertz and Luettgen', 4, 'molestias', 'New', 'She hastily put down yet, before the trial\'s begun.\' \'They\'re putting down their names,\' the Gryphon in an offended tone. And the moral of that is--\"Be what you like,\' said the Cat, \'if you don\'t.', 'Placeat rerum fugiat quia ducimus. Similique aut accusantium rerum et facere suscipit. Qui aut blanditiis maxime et. Est optio distinctio sunt nobis est quia. Dolores libero quia est ea eos. Alias qui ullam officia velit. Rem assumenda nam quos officia. Sequi voluptate maiores facere aut. Placeat non magnam iusto illo. Doloremque aut aliquam qui cum. Odio unde aliquam fugit dolorem odit optio. Earum velit corrupti officia nihil reprehenderit magni voluptas. Sit et dolorum dolores dolorem non velit. Enim qui suscipit et a distinctio distinctio. Animi maiores veritatis nihil optio possimus adipisci eveniet natus. Consequatur asperiores aut amet corrupti exercitationem exercitationem fugiat. Deserunt hic odio in quo ipsum. Occaecati sit autem placeat. Voluptatum esse pariatur molestiae iure. Pariatur quis amet repellat corporis consequatur modi blanditiis. Aut perferendis iste ab numquam quod et. Harum et voluptatem asperiores quas. Cupiditate officiis illum cumque ut cum sit. Consequatur molestias eius rerum non inventore. Non sint similique sunt incidunt. Quo id labore nihil non atque beatae rem. Dignissimos quasi facilis vitae necessitatibus explicabo dolor dolor est. Similique esse quia in eligendi occaecati veritatis. Id voluptatem aliquid reiciendis ipsam. Sed officia ut in sapiente. Ipsum doloribus eligendi a pariatur reiciendis.', 'a:7:{i:0;s:30:\"Sunt commodi rerum in quaerat.\";i:1;s:26:\"Ipsa saepe possimus quasi.\";i:2;s:44:\"Rerum minus similique voluptate quia fugiat.\";i:3;s:50:\"Consequatur iusto consequatur quia autem nemo vel.\";i:4;s:66:\"Aut sint dignissimos officiis consectetur nesciunt doloremque quo.\";i:5;s:42:\"Architecto aliquam consequatur et et ipsa.\";i:6;s:38:\"Cum et qui dicta aut cumque quibusdam.\";}', 32, 0, 3, '225.100000', '274.100000', '238.100000', '2022-03-14 15:33:00', '2022-03-23 15:33:00', '846.00', 1, '2022-03-12 15:33:00', 1, 'aut-saepe-distinctio-cumque-velit', 'a:3:{i:0;i:8;i:1;i:10;i:2;i:15;}', 'Non aut aperiam est sunt velit eos sunt.', 'Rabbit came near her, about four inches deep and reaching half down the chimney?--Nay, I shan\'t! YOU do it!--That I won\'t, then!--Bill\'s to go and get in at the Gryphon replied rather impatiently.', 1, 1, NULL, '2022-03-03 15:33:30', '2022-03-10 15:33:30'),
(18, 4, 'Ipsum voluptate quae quia eos.', NULL, 50, 'Rohan PLC', 4, 'ipsum', 'Used', 'Mock Turtle. \'Very much indeed,\' said Alice. \'I\'ve read that in about half no time! Take your choice!\' The Duchess took no notice of her own ears for having cheated herself in a shrill, loud voice.', 'Dolorem fugiat pariatur nemo voluptas nobis doloremque. Rerum perferendis occaecati velit atque blanditiis minima tempora. Architecto ea ex aliquid possimus nesciunt rerum. In soluta praesentium enim ut fuga distinctio blanditiis. Ab enim fugit perferendis quia. Porro natus architecto necessitatibus. Suscipit quia minus consequatur voluptatem tempore. Quia pariatur ea eligendi earum. Omnis corporis expedita ipsum omnis. Quis tempora explicabo autem est est repudiandae itaque dolore. Deserunt dolorem non in laborum. Magnam iusto consequatur est. Error aspernatur iste numquam ipsum praesentium aut. Iste ratione distinctio voluptate. Libero voluptatibus in ea et quas voluptatum. Et unde vel illo unde est nisi illum. Nulla quia tempora aliquam vel dolorem voluptate. Earum ullam sed occaecati voluptas quidem quasi quae. Quidem sit eligendi perspiciatis alias similique quis. Eum ut et temporibus est reiciendis fugit nulla. Et nostrum perferendis minus aperiam voluptatem. Sed non doloribus ad quia dolores sint. Molestias fugit in cupiditate qui quaerat. Modi voluptates aut consequatur accusamus quasi. Asperiores itaque nesciunt voluptatem architecto. Perspiciatis pariatur cum nostrum dolorem. Delectus minus placeat officiis in doloremque et. Dignissimos ut saepe earum enim. Sunt voluptatem sint rem. Molestiae asperiores quidem et excepturi quis ut. Maiores est facilis labore sit harum. Quia sunt inventore ullam dolorem tempora. Et impedit consectetur minus quod.', 'a:7:{i:0;s:41:\"Sit animi qui reprehenderit et qui magni.\";i:1;s:26:\"Suscipit quam numquam vel.\";i:2;s:43:\"Et expedita provident et accusamus qui aut.\";i:3;s:37:\"Quod rerum aut ad quo ad aperiam eum.\";i:4;s:58:\"Rerum dicta maxime voluptate deleniti non dolor excepturi.\";i:5;s:56:\"Nemo quia molestias velit itaque qui doloremque dolores.\";i:6;s:72:\"Voluptas a libero inventore molestiae beatae et recusandae perspiciatis.\";}', 72, 0, 3, '208.600000', '257.600000', NULL, NULL, NULL, '293.00', 1, '2022-03-11 15:33:00', 1, 'qui-aut-harum-illum-recusandae-placeat-pariatur', 'a:2:{i:0;i:13;i:1;i:39;}', 'Blanditiis atque laboriosam occaecati aspernatur alias explicabo.', 'No, there were three gardeners who were giving it something out of its voice. \'Back to land again, and put it in a solemn tone, \'For the Duchess. An invitation from the change: and Alice rather.', 1, 1, NULL, '2022-03-12 15:33:30', '2022-03-05 15:33:30');
INSERT INTO `inventories` (`id`, `shop_id`, `title`, `warehouse_id`, `product_id`, `brand`, `supplier_id`, `sku`, `condition`, `condition_note`, `description`, `key_features`, `stock_quantity`, `damaged_quantity`, `user_id`, `purchase_price`, `sale_price`, `offer_price`, `offer_start`, `offer_end`, `shipping_weight`, `free_shipping`, `available_from`, `min_order_quantity`, `slug`, `linked_items`, `meta_title`, `meta_description`, `stuff_pick`, `active`, `deleted_at`, `created_at`, `updated_at`) VALUES
(19, 4, 'Ut ut sunt fugit non cumque eum.', NULL, 27, 'Rohan PLC', 4, 'qui', 'New', 'There was no time she\'d have everybody executed, all round. (It was this last remark, \'it\'s a vegetable. It doesn\'t look like one, but it makes me grow larger, I can do without lobsters, you know.', 'Quaerat iure est quaerat. Nesciunt beatae alias maiores quae beatae enim consectetur. Et id aperiam aut eligendi itaque. Laborum aut laborum voluptas accusamus mollitia. Dolorem quidem optio error et nostrum qui. Et tempore ex alias repudiandae dolore quod omnis. Enim libero nihil non necessitatibus pariatur amet ducimus. Esse architecto dolorem perspiciatis qui voluptatem. Ducimus consequatur doloremque adipisci iusto quis quia. Id quas qui similique omnis. Exercitationem eligendi quis sint cupiditate voluptatibus. Reprehenderit dolores quo qui ab praesentium. Nulla laborum aliquam et sit culpa debitis et. Sunt delectus distinctio veritatis amet blanditiis aut qui. Quia aliquam veniam ratione provident et. Repudiandae voluptatem eum voluptas omnis ex doloribus aut. Similique incidunt dolor consequatur sit. Ut illo totam laudantium exercitationem maiores et commodi nihil. Sequi ea et laborum fugit repudiandae sint. Eos eius ducimus velit iusto sapiente quos. Quaerat soluta odio eum enim sed iste molestiae. Accusantium tempora ea pariatur quia dolorem. Quis nostrum aut quod autem non et. Ipsa in blanditiis unde. Et culpa sunt molestiae facilis quod. Et id blanditiis delectus unde sapiente aliquid molestiae non. Sint mollitia architecto earum. Qui repellat saepe laborum quae quis est quis. Eum quia explicabo quae dolores illum mollitia.', 'a:7:{i:0;s:39:\"Vel facere quisquam cumque perferendis.\";i:1;s:42:\"Et voluptatem ducimus sit debitis placeat.\";i:2;s:42:\"Quaerat illo quaerat ducimus qui corporis.\";i:3;s:59:\"Error dolorem nostrum assumenda ea voluptate asperiores in.\";i:4;s:44:\"Et architecto omnis at perspiciatis aut qui.\";i:5;s:49:\"Numquam non perferendis laudantium quis deleniti.\";i:6;s:57:\"Omnis rem et accusamus consequatur deserunt velit fugiat.\";}', 21, 0, 3, '334.000000', '508.000000', NULL, NULL, NULL, '1899.00', 1, '2022-03-11 15:33:00', 1, 'beatae-sit-tenetur-eos-est', 'a:3:{i:0;i:0;i:1;i:21;i:2;i:38;}', 'Porro dicta adipisci et labore voluptas nihil.', 'However, she soon made out the answer to shillings and pence. \'Take off your hat,\' the King and the little passage: and THEN--she found herself lying on the Duchess\'s knee, while plates and dishes.', 1, 1, NULL, '2022-03-14 15:33:30', '2022-03-04 15:33:30'),
(20, 4, 'Veritatis a ducimus corporis deleniti omnis sed.', NULL, 49, 'Pouros, Nikolaus and Hoppe', 5, 'neque', 'Used', 'Alice noticed, had powdered hair that WOULD always get into her head. \'If I eat or drink under the hedge. In another moment down went Alice like the three gardeners instantly jumped up, and began.', 'Dicta labore neque sit quo enim. Quasi laboriosam fuga molestiae distinctio optio necessitatibus. Assumenda aspernatur quae vitae sunt. Qui aut eveniet quisquam nemo itaque nostrum. Ipsa ut eaque cum rem laudantium soluta tenetur recusandae. Consequatur exercitationem saepe error incidunt consequatur. Voluptatum et facere sunt officiis expedita consequatur. Et quia quas non architecto consectetur. Expedita provident explicabo voluptates et libero. Eos qui eos in maiores et. Aut ex est repudiandae eos consequatur et ut. Non dolor earum quasi eos. Et sed qui saepe illum odit illum. Aut cumque et quas. Incidunt nemo ut quia non consequatur aut. Aut tenetur error adipisci in. Qui et consectetur voluptate quibusdam. Est recusandae non rerum sed id sit. Vitae dolorem et quos dolorem accusamus dolorum. Iusto recusandae officiis vel itaque molestias. Excepturi optio autem dignissimos eligendi facere. Nisi omnis non voluptatem unde repudiandae soluta beatae. Consectetur a maiores repudiandae debitis quo quis consequatur. Necessitatibus ut id provident doloremque non tenetur. Alias magni animi a quo. Quidem itaque ducimus quidem repellendus sunt. Ut et saepe dignissimos alias dignissimos quia fugit rem. Qui tenetur non autem quis. Porro totam omnis quia. Et sint ut et unde hic qui consequatur. Deserunt rerum cumque quia et velit delectus sint provident. Labore ullam voluptates rem eum id voluptatem. Aspernatur deleniti dolor voluptatum quis dolore minima.', 'a:7:{i:0;s:35:\"Tenetur ipsam dignissimos ut harum.\";i:1;s:76:\"Harum accusantium dolorem cumque accusantium deleniti consequuntur voluptas.\";i:2;s:25:\"Maiores enim ut sunt nam.\";i:3;s:37:\"Illo suscipit fugiat voluptate velit.\";i:4;s:27:\"Id cupiditate aperiam quod.\";i:5;s:49:\"Quis sit amet in doloremque vel harum distinctio.\";i:6;s:35:\"Rerum asperiores omnis neque error.\";}', 88, 0, 3, '327.000000', '402.000000', '166.000000', '2022-03-14 15:33:00', '2022-03-25 15:33:00', '1504.00', 1, '2022-03-13 15:33:00', 1, 'est-perspiciatis-dolores-iste-quos', 'a:2:{i:0;i:47;i:1;i:49;}', 'Expedita nostrum harum sequi debitis.', 'DON\'T know,\' said the King. \'Nothing whatever,\' said Alice. \'You must be,\' said the Duchess, as she went on muttering over the fire, stirring a large piece out of a large plate came skimming out.', 0, 1, NULL, '2022-03-06 15:33:30', '2022-03-09 15:33:30'),
(21, 4, 'Corporis sapiente veritatis accusantium magni eos sit.', NULL, 31, 'acme', 4, 'quos', 'Refurbished', 'Alice; and Alice was beginning to feel which way it was the Duchess\'s knee, while plates and dishes crashed around it--once more the shriek of the bottle was a most extraordinary noise going on.', 'Qui ea aut est consequuntur sit at non. Et dicta qui consectetur nemo nam consequatur tenetur est. Magnam qui magnam minus delectus officiis quaerat. Porro ullam aut voluptatem cum. Animi dolores quisquam ut quo consequatur ea odio. Et quibusdam sunt corrupti unde culpa. Nihil ad sint qui dignissimos voluptas placeat accusantium. Quis repudiandae tempora praesentium quis delectus molestiae id ipsum. Itaque dolor praesentium ea provident ullam aspernatur qui. Occaecati enim est in. Est quia autem et ut. Numquam est ad eos. Molestiae fugit maxime illum ipsum in est quibusdam soluta. Earum in neque hic culpa doloribus quia nihil. Et aspernatur possimus atque libero rerum nulla facere. Expedita provident rerum ipsa voluptas. Quidem sed delectus voluptas dignissimos doloribus. Blanditiis autem voluptatem eligendi veniam tenetur. Quo rerum tempora fuga eveniet alias saepe enim. Minima ut ducimus voluptatibus non. Animi nostrum vel assumenda in quisquam. Asperiores ad corrupti ex et repellat qui. Incidunt ut maiores laudantium incidunt aut harum incidunt dolore. Quae earum sunt dolorem enim. Numquam eius ipsum aut non fuga odit enim. Saepe similique et aut optio voluptatum. Aspernatur quae eveniet enim fugiat cum optio autem a. Recusandae autem corrupti dolores rerum. Quibusdam ut quia et. Id eum dolor illum est. Ducimus neque aut dolores beatae voluptatem. Non eos illum aliquid cum cum iusto dolorum.', 'a:7:{i:0;s:30:\"Veniam dolores rerum possimus.\";i:1;s:41:\"Dolore eligendi rerum repellendus itaque.\";i:2;s:32:\"Fugit quis ea aperiam non dicta.\";i:3;s:35:\"Ex veniam cum dolor delectus ipsum.\";i:4;s:56:\"Maiores cupiditate et ut placeat dolore modi enim dicta.\";i:5;s:43:\"Perferendis quos accusantium ex iure ipsam.\";i:6;s:44:\"Vel omnis et quos esse omnis eum asperiores.\";}', 61, 0, 3, '358.880000', '398.880000', '330.880000', '2022-03-14 15:33:00', '2022-03-19 15:33:00', '1721.00', 0, '2022-03-13 15:33:00', 1, 'rerum-occaecati-dolor-facere', 'a:2:{i:0;i:13;i:1;i:28;}', 'Necessitatibus molestiae consequatur illum vel magnam accusantium.', 'Caterpillar. \'Well, I\'ve tried to beat them off, and she very soon finished off the top of her sharp little chin. \'I\'ve a right to think,\' said Alice to herself, rather sharply; \'I advise you to.', 1, 1, NULL, '2022-03-06 15:33:30', '2022-03-12 15:33:30'),
(22, 4, 'Fugit inventore minus nemo quia eum.', NULL, 14, 'Dach PLC', 1, 'eum', 'Refurbished', 'Only I don\'t know of any one; so, when the White Rabbit interrupted: \'UNimportant, your Majesty means, of course,\' the Gryphon said, in a deep, hollow tone: \'sit down, both of you, and listen to.', 'Quis velit tenetur optio inventore. Commodi nobis sit officia. Velit aliquam odit quia et impedit blanditiis. Voluptas cupiditate aliquid et eos mollitia. Id consequatur rerum veniam maxime sed quis sint. Molestias repellat eum maiores culpa. Ut ullam et libero natus neque dolorum. Suscipit asperiores voluptas corporis deleniti et aut ab alias. Ipsam nihil sed exercitationem et consectetur exercitationem rerum. Animi at esse quia ut. Dolor quisquam dolores expedita tenetur quisquam quis error ut. Accusamus rerum non eligendi in dolorem quaerat. Aut porro voluptatem et qui magni id odit rerum. Eveniet odit magni in et tenetur accusantium. Et id recusandae voluptatem quo. Rerum sint sapiente molestiae magni accusamus officia inventore. Laudantium perferendis saepe quibusdam ut esse dolores. Eum rerum quasi inventore qui modi. Fuga omnis animi nihil voluptate facilis deserunt. Velit veritatis velit impedit illum. In recusandae et quisquam ex sed numquam veniam. Est reprehenderit quisquam inventore quis omnis id et. Et sit numquam accusamus illum. Qui quisquam voluptatum laboriosam fuga perferendis incidunt eveniet. Voluptas laudantium sequi qui rerum. Ullam quia quisquam explicabo odit in. Non id aut consectetur maxime et. Eum quaerat nam consequuntur sit ipsam. Rem quia totam consectetur aliquam at impedit.', 'a:7:{i:0;s:55:\"Ut quia perspiciatis quis totam sit pariatur quibusdam.\";i:1;s:52:\"Quia et sunt similique nobis omnis quo ea occaecati.\";i:2;s:43:\"Consequatur et suscipit molestiae autem et.\";i:3;s:68:\"Nisi ipsum tempora consequatur sapiente in sit ipsam necessitatibus.\";i:4;s:55:\"Enim omnis repudiandae possimus dolorem ut aut tenetur.\";i:5;s:48:\"Vitae sunt quis mollitia repellat officia saepe.\";i:6;s:41:\"Doloremque occaecati aut enim voluptatum.\";}', 59, 0, 3, '144.225717', '200.225717', '150.225717', '2022-03-14 15:33:00', '2022-03-26 15:33:00', '1436.00', 1, '2022-03-13 15:33:00', 1, 'sint-minima-libero-harum', 'a:2:{i:0;i:5;i:1;i:10;}', 'Voluptas quo qui minima est omnis eligendi et.', 'Alice as she could, and waited to see what was on the slate. \'Herald, read the accusation!\' said the Queen, \'and take this child away with me,\' thought Alice, and, after glaring at her feet in the.', 1, 1, NULL, '2022-03-04 15:33:30', '2022-03-04 15:33:30'),
(23, 5, 'Vel numquam necessitatibus sequi blanditiis.', NULL, 12, 'Kulas Inc', 1, 'eius', 'Used', 'Take your choice!\' The Duchess took no notice of her head struck against the roof of the jury wrote it down \'important,\' and some of YOUR business, Two!\' said Seven. \'Yes, it IS his business!\' said.', 'Autem cupiditate et laborum et laborum quia. Ipsa qui tempora autem vel possimus laboriosam corporis exercitationem. Quis accusantium qui expedita consequatur excepturi eius et maxime. Ducimus eum qui voluptatem dignissimos ea. Consequuntur sit expedita corrupti voluptate illo. Quia impedit voluptas expedita ipsum. Ea possimus veniam sunt cupiditate. Laudantium aut cupiditate itaque. Sint consectetur rerum aut maxime qui quia. Perferendis reprehenderit consequatur et fugiat ad. Blanditiis et voluptatibus et. Praesentium molestiae perferendis quia officia quos. Facere totam necessitatibus molestiae corporis odit temporibus dolores. Ab eius praesentium voluptas soluta. Aut magni et natus officia quis nihil. Nemo sunt quis dolores qui. Dolor saepe quo earum autem quia culpa. Culpa nam repellendus sit alias odit eos minus. Soluta ipsum reprehenderit vel sit quae rerum fuga. Ipsam totam quaerat nam et. Nam voluptates et quae perferendis aut. Sunt laborum modi totam. Et id quaerat minima vel quam occaecati. Natus necessitatibus sit dolorum quasi laboriosam. Dolores sed omnis nesciunt soluta pariatur. Repellat doloremque quis odit reprehenderit id aut aut quo. Et qui explicabo voluptatem. Sit doloremque numquam quis repellendus in repudiandae accusantium repudiandae. Odit enim nesciunt rerum dolorem. Omnis provident veritatis cum odit beatae quia quis.', 'a:7:{i:0;s:69:\"Neque qui aspernatur doloremque repellendus fugit voluptatibus porro.\";i:1;s:39:\"Enim dicta doloremque ipsum et ducimus.\";i:2;s:28:\"Voluptatum saepe magnam quo.\";i:3;s:39:\"Unde autem possimus fuga qui omnis sit.\";i:4;s:38:\"Quia hic unde est nam maiores illo ut.\";i:5;s:59:\"Doloremque maxime veniam eos voluptate delectus architecto.\";i:6;s:57:\"Enim voluptas iusto distinctio aut aspernatur et dolorem.\";}', 15, 0, 3, '265.006372', '284.006372', '242.006372', '2022-03-14 15:33:00', '2022-03-21 15:33:00', '790.00', 0, '2022-03-12 15:33:00', 1, 'beatae-ipsa-amet-exercitationem-fuga-odit', 'a:2:{i:0;i:22;i:1;i:48;}', 'Cupiditate laborum dolore dolor.', 'Always lay the blame on others!\' \'YOU\'D better not talk!\' said Five. \'I heard every word you fellows were saying.\' \'Tell us a story.\' \'I\'m afraid I\'ve offended it again!\' For the Mouse to tell.', 0, 1, NULL, '2022-02-28 15:33:30', '2022-03-10 15:33:30'),
(24, 4, 'Qui ullam quia quia eos dolores.', NULL, 18, 'Rutherford-Roob', 3, 'dolore', 'Refurbished', 'It quite makes my forehead ache!\' Alice watched the White Rabbit; \'in fact, there\'s nothing written on the trumpet, and then she walked down the chimney close above her: then, saying to herself, for.', 'Vel omnis quia dicta inventore et quibusdam veniam. Velit inventore itaque in sed omnis. Ab architecto ut et numquam. Error provident alias praesentium fugiat consequatur accusantium. Accusamus eius doloribus itaque iure magnam. Nemo et enim error magnam consequatur qui. Et cumque quasi nemo et porro dolorem dolorem. Est maxime eius iste fugiat quo numquam. Laudantium laboriosam cupiditate assumenda quia placeat necessitatibus. Similique aspernatur consequuntur ut. Quam culpa omnis omnis commodi similique rerum. Nesciunt cumque quidem cupiditate repellat ab. Cumque temporibus quos ea deserunt tempore. Suscipit ex voluptatem quidem numquam ipsam blanditiis earum et. Illo delectus mollitia omnis. Earum autem quo dicta blanditiis suscipit dolores. Et perspiciatis temporibus similique aspernatur. Debitis cum minima voluptatibus et sequi quas molestias. Minus omnis esse quod harum recusandae. Nostrum rem ut et et quis in. Culpa quia et autem necessitatibus facere. Atque fuga nam commodi et voluptates. Autem impedit ea vel eius molestias. Quaerat accusamus commodi beatae eius dolores non praesentium. Molestiae voluptatem doloribus totam eos neque adipisci doloribus. Aut error voluptatum animi quos. Neque quo voluptates praesentium qui inventore neque. Aut culpa culpa eaque quia non. Laborum qui explicabo voluptas ipsum. Illum dolore iste dolor rerum ipsa. Voluptates enim aspernatur sit unde et. Asperiores esse facilis exercitationem omnis unde nam aut.', 'a:7:{i:0;s:54:\"Eligendi animi assumenda itaque ut laborum dolor iure.\";i:1;s:64:\"Libero adipisci ut commodi consequuntur eos sequi omnis facilis.\";i:2;s:36:\"Quos eius sapiente ut qui molestiae.\";i:3;s:43:\"Distinctio impedit quo veniam aperiam enim.\";i:4;s:36:\"Velit in sequi alias voluptatem eum.\";i:5;s:34:\"Sunt aut suscipit qui pariatur ut.\";i:6;s:51:\"Quaerat eos blanditiis pariatur tempora dicta unde.\";}', 88, 0, 3, '353.740395', '391.740395', '53.740395', '2022-03-14 15:33:00', '2022-03-23 15:33:00', '1503.00', 1, '2022-03-13 15:33:00', 1, 'fugiat-in-rerum-sint-fugit-ex-labore', 'a:3:{i:0;i:3;i:1;i:14;i:2;i:16;}', 'Et voluptatem aliquam magnam fugiat tempora explicabo minima.', 'IS that to be talking in a shrill, loud voice, and see after some executions I have none, Why, I do so like that curious song about the games now.\' CHAPTER X. The Lobster Quadrille is!\' \'No.', 0, 1, NULL, '2022-03-09 15:33:30', '2022-03-05 15:33:30'),
(25, 4, 'Sequi accusantium id non non.', NULL, 42, 'Cummerata, Armstrong and Dooley', 2, 'quia', 'New', 'You MUST have meant some mischief, or else you\'d have signed your name like an honest man.\' There was nothing so VERY tired of sitting by her sister kissed her, and said, very gravely, \'I think, you.', 'Ut reiciendis qui laboriosam in. Molestiae similique maiores molestiae non. Ab ipsam ex nostrum libero velit. Consequatur iusto ratione libero. Tempora voluptas sit voluptas autem laudantium repudiandae rerum minus. Repellendus ut at voluptatibus explicabo qui. Eligendi ea nihil et praesentium. Voluptatem repudiandae sint et at consequatur. Perferendis dolorum eum amet dignissimos iste quis. Dolores neque culpa esse quidem. Consequatur maxime velit quas omnis rem excepturi quas aut. Totam sunt culpa quia dolorem commodi aliquam. Est commodi dolorem mollitia pariatur nobis distinctio qui. Unde eaque et non qui aut alias adipisci. Quis voluptatibus dolorum adipisci esse. Nihil eum hic necessitatibus sequi. Ab quis ut vel nesciunt omnis fugiat placeat. Nam doloremque doloribus cumque a. Eum nemo minus veniam aperiam temporibus omnis. Autem autem adipisci omnis tenetur laudantium quo est quisquam. Nesciunt praesentium natus corporis harum architecto sunt vitae. Atque illo voluptates autem rerum ut voluptas. Excepturi ullam modi nisi expedita. Delectus voluptates aut debitis natus voluptatem veritatis. Culpa accusamus alias vero ratione minus. Veritatis modi quia eligendi sit alias voluptatem eveniet minus. Fugit totam omnis laboriosam ipsa exercitationem expedita. Libero quae voluptas numquam sit nisi inventore. Natus nisi illum magni accusantium.', 'a:7:{i:0;s:16:\"Esse a et magni.\";i:1;s:43:\"Quia dolores impedit ea assumenda sint qui.\";i:2;s:37:\"Dolor dicta dolorem corrupti quia in.\";i:3;s:42:\"Impedit eveniet illum voluptatibus ab eum.\";i:4;s:34:\"Dolorum similique dolore id nihil.\";i:5;s:49:\"Et sint repellat est quo maxime accusantium odit.\";i:6;s:45:\"Doloribus tempore eos nihil maxime voluptate.\";}', 65, 0, 3, '264.160000', '397.160000', NULL, NULL, NULL, '1750.00', 1, '2022-03-13 15:33:00', 1, 'voluptatibus-numquam-fuga-reprehenderit-officiis-voluptatem-unde', 'a:3:{i:0;i:0;i:1;i:3;i:2;i:22;}', 'Mollitia labore error praesentium qui accusamus.', 'I almost think I could, if I know who I am! But I\'d better take him his fan and the executioner ran wildly up and down looking for eggs, I know is, something comes at me like that!\' By this time it.', 0, 1, NULL, '2022-03-08 15:33:30', '2022-03-05 15:33:30'),
(26, 2, 'Nisi voluptas nihil recusandae.', NULL, 29, 'Dach PLC', 3, 'quam', 'Used', 'PLEASE mind what you\'re doing!\' cried Alice, jumping up and picking the daisies, when suddenly a White Rabbit put on her hand, and Alice could hardly hear the Rabbit began. Alice gave a little way.', 'Reprehenderit aspernatur fuga odio autem velit hic sint. Consequuntur sint illum possimus omnis. Atque accusamus corporis possimus. Ullam ipsa minus nostrum. Ut in vitae harum. Repellendus maiores nam unde nostrum et omnis rerum blanditiis. Est in consequatur vero nostrum. Quis voluptatem minima quia eum. Perferendis ea natus delectus voluptatum labore soluta aut. Dolorem deserunt quos aut ab consequuntur esse sapiente. Qui repudiandae consectetur possimus dolorem eos enim dolor. Sit et animi exercitationem. Odit similique at explicabo asperiores molestiae ea consequatur voluptatem. Reiciendis deleniti mollitia sit autem cum. Dolor et hic debitis deleniti illum pariatur. Et atque vitae molestiae ut sint autem. Libero corporis autem amet autem et qui. A eum incidunt voluptas commodi. Iure exercitationem labore occaecati et voluptatem. Est eius maxime voluptas id atque. Voluptas qui eius sint quia tempore eos autem sed. Reprehenderit inventore ullam consectetur placeat libero occaecati. Voluptatem vel itaque et dolorem. Aut animi quibusdam sed dolores maxime dolorem nemo recusandae. Deserunt rerum optio vel. Dolor dicta provident fugit corporis accusamus esse. Magnam velit minus id cumque. Voluptatem est earum velit. Ducimus quis nihil illum aliquam. Voluptas molestiae consequatur blanditiis. Quasi unde laudantium et omnis omnis.', 'a:7:{i:0;s:40:\"Ratione assumenda ut labore aut impedit.\";i:1;s:32:\"Aut accusamus iusto consequatur.\";i:2;s:37:\"Amet provident repudiandae eius nemo.\";i:3;s:56:\"Deleniti quisquam earum sunt aut ut non doloremque odit.\";i:4;s:22:\"Quo earum quis ut eum.\";i:5;s:34:\"Illum ut libero tempora similique.\";i:6;s:58:\"Eaque expedita sed est voluptatem tempore et enim maiores.\";}', 16, 0, 3, '95.527740', '256.527740', '179.527740', '2022-03-14 15:33:00', '2022-03-19 15:33:00', '839.00', 0, '2022-03-12 15:33:00', 1, 'assumenda-dicta-non-velit-atque-facilis-pariatur', 'a:3:{i:0;i:40;i:1;i:45;i:2;i:47;}', 'Provident porro nemo ut tempore est.', 'They had not noticed before, and he poured a little worried. \'Just about as she spoke. (The unfortunate little Bill had left off sneezing by this very sudden change, but she could not remember ever.', 0, 1, NULL, '2022-03-07 15:33:30', '2022-03-01 15:33:30'),
(27, 5, 'Consequatur odit dolorem ullam doloribus quia voluptates.', NULL, 11, 'acme', 3, 'non', 'Used', 'I\'m not Ada,\' she said, \'than waste it in the air. \'--as far out to sea as you liked.\' \'Is that the Mouse to tell them something more. \'You promised to tell you--all I know all sorts of things--I.', 'Dolorum suscipit debitis beatae corrupti modi aut sit. Quae in ea unde maxime magnam architecto voluptatem. Atque nihil consectetur officia vero. Qui in repudiandae dolorem culpa. Quia ex pariatur id quis numquam veritatis qui. Fugit quae natus excepturi voluptatibus qui autem. Libero totam hic eligendi. Occaecati et quam tempora est distinctio. Iusto rem ut ut fuga repellat. Similique voluptas et optio pariatur et. Eum natus placeat dolorem. Et molestiae eum nihil quis voluptas iste quidem. Quis et dolorem et. Corrupti expedita magni cum beatae vero excepturi. Ut voluptatibus aut non ea. Aliquam et consequatur illum eum. Ducimus vel reprehenderit quidem exercitationem labore velit. Nulla hic inventore rem eveniet. Quaerat animi cumque modi sapiente. Facilis sapiente ipsum suscipit debitis reprehenderit ex eveniet veritatis. Provident dolores ut maxime est itaque voluptatem consequuntur. Modi laboriosam amet ad et voluptatum. Nam repellendus molestiae omnis. Nulla eius vel quia placeat saepe assumenda voluptas quisquam. Sed magnam excepturi eveniet id adipisci aut. Rem similique rerum debitis quae possimus dolore autem dolor. Ipsam iure quos dolor animi facere recusandae. Veniam omnis et laborum sit. Repellendus rerum iste corrupti deserunt et aspernatur dolorem vel. Consequatur animi voluptas suscipit ut non enim. Non et et autem fugit similique molestias. Id illo beatae voluptatem eum magnam expedita. Doloremque aut quis ut ut dolor et nulla.', 'a:7:{i:0;s:53:\"Quidem non earum corrupti vel nam officia laudantium.\";i:1;s:60:\"Consectetur blanditiis vitae sit laborum molestias quia aut.\";i:2;s:44:\"Ut quam ea ducimus et aliquid dolores illum.\";i:3;s:21:\"Illum est fugiat nam.\";i:4;s:47:\"Sed eos recusandae non quis omnis repellat vel.\";i:5;s:53:\"Repudiandae aliquid reprehenderit voluptatum aut sed.\";i:6;s:39:\"Ut modi ut aut similique non molestiae.\";}', 98, 0, 3, '136.422325', '205.422325', NULL, NULL, NULL, '1306.00', 0, '2022-03-11 15:33:00', 1, 'architecto-dicta-ut-ratione-voluptatem-quia-modi-saepe', 'a:2:{i:0;i:41;i:1;i:47;}', 'Id rem nobis cumque mollitia ipsa non.', 'Canterbury, found it made Alice quite jumped; but she knew that were of the e--e--evening, Beautiful, beautiful Soup! Soup of the ground--and I should say \"With what porpoise?\"\' \'Don\'t you mean by.', 1, 1, NULL, '2022-03-09 15:33:30', '2022-03-09 15:33:30'),
(28, 2, 'Fugit non beatae et at et fugit.', NULL, 39, 'Wehner-Hand', 5, 'ipsum', 'Refurbished', 'While the Owl and the fan, and skurried away into the air. This time there were ten of them, with her head!\' Those whom she sentenced were taken into custody by the hedge!\' then silence, and then.', 'Aut molestiae et rerum eum deleniti molestiae. Veritatis pariatur facere nesciunt et sit qui eaque aut. Assumenda laboriosam corporis voluptas dolore placeat sed. In aut quisquam labore dicta autem. Laboriosam dolorem consequatur enim veniam eum quas. Magni aut laborum quia quasi. A iste ut omnis beatae. Reprehenderit facilis sed hic quia. Aperiam incidunt inventore a ut sed sed a. Rem adipisci blanditiis tenetur. Deserunt quia placeat voluptate et veritatis. Quaerat doloremque eum magnam delectus. Perspiciatis voluptatem itaque labore quasi. Deleniti corrupti ut aperiam unde sed sequi velit. Aut aut modi aliquam sit repellendus recusandae quidem. Consequuntur ut quis in eos velit voluptas possimus optio. Ullam sint rerum voluptatibus provident exercitationem. Et commodi iure modi perferendis iste. Saepe et voluptatem culpa possimus sapiente iste blanditiis. Ea sint nam voluptatem quo enim. Unde ratione pariatur ex aliquam ut. Ut at impedit hic ratione officia laboriosam rerum. Nam qui est alias culpa amet fuga. Assumenda ad totam modi voluptatem. Cupiditate recusandae dicta at sit. Numquam modi exercitationem eum non aliquid enim. Quasi sed velit quia quas. Deleniti tempora distinctio voluptas officia neque. Quo modi veritatis ut. Sunt ex odit quaerat error repudiandae distinctio aliquid. Quis ad earum fugit aliquam veritatis amet aperiam. Nihil ab quis at aut. Aut architecto laborum provident rerum et. Ipsam amet rerum ratione impedit sed expedita ea.', 'a:7:{i:0;s:39:\"Ut quis animi in mollitia nulla magnam.\";i:1;s:39:\"Voluptatum facere quasi exercitationem.\";i:2;s:41:\"Sed deserunt quis dolores culpa atque in.\";i:3;s:40:\"Eos error doloribus odit et perferendis.\";i:4;s:42:\"Ut possimus ex deleniti porro ea est quae.\";i:5;s:66:\"Maxime molestiae iusto mollitia quod nesciunt enim reiciendis aut.\";i:6;s:38:\"Autem aut sed ipsam eos distinctio et.\";}', 45, 0, 3, '108.174990', '233.174990', NULL, NULL, NULL, '293.00', 0, '2022-03-12 15:33:00', 1, 'quia-qui-quod-nostrum-recusandae', 'a:2:{i:0;i:22;i:1;i:46;}', 'Sequi maiores laudantium aperiam aspernatur quos neque dolorum.', 'I hadn\'t gone down that rabbit-hole--and yet--and yet--it\'s rather curious, you know, and he went on, \'\"--found it advisable to go near the house if it please your Majesty,\' said the Mock Turtle in.', 1, 1, NULL, '2022-03-07 15:33:30', '2022-03-07 15:33:30'),
(29, 3, 'Enim in quo dolores numquam eveniet alias natus dolores.', NULL, 36, 'Rohan PLC', 4, 'quia', 'Refurbished', 'Miss, we\'re doing our best, afore she comes, to--\' At this the whole pack of cards!\' At this moment Alice appeared, she was looking up into a doze; but, on being pinched by the English, who wanted.', 'Recusandae recusandae vero veniam voluptatibus. Aut tempore repellat veniam mollitia sit sit. Aut explicabo deserunt dicta qui. Voluptate assumenda sapiente possimus id eaque quae nobis doloribus. Aut velit in quo nisi perspiciatis consequatur dignissimos. Accusamus nesciunt sit unde et sunt. Deserunt qui labore nisi veritatis id dicta. Culpa aut amet praesentium sequi nisi voluptas sit omnis. Et consequatur voluptatem et omnis consectetur. Non ipsum non odit qui iste fuga nostrum voluptate. Reprehenderit sint et facilis eos ducimus. Eum sunt dignissimos quisquam repudiandae. Dolorem iusto qui voluptate similique animi aut qui. Expedita nobis et omnis ut ipsa. Dolor sapiente blanditiis eaque natus minima dolor delectus. Alias id est ut suscipit non rem. Maxime repudiandae dolores et eius et natus. Est et quo dolores. Qui id debitis in error doloremque accusamus consequuntur. Aut tenetur explicabo praesentium excepturi voluptas. Cumque praesentium iste ratione nam aut nostrum maxime. Consequatur doloremque sit debitis provident. Voluptatem omnis commodi accusantium aut possimus sint. Voluptatem maxime veniam rerum. Est dolorem rerum praesentium sint recusandae laudantium. Minima porro qui dolores laboriosam sed. Autem et ut aliquam aut eum eum. Eveniet perferendis et suscipit quibusdam nesciunt et voluptatem. Asperiores repellat nihil aliquid. At eius ea quam commodi aut fugit. Nihil dolorem quaerat eius ea id fugiat. Aspernatur quisquam eum reiciendis delectus.', 'a:7:{i:0;s:37:\"Commodi assumenda ea eum rerum animi.\";i:1;s:54:\"Corporis molestiae quo reprehenderit quis omnis nobis.\";i:2;s:59:\"Tenetur pariatur iusto iure laboriosam voluptas cupiditate.\";i:3;s:24:\"In esse provident iusto.\";i:4;s:47:\"Sunt reprehenderit quis ducimus officia libero.\";i:5;s:49:\"Nisi esse illum numquam itaque et magni deserunt.\";i:6;s:35:\"A eum ut natus at maiores eum eius.\";}', 52, 0, 3, '68.412500', '138.412500', NULL, NULL, NULL, '457.00', 1, '2022-03-11 15:33:00', 1, 'molestias-ipsa-sunt-distinctio-et', 'a:2:{i:0;i:7;i:1;i:16;}', 'Eligendi expedita at quo alias expedita voluptatem at.', 'Alice thought), and it was as much as serpents do, you know.\' \'Not at first, but, after watching it a very curious to see that she still held the pieces of mushroom in her hands, and was coming back.', 0, 1, NULL, '2022-03-04 15:33:30', '2022-03-08 15:33:30'),
(30, 2, 'Dolor quia dolorem et libero est nisi aut.', NULL, 35, 'acme', 1, 'aperiam', 'New', 'CHAPTER IV. The Rabbit Sends in a tone of great relief. \'Now at OURS they had at the Duchess began in a day did you begin?\' The Hatter was the Duchess\'s knee, while plates and dishes crashed around.', 'Quasi enim dolore enim et facere fuga. Quaerat sint consequatur aut modi. Nihil exercitationem non minima commodi. Sit dolorem eius quia dolorem ducimus. Quis quia vel in ipsam dolorem a. Architecto ratione similique et explicabo. Dolorem delectus distinctio earum magnam ratione. Soluta explicabo laborum ut et. Ut eos non praesentium ad. Ipsum rem harum quae eum voluptatum. Ipsum quos eos adipisci quia. Molestiae deserunt officiis et qui magnam aut reiciendis. Alias rerum et non fuga facilis. Nesciunt et modi et dolorem. Beatae velit qui sed officiis nobis. Enim eveniet dicta ullam quidem cum. Maiores sed est dolore enim rem quia quis pariatur. Unde maxime et expedita est. Fuga et ut fugit omnis voluptas molestiae. Odio dolor repellat nostrum eos ab magnam voluptas. Suscipit odio voluptas voluptatem beatae facere libero. Dolore reiciendis nihil et laudantium iste harum facilis. Vero ut atque omnis autem debitis. Dolorem tenetur ratione nam. Saepe illum error sunt repellendus hic sapiente aut. Eum quidem similique nesciunt expedita voluptate optio debitis voluptas. Ea aut laudantium qui reprehenderit sint quia debitis qui. Illo atque dolorum quis porro dolorem. Sed accusamus vel hic assumenda ipsum. Voluptatem quia nisi eos dolore pariatur asperiores quidem. Cumque et vitae enim quasi qui vel et doloremque.', 'a:7:{i:0;s:31:\"Facere sit reiciendis et nulla.\";i:1;s:63:\"Iste unde consequatur sit corporis veritatis quibusdam numquam.\";i:2;s:53:\"Eum quia laudantium quisquam optio qui non voluptate.\";i:3;s:60:\"Reiciendis adipisci ipsam libero est magni impedit voluptas.\";i:4;s:19:\"Earum iusto et non.\";i:5;s:41:\"Eaque harum culpa officiis voluptas quia.\";i:6;s:50:\"Nihil blanditiis quia eius doloremque repudiandae.\";}', 29, 0, 3, '109.624000', '287.624000', NULL, NULL, NULL, '1970.00', 1, '2022-03-13 15:33:00', 1, 'facere-temporibus-tempore-vero-enim-quae-vero-et', 'a:3:{i:0;i:12;i:1;i:34;i:2;i:43;}', 'Pariatur rerum sint at perferendis.', 'Duck: \'it\'s generally a frog or a watch to take the roof was thatched with fur. It was high time to see the Queen. \'Their heads are gone, if it please your Majesty,\' said Two, in a hoarse, feeble.', 0, 1, NULL, '2022-03-05 15:33:30', '2022-03-05 15:33:30'),
(31, 3, 'Quo modi ex quas repellendus sapiente omnis.', NULL, 1, 'Harvey, Effertz and Luettgen', 5, 'modi', 'Used', 'Alice: \'besides, that\'s not a VERY good opportunity for repeating his remark, with variations. \'I shall sit here,\' the Footman went on in a minute, trying to find any. And yet I don\'t put my arm.', 'Incidunt dolorum dolores facilis et qui sed labore. Fuga quas fuga voluptas sint tempora asperiores quas veniam. Porro est eaque velit quasi cupiditate. Officia ratione magnam dolorem temporibus hic neque exercitationem. Enim accusantium saepe fugiat fugit accusantium. Repudiandae aut voluptatem voluptate. Animi nesciunt nulla qui consequatur pariatur. Cum nesciunt deserunt ipsam ut rem. Odit officia cumque sequi dolorem est. Ut eos aut nemo ipsum aut. Quasi ut voluptatibus in et cupiditate eius. Alias cum blanditiis debitis quasi labore aut. Exercitationem mollitia eos omnis magnam. Reiciendis dolorum eius esse rem voluptas assumenda. Molestias non nihil incidunt ex tempore. Dolorum fuga et dolorem mollitia distinctio consectetur. Magnam architecto aliquam exercitationem consequatur. Aut magni a neque quis modi non. Tempore hic incidunt voluptas rem nemo quo. Dolorem est itaque molestiae nulla debitis quisquam quis. Et deserunt exercitationem doloribus dignissimos id. Dolorem laboriosam quis error quas. Et praesentium ut nesciunt qui. Voluptatem optio doloremque molestiae cumque odit qui animi. Tempore quis accusantium temporibus nihil harum. Beatae ad omnis ipsam praesentium. Delectus odio vitae eveniet dolorem culpa. Neque odit aut quia at expedita modi. Eum omnis quasi nisi corrupti. Error ad vel consectetur nesciunt qui. Magni aut quia consequatur voluptatum qui. Quas laborum assumenda velit vel. Ut doloribus est ad rerum provident saepe eligendi.', 'a:7:{i:0;s:34:\"Illo iure officia laudantium quam.\";i:1;s:31:\"Quis quisquam impedit quam hic.\";i:2;s:59:\"Quam impedit doloremque asperiores impedit doloremque enim.\";i:3;s:59:\"Sint alias voluptatem eius accusantium dolorem rerum omnis.\";i:4;s:49:\"Voluptatibus dolores eum consectetur repudiandae.\";i:5;s:26:\"Ea sint saepe rem commodi.\";i:6;s:54:\"Sequi voluptatem soluta consequatur iusto dolorem hic.\";}', 77, 0, 3, '74.020000', '82.020000', NULL, NULL, NULL, '1024.00', 1, '2022-03-13 15:33:00', 1, 'odit-nihil-saepe-laborum-repudiandae-minima-nam', 'a:3:{i:0;i:13;i:1;i:14;i:2;i:18;}', 'Molestiae quaerat sequi qui quibusdam atque doloribus.', 'It\'s the most curious thing I ever was at the end of the court, \'Bring me the list of singers. \'You may go,\' said the King. The next thing is, to get out at all fairly,\' Alice began, in rather a.', 0, 1, NULL, '2022-03-13 15:33:30', '2022-03-09 15:33:30'),
(32, 4, 'Aut totam optio perspiciatis quisquam doloremque quia sit.', NULL, 32, 'Dach PLC', 3, 'non', 'Refurbished', 'Wonderland of long ago: and how she would gather about her and to her that she was about a whiting to a mouse: she had grown in the middle, wondering how she would feel very uneasy: to be sure; but.', 'Quo eligendi quae ex earum aperiam consequuntur facere recusandae. Omnis perferendis illo inventore a ut rem dolorem. Quia soluta repellat est minus velit non dolorem libero. Placeat fugiat voluptas voluptatem est laudantium. Explicabo quaerat soluta enim repudiandae dolorem. Qui necessitatibus exercitationem ut exercitationem aut iusto ullam. Laboriosam in molestiae ut id voluptatem rerum natus. Ut aspernatur et facilis harum. Nobis ut quia fugit labore iste atque suscipit. Culpa quae accusamus officia maiores veniam. Adipisci ad rerum aut praesentium sit. Corrupti placeat saepe tempore ut voluptate sit nemo eligendi. Et et ipsum sed ea dolores officia. Dignissimos distinctio cum consequuntur ullam ipsum nihil architecto. Nobis nobis perspiciatis et odit quia. Dolores eos id iste velit rerum. Maxime sit molestiae deserunt esse. Voluptatibus facere neque tempore totam asperiores sequi voluptas. Autem ea natus illo. Explicabo quia dolores molestias ut. Sit est delectus molestiae sunt et. Natus sed voluptatibus ut. Neque asperiores laudantium enim ratione. Perspiciatis placeat et accusamus tempora. Quia nesciunt velit maiores architecto. Et laboriosam consequuntur ut est. Voluptatum qui voluptas quos dolorem et et occaecati. Qui non officia voluptatum et. Et et id aut corrupti et quia. Aliquam aut placeat rerum qui dolorum deleniti facere.', 'a:7:{i:0;s:36:\"Dolores ut consequuntur et officiis.\";i:1;s:43:\"Ad nihil et sapiente aut quidem illum illo.\";i:2;s:43:\"Eum nihil officia reprehenderit architecto.\";i:3;s:43:\"Voluptatum vel dignissimos quod autem quas.\";i:4;s:46:\"Et ipsum voluptatibus nemo ipsa in blanditiis.\";i:5;s:35:\"Enim aut reiciendis fuga minima et.\";i:6;s:27:\"Enim soluta cupiditate est.\";}', 32, 0, 3, '312.501500', '464.501500', '238.501500', '2022-03-14 15:33:00', '2022-03-28 14:33:00', '680.00', 0, '2022-03-13 15:33:00', 1, 'facilis-voluptatibus-in-aut-et-cumque-ea', 'a:3:{i:0;i:7;i:1;i:40;i:2;i:48;}', 'Perspiciatis temporibus sapiente dolor harum qui inventore placeat.', 'ALICE\'S RIGHT FOOT, ESQ. HEARTHRUG, NEAR THE FENDER, (WITH ALICE\'S LOVE). Oh dear, what nonsense I\'m talking!\' Just then her head through the little door: but, alas! either the locks were too large.', 1, 1, NULL, '2022-03-02 15:33:30', '2022-03-04 15:33:30'),
(33, 3, 'Harum sapiente atque et repudiandae impedit eaque.', NULL, 35, 'Rutherford-Roob', 1, 'molestias', 'Refurbished', 'Mock Turtle, \'Drive on, old fellow! Don\'t be all day about it!\' and he called the Queen, and Alice heard the Queen was to twist it up into a conversation. \'You don\'t know one,\' said Alice. \'Come.', 'Quos at eveniet itaque quo et ipsam omnis ipsum. Odit aut porro voluptate sapiente tempora officia qui. Ipsum et provident amet corrupti et. Exercitationem iure adipisci dolore distinctio eveniet sunt laboriosam. Occaecati eveniet quia eum corrupti corporis omnis. Adipisci tempore quibusdam est quia. Quos ullam veritatis labore eaque fugit blanditiis. Dolorum impedit officia sapiente natus. Placeat tenetur sunt impedit et. Qui occaecati asperiores omnis blanditiis nam veritatis laboriosam. Impedit modi eveniet sunt veritatis aut odio dolores. Qui quas magni natus illum. Eos magni perspiciatis nisi enim voluptatibus sit ea voluptatem. Minus eaque nobis odio rerum. Molestias qui dolorem rem vitae sequi. Saepe sint est et. Dolore quis voluptas modi voluptatem quis. Est ipsum est exercitationem delectus aut ad aut. Consequatur laudantium illum cum nihil velit qui. Repellat autem deserunt quae molestiae ipsa ea. Possimus quis veniam est ut aut eveniet adipisci. Pariatur veritatis numquam id quaerat odit ipsum. Sunt explicabo qui rerum ratione et voluptatum. Dolore aut quo dolor. Doloribus quia sed eius ex aut. Et ipsa iste officiis aliquam tenetur. Libero ut deserunt a distinctio. Dolorum non facere tempore quasi consequatur labore. Molestias itaque vitae quod qui aut ab. Vero eum delectus est eius consequatur voluptates enim. Voluptatem sed est quis et aliquid non in. Dolorem nulla voluptas doloremque aut temporibus voluptate dolore quia.', 'a:7:{i:0;s:46:\"Aut similique officia autem vel excepturi quo.\";i:1;s:41:\"Incidunt reprehenderit enim nihil cumque.\";i:2;s:49:\"Sit commodi vitae autem perferendis velit sit ut.\";i:3;s:55:\"Numquam quos et accusamus occaecati iste vel accusamus.\";i:4;s:26:\"Explicabo qui natus ipsam.\";i:5;s:42:\"Mollitia fugit est odit qui occaecati aut.\";i:6;s:50:\"Voluptatem accusantium nam est cupiditate quod in.\";}', 12, 0, 3, '66.367810', '169.367810', NULL, NULL, NULL, '582.00', 1, '2022-03-11 15:33:00', 1, 'sit-harum-rerum-cum-atque-aut-dolor', 'a:3:{i:0;i:32;i:1;i:40;i:2;i:45;}', 'Non voluptatem et quibusdam et quo.', 'Queen left off, quite out of sight, he said to herself that perhaps it was all very well without--Maybe it\'s always pepper that makes people hot-tempered,\' she went back to my right size again; and.', 1, 1, NULL, '2022-03-12 15:33:30', '2022-03-05 15:33:30'),
(34, 4, 'Beatae sed ut voluptatem voluptas eius.', NULL, 5, 'Wehner-Hand', 1, 'et', 'Used', 'Dodo managed it.) First it marked out a new idea to Alice, and tried to fancy to herself how she was quite pleased to have the experiment tried. \'Very true,\' said the Mouse. \'Of course,\' the Mock.', 'Quibusdam nulla impedit harum ipsam aut. Dignissimos veniam ratione et nihil quidem suscipit error. Tempora dolor temporibus minima dicta earum voluptas. Nihil consequatur qui perspiciatis sequi aut distinctio. Dignissimos aut distinctio doloremque eum. Quia error harum voluptatem dolorem sit magni minus. Suscipit est qui consequatur doloribus optio voluptas ipsam. Id quo debitis tenetur numquam. Commodi modi tempora consequatur et quam officia sed. Est doloremque ea earum sunt harum et velit. Qui et ut qui at aut. Vitae illum amet facere natus dignissimos. Similique sit numquam velit beatae dolores. Consequatur dolor recusandae aspernatur consectetur. Adipisci nobis accusamus temporibus repellendus vel nam. Deserunt ut inventore sit totam accusantium. In sit dolorem suscipit et. Consequatur et saepe alias nihil. Debitis asperiores aliquid quibusdam maxime. Dolores accusantium qui aut voluptates necessitatibus sit. Eum molestias ducimus aliquam. Aut in quos illo hic perferendis eaque. Ratione sit consectetur nobis enim incidunt odit commodi mollitia. Et dolor voluptas et voluptas perferendis ad in. Nemo quibusdam hic magnam consequatur at nulla et. Architecto doloribus placeat possimus totam tempora quis in. Eaque expedita distinctio sit. Rem assumenda ducimus ut unde quaerat eius. Quia nam adipisci voluptatem voluptas. Omnis error eaque delectus consequatur rerum quos. Quasi aliquam libero quos praesentium in earum labore.', 'a:7:{i:0;s:35:\"Error sunt nisi autem qui voluptas.\";i:1;s:27:\"Non et atque atque ea quam.\";i:2;s:28:\"In autem et ea odit ut quia.\";i:3;s:62:\"Dolor et quo quia dolores omnis est voluptatem necessitatibus.\";i:4;s:55:\"Eaque neque ut hic consequatur explicabo ea numquam ea.\";i:5;s:62:\"Nemo incidunt nostrum asperiores aperiam doloremque est culpa.\";i:6;s:23:\"Ratione rerum quasi et.\";}', 84, 0, 3, '300.328855', '445.328855', NULL, NULL, NULL, '1139.00', 0, '2022-03-12 15:33:00', 1, 'delectus-libero-sed-eligendi-numquam-id-non-quod', 'a:3:{i:0;i:1;i:1;i:43;i:2;i:48;}', 'Nam debitis nemo minima id quidem veritatis.', 'There were doors all round her, calling out in a day did you ever see such a capital one for catching mice you can\'t think! And oh, my poor little feet, I wonder what they said. The executioner\'s.', 1, 1, NULL, '2022-02-28 15:33:30', '2022-03-08 15:33:30'),
(35, 4, 'Non id non optio soluta ipsa.', NULL, 49, 'acme', 1, 'error', 'Refurbished', 'Mock Turtle interrupted, \'if you don\'t know what you like,\' said the King sharply. \'Do you know about it, you may SIT down,\' the King was the Duchess\'s knee, while plates and dishes crashed around.', 'Commodi voluptas et est maiores. Eaque molestiae esse unde unde autem quis. Reprehenderit vero optio odit porro ut. Necessitatibus adipisci sunt minus ipsum fuga eum iste. Et quibusdam aut qui. Explicabo eligendi quia est tempora qui enim consequatur tempora. Et voluptatem repellendus nam praesentium et. Voluptas molestiae laborum et ullam. Earum rerum aliquam eum recusandae nam repellendus. Repellendus est architecto omnis qui laborum molestiae. Et voluptatem sequi molestiae. Voluptatibus fugiat quisquam excepturi nostrum voluptas magni iusto. Molestias commodi architecto et inventore odit suscipit dicta eius. Sed maxime earum minus. Optio consectetur tempora quaerat iure et ducimus eum. Quibusdam voluptas velit aut eaque. Sed corporis iusto molestiae nostrum est officia quae quibusdam. Reiciendis voluptatibus numquam eos voluptatem. Dignissimos molestias aut totam cum vero unde id. Dolorem in fuga voluptatum qui nisi nostrum et. Asperiores corrupti omnis ut. Sed est quia ea earum accusantium et accusantium molestiae. Hic culpa maiores praesentium et quo porro. Asperiores praesentium et omnis consequatur eos ut. Aspernatur in quis omnis et. Natus ut ipsum animi voluptate molestiae odio. Cumque distinctio possimus rerum aliquam itaque quia. Et et atque repudiandae sit quo aliquid repellendus. Delectus fuga quia illum eum dolores aliquam. Laboriosam ipsa omnis quis aut sint molestiae. Excepturi dolor quibusdam autem ut aut dolorum quia corrupti.', 'a:7:{i:0;s:31:\"Velit iure dicta vel similique.\";i:1;s:53:\"Reprehenderit illo voluptas ab sed laboriosam non et.\";i:2;s:50:\"Cum quas eius voluptatem dolore magnam cupiditate.\";i:3;s:34:\"Et accusantium dolor earum ut rem.\";i:4;s:66:\"Sed officia dolorem cumque totam consequatur eligendi dignissimos.\";i:5;s:34:\"Sit temporibus nulla eveniet iure.\";i:6;s:43:\"Eaque eos quos doloribus praesentium autem.\";}', 32, 0, 3, '78.210000', '261.210000', '211.210000', '2022-03-14 15:33:00', '2022-03-31 14:33:00', '349.00', 1, '2022-03-12 15:33:00', 1, 'repudiandae-accusantium-nostrum-fugit-possimus', 'a:3:{i:0;i:8;i:1;i:15;i:2;i:32;}', 'Nemo ut eos provident aspernatur quis ullam.', 'Knave was standing before them, in chains, with a great crowd assembled about them--all sorts of things--I can\'t remember half of them--and it belongs to the law, And argued each case with my wife.', 0, 1, NULL, '2022-03-12 15:33:30', '2022-03-11 15:33:30'),
(36, 3, 'In laudantium quos vero vitae deleniti.', NULL, 47, 'Pouros, Nikolaus and Hoppe', 2, 'quasi', 'New', 'Puss,\' she began, rather timidly, as she said to the other side of the song. \'What trial is it?\' The Gryphon sat up and say \"How doth the little--\"\' and she very seldom followed it), and handed them.', 'Quam dolorem facere et aperiam et nisi. Provident qui consequatur et recusandae. Perferendis sit quasi libero veritatis est. Ut excepturi animi consectetur hic. Voluptatibus architecto dolor quas nemo voluptatem sint possimus non. Quo harum rerum aperiam pariatur eligendi. Non itaque omnis ipsa similique ut. Quas molestias voluptate fugit alias omnis repudiandae aspernatur delectus. Similique expedita nemo accusamus et corporis deserunt culpa. Laboriosam rerum eligendi error facilis quibusdam omnis dolor. Ut voluptatibus reiciendis voluptas iste praesentium voluptatum blanditiis. Illo veniam fugit magni velit qui. Nulla eum voluptatibus necessitatibus. Ducimus quis sit excepturi quis. Alias repellat qui sint delectus. Alias at sit eius voluptates nobis nostrum sapiente voluptate. Aliquid voluptas consequatur et consectetur sit necessitatibus. Id corrupti explicabo iusto voluptatem. Voluptate vel impedit ut et. Autem vitae maxime et itaque. Et esse vel rerum enim et voluptas qui non. Vero delectus praesentium officiis omnis omnis deserunt. Incidunt molestias blanditiis neque cupiditate sit quia. Ut harum maxime ut nobis. Quo et asperiores voluptates maiores. Nesciunt ducimus non rerum esse quidem rem. Aut accusamus doloribus minus voluptatem voluptas quas adipisci. Id praesentium fugiat possimus temporibus ut omnis. Ullam dicta quo nulla voluptatem. Nesciunt laboriosam tempora possimus. Aperiam officiis ea consequuntur quis sit qui.', 'a:7:{i:0;s:42:\"Expedita eligendi aut voluptas asperiores.\";i:1;s:29:\"Sint voluptatem quas ut quos.\";i:2;s:62:\"Ipsam pariatur quod non laborum repellendus vitae repudiandae.\";i:3;s:33:\"Qui voluptatum et a nam quisquam.\";i:4;s:41:\"Debitis dolores quam labore voluptatibus.\";i:5;s:39:\"Unde doloribus et nemo ratione dolorem.\";i:6;s:53:\"Voluptatem est ipsa perspiciatis rerum placeat autem.\";}', 24, 0, 3, '349.230000', '424.230000', NULL, NULL, NULL, '815.00', 1, '2022-03-11 15:33:00', 1, 'ut-earum-molestiae-minus', 'a:3:{i:0;i:17;i:1;i:24;i:2;i:34;}', 'Eaque possimus aut sequi sed debitis.', 'March Hare meekly replied. \'Yes, but I THINK I can listen all day about it!\' and he went on, \'and most of \'em do.\' \'I don\'t much care where--\' said Alice. The poor little thing grunted in reply (it.', 0, 1, NULL, '2022-03-08 15:33:30', '2022-03-01 15:33:30');
INSERT INTO `inventories` (`id`, `shop_id`, `title`, `warehouse_id`, `product_id`, `brand`, `supplier_id`, `sku`, `condition`, `condition_note`, `description`, `key_features`, `stock_quantity`, `damaged_quantity`, `user_id`, `purchase_price`, `sale_price`, `offer_price`, `offer_start`, `offer_end`, `shipping_weight`, `free_shipping`, `available_from`, `min_order_quantity`, `slug`, `linked_items`, `meta_title`, `meta_description`, `stuff_pick`, `active`, `deleted_at`, `created_at`, `updated_at`) VALUES
(37, 1, 'Quis qui eum aut consequuntur sunt non.', NULL, 36, 'Kohler, Lind and Schiller', 2, 'autem', 'New', 'LITTLE BUSY BEE,\" but it did not venture to ask them what the moral of THAT is--\"Take care of themselves.\"\' \'How fond she is only a mouse that had fluttered down from the change: and Alice was.', 'Dolorem aut voluptatem totam non in sit est ipsum. Aut et ipsa ea recusandae placeat iusto eligendi et. Facilis sint quasi consectetur asperiores. Incidunt velit consequatur soluta animi. Autem dolores aperiam dolores iste ipsam molestias. Ut deserunt sint et laudantium soluta quia. Dolorem et dolores unde ducimus itaque laboriosam. Velit soluta quo non impedit et vel et. Et incidunt eaque tenetur adipisci vero error omnis. Voluptatum voluptatem quisquam soluta aperiam. Et eligendi voluptatem voluptates reiciendis est eveniet reprehenderit. Corporis voluptatibus sit modi natus sit qui velit. Et dolor in sunt vel. Voluptatum provident occaecati nobis commodi dicta. Aut mollitia iste deleniti illo nulla. Facere maxime dignissimos fugit consequatur repellendus error facere. Voluptatem amet mollitia inventore non natus qui nostrum. Beatae tempore ducimus ipsum et quos quaerat. Nam voluptatem facere numquam veniam et earum. Quia accusantium sapiente omnis maxime reiciendis similique delectus. Quidem et sed est voluptatibus omnis. Reiciendis aliquid neque quaerat quia ad. Rem cupiditate eum aut voluptate. Temporibus corrupti amet ut odit nihil. Quam cum accusantium voluptates nisi quia neque. Non architecto ut natus animi. Aliquid soluta aut sint saepe ut deserunt modi.', 'a:7:{i:0;s:72:\"Temporibus perferendis doloribus et accusantium dolorum et aut pariatur.\";i:1;s:24:\"Sapiente animi ea vitae.\";i:2;s:46:\"Assumenda harum nemo et et perferendis sed ut.\";i:3;s:57:\"Est eaque temporibus est sint hic laboriosam consequatur.\";i:4;s:35:\"Atque quis distinctio sequi aut ut.\";i:5;s:52:\"Consequatur et est quos expedita esse omnis aperiam.\";i:6;s:49:\"Esse iste dolorem qui quod porro iste voluptatem.\";}', 72, 0, 3, '94.000000', '208.000000', NULL, NULL, NULL, '162.00', 1, '2022-03-11 15:33:00', 1, 'illum-quibusdam-ut-quia-cumque-eveniet-et', 'a:3:{i:0;i:1;i:1;i:12;i:2;i:27;}', 'Et numquam ut omnis totam.', 'However, everything is to-day! And yesterday things went on growing, and, as she spoke. (The unfortunate little Bill had left off when they saw her, they hurried back to the jury. \'Not yet, not.', 1, 1, NULL, '2022-03-11 15:33:30', '2022-03-09 15:33:30'),
(38, 1, 'Magnam minus nostrum veniam quis et et ut.', NULL, 1, 'Larson PLC', 5, 'quo', 'Refurbished', 'King said to the baby, the shriek of the country is, you know. But do cats eat bats? Do cats eat bats, I wonder?\' As she said to Alice, they all crowded round it, panting, and asking, \'But who is to.', 'Ullam hic ipsum nesciunt laudantium atque repellendus aliquam. Earum eaque tenetur dolore inventore suscipit. Error illo et aliquam quibusdam possimus. Qui eligendi aliquid et dignissimos doloribus repellat. Quis provident a sequi ducimus sapiente ut. Aperiam ut cumque est quis. Tempore blanditiis culpa omnis repellendus itaque ipsam nobis. Rerum dolorum dolorem dolorum alias laudantium dolorem. Velit dolore quidem natus dolorem quo veritatis. Minima at facilis ea ut voluptas dolor. Aperiam sed consequuntur vel nihil quo soluta inventore. Libero quaerat incidunt ipsum blanditiis dolor. Illo eum maiores officiis. Id deserunt error autem sed commodi quidem. Porro beatae harum maiores assumenda aut ipsam. Autem soluta aut est libero maxime error unde corporis. Fuga earum nostrum quia sed maxime voluptatem iusto. Ipsa similique consequuntur laboriosam consequatur ut qui odit. Blanditiis at sit unde repellendus deleniti autem enim sit. Maiores reprehenderit inventore inventore vero modi iure enim. Nulla nobis atque suscipit eos quisquam. Nisi voluptatibus at magnam suscipit quia minus iure consequatur. Rerum qui nobis necessitatibus eum aperiam nulla iste. Illo vel quis quod minus. Qui quaerat optio et. Laudantium sed assumenda maxime dignissimos eveniet qui commodi. Deleniti nesciunt ea doloribus molestiae. Sapiente natus est ipsum et. Velit voluptas impedit et voluptates ullam laborum.', 'a:7:{i:0;s:58:\"Ea natus praesentium aliquam voluptate enim et temporibus.\";i:1;s:44:\"Harum accusamus dolor non voluptatibus quos.\";i:2;s:34:\"Omnis culpa quasi itaque sapiente.\";i:3;s:40:\"Unde et totam doloremque omnis incidunt.\";i:4;s:56:\"Explicabo id voluptatum ab ut incidunt blanditiis iusto.\";i:5;s:52:\"Optio laudantium nihil voluptas id omnis sunt optio.\";i:6;s:71:\"Exercitationem quia autem omnis nostrum blanditiis eos accusantium est.\";}', 48, 0, 3, '287.120819', '404.120819', NULL, NULL, NULL, '617.00', 1, '2022-03-13 15:33:00', 1, 'inventore-voluptas-et-inventore-rerum-fugiat-cumque', 'a:3:{i:0;i:6;i:1;i:33;i:2;i:35;}', 'Tempore amet et sunt odit similique.', 'There was nothing so VERY remarkable in that; nor did Alice think it was,\' said the Pigeon; \'but if they do, why then they\'re a kind of thing that would happen: \'\"Miss Alice! Come here directly, and.', 1, 1, NULL, '2022-03-03 15:33:30', '2022-03-11 15:33:30'),
(39, 1, 'Quia omnis neque quasi unde quis ea occaecati hic.', NULL, 15, 'Rohan PLC', 5, 'dolore', 'Used', 'King said, turning to the Dormouse, not choosing to notice this question, but hurriedly went on, taking first one side and up the fan she was as much use in the same height as herself; and when she.', 'Accusantium repellat quis numquam quae architecto officiis ullam. Assumenda molestiae exercitationem in quidem doloremque. Aperiam reiciendis unde et ipsum. Nihil natus inventore aut tempora delectus. Repellendus ut eum facilis et aut. Aut architecto quia et nulla tempora molestiae voluptatem dignissimos. Odit quasi reprehenderit consectetur exercitationem. Magni inventore facilis unde quia. Minus voluptatem nemo repellat laudantium. Dolore veniam rerum libero minima veritatis est. Provident laudantium in sit earum. Labore provident ut placeat minima. Pariatur velit omnis ea. Dolore quae assumenda dolor vel architecto ipsam at. Dolorum qui necessitatibus minima. Autem at sint vitae. Aut consequuntur et praesentium beatae ut aliquam aut voluptatem. Fuga esse eos quia ratione. Magnam et quo unde exercitationem saepe a. Similique id nisi id est ipsam facere. Et earum fuga dolores blanditiis tenetur sed adipisci. Nobis similique hic sapiente sit non similique eum quia. Mollitia mollitia ab qui corrupti repellendus iste eligendi. Adipisci natus quo eos. Recusandae ducimus numquam laudantium et quam. Ut veniam omnis fugiat enim sit. Nemo labore explicabo corrupti dolores error. Ad et quia sequi assumenda architecto neque est. Eius similique quis doloribus. Aut et ratione vel esse atque. Qui voluptates eaque aperiam expedita eligendi minima.', 'a:7:{i:0;s:36:\"Maiores impedit corrupti sed id est.\";i:1;s:37:\"Nemo quia iste voluptatibus illo non.\";i:2;s:54:\"Quia voluptatem vel perspiciatis rerum ipsam voluptas.\";i:3;s:34:\"Est at aut eos eaque impedit enim.\";i:4;s:57:\"Non ducimus nisi mollitia excepturi soluta ducimus nulla.\";i:5;s:32:\"A molestiae quaerat error iusto.\";i:6;s:47:\"Voluptas illum sit sint natus aut ut assumenda.\";}', 23, 0, 3, '362.431601', '376.431601', '147.431601', '2022-03-14 15:33:00', '2022-03-25 15:33:00', '1701.00', 1, '2022-03-13 15:33:00', 1, 'tempore-atque-ut-rem-facilis-dolor-id-molestiae', 'a:3:{i:0;i:3;i:1;i:8;i:2;i:18;}', 'Possimus et nisi est magnam cum.', 'King; \'and don\'t be nervous, or I\'ll have you got in as well,\' the Hatter was the first day,\' said the Hatter. He came in sight of the words \'DRINK ME,\' but nevertheless she uncorked it and put back.', 0, 1, NULL, '2022-03-03 15:33:30', '2022-03-06 15:33:30'),
(40, 5, 'Est possimus voluptatem reprehenderit vel.', NULL, 6, 'Dach PLC', 2, 'velit', 'Refurbished', 'Hatter: and in another moment it was neither more nor less than no time to avoid shrinking away altogether. \'That WAS a narrow escape!\' said Alice, and looking at them with large round eyes, and.', 'Atque enim aliquam et deleniti. Non nemo magni sit numquam dolorem. Enim rerum modi libero dolorem sequi et nobis. Asperiores dolores fugit et dolorum. Beatae dolorem in nihil magnam. Sequi et odio rem ea fugiat. Quibusdam rerum officia magnam et accusantium explicabo possimus. Rerum quibusdam sequi ut iure est in deserunt. Non tempora quisquam enim similique aspernatur quae sit. Cumque deleniti voluptatem excepturi deleniti. Sed sed delectus iure alias. Harum porro praesentium vitae dolores nisi. Rerum ut qui aut at. Sit id et nihil assumenda eveniet. Ullam quibusdam qui non reiciendis. Ab est fuga quia aut veritatis nemo. Sed aperiam quaerat est earum laboriosam quas quas. Et distinctio expedita mollitia. Ipsa laboriosam quasi pariatur laudantium porro. Qui porro unde tempora voluptatum sunt perferendis expedita. Saepe distinctio nam repellat delectus. Quisquam consequatur et soluta ducimus dolorem blanditiis. Quia et et et cum aut qui non quos. Non deserunt non enim id. Et ut deleniti dolores non. Saepe aut autem impedit sed quo. Vitae maiores veritatis placeat fugit incidunt. Magni officiis ad voluptas et aut autem in nostrum. Laboriosam et aut ratione dolorem et. Provident iusto eum officiis. Error debitis amet magni ipsam eum voluptatem cumque. Modi cumque maiores dolores aliquid ut sit reprehenderit doloremque. Rerum impedit accusamus soluta aliquid impedit hic. Iusto dolores cumque aut. Dolorem est accusantium autem reiciendis ut excepturi.', 'a:7:{i:0;s:46:\"Qui officiis sequi maxime harum cum omnis sed.\";i:1;s:18:\"Porro et eum quod.\";i:2;s:50:\"Rerum perferendis voluptatem impedit iste commodi.\";i:3;s:30:\"Eveniet quo ea quas veniam at.\";i:4;s:53:\"Qui quibusdam laborum suscipit accusantium quam ipsa.\";i:5;s:46:\"Accusamus qui sed iusto eos molestiae maiores.\";i:6;s:41:\"Nam beatae dicta atque rerum dignissimos.\";}', 89, 0, 3, '377.641469', '524.641469', '433.641469', '2022-03-14 15:33:00', '2022-04-05 14:33:00', '1451.00', 0, '2022-03-13 15:33:00', 1, 'assumenda-voluptatem-nesciunt-hic-odit-pariatur-magni-minus', 'a:2:{i:0;i:20;i:1;i:34;}', 'Expedita molestiae et iure deserunt.', 'For instance, suppose it were white, but there were TWO little shrieks, and more faintly came, carried on the end of trials, \"There was some attempts at applause, which was immediately suppressed by.', 1, 1, NULL, '2022-03-14 15:33:30', '2022-03-04 15:33:30'),
(41, 5, 'Cumque laboriosam perferendis sapiente sed eum consequatur adipisci.', NULL, 8, 'Dach PLC', 1, 'voluptatem', 'Used', 'I breathe\"!\' \'It IS a Caucus-race?\' said Alice; \'it\'s laid for a minute or two she walked up towards it rather timidly, as she could, for the Duchess was VERY ugly; and secondly, because she was.', 'Ab et id similique corrupti explicabo alias et quidem. Odio occaecati minus dolor ipsam odit qui. Ut recusandae et minus voluptas aliquid blanditiis. Dolorum vitae sed occaecati doloremque labore. Qui quia aut vel corrupti exercitationem. Eligendi autem optio excepturi. Corporis nihil eaque quam voluptatum. Delectus iure ullam non dolor sapiente placeat aspernatur est. Iusto dolores consequuntur sint neque quisquam eos ut. Dignissimos voluptates ea et est rem at laboriosam. Aut commodi quia recusandae est esse velit quis. Laborum nam eius pariatur non et qui consectetur. Autem velit blanditiis necessitatibus. Consequatur asperiores animi provident esse eligendi at culpa. Iure esse doloremque enim quia qui. Laborum laboriosam amet sit nam voluptates facilis cupiditate. Iste voluptatem suscipit quia tenetur ipsam eum. Porro perferendis voluptas optio. Tempore non vero consectetur doloribus nihil omnis. Similique qui aliquam quis incidunt. Corrupti id et doloremque eligendi non molestiae voluptatum. Vel aut nam cupiditate facilis voluptas voluptatem quasi at. Blanditiis vel voluptatem et consequatur unde aperiam. Neque qui aut est voluptatem ut et. Velit incidunt similique veniam minus et at sit. Odio molestias reprehenderit veritatis eius. Maxime dolore excepturi sit omnis rerum voluptate corporis maiores. Nisi odio blanditiis at quibusdam repellat quasi. Dolorem doloremque ea molestias est hic.', 'a:7:{i:0;s:29:\"Expedita eaque et reiciendis.\";i:1;s:52:\"Molestias numquam qui sint odio dignissimos debitis.\";i:2;s:39:\"Et ut est dolorum facilis natus facere.\";i:3;s:51:\"Ratione labore autem velit voluptatem dolores nemo.\";i:4;s:47:\"Cumque blanditiis earum qui porro aliquid quis.\";i:5;s:67:\"Saepe rerum dignissimos nesciunt porro et quasi necessitatibus aut.\";i:6;s:26:\"Harum porro ipsum eveniet.\";}', 45, 0, 3, '368.589281', '513.589281', '219.589281', '2022-03-14 15:33:00', '2022-03-23 15:33:00', '826.00', 1, '2022-03-13 15:33:00', 1, 'nisi-libero-optio-necessitatibus-nihil', 'a:3:{i:0;i:5;i:1;i:27;i:2;i:48;}', 'Velit itaque aspernatur qui facere nihil voluptatem voluptatibus.', 'Knave was standing before them, in chains, with a yelp of delight, which changed into alarm in another moment, splash! she was talking. Alice could see her after the birds! Why, she\'ll eat a bat?\'.', 0, 1, NULL, '2022-03-09 15:33:30', '2022-03-01 15:33:30'),
(42, 5, 'Eum qui harum molestias molestiae cum vel.', NULL, 9, 'Kohler, Lind and Schiller', 3, 'omnis', 'Refurbished', 'So they got settled down again into its eyes by this very sudden change, but she did it at last, they must be kind to them,\' thought Alice, and, after glaring at her side. She was a good deal on.', 'Cupiditate nihil quos omnis omnis. Adipisci suscipit iure aspernatur est minus. Quibusdam assumenda quo sunt. Delectus qui tempora ex autem commodi blanditiis voluptates repellendus. Et possimus quas amet voluptas. Sit fuga aperiam provident cupiditate reprehenderit. Dolores alias id ex ratione qui esse. Fuga possimus debitis doloremque officia rem animi. Vitae at non sint tempora dolores. Est aut dolores ipsam voluptatibus suscipit eum. Atque ut et deleniti error. Eveniet maiores quaerat consequuntur officiis aut dolore. Et et similique autem eaque cupiditate vel. Quaerat voluptatem quis quo deleniti. Sequi explicabo qui dolorum expedita qui. Eaque accusamus sit sunt officia. Ut aut ab cupiditate minima ea corporis molestiae. Ut assumenda quis fugit impedit ea voluptates. Eos qui beatae eum est ipsam eligendi. Voluptatem aut velit cupiditate ut. Sit eligendi culpa blanditiis magnam. Qui nobis esse expedita ipsa dicta corporis velit. Ut ut corrupti qui quia velit dolore. Est animi id repellat earum non et soluta. Aut vel et placeat alias dolores. Reprehenderit veniam voluptatum ex. Asperiores praesentium expedita voluptatibus aut. Et et explicabo aut voluptas quibusdam. Possimus itaque eos blanditiis provident ut rerum eius illo. Eum modi et consequatur nobis aut natus accusamus. Sint similique eaque accusantium quisquam provident odio esse.', 'a:7:{i:0;s:34:\"Quis dolore ad voluptas et quidem.\";i:1;s:43:\"Sit ut neque velit provident voluptatem ab.\";i:2;s:56:\"Accusantium est reprehenderit similique distinctio sunt.\";i:3;s:23:\"Fugit odit vel maiores.\";i:4;s:58:\"Distinctio corrupti suscipit aut doloribus amet quis nemo.\";i:5;s:40:\"Ab rerum incidunt hic at culpa velit ea.\";i:6;s:35:\"Adipisci placeat itaque voluptatum.\";}', 87, 0, 3, '228.000000', '338.000000', NULL, NULL, NULL, '306.00', 1, '2022-03-11 15:33:00', 1, 'et-est-velit-facere-neque-aperiam-qui', 'a:2:{i:0;i:36;i:1;i:48;}', 'Fugiat enim maxime quidem non aut accusantium.', 'MINE.\' The Queen smiled and passed on. \'Who ARE you talking to?\' said the Caterpillar. \'Well, I\'ve tried hedges,\' the Pigeon went on, \'What\'s your name, child?\' \'My name is Alice, so please your.', 1, 1, NULL, '2022-03-11 15:33:30', '2022-03-02 15:33:30'),
(43, 2, 'Consequatur quas fugiat sed assumenda harum nobis.', NULL, 16, 'Dach PLC', 4, 'assumenda', 'Used', 'So she sat down in an undertone to the King, the Queen, \'Really, my dear, YOU must cross-examine the next verse.\' \'But about his toes?\' the Mock Turtle replied; \'and then the puppy jumped into the.', 'Corrupti dicta et occaecati recusandae ad. Quibusdam corporis minima corrupti omnis. Ut magni voluptates amet non aut sequi hic sed. Architecto quis quasi maiores sed et quam. Non in consequatur dolore soluta eaque. Quia nisi rerum ipsam eum reprehenderit blanditiis fuga. Modi adipisci voluptatibus sunt voluptatem natus expedita. Quia sunt iste culpa harum sed. Provident voluptas officia quisquam qui totam. Optio repellendus aut non dolor vero qui ut neque. Harum sunt natus necessitatibus. Sint est quia illum ut. Nobis illo iure aut sed quas soluta. Tempore illo blanditiis est pariatur fuga. Dolores accusamus expedita dolore deleniti culpa. Aliquam tempora nihil illum consequuntur nostrum excepturi temporibus. Ut deleniti dignissimos enim dicta totam minus ipsa. Velit maiores maxime ut ad. Optio eos voluptas dolores ut. Quis sint nisi consequatur voluptate. Quia et totam delectus accusamus nihil. Ducimus blanditiis qui minus libero quia cumque sed. Est quia ex sit. Reiciendis alias recusandae minus expedita nulla error perspiciatis nihil. Ducimus aliquam asperiores rem deleniti. Omnis doloribus facilis vel ipsa aspernatur sequi. Asperiores dicta ipsum quae modi aut in animi. Quos omnis consequatur ad cumque facere et facilis. Eius sed et omnis labore. Deserunt in autem et est et quia.', 'a:7:{i:0;s:44:\"Et omnis dolore distinctio debitis deserunt.\";i:1;s:55:\"Dolor blanditiis velit quis repellendus laborum libero.\";i:2;s:33:\"Est excepturi natus non nemo vel.\";i:3;s:42:\"Et deserunt aut reprehenderit ut nesciunt.\";i:4;s:15:\"A id sit ipsam.\";i:5;s:40:\"Rerum quasi optio suscipit at et aut at.\";i:6;s:67:\"Iure eos aspernatur asperiores voluptatem ex veritatis magni nulla.\";}', 78, 0, 3, '84.092080', '93.092080', NULL, NULL, NULL, '1956.00', 0, '2022-03-12 15:33:00', 1, 'placeat-non-qui-excepturi-voluptatum-pariatur-dignissimos', 'a:3:{i:0;i:6;i:1;i:13;i:2;i:40;}', 'Perspiciatis voluptate voluptas in architecto.', 'Alice, quite forgetting that she was getting so used to call him Tortoise--\' \'Why did you begin?\' The Hatter was the only one who got any advantage from the shock of being such a neck as that! No.', 1, 1, NULL, '2022-03-04 15:33:30', '2022-02-28 15:33:30'),
(44, 2, 'Et qui et est.', NULL, 37, 'Rohan PLC', 5, 'aspernatur', 'New', 'FIT you,\' said the Mock Turtle. \'Seals, turtles, salmon, and so on; then, when you\'ve cleared all the jelly-fish out of the other ladder?--Why, I hadn\'t drunk quite so much!\' said Alice, looking.', 'Minima nobis sint et est perspiciatis eos reiciendis. Porro nobis quasi veniam repudiandae ab. Aliquid repudiandae repellat nihil ut dolorem fugiat mollitia. Ad ut beatae et et. Doloribus sed asperiores illum cum. Tempore consequatur nihil ad dolor facilis eveniet. Voluptatem doloremque eum facere magnam ipsa eum quae. Omnis dolor velit consectetur nihil consectetur velit in. Iure a deleniti nam ullam. Nobis est aut incidunt perspiciatis vel. Laudantium eos voluptas quis inventore. Voluptatum repudiandae quia aliquam ut. Aliquam quas ab neque labore vel sed recusandae ut. Laudantium nobis est consequatur qui. Ad reprehenderit doloribus aut perferendis id voluptatem. Cupiditate quos illum saepe ipsa quo. Et vitae consequatur dolorem illo reprehenderit quae. Corrupti quaerat odit sint dignissimos mollitia ab corrupti non. Et non sint aut. Odit soluta sunt nesciunt provident laudantium aut delectus. Ipsam incidunt reiciendis consequatur provident. Aut quidem voluptatem tempora ad repellat consequuntur qui. Nihil officiis nisi consequatur ipsa. Reprehenderit sequi facere ut soluta a deleniti veniam. Sapiente quasi laudantium sit rerum qui ea est dolorum. Rerum amet id illo amet. Accusantium sunt sed eum ut cupiditate. Ea eaque sed placeat qui ipsa. Ut qui omnis corporis inventore eveniet. Fuga nemo illum repudiandae fuga minima laboriosam. Et pariatur voluptatem repellendus rerum qui. Libero enim at dolores consectetur ut.', 'a:7:{i:0;s:49:\"Quisquam autem saepe possimus suscipit hic ut et.\";i:1;s:31:\"Consequatur aut consequatur et.\";i:2;s:57:\"Accusantium nihil quas in vero laborum reiciendis quidem.\";i:3;s:47:\"Nulla consequuntur delectus accusamus non quod.\";i:4;s:39:\"Deleniti eos unde dolorem ad inventore.\";i:5;s:29:\"Omnis consectetur est beatae.\";i:6;s:43:\"Cum aut quia pariatur necessitatibus nihil.\";}', 11, 0, 3, '307.308000', '362.308000', '225.308000', '2022-03-14 15:33:00', '2022-03-21 15:33:00', '280.00', 1, '2022-03-13 15:33:00', 1, 'suscipit-qui-et-sed-ex', 'a:2:{i:0;i:15;i:1;i:45;}', 'Aperiam temporibus fugit qui consectetur laudantium pariatur.', 'She said it to be an old woman--but then--always to have changed since her swim in the last few minutes it seemed quite natural to Alice for protection. \'You shan\'t be beheaded!\' said Alice, a.', 0, 1, NULL, '2022-03-01 15:33:30', '2022-02-28 15:33:30'),
(45, 3, 'Quis nisi sed distinctio optio sint facilis cum.', NULL, 26, 'Kulas Inc', 4, 'dolor', 'Used', 'I suppose, by being drowned in my size; and as for the end of his shrill little voice, the name \'Alice!\' CHAPTER XII. Alice\'s Evidence \'Here!\' cried Alice, jumping up and throw us, with the tea,\'.', 'Quis in consequuntur assumenda sunt et. Cumque eum modi fugiat exercitationem qui enim. Iste consequatur ab ratione quasi libero. Distinctio veritatis omnis nesciunt incidunt recusandae sit. Non officiis eum praesentium exercitationem vel blanditiis. Soluta perferendis quis et inventore veritatis quis. Sit est enim distinctio. Quia enim culpa qui. Fuga voluptas et minima debitis facere. Cupiditate voluptas enim et. Omnis dolorem ipsam maiores sed velit vel. Et consequatur ducimus sit voluptates et. Adipisci harum optio sapiente mollitia. Fugiat ipsum enim et. Et fugit odit id autem omnis. Modi optio dignissimos cum voluptatem inventore. Rerum aspernatur repudiandae illum laboriosam. Nihil quia voluptatem aut qui eligendi. Similique cum repellat incidunt iure. Qui neque quo labore et. Fugiat beatae omnis dolorem amet recusandae. Molestiae optio voluptatum dolor aperiam magnam distinctio molestias. Sequi aut et officia error voluptas non. Et ipsa tenetur ex voluptate eos. Dicta atque et voluptatibus quia ea voluptatem animi deserunt. Quae cumque et dignissimos. Quam vel quia voluptatum blanditiis. Molestiae natus consequatur consequatur qui sunt. Et sed est odit voluptatem. Sint fuga voluptatem iste illo eos pariatur. Eum beatae esse occaecati optio aspernatur qui voluptate. Sit corporis aut inventore vero corporis. Eius voluptatibus aspernatur voluptatem sit eum excepturi. Dolor dolor placeat exercitationem est temporibus quia. Dolorem praesentium expedita dolores aut.', 'a:7:{i:0;s:34:\"Eum recusandae voluptatem aliquid.\";i:1;s:59:\"Est non ducimus reprehenderit soluta et aperiam asperiores.\";i:2;s:57:\"Quos eligendi nulla explicabo aut odio vitae aut aliquam.\";i:3;s:37:\"Voluptates blanditiis esse omnis qui.\";i:4;s:31:\"Eveniet amet eius labore optio.\";i:5;s:57:\"Sunt nesciunt et aliquam molestiae consectetur alias est.\";i:6;s:43:\"Voluptatem quo rerum et quia voluptate est.\";}', 69, 0, 3, '101.900000', '153.900000', NULL, NULL, NULL, '1414.00', 0, '2022-03-13 15:33:00', 1, 'animi-culpa-eligendi-inventore-provident-architecto', 'a:2:{i:0;i:35;i:1;i:40;}', 'Corrupti illo et unde suscipit possimus.', 'The Knave shook his head off outside,\' the Queen ordering off her unfortunate guests to execution--once more the pig-baby was sneezing and howling alternately without a grin,\' thought Alice; \'I.', 0, 1, NULL, '2022-03-06 15:33:30', '2022-03-04 15:33:30'),
(46, 5, 'Est veritatis consequuntur tempora fuga corrupti nemo.', NULL, 18, 'Cummerata, Armstrong and Dooley', 1, 'aut', 'New', 'Father William,\' the young man said, \'And your hair has become very white; And yet you incessantly stand on their slates, and then said \'The fourth.\' \'Two days wrong!\' sighed the Lory, as soon as.', 'Dicta nobis dolorem harum. Labore eum sequi laudantium dolore. Et quam incidunt nesciunt id quae occaecati non. Similique expedita exercitationem voluptas. Quo inventore fuga pariatur vero nihil dolores nobis. Est doloremque non distinctio est maiores in saepe. Vel asperiores non id asperiores. Odio earum et ut voluptas non omnis consequuntur. Asperiores nobis quia alias recusandae rem et. Et ut voluptates aspernatur unde corrupti consequatur excepturi maiores. Earum est fugit tenetur aut impedit. Repudiandae facilis nulla delectus quia rerum voluptas. Iste natus id maiores vel nihil sed. Sequi ea sit officiis nam corporis. Quod explicabo molestias et non. Rerum laudantium ipsum quia eligendi placeat eaque. Tempora reiciendis voluptatibus et aut esse accusantium. Inventore praesentium aliquid tenetur suscipit labore incidunt ratione rerum. Fuga eos ut et eum. Officia cupiditate itaque vel. Itaque et earum dolorum quaerat. Ut ea quod iste earum occaecati odio perspiciatis. Rem consequatur saepe incidunt officia nobis ea. Praesentium ut ex iure est unde. Eveniet omnis magnam mollitia perspiciatis consequuntur perferendis consequuntur ut. Alias commodi id et reiciendis dicta sint rerum. Et aut in architecto maxime consequatur corrupti fuga. Saepe mollitia exercitationem sed qui voluptatum temporibus aperiam accusamus.', 'a:7:{i:0;s:28:\"Unde et et explicabo eum in.\";i:1;s:32:\"Voluptate in optio fugit beatae.\";i:2;s:45:\"Vero deleniti culpa quisquam et assumenda et.\";i:3;s:54:\"Eos commodi voluptate voluptatem ipsa sequi dolore et.\";i:4;s:54:\"Eum enim odio error nostrum aut accusamus saepe nulla.\";i:5;s:50:\"Et quibusdam et porro natus occaecati est nostrum.\";i:6;s:68:\"Quibusdam quibusdam sequi sed nihil libero corporis itaque repellat.\";}', 79, 0, 3, '307.738200', '464.738200', NULL, NULL, NULL, '1365.00', 1, '2022-03-13 15:33:00', 1, 'labore-sint-veritatis-ab-et-et-exercitationem', 'a:2:{i:0;i:32;i:1;i:36;}', 'Est aliquid odit est nobis dolores voluptatum.', 'I shall think nothing of the Nile On every golden scale! \'How cheerfully he seems to like her, down here, and I\'m I, and--oh dear, how puzzling it all came different!\' the Mock Turtle went on. \'We.', 0, 1, NULL, '2022-03-05 15:33:30', '2022-03-13 15:33:30'),
(47, 4, 'Ut voluptatem qui neque cum.', NULL, 42, 'Cummerata, Armstrong and Dooley', 5, 'at', 'New', 'So Alice got up and straightening itself out again, so that her neck would bend about easily in any direction, like a snout than a rat-hole: she knelt down and make THEIR eyes bright and eager with.', 'Placeat voluptas assumenda et eligendi eveniet eaque quo. Doloremque sed et expedita iusto dignissimos beatae. Tempore non suscipit quam totam impedit soluta. Omnis odit est quos placeat aut voluptatem vel. Voluptas harum vel qui rerum. Sint dolorum aut labore in. Sequi architecto praesentium eos qui iusto sed et. Facere rerum mollitia rerum esse veritatis dicta nesciunt. Placeat et adipisci pariatur facere nesciunt. Voluptas ad placeat sed et et. Sint architecto autem officiis quaerat non blanditiis. Natus impedit ullam quaerat quam dolorem eum a. Velit amet vero ex et hic inventore incidunt. Pariatur asperiores aut culpa consectetur accusamus molestias dicta. Quo quasi voluptas officia. Voluptatem dolor voluptatem ipsum similique incidunt explicabo dicta. Aut ad et quo sed. Voluptates dicta eius officia et ut exercitationem. Expedita voluptas cum rerum ut fugiat. Aut ratione qui saepe est cumque dolore eum odit. Eveniet ut neque ut quo aliquam. Facilis dolorum eum sint sunt. Suscipit sed sapiente et sit aperiam cum. Est non consequatur id incidunt in beatae distinctio. Sit aut reprehenderit qui sunt impedit nihil voluptatibus. Et facilis deleniti sint in. Illo at quis impedit reiciendis harum ex soluta. Soluta necessitatibus libero porro culpa. Consequuntur nemo adipisci omnis fugit. Aperiam nisi quia voluptas velit dolorum velit et. Omnis ducimus tenetur est amet. Sed et quo quibusdam cupiditate reiciendis quidem. Molestiae et repudiandae laborum qui et et ducimus quis.', 'a:7:{i:0;s:36:\"Doloremque dicta cumque atque earum.\";i:1;s:27:\"Quia voluptatem fuga iusto.\";i:2;s:40:\"Aliquam sint officia corrupti molestiae.\";i:3;s:25:\"Qui natus nisi ut fugiat.\";i:4;s:56:\"Distinctio mollitia aut maxime quis laborum ipsam minus.\";i:5;s:59:\"Sapiente nobis modi repellat illo laboriosam occaecati est.\";i:6;s:54:\"Et commodi illo nesciunt est reiciendis velit commodi.\";}', 44, 0, 3, '244.905747', '287.905747', NULL, NULL, NULL, '802.00', 0, '2022-03-11 15:33:00', 1, 'voluptates-dolorem-quis-voluptatem-sint', 'a:2:{i:0;i:39;i:1;i:49;}', 'Ut eveniet nihil deleniti dolorem.', 'King. \'Nothing whatever,\' said Alice. \'Why not?\' said the Caterpillar. Alice folded her hands, and she grew no larger: still it was the first verse,\' said the Pigeon the opportunity of saying to.', 0, 1, NULL, '2022-02-27 15:33:30', '2022-03-11 15:33:30'),
(48, 4, 'Ab pariatur qui doloribus sed praesentium laboriosam et.', NULL, 37, 'Kohler, Lind and Schiller', 3, 'quia', 'New', 'I\'ve often seen a rabbit with either a waistcoat-pocket, or a serpent?\' \'It matters a good opportunity for croqueting one of them were animals, and some were birds,) \'I suppose so,\' said Alice. \'I.', 'Vel iusto dicta eaque illum. Hic quia itaque id odit maxime repudiandae eum. Asperiores voluptatem soluta odio consequuntur. Rerum harum consectetur molestiae omnis distinctio. Corrupti quidem modi temporibus aut accusantium. Consequatur sed earum neque non tenetur excepturi animi. Aut mollitia quia quae fuga. Voluptatibus voluptatibus molestiae laudantium aut eum dolore. Sint sequi tenetur iusto quaerat odit illum dolorem non. Dolor laudantium eaque aut minima. Ad molestiae quidem repudiandae voluptate debitis possimus sunt. Repudiandae enim dolorem qui architecto unde voluptas. Animi eum ad at rerum. Porro saepe ipsum non quis qui dignissimos. Quia alias totam enim vitae. Et praesentium voluptas non sed aperiam pariatur vitae enim. Cupiditate animi repellendus tempore occaecati beatae voluptatem. Non laudantium expedita quod officiis voluptatum. Iste est occaecati dolor molestias at ea vel. Et voluptatibus fuga et laborum quasi possimus. Qui qui ut placeat labore. Quas enim accusamus quis optio eligendi est corrupti beatae. A et minima autem voluptate optio enim. Sit ea pariatur eos. Molestiae et beatae fugit laudantium debitis ad sint. Ratione veniam qui necessitatibus vel necessitatibus consequatur quia. Aut commodi non quis eum reiciendis. Eveniet dicta ut consectetur quia eius. Animi error architecto et praesentium incidunt at sint eum. Id similique rerum minus a soluta id maxime.', 'a:7:{i:0;s:42:\"Corrupti ratione nam deleniti consectetur.\";i:1;s:47:\"Cupiditate sunt corrupti magnam illo ipsam aut.\";i:2;s:42:\"Quod fuga et omnis nihil quod eaque saepe.\";i:3;s:31:\"Vel quisquam facilis beatae et.\";i:4;s:45:\"Quasi aut optio perspiciatis quas itaque sed.\";i:5;s:35:\"Maxime magnam ducimus eum aut nemo.\";i:6;s:54:\"Voluptas corrupti officiis doloribus repellat at unde.\";}', 91, 0, 3, '93.174402', '168.174402', NULL, NULL, NULL, '1269.00', 1, '2022-03-11 15:33:00', 1, 'consequatur-quibusdam-id-quibusdam-fuga-praesentium-enim-at-dicta', 'a:3:{i:0;i:4;i:1;i:10;i:2;i:48;}', 'Quod et ipsum error repellat commodi est asperiores.', 'Majesty,\' the Hatter went on growing, and growing, and growing, and very soon finished off the fire, stirring a large canvas bag, which tied up at this moment the King, \'that only makes the matter.', 1, 1, NULL, '2022-03-10 15:33:30', '2022-03-04 15:33:30'),
(49, 5, 'Aspernatur ut atque debitis eligendi.', NULL, 43, 'acme', 5, 'voluptas', 'Refurbished', 'I will just explain to you never tasted an egg!\' \'I HAVE tasted eggs, certainly,\' said Alice, and she crossed her hands on her lap as if it had no very clear notion how long ago anything had.', 'Similique omnis veritatis non nulla enim. Inventore natus minus dolorem quis reprehenderit quisquam. At molestiae esse et nemo qui autem nam totam. Impedit esse et et culpa quasi et. Facilis assumenda architecto doloribus quod magni. At in est veniam. Enim sit et explicabo ipsam. Molestiae nobis consectetur unde quod repellat. Et harum est iusto cumque repellendus sint eum. A delectus velit non accusantium sunt et. Mollitia sed est modi qui est necessitatibus eum. Aut sit facere eaque magnam aspernatur. Beatae quis dolores eligendi tenetur. Sed a ea dicta quis eum quisquam et. Quia est et at itaque. Repellat adipisci consequatur blanditiis excepturi velit nemo. Qui cupiditate voluptatum fugiat accusantium qui repellendus molestiae odio. Et et non sapiente nulla at et perferendis. Est corporis earum praesentium magni. Enim eligendi eligendi eius dignissimos. Minima doloribus debitis consequatur. Rerum rerum reiciendis dolores in accusantium molestiae. Ullam impedit nihil asperiores quia consectetur ut. Delectus saepe et tenetur. Quis necessitatibus quia amet vitae culpa. Corrupti voluptas aut quia non nulla. Quis vitae quia libero maxime exercitationem molestiae. Aut eaque et in sunt dolores. Et consequatur nulla debitis unde sunt ipsam. Est ex reiciendis occaecati velit aspernatur omnis. Aliquid explicabo velit voluptatibus odio.', 'a:7:{i:0;s:44:\"Autem sequi a molestias atque placeat velit.\";i:1;s:68:\"Doloribus aut cupiditate similique molestiae sed omnis eveniet nemo.\";i:2;s:33:\"Est nam quas distinctio ea optio.\";i:3;s:68:\"Excepturi dicta inventore consectetur rerum dolorum asperiores sunt.\";i:4;s:50:\"Illo cupiditate aut repudiandae voluptas quos sed.\";i:5;s:46:\"Tempore illo velit porro eos ullam iure ipsam.\";i:6;s:38:\"Ut provident minima aut ad sunt nihil.\";}', 59, 0, 3, '361.431000', '514.431000', '469.431000', '2022-03-14 15:33:00', '2022-03-21 15:33:00', '1964.00', 0, '2022-03-11 15:33:00', 1, 'debitis-repellendus-dolores-totam-tempore-ab-ut-reiciendis', 'a:2:{i:0;i:2;i:1;i:29;}', 'Voluptas voluptatem consequatur beatae atque molestiae.', 'Mystery,\' the Mock Turtle angrily: \'really you are very dull!\' \'You ought to be talking in his sleep, \'that \"I like what I was a table in the morning, just time to begin with; and being ordered.', 1, 1, NULL, '2022-03-06 15:33:30', '2022-03-01 15:33:30'),
(50, 2, 'Corrupti necessitatibus asperiores corrupti consequatur perspiciatis repellat.', NULL, 4, 'Kohler, Lind and Schiller', 3, 'occaecati', 'Used', 'Alice looked very anxiously into her eyes--and still as she could, for the immediate adoption of more broken glass.) \'Now tell me, Pat, what\'s that in the prisoner\'s handwriting?\' asked another of.', 'Repellat qui soluta enim sit et itaque. Id omnis ratione quae mollitia. Eaque at libero ex error. Nam necessitatibus rerum a qui at aut sit. Ea aliquid corporis assumenda optio ipsam neque voluptatem. Est voluptates vitae porro non aliquam. Dolores sunt quisquam recusandae molestias doloremque quia. Expedita et doloribus deserunt officia voluptas. Impedit quis optio excepturi facere. A eos veritatis enim assumenda voluptatem omnis laborum et. Est blanditiis doloribus consequatur rem a. Vitae libero consequatur eos quia repellat beatae. Nostrum culpa inventore illo repellendus minus. Voluptatem enim maxime sunt suscipit aut at harum. Et sint vel assumenda praesentium magni quod. Autem non minima libero fuga nihil commodi. Quam animi sunt dolores earum earum. Consectetur enim qui pariatur temporibus. Quia odio odio inventore sit. Et aperiam illo eum ducimus. Ut excepturi aut non aut et ut et. Ipsam quisquam qui aspernatur eum natus. Voluptatem accusamus et harum tempora. Autem eius tempore consequuntur id molestiae possimus modi. Error quae sequi voluptas. Et id aliquid harum qui sint. Dolor eos totam modi ullam sint. Ab vel deserunt nulla corporis explicabo illo cumque. Aut fugit nesciunt eaque id. Atque ipsa voluptatibus aperiam fugiat nostrum eligendi. Sit aut nobis repellendus id. Dolorum debitis rem autem dignissimos. Culpa eius repellat modi sint alias non soluta veniam. Dolores molestias eaque quo facilis voluptates.', 'a:7:{i:0;s:38:\"Quisquam eveniet mollitia fugit dolor.\";i:1;s:50:\"Molestiae explicabo quibusdam neque quia in velit.\";i:2;s:32:\"Aut qui eveniet perferendis non.\";i:3;s:38:\"Quos voluptatem veritatis est ducimus.\";i:4;s:41:\"Debitis et maiores architecto quasi odio.\";i:5;s:41:\"Amet illum possimus minus sequi autem et.\";i:6;s:43:\"Est asperiores unde enim aspernatur veniam.\";}', 52, 0, 3, '386.077430', '434.077430', NULL, NULL, NULL, '1960.00', 1, '2022-03-11 15:33:00', 1, 'vero-eum-vitae-minima-quo', 'a:3:{i:0;i:12;i:1;i:18;i:2;i:41;}', 'At veritatis dolor vel tenetur.', 'Alice very politely; but she could see it trying in a tone of great relief. \'Call the next witness would be like, but it was very uncomfortable, and, as the Caterpillar took the regular course.\'.', 1, 1, NULL, '2022-02-27 15:33:30', '2022-03-14 15:33:30'),
(51, 1, 'Consectetur occaecati sit quibusdam eveniet.', NULL, 14, 'Kulas Inc', 4, 'sit', 'Refurbished', 'I tell you, you coward!\' and at last turned sulky, and would only say, \'I am older than you, and listen to her, though, as they lay sprawling about, reminding her very earnestly, \'Now, Dinah, tell.', 'Esse quam officiis sint fuga voluptatem. Quia eos et amet est est optio. Voluptas eaque veniam architecto eum. Odit dolores impedit sapiente sit voluptatem alias. Sit odit et quis tempora eum aliquam voluptas. Rem est ut nemo asperiores enim officiis molestias. Magni odit ad maiores sit veniam et aspernatur. Non excepturi consequatur a assumenda eius rerum itaque. Cupiditate voluptatem ullam temporibus nihil consequatur. Facere eos error et est ducimus. Neque deserunt eius ut molestiae et et vel reprehenderit. Voluptatibus ut molestiae repellat nobis enim enim repellat. Voluptas impedit consequuntur laboriosam et dolorem. Aut voluptates et iure hic. Adipisci aut non quia in veritatis minima. Saepe dolor tenetur accusamus nemo in. Quis eius ipsa qui optio voluptas. Dolor facere aut totam aut rerum explicabo sequi ut. Et non voluptate nemo ipsam in. Sit culpa unde provident amet. Id eaque accusamus omnis rerum ipsum. Sequi temporibus aliquid unde qui et dolorem quia modi. Optio magni id deserunt aspernatur. Quo at praesentium laboriosam explicabo omnis iste. Et ea necessitatibus qui adipisci officiis doloribus commodi. Aut amet deleniti mollitia omnis velit repellendus eos minus. Rerum nobis expedita dolor numquam vitae. Inventore odit quod doloribus qui rem voluptatem. Dolorem eveniet animi ut ut animi dolore architecto. Libero fugiat at perspiciatis. Est dolor et et ea in. Saepe voluptatum quae earum possimus. Nobis praesentium recusandae officia ea culpa doloribus.', 'a:7:{i:0;s:48:\"Atque possimus repudiandae in possimus est sint.\";i:1;s:61:\"Quos adipisci delectus sunt omnis praesentium voluptatem est.\";i:2;s:50:\"Qui facilis enim animi magni unde quia voluptatum.\";i:3;s:31:\"Eum dolor vel sapiente quis ab.\";i:4;s:24:\"Minus et fuga sed dicta.\";i:5;s:41:\"Accusamus error id laudantium dolorum ut.\";i:6;s:59:\"Soluta perspiciatis natus saepe aperiam consequatur quidem.\";}', 87, 0, 3, '160.686096', '204.686096', NULL, NULL, NULL, '1498.00', 0, '2022-03-11 15:33:00', 1, 'qui-tempora-ex-aperiam-illum', 'a:3:{i:0;i:16;i:1;i:31;i:2;i:33;}', 'Harum iure ut non aut autem.', 'Duck. \'Found IT,\' the Mouse had changed his mind, and was going off into a graceful zigzag, and was just going to leave it behind?\' She said the Lory. Alice replied in an undertone.', 1, 1, NULL, '2022-03-01 15:33:30', '2022-03-02 15:33:30'),
(52, 1, 'Nostrum quo maiores delectus consequatur aliquid dolor corporis.', NULL, 26, 'Pouros, Nikolaus and Hoppe', 3, 'dolor', 'Used', 'Pool of Tears \'Curiouser and curiouser!\' cried Alice hastily, afraid that it seemed quite dull and stupid for life to go from here?\' \'That depends a good way off, and she tried her best to climb up.', 'Vel est a ut aut corrupti nulla eius. Odit temporibus est ratione aut ullam ducimus. Dolorem molestiae doloremque hic. Officiis provident minima est. Temporibus aut perspiciatis ut vel accusantium reiciendis. Quo eligendi quia voluptatem ut quam doloremque et. Possimus repellat aut laborum reprehenderit voluptatem. Aut consequuntur fugit adipisci in omnis molestiae qui. Fugit consequatur vitae asperiores quo iusto quo quos. Sed eaque omnis autem debitis quos. Quam suscipit repellendus repellat enim voluptatem nesciunt. Consequuntur nihil delectus quisquam unde iusto officiis veniam. Fugit optio fugit ut delectus natus. Odio sit autem quasi quod et totam. Et ducimus quod eos omnis voluptatem et atque minus. Dignissimos maiores voluptatibus ut voluptates laudantium aspernatur placeat. Est nam id quidem repellendus placeat consequuntur. Temporibus minus in aut quibusdam est dolore rerum. Ipsum explicabo sit animi nisi est. Quia veritatis voluptatem accusamus ratione rerum. Iure distinctio nobis mollitia voluptatem reiciendis vel voluptas et. Amet aliquid enim nisi adipisci. Assumenda blanditiis dolorum sed et. Quasi mollitia sit nulla consequuntur modi non quasi. Omnis iste animi deleniti. Excepturi minima sunt sed qui saepe nam architecto. Delectus fuga assumenda incidunt earum consequatur sit qui. Harum ut a neque sapiente explicabo in. Ullam dolore omnis est sit minima ipsam. Maxime non quos nemo et natus. Non officiis nemo earum temporibus.', 'a:7:{i:0;s:28:\"Voluptas quae voluptas quia.\";i:1;s:48:\"Aliquid ex voluptates explicabo in consequuntur.\";i:2;s:42:\"Delectus qui fuga eligendi quia itaque ut.\";i:3;s:61:\"Numquam nostrum beatae quod eligendi dolores iste voluptatem.\";i:4;s:37:\"Facere et sit quo autem tenetur iste.\";i:5;s:52:\"Laborum accusantium sint ipsum praesentium ipsum ex.\";i:6;s:54:\"Necessitatibus et accusamus voluptatem eligendi neque.\";}', 44, 0, 3, '206.583541', '221.583541', NULL, NULL, NULL, '1601.00', 1, '2022-03-12 15:33:00', 1, 'fugit-aut-tempora-molestiae-tenetur-cupiditate-illum-eum', 'a:3:{i:0;i:4;i:1;i:10;i:2;i:49;}', 'Et aut sed quisquam atque totam praesentium voluptate.', 'Presently she began very cautiously: \'But I don\'t remember where.\' \'Well, it must make me grow large again, for this curious child was very nearly in the chimney as she went on, \'\"--found it.', 0, 1, NULL, '2022-03-03 15:33:30', '2022-03-04 15:33:30'),
(53, 1, 'Qui error et esse iste consequatur et.', NULL, 45, 'Pouros, Nikolaus and Hoppe', 4, 'consequuntur', 'Used', 'Luckily for Alice, the little glass table. \'Now, I\'ll manage better this time,\' she said to herself how she was beginning to grow to my right size: the next witness would be four thousand miles.', 'Rerum vel iusto magnam consequatur similique sit. Consequatur consequatur est magni architecto ipsum aliquam aut. Est nihil quisquam possimus similique qui. Nulla asperiores debitis dolores nobis officiis perspiciatis. Ab optio omnis fugiat. Modi est eos repudiandae. Sunt eveniet consequatur doloremque eos modi est voluptatibus. Ratione dolor quia autem occaecati voluptas. Qui at maiores hic tempore ullam ut. Ipsum impedit labore fugit deserunt impedit ut sed. Id est id reiciendis eum earum dolorum similique. Eos harum asperiores error nemo asperiores autem eligendi quia. Voluptates mollitia non natus aut eius autem repellat voluptate. A voluptas quae dolor non voluptate dolorem. Doloremque aut amet quibusdam nulla sit asperiores. Veritatis doloribus cumque omnis ad ea. Delectus ullam eos aut sapiente ratione voluptate. Consectetur voluptatum dolorem voluptate magni dolores ex temporibus. Sint ut doloremque labore minima. Nemo ut eum iste ducimus ea eum ut suscipit. Et ea praesentium ut quisquam eligendi corporis odio dolorem. Ut placeat voluptas culpa harum incidunt consequuntur. Molestiae nostrum neque sunt aspernatur. Nam impedit veritatis ipsa vel. Sit voluptates assumenda est omnis deleniti laudantium fuga sed. Error qui qui voluptas. Dolor quis praesentium ipsa alias atque. Iusto esse est ratione molestiae odit ut sit dolorum. Iste nobis aut aut temporibus. Totam architecto consectetur vero officia sed ut. Aut soluta eveniet numquam dicta eaque rerum.', 'a:7:{i:0;s:30:\"Voluptatibus qui quia et sunt.\";i:1;s:38:\"Unde doloremque cum debitis qui velit.\";i:2;s:44:\"Officiis ipsam consequatur fugiat molestiae.\";i:3;s:29:\"Mollitia quaerat quas id rem.\";i:4;s:33:\"Numquam dolorem nisi commodi aut.\";i:5;s:30:\"In quibusdam consequuntur qui.\";i:6;s:42:\"Omnis ut unde dicta eaque non dignissimos.\";}', 86, 0, 3, '264.202123', '326.202123', NULL, NULL, NULL, '1247.00', 1, '2022-03-11 15:33:00', 1, 'esse-architecto-repellendus-sed-qui-provident', 'a:2:{i:0;i:2;i:1;i:36;}', 'Et ducimus sunt officiis officiis.', 'Lizard, who seemed ready to ask any more HERE.\' \'But then,\' thought she, \'what would become of it; and as it can\'t possibly make me grow large again, for she felt sure she would have this cat.', 1, 1, NULL, '2022-02-28 15:33:30', '2022-03-05 15:33:30'),
(54, 3, 'Est sit temporibus architecto unde occaecati maxime.', NULL, 35, 'Rohan PLC', 4, 'accusamus', 'Refurbished', 'Queen, and in a great hurry, muttering to himself in an offended tone, and everybody laughed, \'Let the jury had a consultation about this, and Alice looked very uncomfortable. The moment Alice felt.', 'Qui ea sequi perspiciatis consequatur ut asperiores. Nostrum voluptatibus officia id sunt est possimus iste eos. Est doloribus eligendi labore eum velit ipsum inventore. Autem ipsam delectus et blanditiis cumque aut. Voluptatum aut qui architecto ex recusandae nam. Voluptas itaque quia quidem voluptatem dolore eligendi quaerat corporis. Sint quaerat eveniet suscipit consequuntur facilis iure quisquam. Maxime neque aliquam amet explicabo dolor quam distinctio. Dolore ullam ducimus ut quo quis. Dolor repellat accusantium nobis non magni. Et qui nulla nulla. Aspernatur minus magnam eum non velit. Ab cumque consequatur omnis incidunt et sapiente. Numquam nisi enim occaecati deserunt corporis quibusdam. Reiciendis vitae delectus provident et dolores quos voluptates. Tenetur excepturi velit ullam cupiditate distinctio nihil. Porro voluptatum provident consectetur enim. Non harum voluptatem et ea quibusdam nesciunt. Aut sunt aliquam deserunt corporis. Rem sit perferendis repellendus alias beatae non quia. Nihil cum iusto perferendis iste minus quia. Eius magnam ut quia maiores. Optio ipsa aliquam at rerum deserunt. Esse amet et dolores ut maxime. Molestiae eos reiciendis sint fugiat odio. Est similique voluptatem eum nihil. Velit provident reprehenderit possimus eos. Architecto esse aliquid aut ratione eos inventore vel. Qui consequuntur et veniam consequatur est nobis repudiandae perspiciatis. Voluptates perferendis aspernatur qui inventore.', 'a:7:{i:0;s:52:\"Tempora a magnam aperiam fugiat temporibus mollitia.\";i:1;s:52:\"Voluptate aut ex consequuntur et incidunt aut velit.\";i:2;s:28:\"Eum et earum corporis optio.\";i:3;s:43:\"Molestiae voluptates minima suscipit ipsum.\";i:4;s:28:\"Illo est iure voluptas quae.\";i:5;s:41:\"Eum tenetur in aut pariatur et quod sunt.\";i:6;s:38:\"Et dicta recusandae beatae laudantium.\";}', 38, 0, 3, '321.200000', '458.200000', '139.200000', '2022-03-14 15:33:00', '2022-03-20 15:33:00', '1596.00', 0, '2022-03-11 15:33:00', 1, 'et-magni-neque-libero-dignissimos', 'a:2:{i:0;i:15;i:1;i:26;}', 'Deserunt atque et veritatis alias aut quia sit.', 'Alice to herself. Imagine her surprise, when the White Rabbit read out, at the great puzzle!\' And she squeezed herself up closer to Alice\'s great surprise, the Duchess\'s knee, while plates and.', 0, 1, NULL, '2022-03-06 15:33:30', '2022-03-08 15:33:30');
INSERT INTO `inventories` (`id`, `shop_id`, `title`, `warehouse_id`, `product_id`, `brand`, `supplier_id`, `sku`, `condition`, `condition_note`, `description`, `key_features`, `stock_quantity`, `damaged_quantity`, `user_id`, `purchase_price`, `sale_price`, `offer_price`, `offer_start`, `offer_end`, `shipping_weight`, `free_shipping`, `available_from`, `min_order_quantity`, `slug`, `linked_items`, `meta_title`, `meta_description`, `stuff_pick`, `active`, `deleted_at`, `created_at`, `updated_at`) VALUES
(55, 5, 'Reiciendis et nihil non non a quasi dolores.', NULL, 44, 'Larson PLC', 2, 'dolores', 'New', 'I\'ve got to come upon them THIS size: why, I should be raving mad--at least not so mad as it spoke (it was Bill, I fancy--Who\'s to go and live in that ridiculous fashion.\' And he got up and down in.', 'Voluptatem non qui ullam natus. Tenetur perferendis blanditiis porro voluptatem ea recusandae. Iusto reprehenderit nihil optio laboriosam omnis sequi. Voluptatem enim suscipit voluptatum esse id est cupiditate. Autem eum autem accusantium nulla temporibus odio consequatur. Iste est consequuntur velit culpa doloremque molestias. Animi blanditiis autem aperiam eveniet animi consequatur. Unde omnis impedit est quisquam ab quo eos provident. Eum velit sequi voluptate autem voluptatibus neque. Sapiente repellat est veniam adipisci. Quia aut quidem quibusdam sint dolorem sint sint nihil. Et voluptas omnis ab hic aut. Voluptatem error in aut. Facilis maiores qui rem non commodi. Qui praesentium totam quae tempore fugiat neque est. At tempore aperiam quia voluptatem consequatur amet magni. Ut amet consequatur sed autem et architecto inventore. Aut distinctio voluptatum similique voluptates necessitatibus maxime velit. Quas pariatur temporibus inventore molestiae. Soluta consequuntur fugit perspiciatis et cumque. Qui occaecati eos rerum quae natus. Excepturi adipisci molestiae autem voluptas. Officiis distinctio et deserunt aspernatur maxime. Quae distinctio nesciunt nostrum dignissimos tempora distinctio recusandae. Voluptate rerum quas error ut. Numquam laborum non earum ipsa ratione culpa incidunt. Et ad corporis ut dolores voluptates aperiam ipsa.', 'a:7:{i:0;s:50:\"Dolorum quo aut eius aliquam dolorem consequuntur.\";i:1;s:62:\"Laudantium sit quos repellendus aut architecto repudiandae ut.\";i:2;s:58:\"Totam autem saepe sequi rerum assumenda atque beatae unde.\";i:3;s:53:\"Sapiente facilis incidunt aut voluptate consequuntur.\";i:4;s:44:\"Ut sed deserunt molestiae sapiente et nihil.\";i:5;s:52:\"Perferendis autem officia quaerat veniam quae magni.\";i:6;s:52:\"Voluptatem nostrum sit sint quisquam minima aliquid.\";}', 43, 0, 3, '387.597650', '440.597650', NULL, NULL, NULL, '289.00', 1, '2022-03-12 15:33:00', 1, 'eveniet-et-dignissimos-et-distinctio-corrupti', 'a:2:{i:0;i:2;i:1;i:10;}', 'Rerum et labore ut reprehenderit.', 'Come on!\' So they couldn\'t get them out with trying, the poor child, \'for I never heard before, \'Sure then I\'m here! Digging for apples, yer honour!\' (He pronounced it \'arrum.\') \'An arm, you goose!.', 0, 1, NULL, '2022-03-06 15:33:30', '2022-03-06 15:33:30'),
(56, 2, 'Voluptas laudantium ut sint vero est nulla quia.', NULL, 34, 'Wehner-Hand', 4, 'hic', 'Refurbished', 'Alice had got so much frightened that she never knew whether it was too much frightened that she had never done such a capital one for catching mice--oh, I beg your acceptance of this ointment--one.', 'Voluptates culpa enim alias voluptas maxime quia. Inventore architecto autem in qui dignissimos. Repellat nihil excepturi ut animi molestiae nihil. Quis aut dignissimos soluta dolorem et officiis. Facilis quaerat aut perspiciatis adipisci minus sunt numquam. Officia saepe provident eum. Mollitia quod assumenda maiores nihil eveniet. Quia temporibus quae et quia. Voluptatum vel alias unde quas inventore distinctio earum. Reprehenderit sunt velit laudantium. Voluptates et et est consequatur. Cumque aperiam rerum reiciendis id et optio quis. Aut cupiditate odio aspernatur ullam quisquam. Tempora inventore asperiores autem necessitatibus occaecati est iste. Excepturi et sunt laboriosam temporibus est et impedit. Molestiae dignissimos quis odit aut qui. Voluptatem error eum facilis quia eos fuga. Eum et ut provident. Atque odit ea minus enim neque ut. Possimus quam perspiciatis ab omnis. Id inventore est incidunt soluta reprehenderit earum. In esse exercitationem impedit ex sit beatae inventore. Amet dignissimos error sint nihil qui. Omnis doloremque vero non quidem nesciunt dolorum maiores. Aut beatae sequi quo nostrum. Amet fugit distinctio mollitia iste alias. Aut repellat quaerat eligendi est. Sint architecto in maiores doloremque. Minus veniam ut illum reprehenderit ut. Et consequuntur inventore et maxime quod sed repellat. Deleniti aliquam laborum incidunt. Fugiat cumque est quos dicta pariatur. Officiis voluptas aspernatur itaque assumenda est consequuntur deserunt et.', 'a:7:{i:0;s:27:\"Provident blanditiis et in.\";i:1;s:45:\"Nostrum earum nam rerum ut iste impedit nisi.\";i:2;s:45:\"Nobis voluptate ut minus distinctio corporis.\";i:3;s:50:\"Tempora consequatur molestiae vel neque quia ipsa.\";i:4;s:36:\"Mollitia doloremque rerum velit nam.\";i:5;s:45:\"Quidem repellat dolorum minus eligendi omnis.\";i:6;s:39:\"Officia eum sit pariatur numquam vitae.\";}', 86, 0, 3, '195.461602', '225.461602', '135.461602', '2022-03-14 15:33:00', '2022-03-27 14:33:00', '579.00', 0, '2022-03-11 15:33:00', 1, 'a-et-dignissimos-ea-qui-id-inventore-est-non', 'a:3:{i:0;i:26;i:1;i:36;i:2;i:39;}', 'Tempora soluta quia dolores atque ipsum porro.', 'Alice put down her flamingo, and began singing in its sleep \'Twinkle, twinkle, twinkle, twinkle--\' and went on in the middle, wondering how she would manage it. \'They must go and take it away!\'.', 1, 1, NULL, '2022-03-05 15:33:30', '2022-02-27 15:33:30'),
(57, 3, 'Est ducimus assumenda ut atque omnis.', NULL, 36, 'Rohan PLC', 5, 'atque', 'Used', 'Oh, how I wish you would seem to come yet, please your Majesty?\' he asked. \'Begin at the door-- Pray, what is the reason and all of you, and don\'t speak a word till I\'ve finished.\' So they began.', 'Enim fuga et est repudiandae suscipit qui laborum ea. Saepe possimus est perspiciatis ex error. Similique omnis tempora temporibus. Officiis cum sit ut rem accusamus harum. Sit cupiditate dolorem sit et. Est deserunt qui sit cum ea dolore facilis. Quis rem consequatur voluptas harum impedit dolorem neque. Distinctio voluptas ut et consequuntur fugit ut. Nihil inventore nisi iusto harum natus aspernatur molestiae. Et sed omnis debitis incidunt saepe unde. Quia dolores quasi dicta. Eius eius accusantium libero optio vel. Suscipit perferendis a est fugit occaecati quas nihil. Illo reiciendis perferendis odio blanditiis. Enim unde excepturi et sint. Quasi consectetur architecto ab eveniet iure illum eos voluptate. Facere sequi exercitationem libero ut nulla rem officia. Quod reiciendis ullam tempora cupiditate aliquam molestias. Expedita optio autem qui qui eligendi et inventore. Voluptate at deleniti commodi. Et officia mollitia rerum nemo placeat sed asperiores totam. Iste laboriosam excepturi eum vel accusamus at. Veritatis ipsum est voluptatem quia aspernatur voluptatum. Quos in autem voluptatem atque. Suscipit voluptas est iste iusto dolorem aliquam quod. Ut est exercitationem dolores magni vel. Inventore accusantium sequi et velit distinctio vel. Cupiditate voluptatibus quo at pariatur recusandae dolore. Temporibus reiciendis velit maxime officia debitis.', 'a:7:{i:0;s:64:\"Eum facilis sit laudantium vero quas voluptatum blanditiis sint.\";i:1;s:32:\"Ea non veniam facilis sequi non.\";i:2;s:52:\"Cupiditate nobis aspernatur itaque est fuga nisi et.\";i:3;s:61:\"Voluptas temporibus consequatur asperiores suscipit et nihil.\";i:4;s:39:\"Ullam officiis et error quis similique.\";i:5;s:29:\"Nulla ducimus odit nihil est.\";i:6;s:60:\"Est dolorem quia impedit corporis neque dolorem omnis dicta.\";}', 74, 0, 3, '125.370656', '166.370656', '104.370656', '2022-03-14 15:33:00', '2022-04-04 14:33:00', '1019.00', 0, '2022-03-12 15:33:00', 1, 'rerum-est-eligendi-saepe-dolor-nesciunt-eos', 'a:3:{i:0;i:1;i:1;i:6;i:2;i:15;}', 'Laboriosam odit aspernatur ut dignissimos eos velit.', 'And the executioner went off like an honest man.\' There was not a regular rule: you invented it just at present--at least I mean what I used to say.\' \'So he did, so he did,\' said the March Hare.', 0, 1, NULL, '2022-03-10 15:33:30', '2022-03-06 15:33:30'),
(58, 2, 'Molestiae cumque repellendus ut est occaecati tempora dolor.', NULL, 44, 'Kohler, Lind and Schiller', 1, 'harum', 'Used', 'Hatter said, turning to Alice, and she tried the effect of lying down with wonder at the March Hare said in an agony of terror. \'Oh, there goes his PRECIOUS nose\'; as an explanation; \'I\'ve none of.', 'Asperiores sunt totam cupiditate eum nisi quia. Reiciendis ab autem ullam dolor. Pariatur dolores optio earum. Repellendus reiciendis rerum delectus asperiores dolores. Quaerat rerum sed aperiam magnam iste delectus. Eos quos qui reprehenderit. Commodi in eos et earum omnis. Saepe laborum mollitia est exercitationem repellendus odit qui. Quo excepturi vel quo laborum veritatis. Velit incidunt non ipsam ut et esse pariatur. Non dolorem laudantium unde in veritatis impedit dolorum. Qui et et ut vel temporibus. Est eveniet quas perspiciatis voluptas itaque. Molestias consequatur qui sit ut voluptas ratione ipsa. Minus ipsa quas quasi blanditiis assumenda. Magni rem quas id exercitationem. Laborum id est ut natus necessitatibus ipsa. Ex deleniti harum nulla commodi doloribus necessitatibus. Totam molestiae porro et quo. Ex ipsam odit aspernatur et et quod. Natus repudiandae illum veritatis esse maiores. Tempora assumenda consequatur sit natus. Quis voluptatem in temporibus sed fuga esse odio exercitationem. Assumenda fugiat ipsa voluptas tenetur rerum. Aut animi debitis id repellendus quo placeat laboriosam. Inventore doloribus eius commodi veniam suscipit labore. Veritatis aspernatur reprehenderit tempore maxime dolorem. Velit sed dolor quia distinctio dolorem ut ab ab. Sapiente ea non sunt temporibus magni. Non culpa et est sint autem non.', 'a:7:{i:0;s:33:\"Fuga sunt in officia adipisci ut.\";i:1;s:54:\"Assumenda eaque quibusdam praesentium vel voluptas ea.\";i:2;s:43:\"Vero vel omnis a commodi quaerat eveniet a.\";i:3;s:52:\"Voluptas voluptatem voluptatem nam aut laborum sint.\";i:4;s:57:\"Aut dignissimos sint atque corporis quisquam iure fugiat.\";i:5;s:37:\"Nihil cumque veritatis qui inventore.\";i:6;s:51:\"Accusamus ipsam voluptatem aliquid veritatis dicta.\";}', 92, 0, 3, '118.158000', '237.158000', '190.158000', '2022-03-14 15:33:00', '2022-03-29 14:33:00', '1700.00', 1, '2022-03-12 15:33:00', 1, 'quibusdam-ad-dolore-odio-non-placeat-facere', 'a:3:{i:0;i:7;i:1;i:13;i:2;i:36;}', 'Ut asperiores aspernatur aut error asperiores alias est quaerat.', 'I begin, please your Majesty,\' said Alice thoughtfully: \'but then--I shouldn\'t be hungry for it, you may SIT down,\' the King exclaimed, turning to Alice, that she never knew so much about a thousand.', 1, 1, NULL, '2022-03-08 15:33:30', '2022-03-12 15:33:30'),
(59, 2, 'Provident ipsa saepe quos ea.', NULL, 18, 'Harvey, Effertz and Luettgen', 3, 'quos', 'Refurbished', 'What happened to you? Tell us all about it!\' and he called the Queen, in a sorrowful tone, \'I\'m afraid I\'ve offended it again!\' For the Mouse heard this, it turned round and look up and.', 'Ullam dolor qui et voluptatum sit. Sint laboriosam et qui consectetur quis. Assumenda eaque in qui. Tenetur vel omnis est aut eius minus labore. Et earum et voluptatem quia nostrum quaerat. Provident et incidunt qui ex placeat et. Rerum nulla et aut temporibus. Nemo optio sint iste et porro illum doloremque laboriosam. Est veritatis est sint. Necessitatibus incidunt eos quis adipisci quia labore ipsa sunt. Ipsa voluptatem fuga accusamus eos qui eaque. Similique perferendis temporibus quia tempora. Qui inventore repudiandae rerum sit. Odio dicta quo consectetur exercitationem esse repellat deleniti pariatur. Fugit cumque ratione aliquid officiis autem fuga ut consequatur. Sed est et voluptatem ducimus repudiandae architecto. Sit est illum eveniet eius. Molestiae ad exercitationem quia. Nihil minima eveniet eum eos labore minima vel ab. In quo enim debitis dolorem. Aperiam et reiciendis sunt similique quia quibusdam. Fugiat quae quia aliquam beatae earum ab maxime. Eaque ipsa nostrum laboriosam molestiae pariatur. Corporis id est repellendus dolor quia. Corporis mollitia est assumenda quia enim rerum. Dolores alias aliquid aut rerum. Iure ratione consequuntur aut consequuntur modi. Repellendus non impedit vero earum. Totam quidem velit deserunt voluptatibus id. Rerum eum sed ut nihil ipsam saepe. Repellat delectus qui nemo sit est fuga ut et.', 'a:7:{i:0;s:33:\"Assumenda dolores et optio nihil.\";i:1;s:26:\"Quos qui et magni numquam.\";i:2;s:53:\"Corporis quasi non libero molestiae eaque laboriosam.\";i:3;s:29:\"Quo dolorum quo aut adipisci.\";i:4;s:43:\"Omnis est dolorem dolores ut quod corporis.\";i:5;s:66:\"Rem nulla praesentium consequatur illo perspiciatis quod iste aut.\";i:6;s:36:\"Tenetur deleniti culpa ut a nostrum.\";}', 38, 0, 3, '153.969842', '328.969842', NULL, NULL, NULL, '443.00', 0, '2022-03-13 15:33:00', 1, 'recusandae-similique-quis-delectus-porro', 'a:2:{i:0;i:32;i:1;i:48;}', 'Hic beatae dolore porro quaerat minima exercitationem.', 'VERY much out of the sense, and the White Rabbit, who said in a soothing tone: \'don\'t be angry about it. And yet I wish I had not noticed before, and behind it, it occurred to her ear, and whispered.', 1, 1, NULL, '2022-03-11 15:33:30', '2022-03-10 15:33:30'),
(60, 3, 'Error quisquam laborum eius.', NULL, 26, 'Rutherford-Roob', 4, 'natus', 'New', 'I see\"!\' \'You might just as usual. \'Come, there\'s no room at all comfortable, and it sat down again into its face in some book, but I hadn\'t gone down that rabbit-hole--and yet--and yet--it\'s rather.', 'Enim ratione ipsum neque. Sequi rerum est ducimus amet est. Exercitationem qui est rerum excepturi cum accusantium aut iure. Assumenda ipsum explicabo aut aut eveniet qui et. Saepe unde nemo facere itaque error. Amet est est rerum tenetur fugiat animi. Minima molestiae ut nam neque laborum voluptatem esse. Quos voluptatem dolor esse ut et nam modi ad. Enim blanditiis aliquam sed ut rerum ipsum. Suscipit voluptas ratione quas. Molestiae et architecto cupiditate nulla quam sint asperiores. Eius qui ducimus nobis et eum cupiditate id. Esse aut id vitae enim. Aut sed consequuntur quidem enim quo et. Voluptatem dolores et error autem aut eos. Atque est sint consequuntur consequatur sed. Est perspiciatis aliquid ipsum et pariatur provident corrupti. Est autem minima quam dolorum qui quidem blanditiis. Officiis voluptatem quisquam rem eaque ut incidunt dolorum. Maiores non nesciunt aliquid deleniti dolorum ea. Neque illo sapiente asperiores laudantium occaecati odit. Mollitia temporibus sit maiores earum nobis amet. Repudiandae tenetur at esse. Maiores soluta eius vero eum et sit. Eius suscipit ratione est ea quis et quisquam. Ea hic tenetur hic eos quibusdam sed facilis. Voluptatibus nihil nobis rerum nulla voluptas illo occaecati maiores. Adipisci cupiditate laudantium eveniet nulla est. Qui possimus laudantium facere assumenda excepturi. Ratione voluptates aut odit corrupti autem quo. Labore in tempora repudiandae beatae nobis.', 'a:7:{i:0;s:43:\"Molestias est quis voluptatem qui sapiente.\";i:1;s:48:\"Quia commodi voluptates quisquam minus et iusto.\";i:2;s:46:\"In natus eius architecto voluptatibus numquam.\";i:3;s:39:\"Dolores et quia neque repellat quo est.\";i:4;s:54:\"Modi ut dolores molestiae laborum cum quibusdam dicta.\";i:5;s:31:\"Dignissimos id quo illo eum et.\";i:6;s:28:\"Et sint aut laboriosam quam.\";}', 80, 0, 3, '160.064870', '299.064870', NULL, NULL, NULL, '1744.00', 1, '2022-03-12 15:33:00', 1, 'aspernatur-voluptas-occaecati-voluptatum-et-aut', 'a:3:{i:0;i:5;i:1;i:15;i:2;i:40;}', 'Et aut est officiis ullam.', 'I should say \"With what porpoise?\"\' \'Don\'t you mean \"purpose\"?\' said Alice. \'Come, let\'s hear some of them attempted to explain the paper. \'If there\'s no name signed at the White Rabbit returning.', 0, 1, NULL, '2022-03-01 15:33:30', '2022-03-01 15:33:30'),
(61, 4, 'Sed porro doloribus necessitatibus quas.', NULL, 43, 'Cronin, Stracke and King', 4, 'omnis', 'Refurbished', 'Dormouse, after thinking a minute or two, it was as much as serpents do, you know.\' He was looking about for some time without hearing anything more: at last in the last few minutes that she had.', 'Aut assumenda itaque dolore. Laborum velit ex et repellat deserunt sunt earum eaque. At aliquam minima vel ab. Ut enim aut reprehenderit et nemo suscipit velit. Quo non sed qui quia et aperiam doloribus tenetur. Qui voluptatem qui dolores enim aut asperiores ea et. Dolorem ex eos consequuntur. Vel et enim non laborum fugiat animi voluptatem aut. Est maxime cumque alias sed voluptatem asperiores quas. Ratione sequi cumque et sed unde rerum. Quas in tenetur ut quia porro eos. Qui perspiciatis dolorem laudantium esse laboriosam. Nobis reiciendis saepe assumenda eius quaerat exercitationem est. Ad similique esse iste. Ullam itaque rerum repellat aliquam. Sed neque nam quia cum ipsam. Ut rerum aut aut non eum repellat quo. Sit necessitatibus aliquid sit nobis. Illo nemo at repellendus deserunt consequatur non aut. Sed eos tempore alias aut ipsa nihil. Eius explicabo eum eos. Maxime ab sint et dolor assumenda ea repudiandae odit. Praesentium non dolores earum est quis. Nihil voluptate quia nesciunt. Ipsum dolor culpa nobis et consequuntur ducimus totam. Labore labore a temporibus et quo est ab. Quasi cumque architecto non delectus. Voluptates ut facere nihil qui qui id dolor. Voluptatem atque amet cumque necessitatibus eveniet repellat voluptatibus omnis. Quaerat est fugiat cum ut quia. Officiis hic atque ab occaecati sit modi est. Quisquam illo error aut harum. Quia sapiente iusto omnis sed.', 'a:7:{i:0;s:47:\"Iste culpa corrupti aut autem non explicabo ut.\";i:1;s:65:\"Voluptatem architecto amet a repellendus natus delectus adipisci.\";i:2;s:44:\"Distinctio illum dolore vero non aliquam in.\";i:3;s:53:\"Nam iusto quisquam repellendus sit odio expedita eum.\";i:4;s:52:\"Unde nulla dolore cumque ducimus est ipsum adipisci.\";i:5;s:40:\"Numquam illo autem est aut aut ut et at.\";i:6;s:57:\"Consectetur quia vel culpa quos dignissimos aperiam odit.\";}', 91, 0, 3, '103.619600', '189.619600', '147.619600', '2022-03-14 15:33:00', '2022-03-30 14:33:00', '1973.00', 0, '2022-03-11 15:33:00', 1, 'recusandae-laborum-perspiciatis-architecto', 'a:3:{i:0;i:3;i:1;i:5;i:2;i:43;}', 'Reiciendis in nulla nisi quod dignissimos nisi.', 'QUITE as much right,\' said the Dodo. Then they both sat silent for a minute or two, she made it out loud. \'Thinking again?\' the Duchess sang the second time round, she came upon a low trembling.', 0, 1, NULL, '2022-03-04 15:33:30', '2022-03-08 15:33:30'),
(62, 1, 'Cumque minima dolorem velit animi.', NULL, 27, 'Cormier, Mohr and Spencer', 1, 'aperiam', 'New', 'When the Mouse heard this, it turned a corner, \'Oh my ears and the Panther received knife and fork with a round face, and was going to begin with.\' \'A barrowful will do, to begin with.\' \'A barrowful.', 'Molestiae nisi tempora est ea voluptatem quis ducimus. Neque quam cum repellat id velit omnis. Non in eos rerum. Odio et tempora est quo. Qui cum mollitia eius est voluptatem. Eos modi odit qui temporibus. Eveniet earum adipisci iste est a nihil quia rerum. Eum non aspernatur a libero blanditiis sed repellendus. Sed tempore itaque dolorem aliquid voluptatem. Et et aut est eos veniam repudiandae quia. Vel quo voluptatem magnam magni consequatur. Deserunt consequuntur nulla molestias facere sapiente. Error blanditiis ab occaecati sequi tempore quia esse. A alias fugiat qui ab culpa. Amet sit commodi voluptates ex et perspiciatis. Veniam quis laudantium quas. Ut animi non corporis amet. Est nesciunt non qui. Rerum dolorem ducimus est nostrum. Rerum tempore et necessitatibus est architecto quis. Et suscipit et laudantium minima animi. Quod dignissimos voluptatem delectus voluptate ab. Ea minima accusamus officia explicabo. Sit non omnis et quas quasi suscipit possimus. Et omnis iure natus sit. Aut alias consequatur qui mollitia nihil numquam veritatis. Ut repudiandae doloribus aspernatur optio provident et. Ipsa quo magni doloremque qui. Dicta consequatur autem in. Voluptatem voluptatum nulla inventore. Et et aut ut sit quidem tempore voluptate. Hic beatae accusamus debitis nihil. Veniam omnis officiis aut quia dolorem maxime. Occaecati ipsam rerum adipisci commodi. Quo soluta ex id mollitia.', 'a:7:{i:0;s:33:\"Harum assumenda ut et beatae quo.\";i:1;s:36:\"Fuga error et magni eveniet quaerat.\";i:2;s:65:\"Et similique dolor reprehenderit soluta possimus enim blanditiis.\";i:3;s:32:\"Voluptatem libero voluptates ex.\";i:4;s:39:\"Quod sed illum eum odio sed distinctio.\";i:5;s:63:\"Veniam nostrum et facere dicta corporis consequatur blanditiis.\";i:6;s:34:\"Et ad sit perspiciatis aut beatae.\";}', 15, 0, 3, '72.349675', '183.349675', NULL, NULL, NULL, '1296.00', 0, '2022-03-13 15:33:00', 1, 'non-sit-vero-qui-harum-eos-ut-quo-est', 'a:2:{i:0;i:11;i:1;i:12;}', 'Ut consequatur consequuntur ut nisi hic ratione.', 'Queen said to herself, (not in a mournful tone, \'he won\'t do a thing before, but she could not remember ever having heard of \"Uglification,\"\' Alice ventured to taste it, and burning with curiosity.', 0, 1, NULL, '2022-03-11 15:33:30', '2022-03-09 15:33:30'),
(63, 2, 'Soluta sed pariatur eos et facilis.', NULL, 38, 'Kohler, Lind and Schiller', 1, 'vel', 'Refurbished', 'He trusts to you to get in?\' \'There might be hungry, in which case it would be offended again. \'Mine is a long way back, and barking hoarsely all the while, and fighting for the immediate adoption.', 'Animi similique perspiciatis enim magni perspiciatis quos tenetur. Modi ea voluptatibus magnam maxime. Molestias eius temporibus aut sit ea est. Fugit aut est corrupti id. Ducimus sunt sed quia soluta labore sunt impedit. Qui unde qui iure iste. Voluptatem natus inventore fugit aut. Numquam debitis ut qui quo. Magni aut nihil possimus blanditiis unde dolorem quibusdam. Laudantium nihil magni vitae magnam fugiat qui. Neque adipisci reiciendis perferendis non ipsa itaque deleniti. Vel facilis fugit animi quas consequatur. Amet voluptatem illo maiores. Voluptates quod ab doloribus est praesentium eveniet quis. Cupiditate dolorum eum et corrupti nihil. Necessitatibus magnam consectetur nihil quam distinctio aut facilis. Blanditiis autem amet consequatur aut neque excepturi laboriosam. Omnis fuga dolores consequatur earum. Magni delectus aut quas asperiores atque. Temporibus est nesciunt harum nostrum autem debitis. Molestiae deserunt nihil et laborum voluptas vero. Saepe eveniet consequatur dolorem officia veritatis iste. Et ut dignissimos sint et. Rem ut maxime quae ab tenetur. Et perferendis enim facere atque asperiores. Nemo ut illum commodi. Praesentium error velit quisquam animi. Dolorem voluptas tempora aut ipsum omnis adipisci. Temporibus ea adipisci repudiandae ut voluptas impedit. Qui officiis ipsum officia inventore autem non accusamus. Ipsa et dolor illo sit assumenda.', 'a:7:{i:0;s:43:\"Id et architecto amet nihil ea nam aliquam.\";i:1;s:27:\"Voluptatum neque non et et.\";i:2;s:54:\"Rerum quaerat tempore omnis esse corrupti fugit neque.\";i:3;s:44:\"Ullam esse dicta tenetur itaque sequi illum.\";i:4;s:45:\"Eum consequatur enim provident molestias vel.\";i:5;s:47:\"Et accusamus temporibus quisquam quis nesciunt.\";i:6;s:49:\"Aut repellendus vel explicabo nostrum aut maxime.\";}', 57, 0, 3, '209.490000', '400.490000', NULL, NULL, NULL, '750.00', 1, '2022-03-11 15:33:00', 1, 'ipsam-assumenda-est-autem', 'a:3:{i:0;i:1;i:1;i:37;i:2;i:44;}', 'Non doloremque quis excepturi nemo facere neque est nihil.', 'I\'ll manage better this time,\' she said to herself, \'the way all the time they had to stop and untwist it. After a while, finding that nothing more happened, she decided on going into the wood to.', 1, 1, NULL, '2022-03-05 15:33:30', '2022-03-06 15:33:30'),
(64, 2, 'Impedit aliquid ipsum eius beatae quasi ex.', NULL, 39, 'Crooks Inc', 3, 'aspernatur', 'New', 'Dormouse turned out, and, by the little passage: and THEN--she found herself safe in a great deal too far off to the Mock Turtle said with a whiting. Now you know.\' Alice had been jumping about like.', 'Sed at dolorum rerum nisi necessitatibus accusantium. Amet tempora dignissimos esse in. Necessitatibus aspernatur mollitia aut. Optio modi magnam eos labore. Dolorem cupiditate neque quod cum omnis sequi ullam. Consequuntur sint expedita rerum quia aperiam magnam vel. Assumenda animi sit illo qui. Nesciunt voluptatem quos et unde. Sit et et aut facere aut quo eius. Iste labore atque unde sunt reiciendis alias laudantium. Et tenetur reprehenderit est a consequatur consequuntur. Natus autem tenetur voluptates odit dolorum illo ratione officia. Id est consectetur quo nesciunt. Illo laboriosam nihil ipsum consequuntur quia. Delectus consequuntur aliquam consequuntur. Quis amet repellat enim. Rem reprehenderit dolores nemo omnis suscipit. Quo omnis ullam eaque quaerat voluptas maiores. Numquam eum molestiae nesciunt aut. Quis quod dicta consequatur repudiandae. Voluptate veniam ut sunt et. Dolor iusto est atque ut. Sit rem ducimus quis molestiae facere possimus saepe. Ut a mollitia enim magni assumenda qui. Qui nulla earum architecto est non. Cum reprehenderit dolorem mollitia voluptas. Nulla qui sed id qui. Laboriosam officiis in temporibus nostrum atque. Est voluptatibus consequatur blanditiis a. Qui doloribus quibusdam beatae. Et expedita rerum harum quia fuga blanditiis ut. Ea cum excepturi nostrum. Quaerat explicabo alias neque rerum consequuntur fugiat. Iste veritatis quae omnis id architecto. Maiores dicta voluptas quibusdam id. Illo dolor eum omnis autem.', 'a:7:{i:0;s:25:\"Voluptatum quo fuga quia.\";i:1;s:46:\"Nihil ducimus cum veniam et voluptatum minima.\";i:2;s:51:\"Minus qui modi adipisci cumque temporibus incidunt.\";i:3;s:31:\"Error nisi maiores magnam quis.\";i:4;s:42:\"Quia illum excepturi natus illo eos ipsam.\";i:5;s:49:\"Maxime ut quia laborum ea minima pariatur cumque.\";i:6;s:44:\"Error ipsum dolores error suscipit suscipit.\";}', 25, 0, 3, '391.522000', '496.522000', '422.522000', '2022-03-14 15:33:00', '2022-03-25 15:33:00', '1443.00', 1, '2022-03-13 15:33:00', 1, 'pariatur-sed-et-aut-ea-quia-consequuntur-dolores-et', 'a:3:{i:0;i:16;i:1;i:28;i:2;i:38;}', 'Eius et harum voluptates qui aut aliquam et.', 'Lobster Quadrille, that she did not like the wind, and the fan, and skurried away into the air. This time Alice waited a little, half expecting to see the earth takes twenty-four hours to turn into.', 1, 1, NULL, '2022-02-28 15:33:30', '2022-03-08 15:33:30'),
(65, 1, 'Voluptatem aut hic provident non molestias quia.', NULL, 20, 'Kulas Inc', 1, 'ea', 'Refurbished', 'ALL RETURNED FROM HIM TO YOU,\"\' said Alice. \'Well, then,\' the Cat in a furious passion, and went in. The door led right into a large cauldron which seemed to have changed since her swim in the.', 'Atque accusantium nostrum autem fugiat asperiores. Amet molestiae similique et voluptatum doloremque soluta neque. Inventore incidunt quae doloribus nulla. Consectetur quibusdam eveniet optio et quos ut. Dolorem animi nostrum molestias animi nisi qui. Et fugit quos autem nobis. At ut aperiam quam nostrum sit iure est. Atque eveniet beatae id voluptates non ex et. Fugiat similique doloremque laboriosam aut similique voluptas. Sed et aperiam neque nam. Ut est non repellat maiores laudantium commodi. Amet ab ad quia ullam rerum cum illum. Est dolorem iste non eaque commodi. Ea eaque atque accusamus amet in. Omnis est reprehenderit corporis nisi. Sunt in impedit aliquam omnis eius sint. Et provident tempore dignissimos debitis laboriosam voluptate qui. Aperiam qui illo consequatur et dolor tempora quo dolorem. Ut voluptatem voluptatibus rerum nihil porro. Eius ducimus repellendus autem repellendus qui unde omnis quasi. Reprehenderit pariatur quo aut quod sint. Natus quas impedit sapiente. Non nostrum veniam totam dolor et. Reiciendis dolores perspiciatis laboriosam molestias earum officia. Eveniet sed officiis aliquid ut praesentium. Dolore labore quo ea aut vitae. Sed illum distinctio optio et harum. Atque molestiae quidem est rerum eos optio beatae. Blanditiis similique nihil at excepturi. Eveniet nemo aspernatur cumque deleniti magnam soluta. Minus nihil ratione similique excepturi. Tempore eum quasi facere itaque itaque. Non facilis fugit et qui deserunt incidunt reiciendis.', 'a:7:{i:0;s:55:\"Iure veritatis voluptatibus occaecati quos omnis porro.\";i:1;s:44:\"Omnis in qui et architecto fuga consequatur.\";i:2;s:45:\"Unde quia tempora aut ipsum possimus facilis.\";i:3;s:32:\"Quasi sapiente omnis voluptatem.\";i:4;s:31:\"Vel ut ad magni earum rerum at.\";i:5;s:49:\"Voluptatem placeat neque unde quia autem ratione.\";i:6;s:34:\"Qui libero aut quibusdam vero non.\";}', 33, 0, 3, '361.233358', '505.233358', '440.233358', '2022-03-14 15:33:00', '2022-03-30 14:33:00', '438.00', 1, '2022-03-13 15:33:00', 1, 'in-ab-consequuntur-cumque-provident', 'a:3:{i:0;i:26;i:1;i:33;i:2;i:35;}', 'Doloremque animi nobis et natus laboriosam qui.', 'COULD grin.\' \'They all can,\' said the King. \'It began with the distant green leaves. As there seemed to be a comfort, one way--never to be a walrus or hippopotamus, but then she noticed that the.', 1, 1, NULL, '2022-02-27 15:33:30', '2022-03-06 15:33:30'),
(66, 5, 'Occaecati similique inventore dolorem architecto.', NULL, 30, 'Crooks Inc', 1, 'blanditiis', 'Used', 'Who ever saw in another minute the whole party at once set to work very diligently to write this down on her lap as if nothing had happened. \'How am I to do this, so she went on, without attending.', 'Qui consequuntur voluptatem ducimus maxime non. Doloremque repudiandae magni rerum sed odio ipsa. Est nihil atque consequatur quibusdam nulla explicabo. At atque dolor consequatur. Qui id rerum velit nostrum. Rem quia quibusdam magnam qui. Commodi provident quisquam sunt ut. Cupiditate impedit quis provident commodi ratione aut sunt dolor. Deserunt est culpa sint ipsa et tempora. Beatae aliquam nisi et. Et voluptatibus quas nihil nostrum velit. Iure sit aut tempora. Minus in consequatur est placeat facilis ut et. Temporibus temporibus maiores sunt provident officiis iure. Unde nulla quis ea harum. Ratione saepe laudantium incidunt qui. Aspernatur illo incidunt et voluptatem consequatur. Perspiciatis itaque architecto cumque aut minus qui. Et nihil sed repudiandae fuga ut odit. Qui aut occaecati quis fuga enim officiis magni. Velit reiciendis molestiae quas sit iusto. Incidunt at enim earum nesciunt dolorum non. Occaecati explicabo voluptates necessitatibus qui. Debitis est voluptas eligendi accusamus quis omnis totam. Voluptatibus saepe eaque esse amet temporibus. Qui non mollitia eveniet amet non itaque ut. Harum totam minima voluptatem omnis quis quidem. Deserunt quos et dignissimos qui laudantium modi. Maiores voluptatibus nostrum hic dolores rerum et. Quia voluptas labore sit odit aspernatur. Et animi tempore nostrum sint nostrum. Enim ex ut unde laborum vitae fuga temporibus.', 'a:7:{i:0;s:43:\"Voluptatem eum non nam reiciendis deserunt.\";i:1;s:36:\"Veritatis fugiat qui molestiae quas.\";i:2;s:41:\"Velit consequatur voluptate vitae sit at.\";i:3;s:36:\"Omnis asperiores eaque eveniet nemo.\";i:4;s:44:\"Modi nesciunt error harum dolorum accusamus.\";i:5;s:68:\"Non voluptas tempora corrupti aut blanditiis voluptas illo quisquam.\";i:6;s:49:\"Eaque ut et accusamus suscipit in possimus velit.\";}', 69, 0, 3, '320.468035', '388.468035', NULL, NULL, NULL, '1059.00', 0, '2022-03-13 15:33:00', 1, 'ex-corporis-nam-sed-cum-voluptas-sed-error', 'a:3:{i:0;i:0;i:1;i:29;i:2;i:39;}', 'Corporis quod sapiente est ad nam aut.', 'Alice. \'I don\'t know the way down one side and up the fan and gloves--that is, if I shall be a book of rules for shutting people up like a tunnel for some time busily writing in his sleep, \'that \"I.', 0, 1, NULL, '2022-03-09 15:33:30', '2022-02-28 15:33:30'),
(67, 5, 'Et id id sit corporis sit quis.', NULL, 44, 'Kulas Inc', 1, 'et', 'New', 'RABBIT\' engraved upon it. She felt that she hardly knew what she was up to the cur, \"Such a trial, dear Sir, With no jury or judge, would be like, but it makes rather a hard word, I will tell you.', 'Ex et eius sed blanditiis cum. Voluptatem sequi corrupti nulla expedita est. At laborum ratione sunt blanditiis. Ullam mollitia modi soluta deserunt mollitia molestiae. Quibusdam reiciendis veritatis laudantium in deserunt aut. Autem vel unde omnis ea ratione. Culpa placeat ipsa nostrum molestiae reiciendis aut omnis qui. Et voluptatem non laborum velit et doloremque. Ex ab reiciendis explicabo in ea neque vel. Unde ut temporibus repellendus. Fuga nesciunt provident qui. Veritatis non cupiditate molestiae minus. Ut est reiciendis officia. Soluta sint in voluptatem libero consequatur totam. Accusamus culpa doloribus non impedit magnam assumenda. Eos architecto officia occaecati dolorum at accusantium. Aspernatur repudiandae unde nam ducimus provident rerum commodi. Hic dolores aut tenetur earum et quod suscipit. Ipsam suscipit non ratione nulla. Natus ea dolorem earum dolorum molestiae. Quis provident corrupti architecto tempore sequi voluptas mollitia. Ducimus qui sunt incidunt facilis. Est facere alias consequatur autem rerum vitae. Distinctio reprehenderit consequatur delectus voluptatem. Ex tempora dolore architecto ipsum fugit. Non non vel consequuntur consequuntur qui. Aut quia molestiae dolorem accusamus et ipsa omnis. Deserunt voluptatem commodi quisquam fugiat. Et totam velit ipsa in. Aut consequatur eligendi impedit. Aut aut nemo maiores id. Debitis quod omnis nobis delectus incidunt beatae. Iusto quia voluptas quibusdam ea eligendi.', 'a:7:{i:0;s:57:\"Qui fugiat consequatur soluta dolorum laudantium aliquam.\";i:1;s:57:\"Voluptatem voluptates et provident voluptas animi est ut.\";i:2;s:32:\"Sunt quia iste eius qui sit eum.\";i:3;s:73:\"Repellat sint veritatis cumque reprehenderit maiores ut maxime doloribus.\";i:4;s:36:\"Quasi sed facere temporibus numquam.\";i:5;s:53:\"Porro repellendus veniam eius aspernatur consequatur.\";i:6;s:51:\"Consequatur et quis nemo quisquam error temporibus.\";}', 57, 0, 3, '141.822006', '241.822006', NULL, NULL, NULL, '628.00', 1, '2022-03-12 15:33:00', 1, 'corrupti-repellendus-et-aut', 'a:3:{i:0;i:2;i:1;i:7;i:2;i:10;}', 'Id quas et voluptatem aut accusamus.', 'There\'s no pleasing them!\' Alice was not here before,\' said Alice,) and round goes the clock in a low voice, \'Your Majesty must cross-examine THIS witness.\' \'Well, if I would talk on such a thing.', 0, 1, NULL, '2022-03-07 15:33:30', '2022-03-03 15:33:30'),
(68, 2, 'Illo ducimus saepe consequuntur et quae possimus veritatis.', NULL, 45, 'Kohler, Lind and Schiller', 4, 'consequatur', 'New', 'Cat, and vanished again. Alice waited a little, and then hurried on, Alice started to her to speak again. In a minute or two. \'They couldn\'t have wanted it much,\' said the Gryphon. \'Turn a.', 'Cum voluptas nisi ex voluptatem. Quasi minima quis accusantium nisi quo aperiam. Dolores sint omnis aliquid impedit cupiditate ut similique impedit. Praesentium dolorem sapiente eius omnis. Minus maiores harum omnis. Quae voluptas est incidunt quo porro adipisci voluptatibus. In quia veniam doloremque id voluptatibus sapiente sunt. Voluptas porro cupiditate numquam qui nam quod provident. Ut sit et et. Tempore repudiandae natus labore omnis. Sequi minima optio accusamus enim laboriosam. Ut suscipit mollitia est quae mollitia qui nisi. Optio ut eveniet voluptate laborum dolorem hic. Quae sint alias voluptatem consectetur illum. Quo ea ducimus quia. Distinctio quas est est architecto. Et dolorum voluptatem enim omnis hic ea. Iusto est explicabo ea ab est dolor fugit. Veritatis dolorem eum sed ut est velit cumque. Sequi officia qui delectus blanditiis in nemo necessitatibus et. Tenetur exercitationem placeat omnis porro in accusantium quam distinctio. Fugit nostrum aliquam sit et. Nostrum nihil veritatis aliquam et et officiis minima. Adipisci laboriosam laudantium mollitia error quo harum et. Quia odit aperiam quibusdam. Quasi officia repellendus suscipit impedit quod assumenda ipsum. Alias doloremque ut laudantium nam reiciendis quia voluptates. Nostrum perspiciatis esse perferendis sequi. Labore in nobis est officia rerum. Inventore incidunt ut sit dolores et. Ipsum repellendus rerum sequi et. Magnam non ex nemo fuga quibusdam nihil accusamus.', 'a:7:{i:0;s:23:\"Laudantium et dolor et.\";i:1;s:60:\"Quas incidunt reprehenderit ab et sed cupiditate architecto.\";i:2;s:38:\"Qui ipsam veniam voluptas perferendis.\";i:3;s:50:\"Et dolorem facilis explicabo tenetur qui vel illo.\";i:4;s:64:\"Voluptatem blanditiis enim temporibus dolor ratione officiis ad.\";i:5;s:59:\"Aspernatur esse numquam eligendi eaque voluptas voluptatum.\";i:6;s:46:\"Aliquid beatae sed repellendus doloribus sint.\";}', 26, 0, 3, '244.673113', '257.673113', NULL, NULL, NULL, '922.00', 0, '2022-03-11 15:33:00', 1, 'alias-vel-autem-in-porro-corrupti-veritatis-animi-nihil', 'a:3:{i:0;i:3;i:1;i:7;i:2;i:40;}', 'Quaerat a consequatur nobis aliquam architecto.', 'How the Owl had the dish as its share of the wood for fear of killing somebody, so managed to swallow a morsel of the gloves, and she heard the Rabbit angrily. \'Here! Come and help me out of a good.', 0, 1, NULL, '2022-03-12 15:33:30', '2022-03-07 15:33:30'),
(69, 2, 'Voluptas sed natus nemo.', NULL, 21, 'Cormier, Mohr and Spencer', 3, 'rerum', 'New', 'PLEASE mind what you\'re doing!\' cried Alice, with a table set out under a tree in the wind, and the little door, had vanished completely. Very soon the Rabbit coming to look about her other little.', 'Maxime dolor id corporis ut quo vitae. Tempore id sed quod explicabo. Id ullam molestias aut est aliquid ratione. Soluta corrupti excepturi temporibus earum temporibus repellat iste. Dolorum rerum rem natus accusantium amet tempora dicta. Quas quod quas ab corrupti. Reiciendis cum quasi ut perferendis non vitae in. Laboriosam libero incidunt magni. Eius voluptates culpa quod dolorem. Eum facere in vero impedit natus. Consectetur autem optio omnis necessitatibus. Harum quo exercitationem maxime aliquam. Mollitia aperiam et eveniet quidem voluptatibus aut ut. Necessitatibus ratione soluta at quia dolore perferendis maiores. Ea architecto et et. Debitis similique optio incidunt vitae et error saepe. Accusantium excepturi aut voluptatem omnis aut distinctio. Porro quam et molestiae quas qui assumenda necessitatibus non. Et facere veniam quia optio est consequatur maxime aut. Et voluptatibus laudantium veniam ut aliquam aliquam omnis. Veritatis soluta nulla non sed accusantium et quia. Laudantium repellendus et voluptatem itaque vel distinctio. Neque similique est hic laudantium facere. Sed perspiciatis ullam quisquam deleniti debitis et. Qui facere neque quo id velit laudantium quisquam consequatur. Itaque veritatis ex repellendus error voluptatem. Incidunt modi excepturi ut laboriosam hic sed. Dolore vel tempora nemo quae a. Error deleniti nam voluptate praesentium cupiditate minus labore.', 'a:7:{i:0;s:32:\"Vel nam voluptatem fugiat dolor.\";i:1;s:20:\"Dolor enim nulla ut.\";i:2;s:37:\"Consequatur natus consequuntur et ut.\";i:3;s:59:\"Excepturi harum provident officia est dolorem vel deserunt.\";i:4;s:56:\"Consequatur aut eaque eligendi illum optio repellat sed.\";i:5;s:39:\"Dolores quia nihil esse rem minima sed.\";i:6;s:33:\"Sit omnis omnis eaque laboriosam.\";}', 60, 0, 3, '77.432000', '194.432000', '173.432000', '2022-03-14 15:33:00', '2022-03-23 15:33:00', '606.00', 1, '2022-03-11 15:33:00', 1, 'sint-dolorem-impedit-nisi-qui-sunt-doloribus', 'a:3:{i:0;i:1;i:1;i:4;i:2;i:12;}', 'Et ut dicta vero est quas dolorum.', 'Queen to play croquet with the Gryphon. \'I\'ve forgotten the Duchess sneezed occasionally; and as he said in a very good advice, (though she very good-naturedly began hunting about for them, and just.', 0, 1, NULL, '2022-03-01 15:33:30', '2022-03-12 15:33:30'),
(70, 5, 'Delectus eaque ut ut ipsa autem sint.', NULL, 29, 'Pouros, Nikolaus and Hoppe', 1, 'nisi', 'Refurbished', 'There was certainly English. \'I don\'t much care where--\' said Alice. The King looked anxiously at the picture.) \'Up, lazy thing!\' said Alice, seriously, \'I\'ll have nothing more happened, she decided.', 'Quia ducimus debitis at et et. Cumque commodi ut ea. Adipisci omnis eius sit reprehenderit et. Dignissimos ut sit veniam quia laudantium. Cum voluptas dolor laborum perferendis. Fuga quis qui sed illo itaque nam. Quas quis quia sint dolorum ex. Voluptates dolore rem in dicta quis est. Nostrum repellendus vero consequatur minus. Asperiores enim aut doloremque qui ullam enim quia aliquid. Nobis expedita sed quas et et fuga ratione vel. Sed illo quaerat aspernatur incidunt. Qui quia eius corrupti quia voluptatem ut. Temporibus dolor sapiente maxime. Quis aut nemo quisquam error. Accusantium adipisci officiis laboriosam accusantium porro possimus quidem. Corrupti autem officia accusamus error dicta nihil. Sint facilis eum iste possimus. Ex asperiores asperiores totam repellendus eaque eos saepe. Distinctio cum ut a harum et consectetur blanditiis dolorum. Quis cupiditate ex debitis officiis ea qui quia. Facilis necessitatibus aliquam itaque et repellat repellat. Quos necessitatibus et nostrum saepe iste ut a. Atque rerum soluta eum qui quia sed nostrum doloremque. Quae unde veritatis officia velit. Perferendis odit mollitia hic repellat et totam facilis. Quo nesciunt voluptates architecto facere expedita et ratione. Esse itaque soluta quam et. Aut et voluptate ducimus maiores dolorum omnis numquam ipsam. Numquam sed aperiam autem alias facilis commodi. Hic reiciendis tempora maxime libero ex. Voluptates sapiente ea qui et officia eos.', 'a:7:{i:0;s:60:\"Qui nulla necessitatibus temporibus voluptatibus omnis odio.\";i:1;s:51:\"Explicabo ut est quam quisquam et temporibus magni.\";i:2;s:42:\"Quo tenetur nisi dolor est praesentium ut.\";i:3;s:52:\"Velit sit perferendis quam voluptate et aliquid nam.\";i:4;s:33:\"Nemo est quasi ipsam itaque quia.\";i:5;s:28:\"Libero fugit nisi omnis aut.\";i:6;s:51:\"Voluptatem quia provident rerum doloribus quia eum.\";}', 26, 0, 3, '107.800000', '222.800000', '212.800000', '2022-03-14 15:33:00', '2022-03-28 14:33:00', '407.00', 0, '2022-03-13 15:33:00', 1, 'dolorum-accusantium-vel-non-ut-soluta-sunt-et-est', 'a:3:{i:0;i:21;i:1;i:25;i:2;i:45;}', 'Fugit quis hic doloremque dolorum aperiam voluptatum.', 'WILL do next! As for pulling me out of the month is it?\' \'Why,\' said the Duchess, \'as pigs have to fly; and the Mock Turtle replied in an angry voice--the Rabbit\'s--\'Pat! Pat! Where are you?\' And.', 0, 1, NULL, '2022-03-09 15:33:30', '2022-03-07 15:33:30'),
(71, 3, 'Impedit velit sed aliquid.', NULL, 6, 'Rosenbaum, White and Langosh', 4, 'consequatur', 'Used', 'Mock Turtle. \'Certainly not!\' said Alice as he came, \'Oh! the Duchess, as she tucked it away under her arm, that it seemed quite natural to Alice a good deal until she made out the proper way of.', 'Quod consequatur aut et rerum consequatur unde. Qui repudiandae ea voluptas voluptatum. Debitis aliquam alias omnis. A autem quia distinctio tempora et velit. Maiores consectetur aliquam necessitatibus nulla quod. Consequuntur quia aut quis sint rerum sunt illum. Aut enim deserunt sit ut necessitatibus enim. Laudantium laudantium sapiente consectetur laborum. Mollitia nulla explicabo a ut nisi. Impedit nostrum vitae nobis. Illo sint qui molestias odit nisi fugit iste sequi. Quis impedit qui rerum consequatur eum quod. Quis laudantium tempore at omnis vitae. Nihil velit voluptatem ducimus eligendi quaerat. Iusto amet illum excepturi explicabo ratione eos. Eveniet qui minus sed maxime hic. Ipsum voluptas laboriosam voluptatem aut ea placeat. Eum expedita aut id ducimus sed ea. Nisi delectus placeat voluptas cumque mollitia sapiente. Omnis ex corrupti omnis ut omnis provident totam. Id non ex minus perspiciatis qui doloribus cupiditate et. Sit id velit earum maxime. Ea dolor repudiandae nemo nostrum molestias optio in. Voluptas et dignissimos at occaecati. Corporis qui vero excepturi minima beatae. Voluptas quis expedita repudiandae voluptatum perspiciatis. Labore neque ut vero temporibus. Esse quia et dolore dolor corporis. Rerum modi omnis placeat quidem et ut sint. Officiis cumque debitis dignissimos aut unde.', 'a:7:{i:0;s:47:\"Fugiat rerum omnis et illum cumque accusantium.\";i:1;s:41:\"Cupiditate tempora iure dolorem in dolor.\";i:2;s:37:\"Iusto consequuntur non quo assumenda.\";i:3;s:45:\"Veritatis et nostrum ducimus nisi voluptatem.\";i:4;s:73:\"Sit recusandae voluptas deleniti est laudantium incidunt debitis placeat.\";i:5;s:37:\"Excepturi sapiente ad recusandae aut.\";i:6;s:26:\"Iusto similique et non et.\";}', 76, 0, 3, '355.309200', '553.309200', '292.309200', '2022-03-14 15:33:00', '2022-03-27 14:33:00', '1877.00', 1, '2022-03-13 15:33:00', 1, 'quisquam-optio-rem-tempore-quibusdam-nostrum-incidunt-saepe', 'a:3:{i:0;i:16;i:1;i:25;i:2;i:43;}', 'Quis occaecati quidem deleniti expedita.', 'Hatter said, turning to Alice, that she wanted to send the hedgehog to, and, as a last resource, she put her hand on the trumpet, and called out, \'Sit down, all of them bowed low. \'Would you like.', 0, 1, NULL, '2022-03-05 15:33:30', '2022-03-03 15:33:30'),
(72, 2, 'Eum aliquid assumenda aspernatur qui.', NULL, 43, 'Rosenbaum, White and Langosh', 3, 'modi', 'Refurbished', 'Alice was not a moment like a frog; and both creatures hid their faces in their mouths. So they went up to them to sell,\' the Hatter said, turning to the door. \'Call the first to break the silence.', 'Delectus sit sed omnis beatae molestiae ad et. Delectus laboriosam molestias illum nihil consequatur. Molestiae qui quis ut recusandae et et. Architecto ipsam voluptatem quasi et sit placeat. Dolores mollitia commodi qui. Iure voluptatem nisi et assumenda. Esse ut eius repellendus minus aut ut corrupti. Similique expedita placeat voluptatem. Officiis porro nesciunt exercitationem in veniam rerum praesentium. Aut unde asperiores et autem sint distinctio dolorum. Repellat asperiores minima sunt est eum. Et expedita blanditiis soluta facilis omnis. Laborum doloremque error earum consectetur. Nihil quasi quibusdam quas quae velit et enim. Voluptas impedit ut eaque ut doloremque. Consequatur accusamus dolores dolores necessitatibus explicabo. Nihil aliquam deserunt perspiciatis odit. In eum ut aut numquam ad qui quis. Harum maxime odit occaecati dolores nesciunt. Ratione eveniet repellendus animi non libero. Dolores sunt qui officia. Consequatur laudantium est impedit repellendus non. Error voluptates saepe alias recusandae mollitia recusandae laborum. Et sit quia excepturi dolorem. Temporibus voluptatibus perspiciatis iusto et quia sit. Nam quae voluptatem facilis quae. Rem rerum rerum quia magni ad. Tenetur vero voluptas sit at. Omnis cum quam id aliquid. Optio nulla quidem repellat praesentium. Provident consequuntur qui quo ratione velit ullam debitis ea. Earum atque ipsum voluptate vel exercitationem officiis. Officiis voluptatem et totam impedit ipsum.', 'a:7:{i:0;s:37:\"Id et excepturi a cum delectus iusto.\";i:1;s:60:\"Dolore eveniet veritatis voluptate facilis cupiditate sequi.\";i:2;s:74:\"Asperiores voluptatem adipisci est voluptatem fuga similique maiores quae.\";i:3;s:32:\"Eligendi quis omnis ut repellat.\";i:4;s:38:\"Corrupti id illo atque ipsa eos ipsum.\";i:5;s:44:\"Quas possimus laborum dolorem et asperiores.\";i:6;s:27:\"Qui ut rerum natus nisi et.\";}', 49, 0, 3, '167.541800', '195.541800', NULL, NULL, NULL, '1637.00', 0, '2022-03-11 15:33:00', 1, 'amet-eaque-sed-repellendus-aut', 'a:3:{i:0;i:5;i:1;i:33;i:2;i:37;}', 'Enim est magnam dolorem.', 'Hatter, who turned pale and fidgeted. \'Give your evidence,\' the King triumphantly, pointing to Alice with one eye; but to open them again, and made another rush at the end of the trial.\' \'Stupid.', 1, 1, NULL, '2022-02-28 15:33:30', '2022-03-07 15:33:30');
INSERT INTO `inventories` (`id`, `shop_id`, `title`, `warehouse_id`, `product_id`, `brand`, `supplier_id`, `sku`, `condition`, `condition_note`, `description`, `key_features`, `stock_quantity`, `damaged_quantity`, `user_id`, `purchase_price`, `sale_price`, `offer_price`, `offer_start`, `offer_end`, `shipping_weight`, `free_shipping`, `available_from`, `min_order_quantity`, `slug`, `linked_items`, `meta_title`, `meta_description`, `stuff_pick`, `active`, `deleted_at`, `created_at`, `updated_at`) VALUES
(73, 2, 'Excepturi consequatur est quia ea adipisci laboriosam molestias iure.', NULL, 17, 'Pouros, Nikolaus and Hoppe', 2, 'ratione', 'Refurbished', 'King, with an M?\' said Alice. \'Why?\' \'IT DOES THE BOOTS AND SHOES.\' the Gryphon interrupted in a very small cake, on which the wretched Hatter trembled so, that Alice had begun to repeat it, when a.', 'Necessitatibus et incidunt aut deserunt. Est atque odit nobis soluta asperiores non pariatur. Voluptates esse necessitatibus velit aspernatur corrupti suscipit. Et et alias alias eaque nesciunt. Quis sed architecto sint quae at perferendis voluptas. Quis vero reiciendis alias minus est similique neque veritatis. Ut provident dolores quo nihil nihil sed et voluptas. Et voluptatem rem quo impedit ea. Omnis doloribus eligendi et est. Itaque accusantium dolorum sequi aut. Tenetur ut rerum sunt molestiae officiis quod. Esse maiores pariatur recusandae aperiam. Consequuntur assumenda necessitatibus qui quibusdam consequuntur totam fuga qui. Molestiae unde corporis consequuntur ipsa iusto. Sint nostrum totam fugiat qui. Nostrum voluptatum quidem vel odio doloremque. Dolor quis sit odio. Vero velit quo dolores illo non magni nostrum. Dolorem asperiores aspernatur harum laudantium dolorum. Est tempore facilis omnis eaque. Debitis et quo architecto sint. Quidem et voluptatem quos. Voluptatum molestiae consequuntur minima nulla odit expedita. Nemo recusandae sed sint porro accusamus amet veniam. Architecto sed ad modi omnis. Ex velit impedit in molestiae labore eligendi. Sapiente dignissimos magni id. Animi amet voluptatem natus pariatur exercitationem. Et et recusandae quo at est. Nisi tempora ut occaecati omnis sed reprehenderit officiis. Molestias ut aliquam impedit nisi dolorem. Laborum delectus tenetur laborum sit ut harum. Sed officiis placeat eos ipsa vel minus.', 'a:7:{i:0;s:52:\"Aut labore eum fugiat veritatis accusantium eos rem.\";i:1;s:44:\"Et doloribus dolore aut provident assumenda.\";i:2;s:25:\"Natus cum quam iusto aut.\";i:3;s:38:\"In qui blanditiis quisquam voluptatum.\";i:4;s:63:\"Quia excepturi cum facilis impedit qui aspernatur et assumenda.\";i:5;s:36:\"Vel odit optio fugit enim voluptate.\";i:6;s:61:\"Facilis consequatur reprehenderit nihil non voluptates et et.\";}', 70, 0, 3, '365.490000', '467.490000', NULL, NULL, NULL, '108.00', 1, '2022-03-12 15:33:00', 1, 'qui-laboriosam-natus-ducimus-omnis', 'a:3:{i:0;i:37;i:1;i:40;i:2;i:44;}', 'Occaecati possimus nihil rerum consequatur quae.', 'Pray how did you ever eat a little worried. \'Just about as much use in saying anything more till the eyes appeared, and then I\'ll tell him--it was for bringing the cook and the little golden key was.', 1, 1, NULL, '2022-03-11 15:33:30', '2022-03-11 15:33:30'),
(74, 2, 'Placeat doloremque quis consequuntur tempora non porro laboriosam.', NULL, 46, 'Pouros, Nikolaus and Hoppe', 5, 'quam', 'New', 'Alice like the Mock Turtle repeated thoughtfully. \'I should think it so quickly that the poor little thing howled so, that Alice quite jumped; but she had put on one side, to look down and cried.', 'Voluptas in quia fugit esse. Adipisci saepe fugiat fugiat hic mollitia placeat vel. Et esse aut quaerat quo odit ut consequatur voluptatem. Quidem dolor delectus autem eos qui aut voluptatem. Quidem ratione temporibus omnis distinctio iure. Fugit repudiandae et ea nobis. Et aut accusantium consequatur ducimus. Quae et rem illum laboriosam id. Sit tempore ea dolorem est quam quas iure. Autem aut perferendis sed molestiae. Non voluptate quia est rerum omnis magnam ducimus. Aspernatur provident dolor ut itaque. Ea quaerat animi eveniet voluptatem voluptates voluptatem. Amet modi dolorem occaecati quis corporis sed. Blanditiis aliquam quae vero laboriosam. Cupiditate voluptatem reprehenderit est quae perferendis maiores fugit. Et aut dolor optio. Ut iste perferendis consequatur ipsum. Autem quis cupiditate laudantium enim rerum ipsa voluptatum. Enim quis est rerum. Aliquid cumque consequuntur velit inventore atque. Laboriosam possimus ut quisquam rem eligendi asperiores accusantium et. Sed provident non qui fugiat occaecati cupiditate excepturi. Animi non facilis amet et sint iure. Id voluptatem delectus in esse id. Id voluptatem fugiat voluptatem ut amet. Autem mollitia illo non inventore. Nisi quis veniam veritatis voluptatem laborum quos unde. Error possimus modi distinctio est maiores et. Amet tenetur autem ea est. Optio ratione veniam qui voluptas et nostrum dignissimos placeat. Architecto non consequuntur rem impedit. Ipsam non voluptatem architecto optio culpa minima.', 'a:7:{i:0;s:26:\"Ea porro mollitia vel hic.\";i:1;s:42:\"Consectetur placeat dolorem ea voluptatem.\";i:2;s:38:\"Quam tempora et accusamus earum id et.\";i:3;s:48:\"Laudantium blanditiis qui expedita pariatur qui.\";i:4;s:39:\"Saepe vel eveniet sed enim aliquam aut.\";i:5;s:38:\"Unde architecto eveniet maiores optio.\";i:6;s:59:\"Facilis dolorum neque quae non est voluptatem possimus sit.\";}', 68, 0, 3, '283.000000', '368.000000', '220.000000', '2022-03-14 15:33:00', '2022-03-28 14:33:00', '1809.00', 1, '2022-03-12 15:33:00', 1, 'dolorum-id-quo-suscipit-illo-voluptas-laboriosam-rerum', 'a:3:{i:0;i:6;i:1;i:41;i:2;i:44;}', 'Dolor ad et qui soluta eius accusantium qui.', 'Said his father; \'don\'t give yourself airs! Do you think you\'re changed, do you?\' \'I\'m afraid I can\'t be Mabel, for I know is, something comes at me like a mouse, you know. So you see, as she swam.', 0, 1, NULL, '2022-03-03 15:33:31', '2022-03-09 15:33:31'),
(75, 1, 'Porro voluptatibus expedita nulla dolore repellendus omnis omnis.', NULL, 46, 'acme', 1, 'vero', 'New', 'Puss,\' she began, in a trembling voice, \'--and I hadn\'t drunk quite so much!\' said Alice, feeling very glad to get through the door, and tried to say \'Drink me,\' but the great question certainly.', 'Non quis labore velit. Architecto ut reiciendis voluptatem tempora accusantium. Soluta cupiditate recusandae quis. Facere ut doloribus sint autem a. Consectetur qui velit vero animi. Quam sit culpa debitis voluptatum numquam. Dolorem minima molestiae dolor aut. Ad unde et velit cum possimus. Quia rerum provident corrupti et qui voluptates. Eveniet sit velit ut pariatur. Quibusdam veniam impedit repudiandae. Molestiae placeat qui est. Sed voluptatem veniam dolor explicabo. Beatae aliquid quos omnis eligendi. Nam deleniti minima nihil qui ab eveniet. Fuga qui quaerat dolore. Mollitia ex fugiat ducimus laboriosam modi. Iusto illo deserunt impedit dolore incidunt est aut dolorem. Eveniet voluptatem explicabo aut dolores consectetur voluptas dicta. Non recusandae quia in non ratione quod. Molestiae iste est cupiditate sunt. Sed quod quia nobis mollitia sit sequi eum. Eum et ad porro quod ut sunt maxime. Repellendus sed laborum voluptatem voluptas. In vel quaerat qui quisquam dolorem. Dolor quae consequuntur reiciendis ipsa vel architecto. Sit enim dignissimos ut. Repellat eius reprehenderit et voluptas in quae. Suscipit qui illo accusantium dolores sunt omnis. Officiis et et qui. Quod aut molestiae dolore vitae voluptatem commodi similique. Reiciendis sunt minima sed assumenda vero. Soluta dolorum eum rerum non doloremque suscipit error. Sit voluptas laborum fugiat et omnis qui.', 'a:7:{i:0;s:49:\"Eum adipisci est quidem eos architecto est magni.\";i:1;s:39:\"Sit sed quasi nemo aspernatur corrupti.\";i:2;s:55:\"Dolorum qui dolorum nihil magni neque voluptatem nihil.\";i:3;s:40:\"Numquam omnis nobis facere cumque dolor.\";i:4;s:26:\"Neque omnis eaque tempora.\";i:5;s:40:\"Ullam consectetur esse temporibus velit.\";i:6;s:55:\"Repudiandae non rem rerum officia id commodi doloribus.\";}', 61, 0, 3, '226.464402', '245.464402', '129.464402', '2022-03-14 15:33:00', '2022-03-23 15:33:00', '820.00', 1, '2022-03-13 15:33:00', 1, 'aspernatur-ea-deleniti-qui-modi', 'a:3:{i:0;i:20;i:1;i:32;i:2;i:46;}', 'Omnis veniam culpa voluptates exercitationem beatae voluptas.', 'You gave us three or more; They all made a snatch in the wind, and was surprised to find her in a trembling voice:-- \'I passed by his garden.\"\' Alice did not see anything that looked like the three.', 1, 1, NULL, '2022-03-01 15:33:31', '2022-03-11 15:33:31'),
(76, 1, 'Sit autem et vel enim harum.', NULL, 33, 'Cummerata, Armstrong and Dooley', 3, 'molestiae', 'Used', 'But, now that I\'m doubtful about the games now.\' CHAPTER X. The Lobster Quadrille is!\' \'No, indeed,\' said Alice. \'Did you speak?\' \'Not I!\' he replied. \'We quarrelled last March--just before HE went.', 'Blanditiis ea libero ut blanditiis ut pariatur. Laborum illum et officia repudiandae ut eius. Harum eos accusamus expedita. Quasi voluptatem ea non quis quia cupiditate odio. Explicabo illum harum aliquam quam explicabo error. Eos ad dolorem officia odit nesciunt illo animi. Facilis nostrum nemo alias consectetur. Voluptatem quia dolorem vitae recusandae et. Rerum repellendus laudantium qui nam. Officiis tempora reprehenderit doloribus facere iste molestiae ipsum. Temporibus voluptas eum perspiciatis voluptatibus. Veritatis enim occaecati qui aut. Quia nam blanditiis ut unde voluptates ea iste. Molestiae eum accusantium atque quasi esse voluptatem. Doloribus sapiente deserunt totam doloremque tempore similique et. Vitae rem dignissimos dolor assumenda. Quam labore in sapiente rem maiores eligendi. Aliquid dicta nihil qui alias veritatis odit. Eos nobis excepturi sit odit. Dicta aspernatur qui corporis quas dolorum. Quos sed blanditiis voluptatem quis et sit et. Pariatur amet libero expedita voluptate eius enim officiis nihil. Sed quibusdam ut voluptas provident. Quia nostrum quis quia sit ducimus neque. Qui ratione sed ab odio vero dolorum. Voluptatem velit velit repellat fugit omnis praesentium neque ipsa. Animi nam iusto magnam suscipit quia magni aut aut. Non aliquam at assumenda fugiat enim. Harum nisi eos animi occaecati porro. Reiciendis nihil sint eum sequi laudantium. Et enim at autem. Doloribus minus sint ut ea. Officiis placeat molestiae ab repellendus qui et.', 'a:7:{i:0;s:30:\"Excepturi commodi non qui vel.\";i:1;s:50:\"Vitae voluptas dolores doloribus minima molestiae.\";i:2;s:27:\"Illo nam quas incidunt est.\";i:3;s:49:\"Consequuntur ut quaerat ratione non voluptatibus.\";i:4;s:42:\"Dolor consequatur natus vel esse corporis.\";i:5;s:49:\"Atque iusto adipisci eligendi quisquam inventore.\";i:6;s:48:\"Aut totam repudiandae officia rerum nobis magni.\";}', 37, 0, 3, '269.591770', '452.591770', '192.591770', '2022-03-14 15:33:00', '2022-03-26 15:33:00', '857.00', 1, '2022-03-12 15:33:00', 1, 'distinctio-blanditiis-maiores-enim', 'a:2:{i:0;i:31;i:1;i:45;}', 'Perferendis expedita cumque et soluta error nesciunt nostrum.', 'The Gryphon lifted up both its paws in surprise. \'What! Never heard of one,\' said Alice, in a very grave voice, \'until all the other birds tittered audibly. \'What I was going to be, from one minute.', 1, 1, NULL, '2022-03-11 15:33:31', '2022-03-08 15:33:31'),
(77, 3, 'Nihil dolorem doloremque cum voluptate molestiae non eligendi quis.', NULL, 29, 'Crooks Inc', 3, 'laboriosam', 'New', 'Alice)--\'and perhaps you were never even spoke to Time!\' \'Perhaps not,\' Alice cautiously replied, not feeling at all the jurymen on to her great delight it fitted! Alice opened the door that led.', 'Sint aliquid reiciendis qui temporibus voluptates nisi. Atque sit inventore est aut. Perspiciatis voluptatem placeat at incidunt non. Itaque voluptas nobis sunt. Rerum enim ipsum et incidunt. Delectus soluta quis error est sed quia ratione ut. Minus sunt vel esse sint ea. Totam quia nisi vel ducimus beatae dignissimos ad. Possimus quis dignissimos consequatur cupiditate ut qui. Sit culpa et omnis. Fugit amet nulla et. Minus sed omnis ratione illo porro dignissimos. Vel optio occaecati est adipisci doloremque corporis. Corrupti rerum est tempore enim iusto id quidem. Dolorem omnis eum eos sed eaque reprehenderit. Enim dignissimos tenetur ex omnis blanditiis. Non atque aut possimus temporibus eum et laborum velit. Officia et atque aut magni. Impedit vel adipisci fugit qui distinctio sed. Libero repudiandae sint reprehenderit. Officiis eaque aut et sit quod magni omnis. Corporis placeat ut aut. Doloremque est est voluptate est sed expedita. Vel ad omnis qui in. Doloremque ipsam unde ut est nobis. Molestias eveniet deleniti doloremque sit et voluptates. Qui laboriosam velit quasi similique aut optio et unde. Maxime et fugit illo molestiae excepturi. Veritatis facere placeat et cupiditate vitae. Id accusantium quia molestiae sit illo aspernatur. Totam enim et recusandae quasi et minus hic ducimus. Assumenda rerum ducimus ea voluptatem non. Voluptatem repudiandae aut cum laboriosam repudiandae illum.', 'a:7:{i:0;s:56:\"Voluptatem neque repellendus repellat temporibus libero.\";i:1;s:41:\"Quis ad in eaque asperiores qui pariatur.\";i:2;s:80:\"Praesentium sit molestiae voluptatem incidunt rerum omnis voluptas consequuntur.\";i:3;s:59:\"Voluptates distinctio voluptatem accusamus et harum cumque.\";i:4;s:46:\"Molestiae consequuntur esse quia et a debitis.\";i:5;s:45:\"Culpa qui animi voluptatibus ea eius est vel.\";i:6;s:52:\"Mollitia consequatur est repellendus deleniti rerum.\";}', 83, 0, 3, '107.024900', '116.024900', '31.024900', '2022-03-14 15:33:00', '2022-03-23 15:33:00', '1070.00', 0, '2022-03-13 15:33:00', 1, 'soluta-ipsum-ipsum-labore-et-error-doloribus-error', 'a:3:{i:0;i:4;i:1;i:10;i:2;i:48;}', 'Quas tempora aliquam optio quasi corrupti voluptatem ad perspiciatis.', 'I want to go after that savage Queen: so she went on to himself as he spoke, \'we were trying--\' \'I see!\' said the Hatter. He came in with the words came very queer indeed:-- \'\'Tis the voice of the.', 0, 1, NULL, '2022-03-03 15:33:31', '2022-03-01 15:33:31'),
(78, 4, 'Optio error dignissimos a dignissimos sunt.', NULL, 34, 'Pouros, Nikolaus and Hoppe', 3, 'autem', 'Refurbished', 'I like being that person, I\'ll come up: if not, I\'ll stay down here with me! There are no mice in the middle of one! There ought to be trampled under its feet, ran round the neck of the other.', 'Repellat minima provident et cum id. Natus sed rerum modi optio. Quia earum asperiores voluptas harum sed doloribus. Sed voluptates delectus rem quae atque doloribus ut nobis. Natus facilis id harum. Voluptatum provident possimus quibusdam ipsam quia rem similique. Sunt pariatur soluta veritatis enim enim nihil facere perspiciatis. Beatae harum et blanditiis. Harum quod voluptatem aut vitae. Quia nulla necessitatibus dolores voluptatem culpa. Quisquam atque saepe corrupti in maxime vel. Expedita soluta numquam laborum voluptatem non eveniet ut. Ullam quibusdam nesciunt qui repellat. Nostrum consequatur harum recusandae ab vel qui totam et. Nisi qui praesentium et impedit harum. Sed enim aliquid voluptatem voluptas porro sint nostrum. Sit officia adipisci voluptate non explicabo qui. Voluptas id expedita cumque dolor omnis cumque beatae possimus. Temporibus perferendis veniam dolor veniam est expedita doloribus. Architecto enim esse perferendis qui ipsum. Ut sequi asperiores aut et. Qui eligendi non enim modi consequatur quia voluptatem aut. Aliquid sed aut quae nobis expedita expedita sit. Eos et eum adipisci voluptates. Voluptatibus quod eum deserunt sapiente quo accusamus illo. Ipsa tempora dolorem fugit porro laudantium dolorem sed. Cum vel libero rem autem distinctio magni sed. Libero fuga reprehenderit et rerum impedit harum magnam voluptatibus. Qui sed porro modi beatae atque alias voluptas. Quo reiciendis enim ut blanditiis error.', 'a:7:{i:0;s:57:\"Sint repellendus sed ratione voluptate tempore explicabo.\";i:1;s:54:\"Nihil modi omnis sit dolorem ducimus unde perferendis.\";i:2;s:52:\"Id unde aut aspernatur cumque eligendi nesciunt aut.\";i:3;s:48:\"Aut aspernatur in ut doloribus libero qui saepe.\";i:4;s:42:\"Quas sed quisquam qui voluptas temporibus.\";i:5;s:29:\"Tempora voluptatem illum est.\";i:6;s:43:\"Ut repellendus qui nisi eum non minima sed.\";}', 85, 0, 3, '184.800000', '239.800000', '202.800000', '2022-03-14 15:33:00', '2022-03-18 15:33:00', '1430.00', 0, '2022-03-12 15:33:00', 1, 'dolores-sunt-aperiam-nisi-minima-aspernatur-culpa-non-animi', 'a:3:{i:0;i:15;i:1;i:21;i:2;i:40;}', 'Voluptas quidem molestiae quo laborum reiciendis voluptatibus quae.', 'Off with his nose, and broke to pieces against one of the song. \'What trial is it?\' The Gryphon sat up and walking away. \'You insult me by talking such nonsense!\' \'I didn\'t know it was quite a long.', 1, 1, NULL, '2022-03-05 15:33:31', '2022-03-07 15:33:31'),
(79, 4, 'Et excepturi quo accusantium perspiciatis.', NULL, 42, 'Crooks Inc', 4, 'vel', 'Used', 'IT. It\'s HIM.\' \'I don\'t see,\' said the Dormouse, who seemed to be a comfort, one way--never to be lost: away went Alice like the Mock Turtle recovered his voice, and, with tears again as quickly as.', 'Recusandae aliquam deserunt soluta ipsum eos quo. Veniam amet quo veritatis. Qui magnam quo quo sit qui dolore dicta. Et necessitatibus est provident voluptatibus itaque. Qui autem et consequuntur iusto est. Cum consectetur mollitia voluptas et asperiores est. Voluptate molestias ut vitae distinctio. Delectus non voluptatem enim. Natus minima id sed debitis veniam. Excepturi quas hic delectus eos voluptas illum optio ut. Quas vel qui modi laborum tempora odio quidem reprehenderit. Natus sequi fuga dolores quis harum omnis. Necessitatibus tenetur similique et et. Autem ut illum voluptatem sit nam autem minima aut. Quos debitis odit aut ullam qui. Odio non aut totam dolores asperiores. Eum aut dignissimos et earum omnis delectus incidunt sequi. Dolores quas exercitationem commodi voluptatem. Vero tempora consequatur dolor iure harum laudantium sit. Sit ut quisquam similique assumenda quisquam est. Ut non repudiandae quidem dolores molestias perspiciatis at voluptatibus. Perferendis deserunt quo laborum cumque id dolorem officia porro. Pariatur debitis provident cum rerum est animi quo voluptatem. Esse iure necessitatibus aperiam voluptas dolor dolorem. Consectetur ut eius aut ut. Adipisci provident velit cumque et deserunt quod maxime. Perferendis quis minus nostrum saepe. Et nobis magni veniam distinctio voluptas autem. Eum dolor rerum deserunt excepturi. Qui omnis id incidunt est numquam dolores exercitationem.', 'a:7:{i:0;s:57:\"Incidunt quo est vel doloremque iste est excepturi nulla.\";i:1;s:44:\"Et ex hic unde occaecati quidem commodi nam.\";i:2;s:50:\"Et enim quasi placeat commodi deserunt quas magni.\";i:3;s:18:\"Iusto quos est et.\";i:4;s:67:\"Ad necessitatibus deleniti perspiciatis corrupti nulla velit dicta.\";i:5;s:28:\"Est rerum autem optio dolor.\";i:6;s:47:\"Non voluptate iure corporis est iure quibusdam.\";}', 42, 0, 3, '300.000000', '355.000000', '87.000000', '2022-03-14 15:33:00', '2022-03-28 14:33:00', '291.00', 0, '2022-03-11 15:33:00', 1, 'ab-et-odit-perferendis-similique', 'a:2:{i:0;i:11;i:1;i:27;}', 'Similique est doloribus voluptates et.', 'When she got used to it in a tone of great relief. \'Now at OURS they had to ask any more if you\'d rather not.\' \'We indeed!\' cried the Gryphon, with a sudden leap out of its mouth and yawned once or.', 1, 1, NULL, '2022-03-12 15:33:31', '2022-03-06 15:33:31'),
(80, 5, 'Voluptatem sed est et quidem et sit illum.', NULL, 19, 'Rosenbaum, White and Langosh', 1, 'sed', 'Used', 'Alice, jumping up and straightening itself out again, so violently, that she was saying, and the Mock Turtle. \'She can\'t explain MYSELF, I\'m afraid, sir\' said Alice, \'how am I to do it! Oh dear! I.', 'Magni qui adipisci laborum sit. Nam nisi laboriosam qui ea et et. Consequuntur exercitationem ut numquam aut vitae nobis non. Qui et voluptatem magni consequatur rerum quo. Nesciunt similique id sunt sapiente. Tempore fugit molestias velit sed officiis sapiente et. Eius rerum sed assumenda quidem at eum. Totam rem maiores blanditiis delectus quis. Est iure voluptatem quia inventore expedita labore. Quo tenetur sint quibusdam et eum fugiat. Voluptatem repellendus sed non accusantium est nihil laudantium. In sit unde omnis voluptatem recusandae officiis voluptatem. Temporibus quo impedit libero voluptatum. Maiores dolorem at eos accusantium accusamus doloribus doloribus. Molestiae veniam ipsum fugit nihil. Qui ea adipisci rerum sed. Voluptate ex aut adipisci fugit consequatur unde neque. Qui sint quo omnis enim eius quia aut incidunt. Facilis dolor occaecati aliquam eaque qui vitae architecto. Facere dolore ut doloremque illum inventore incidunt nostrum. Quod ratione veritatis soluta porro ullam aliquid. Libero voluptatem minima recusandae temporibus aut enim voluptatem. Rerum aliquam delectus sint quam vel. Magnam rerum ut voluptas id aliquam. Dolores hic iure in animi excepturi quae est ad. Totam libero sit vel iure dolores. Est aliquam consequuntur ea atque aliquid voluptatem. Quod velit fuga vel quia accusantium. Excepturi ut earum ipsa aperiam suscipit.', 'a:7:{i:0;s:24:\"Impedit velit ut et hic.\";i:1;s:40:\"Quia beatae maiores voluptatem rerum et.\";i:2;s:45:\"Minus ut rem id eligendi suscipit aspernatur.\";i:3;s:40:\"Magnam laborum dolor itaque illum harum.\";i:4;s:53:\"Laboriosam fugit provident iusto est atque aut error.\";i:5;s:66:\"Dolorum maxime voluptatem explicabo tempora suscipit ea quibusdam.\";i:6;s:50:\"Expedita fugiat repudiandae temporibus voluptatem.\";}', 94, 0, 3, '73.476847', '234.476847', '229.476847', '2022-03-14 15:33:00', '2022-03-27 14:33:00', '1860.00', 0, '2022-03-12 15:33:00', 1, 'non-illo-aut-tempore-eum-voluptas-quam-dolores-est', 'a:2:{i:0;i:18;i:1;i:44;}', 'Ut voluptatibus sed magni aut sit rerum ipsa.', 'White Rabbit hurried by--the frightened Mouse splashed his way through the doorway; \'and even if my head would go through,\' thought poor Alice, \'it would be grand, certainly,\' said Alice, seriously.', 1, 1, NULL, '2022-03-04 15:33:31', '2022-03-01 15:33:31'),
(81, 5, 'Aliquid et accusamus laboriosam.', NULL, 3, 'acme', 5, 'esse', 'Used', 'Alice. \'And where HAVE my shoulders got to? And oh, I wish you could keep it to speak with. Alice waited patiently until it chose to speak with. Alice waited patiently until it chose to speak good.', 'Quod ipsam eligendi ad error libero error officiis. Autem recusandae non rerum nostrum totam ut. Pariatur dicta enim nobis a alias in cupiditate corrupti. Rerum atque beatae qui facilis quia. Omnis voluptates ducimus id laborum. Enim quis nisi et quod et. Nesciunt ea blanditiis harum sed. Aut omnis numquam itaque ab ut. Eos qui facere ut laudantium libero corrupti. Veritatis consequatur repudiandae ut id. Dignissimos est cumque alias est. Accusamus totam aspernatur accusantium praesentium sed rerum et sunt. Unde deleniti mollitia vitae. Unde cumque fugiat ipsam ut ut. Doloremque numquam id reiciendis libero commodi voluptates. Soluta omnis architecto libero nam doloribus. Vel quod commodi iure unde. Et dolor et porro quia. Ut illum nisi voluptatem ipsam ut. Quis doloremque illo quas ea eius odit. Quia eveniet ratione vel reiciendis dolor explicabo. Et consequuntur accusantium odit in omnis sed. Ducimus repellat et voluptas sit sit. Sed qui quos iusto deleniti in sint dolorum. Aut odit enim sed dolores natus. Aut quae dolorum repellendus numquam sapiente maiores adipisci. Mollitia ea laborum iure quia vitae voluptatem. Aut similique iure et natus. Nihil atque amet eos nulla. Veniam velit qui cumque omnis molestiae iusto sed. Qui aut aut illum tenetur assumenda. Porro ipsa nesciunt eaque alias nam. Qui expedita reiciendis et maxime voluptatem.', 'a:7:{i:0;s:48:\"Cum nostrum rerum consequuntur quas dicta iusto.\";i:1;s:40:\"Natus iure iure molestias hic assumenda.\";i:2;s:33:\"Qui tenetur culpa repudiandae et.\";i:3;s:54:\"Quasi doloribus facere necessitatibus dolores modi ad.\";i:4;s:28:\"Saepe est et ut ut totam et.\";i:5;s:58:\"Et ut voluptatum delectus voluptatum praesentium id quasi.\";i:6;s:42:\"Ratione perspiciatis omnis quas velit sit.\";}', 52, 0, 3, '297.082000', '435.082000', NULL, NULL, NULL, '1631.00', 1, '2022-03-12 15:33:00', 1, 'velit-voluptatibus-incidunt-ut-ducimus-atque-dolores-accusamus', 'a:2:{i:0;i:21;i:1;i:41;}', 'Est enim eos sed nisi nesciunt dolorum.', 'Presently the Rabbit coming to look through into the darkness as hard as she spoke. (The unfortunate little Bill had left off quarrelling with the Queen, pointing to Alice severely. \'What are they.', 1, 1, NULL, '2022-03-11 15:33:31', '2022-03-13 15:33:31'),
(82, 3, 'Excepturi dicta qui itaque doloremque illo iure.', NULL, 22, 'Wehner-Hand', 4, 'quis', 'Used', 'I\'m sure _I_ shan\'t be able! I shall see it quite plainly through the little passage: and THEN--she found herself in Wonderland, though she looked down at her for a minute or two, it was just saying.', 'Reprehenderit quidem quam minus itaque voluptatem non. Occaecati earum et doloremque culpa esse. Optio in debitis doloremque et rerum maxime temporibus debitis. Est blanditiis labore voluptatum incidunt ab ipsa doloribus. Quia porro consequatur ullam necessitatibus vitae. Exercitationem consequuntur ducimus placeat. Est voluptatem totam animi nihil ipsa sapiente amet. Corrupti eius modi vitae repellat earum aspernatur. Nisi illum enim ullam veritatis. Esse et nemo ex qui magnam doloremque. Nesciunt et eligendi voluptate veniam. Nostrum dolorem a ex totam beatae nihil accusantium. Quae exercitationem ea facere illum. Ad rem vitae in quidem tempore. Iste sed tempore animi hic sed harum. Autem molestiae magni ullam totam et. Commodi id fugiat itaque molestiae cupiditate maxime. Quia ut voluptatum adipisci mollitia ut. Dicta ex alias sit consequatur quidem iste est officia. Non nisi similique quasi qui quod dolorum in nulla. Molestiae ut autem animi unde. Aut rem non ut. Nihil expedita aut nisi numquam autem enim. Laborum architecto praesentium magnam ea aspernatur. Ea ducimus animi vitae aspernatur eum aut corporis. Molestiae magnam quia maxime quia ipsam. Ab qui necessitatibus quos voluptatum est. Magni omnis ut aliquid provident quod repellendus velit. Impedit eligendi non exercitationem eveniet voluptas dignissimos fuga. Voluptatem molestiae quia hic et laborum. Magni eligendi corrupti non temporibus.', 'a:7:{i:0;s:36:\"Praesentium temporibus in alias sed.\";i:1;s:39:\"Voluptate dolorem consequatur iste sit.\";i:2;s:31:\"Architecto et laudantium error.\";i:3;s:57:\"Dolorem est expedita reiciendis minus similique deserunt.\";i:4;s:49:\"Adipisci veritatis voluptas placeat quod vel nam.\";i:5;s:55:\"Sequi excepturi et vel non commodi sint cupiditate hic.\";i:6;s:48:\"Dolor fuga omnis impedit quae nemo consequuntur.\";}', 31, 0, 3, '105.995600', '280.995600', NULL, NULL, NULL, '1468.00', 0, '2022-03-12 15:33:00', 1, 'voluptas-consequuntur-aut-illo-sunt-dolor-officiis-earum', 'a:3:{i:0;i:5;i:1;i:18;i:2;i:40;}', 'Nisi aut perspiciatis vel.', 'So she began looking at the place of the hall; but, alas! the little glass box that was trickling down his face, as long as it was very provoking to find that her neck from being broken. She hastily.', 0, 1, NULL, '2022-03-12 15:33:31', '2022-03-11 15:33:31'),
(83, 2, 'Qui tempore eaque dolorem error.', NULL, 9, 'Crooks Inc', 3, 'distinctio', 'New', 'But they HAVE their tails in their mouths--and they\'re all over with diamonds, and walked two and two, as the jury consider their verdict,\' the King said to herself; \'I should like to go nearer till.', 'Laboriosam tempora iusto sit saepe modi. Qui repudiandae ea dignissimos reiciendis. Nulla quibusdam totam molestiae aperiam ullam labore. Quo eius soluta et explicabo. Voluptatum sed possimus voluptatem. Velit voluptatum fugiat cumque autem doloribus at illo. Suscipit est voluptatum aut qui rem nesciunt iusto. Excepturi sed quisquam est cum veniam voluptatem. Expedita tempore deserunt aut repellat. Ex enim ad vel eius natus molestiae. Consequuntur ipsa saepe cupiditate nesciunt. Sint harum tempora velit provident magnam numquam omnis. Eveniet libero occaecati ipsum quos sed. Qui eveniet culpa nam. Debitis illo dicta aut animi. Fugiat eum tenetur eligendi quas. Nam amet in quae molestiae unde inventore natus vero. Recusandae facilis vero recusandae cum sint distinctio. Suscipit et quas maiores porro corrupti. Iusto qui quod consequuntur quos. Sit et dolorem quasi et laboriosam. Ratione voluptates ex sed esse nobis consequatur qui. Non autem qui eligendi est ipsam ipsa. Optio est enim est modi pariatur recusandae laudantium et. Consequatur molestiae quam ut atque voluptatem maiores molestiae necessitatibus. Expedita voluptatibus ut aut ea eligendi nihil ea. Velit est dolore cupiditate consequatur. Dicta minus neque minus et. Quibusdam rerum quo et sapiente. Quia iste ratione impedit. Perferendis vero aliquam nihil impedit expedita modi.', 'a:7:{i:0;s:42:\"Ut architecto quod nihil magnam magnam id.\";i:1;s:43:\"Laudantium aliquid et ipsam voluptatem aut.\";i:2;s:31:\"Quod iste quia est itaque odio.\";i:3;s:28:\"Omnis similique adipisci ut.\";i:4;s:40:\"Repudiandae pariatur aut impedit dolore.\";i:5;s:43:\"Veniam sed corporis blanditiis aperiam nam.\";i:6;s:18:\"Sit et est nam ut.\";}', 52, 0, 3, '273.600000', '447.600000', '335.600000', '2022-03-14 15:33:00', '2022-03-22 15:33:00', '685.00', 1, '2022-03-12 15:33:00', 1, 'ea-libero-ea-repellendus-quidem-autem', 'a:3:{i:0;i:11;i:1;i:23;i:2;i:33;}', 'Unde eius veniam aut inventore repudiandae vero.', 'Queen. \'Never!\' said the Gryphon: and it sat down again very sadly and quietly, and looked very uncomfortable. The moment Alice appeared, she was peering about anxiously among the branches, and.', 1, 1, NULL, '2022-03-12 15:33:31', '2022-03-09 15:33:31'),
(84, 5, 'Voluptatem fuga ut adipisci quibusdam fugit voluptas aliquam illo.', NULL, 6, 'Kulas Inc', 2, 'eum', 'Used', 'It means much the same size: to be sure, she had grown so large in the air, and came back again. \'Keep your temper,\' said the Cat. \'I\'d nearly forgotten that I\'ve got to?\' (Alice had no idea what a.', 'Vero dolorem aut quidem quia tenetur. Minima hic sint reprehenderit. Molestias aut voluptatibus hic architecto amet sint. Rerum voluptatem amet aut quam in. Rerum perferendis neque rerum commodi ratione sequi ducimus. Quo consequatur voluptatem eligendi. Pariatur illum aut qui praesentium. Voluptatem libero est molestiae ratione. Nostrum temporibus dignissimos dolorum. Quisquam vero rerum dolor modi qui distinctio ipsa. Ut nihil voluptates sint numquam omnis cumque. Unde autem aut velit autem rerum sed incidunt corrupti. Iusto id vitae molestias quisquam corporis. Ut error molestiae fugit consequuntur eaque quia. Itaque est est eveniet totam tenetur est laudantium. Veritatis ipsum at dolorum dignissimos reiciendis. Enim dolores aliquam dolore et. Dolor soluta et sunt ut eligendi perspiciatis aut. Libero beatae doloribus ut. Veniam quam autem suscipit vitae labore reiciendis quidem consectetur. Voluptatem consequatur vel explicabo quibusdam quia perferendis aut. Facilis at voluptatem at et nostrum voluptas. Ea ipsa nemo veniam id rerum excepturi vitae voluptatem. Incidunt sunt omnis autem provident et omnis tenetur labore. Dolor totam qui voluptatem voluptatem qui voluptas. Autem magnam voluptate in eveniet consequatur. Velit dicta voluptatem laudantium. Qui quo fugit illum nostrum nihil in. Dolores doloremque quisquam dolor fugiat et sed sapiente.', 'a:7:{i:0;s:63:\"Dolores sed autem voluptates non commodi ipsum facilis maiores.\";i:1;s:45:\"Error tempore libero qui minima totam magnam.\";i:2;s:49:\"Nihil nulla consequatur dolorum dicta eaque odio.\";i:3;s:57:\"Voluptates ad asperiores quisquam ea in maxime veritatis.\";i:4;s:59:\"Voluptatem voluptatem eos ratione id illum in perspiciatis.\";i:5;s:42:\"Accusamus vel incidunt tenetur qui et quo.\";i:6;s:33:\"Placeat optio omnis quo est quia.\";}', 80, 0, 3, '259.522142', '348.522142', '217.522142', '2022-03-14 15:33:00', '2022-03-22 15:33:00', '1419.00', 1, '2022-03-11 15:33:00', 1, 'aliquid-et-id-possimus-autem-possimus', 'a:3:{i:0;i:2;i:1;i:31;i:2;i:36;}', 'Ut quod et molestiae eaque laboriosam rem.', 'ME, and told me he was going off into a sort of knot, and then unrolled the parchment scroll, and read as follows:-- \'The Queen will hear you! You see, she came upon a time there were a Duck and a.', 0, 1, NULL, '2022-03-14 15:33:31', '2022-02-28 15:33:31'),
(85, 4, 'Ad et earum dolore in.', NULL, 27, 'Harvey, Effertz and Luettgen', 1, 'totam', 'Used', 'Hatter. \'I told you butter wouldn\'t suit the works!\' he added looking angrily at the top of her favourite word \'moral,\' and the March Hare said to Alice, that she still held the pieces of mushroom.', 'Quia a facere ut a. Dolor nobis facilis quia. Praesentium neque nostrum corporis architecto cupiditate et consequatur qui. Accusamus quo in fugit ut nam at. Dolorem deserunt ut dolores sit. Esse odio voluptates temporibus earum magnam nemo. Ex aliquid praesentium nobis perferendis sint autem porro debitis. Quaerat ut sed sapiente eum vel. Qui eos perspiciatis voluptates quia possimus odit sit. Maxime tempore et excepturi. Ut rerum voluptatibus velit quia officia earum non. Et aperiam cumque qui nobis aliquam amet excepturi. Excepturi voluptatibus dolores dolorem aspernatur adipisci eaque quasi. Fugiat et cum totam consequatur aut sed. Ab ut culpa velit officiis vel aperiam. Et autem laudantium explicabo nihil. Quia sed et voluptatem voluptates nihil. Ratione unde vel tempore tempora. Esse impedit aut veritatis quas qui tempore. Provident cumque quas perspiciatis in explicabo. Dolor nobis consequuntur esse laboriosam libero. Est ea quis incidunt. Repellendus sed est quidem error ut molestias. Quisquam officiis ratione quam dolores. Suscipit repellendus velit commodi aliquam qui. Dolore sit tempora qui. Sequi est libero accusamus recusandae. Aspernatur qui tenetur quibusdam. Et est autem quae nulla. Suscipit autem dolor minima ut molestias. Explicabo aut voluptate eum aut. Nostrum ab vero rerum ratione. Aspernatur ducimus et deleniti soluta. Ut fugit voluptatem voluptas ipsa officia corporis fugiat a.', 'a:7:{i:0;s:54:\"Rerum sit incidunt reprehenderit doloremque voluptate.\";i:1;s:54:\"Nihil at voluptate perspiciatis cupiditate reiciendis.\";i:2;s:33:\"Inventore et hic aut ipsum totam.\";i:3;s:39:\"Tempore molestiae aut minus laboriosam.\";i:4;s:44:\"Maiores et recusandae qui sunt adipisci vel.\";i:5;s:58:\"Quia nihil officiis vitae quia unde explicabo quam magnam.\";i:6;s:60:\"Quia necessitatibus ullam reprehenderit veniam quia et quis.\";}', 20, 0, 3, '307.100000', '358.100000', NULL, NULL, NULL, '1451.00', 1, '2022-03-11 15:33:00', 1, 'inventore-delectus-at-in-facilis-labore-impedit-et', 'a:2:{i:0;i:12;i:1;i:32;}', 'Sapiente aliquam sit qui beatae.', 'Heads below!\' (a loud crash)--\'Now, who did that?--It was Bill, the Lizard) could not answer without a cat! It\'s the most interesting, and perhaps as this before, never! And I declare it\'s too bad.', 1, 1, NULL, '2022-03-14 15:33:31', '2022-03-05 15:33:31'),
(86, 1, 'Dolores placeat doloremque perspiciatis impedit.', NULL, 46, 'Cronin, Stracke and King', 2, 'doloremque', 'Refurbished', 'I\'m sure she\'s the best thing to get to,\' said the Mock Turtle yet?\' \'No,\' said Alice. \'Come on, then!\' roared the Queen, pointing to the beginning of the cattle in the air: it puzzled her too much.', 'Eveniet ut consequuntur ipsum tempore. Quisquam dolorem ratione repudiandae. Quaerat illo praesentium et. Iure quibusdam velit ipsa quaerat. Et minus quasi id autem eum quo. Maxime velit illo commodi velit sed. Fugiat id reprehenderit numquam delectus vel dolores blanditiis autem. Quis voluptas ex ut reprehenderit fugit dolorum voluptas. Voluptatibus velit quaerat et voluptate expedita magni eveniet. Sed occaecati est suscipit cupiditate dolores deserunt. Quia nostrum voluptatem ea sapiente. Rem fugiat veniam veniam voluptas rem. Natus sint autem assumenda ea et. Quia aperiam suscipit nostrum et. Excepturi consequatur reprehenderit necessitatibus. Consequatur recusandae provident quidem necessitatibus placeat veritatis tenetur. Minima dignissimos pariatur est quos aut officiis. Possimus odio est nulla odio ipsam. Aut nesciunt eius quos quia aut totam. Aut error possimus neque voluptas voluptatem quod illum. Quae error ut ut quia facilis incidunt sunt. Hic repellendus quisquam autem similique consequatur. Voluptas occaecati voluptatum consequatur sed consequatur. Pariatur velit nulla eos velit tenetur sint. Blanditiis quibusdam exercitationem enim ipsa quia corrupti dolor occaecati. Et placeat impedit iusto dolores dolore doloribus labore. Illo qui eaque labore est in architecto voluptatem. Et nobis consequuntur qui voluptatibus nostrum. Deserunt expedita occaecati non atque esse ab amet sunt.', 'a:7:{i:0;s:28:\"Ipsam et delectus et dolore.\";i:1;s:59:\"Aut doloribus aut necessitatibus commodi doloribus officia.\";i:2;s:54:\"Voluptatem officiis minima non consequuntur doloribus.\";i:3;s:48:\"Quia sint facere non enim aspernatur aut beatae.\";i:4;s:59:\"Dolores numquam iure corporis est fuga in possimus laborum.\";i:5;s:47:\"Iusto voluptas quo hic ducimus debitis laborum.\";i:6;s:52:\"Commodi voluptatem doloribus hic ratione sit maxime.\";}', 48, 0, 3, '214.310000', '259.310000', '239.310000', '2022-03-14 15:33:00', '2022-03-24 15:33:00', '1420.00', 1, '2022-03-13 15:33:00', 1, 'asperiores-est-sed-qui', 'a:2:{i:0;i:23;i:1;i:29;}', 'Inventore ipsam dignissimos tempora tenetur saepe nemo.', 'White Rabbit: it was too dark to see it quite plainly through the glass, and she said to the puppy; whereupon the puppy began a series of short charges at the bottom of a treacle-well--eh, stupid?\'.', 0, 1, NULL, '2022-03-13 15:33:31', '2022-03-01 15:33:31'),
(87, 4, 'Velit qui in molestias cum quasi qui.', NULL, 29, 'Pouros, Nikolaus and Hoppe', 2, 'maiores', 'New', 'Pinch him! Off with his head!\' or \'Off with his whiskers!\' For some minutes it puffed away without being seen, when she caught it, and finding it very nice, (it had, in fact, a sort of life! I do it.', 'Dolore aut sit ut ratione. Iure corporis laudantium ipsam quia. Asperiores molestiae in beatae aspernatur nemo minima. Et cumque nihil doloremque et id quisquam. Dolor exercitationem deleniti qui ut. Vel quia minus sit autem. Libero sed ut quaerat rerum. Labore in et voluptatibus dolores facere ea consequatur. Corporis ab natus vel earum et. Quasi accusamus eos est neque nam possimus sint. Ipsam laborum inventore quo vel cumque facere autem minus. Quia nostrum maiores accusantium quod distinctio voluptates. Est maiores cum at quia aspernatur non sed. Velit excepturi odit neque vel recusandae. Magni rerum molestias tempore quis possimus enim. Quaerat qui et quo eum recusandae fugiat. Non unde corrupti modi iure dignissimos est. Laudantium autem repellendus sunt consequatur ipsum. Atque tempore consectetur sed facere necessitatibus nisi totam. Commodi in officiis ut qui. Et mollitia necessitatibus tenetur qui sed. Sint cupiditate corrupti beatae id quos deleniti. Magni minima ab a consequatur dolorem. Distinctio omnis cum porro maiores ex. Totam sit autem qui id eum eum. Perferendis ea natus perferendis libero recusandae ut. Hic aliquam velit aut ut architecto maxime. Sit quia fugit quia dignissimos. Soluta et nam error odit ratione quia et. Sint ipsam sapiente autem iusto iste autem. Maiores culpa doloribus quidem corrupti est.', 'a:7:{i:0;s:49:\"Voluptatem corrupti officia officiis repellendus.\";i:1;s:48:\"Eum quia voluptate et omnis aut magnam voluptas.\";i:2;s:36:\"Est odio ad ad tempora et veritatis.\";i:3;s:61:\"Aut recusandae quia unde vero occaecati ex accusantium earum.\";i:4;s:43:\"Praesentium vitae voluptate molestiae sunt.\";i:5;s:42:\"Quia voluptas quam mollitia nesciunt modi.\";i:6;s:28:\"Ab sapiente et qui ut dolor.\";}', 38, 0, 3, '64.487635', '168.487635', NULL, NULL, NULL, '855.00', 1, '2022-03-11 15:33:00', 1, 'aut-aut-assumenda-voluptas', 'a:2:{i:0;i:3;i:1;i:48;}', 'Natus aspernatur provident error asperiores iste nobis dignissimos doloremque.', 'I can go back and see how he can EVEN finish, if he thought it would be only rustling in the way I ought to speak, but for a conversation. \'You don\'t know much,\' said Alice; \'I can\'t explain it,\'.', 0, 1, NULL, '2022-03-01 15:33:31', '2022-03-13 15:33:31'),
(88, 1, 'Impedit unde optio aut blanditiis accusamus.', NULL, 19, 'Rosenbaum, White and Langosh', 5, 'assumenda', 'Refurbished', 'Alice. \'Exactly so,\' said Alice. \'Well, I shan\'t go, at any rate,\' said Alice: \'she\'s so extremely--\' Just then she walked off, leaving Alice alone with the Dormouse. \'Write that down,\' the King.', 'Nam culpa doloribus qui aliquid. Commodi rerum tenetur aperiam quia perspiciatis accusamus autem. Veniam sunt expedita fuga ratione ipsum. Aperiam consequuntur iure reprehenderit. Aut veritatis et ut doloribus et non. Perspiciatis asperiores aperiam neque. Laboriosam inventore modi quam ut ducimus assumenda. Laborum non molestiae tempore quasi fugit. Consequuntur ex qui saepe aut ut reprehenderit unde. Autem voluptate veritatis sint recusandae. Nostrum ducimus exercitationem omnis aliquam consequatur et. Veniam molestias dolores impedit sint amet qui velit. Adipisci quis natus recusandae. Quia est delectus velit sapiente molestiae dolor reprehenderit. Similique at incidunt libero aut dicta illum voluptas. Delectus voluptatum molestiae aut provident. Vero laboriosam molestias sunt aut explicabo at. Cumque asperiores ipsum et similique corporis dolor. Accusantium doloremque iusto non reprehenderit delectus ipsam officiis. Sapiente aperiam soluta dolores fuga rerum occaecati. Sit perspiciatis in ad ut. Voluptatem nobis est est molestias consequatur. Et ratione et laboriosam. Officia voluptatibus voluptas qui. Quam quibusdam delectus ut. Et quaerat nobis libero rerum porro nam. Perspiciatis deserunt dolorem commodi adipisci distinctio quibusdam corrupti. Ut enim odit repudiandae cupiditate facilis suscipit. Quae enim commodi iusto provident sunt dignissimos excepturi.', 'a:7:{i:0;s:40:\"Eligendi quisquam quia amet totam vitae.\";i:1;s:39:\"Ut architecto id qui dolor consequatur.\";i:2;s:49:\"Sunt eum nulla consequatur assumenda repellat id.\";i:3;s:33:\"Laborum laudantium et quasi sunt.\";i:4;s:56:\"Ex omnis quia rerum dolores reiciendis molestiae beatae.\";i:5;s:63:\"Ab corrupti sapiente porro praesentium praesentium optio harum.\";i:6;s:41:\"Aut doloremque qui qui eos harum aliquam.\";}', 14, 0, 3, '79.890000', '258.890000', NULL, NULL, NULL, '506.00', 0, '2022-03-11 15:33:00', 1, 'molestiae-aut-voluptatem-reprehenderit-molestiae-asperiores', 'a:2:{i:0;i:8;i:1;i:24;}', 'Dolores at doloremque tenetur exercitationem.', 'Alice replied in an encouraging opening for a long time with great emphasis, looking hard at Alice the moment how large she had got its neck nicely straightened out, and was a little nervous about.', 1, 1, NULL, '2022-02-28 15:33:31', '2022-03-08 15:33:31'),
(89, 3, 'Aut fugiat omnis officiis eaque eaque et et.', NULL, 17, 'Kulas Inc', 4, 'error', 'Refurbished', 'I almost wish I hadn\'t mentioned Dinah!\' she said this last remark that had slipped in like herself. \'Would it be of very little use, as it went. So she set to work very diligently to write out a.', 'Debitis aspernatur omnis repellendus adipisci similique corporis sequi. Repudiandae deleniti autem sunt modi nulla ipsum minus. Et omnis molestias aut blanditiis at. Dolor similique rerum enim ut magnam. Et ratione inventore quas qui praesentium. Sed blanditiis blanditiis consequuntur est. Vitae doloribus at officia soluta qui. Delectus vitae reiciendis corporis harum reprehenderit voluptate. Consequatur sit sed quia provident. Id consequuntur molestias nulla. Repudiandae dolores ipsam suscipit voluptatem enim rem sed commodi. Et minus sint ut pariatur enim qui. Magni fuga perferendis eos. Ab quo eius qui amet sequi a. Molestiae voluptas et et facere aut vero. Ut impedit accusamus odit quo ut omnis tempore fuga. Laudantium quod laudantium eius enim nam et. Dolor sunt quibusdam aut. Aliquam aut et fugit explicabo qui qui eos. Repudiandae id sed aliquam. A amet aut veniam itaque. Sapiente hic occaecati dolorem nobis ducimus aut consequatur. Sit rerum ab illum sit. Odit sit quas facere debitis consequatur odio. Consequatur et autem neque voluptas. Cumque voluptatem ea molestiae aut est facilis beatae consectetur. Repellat dolorem itaque soluta est omnis nihil consectetur delectus. Totam consectetur vel aperiam alias deserunt exercitationem placeat. Voluptates non veniam laborum nihil et. Occaecati est minima possimus quo illum expedita. Quia reprehenderit impedit recusandae neque rem architecto unde. Minus qui asperiores qui sit amet ea.', 'a:7:{i:0;s:49:\"Sequi voluptate perferendis veritatis sint natus.\";i:1;s:57:\"In quisquam est consequatur dolores ut ut rerum delectus.\";i:2;s:48:\"Quos esse et asperiores sint dolor excepturi ab.\";i:3;s:39:\"Minus cupiditate praesentium nihil aut.\";i:4;s:40:\"Ea possimus maiores odio porro suscipit.\";i:5;s:46:\"Ut eos voluptatem rerum facere natus ut vitae.\";i:6;s:55:\"Qui mollitia qui suscipit nihil ex ut deserunt numquam.\";}', 98, 0, 3, '283.479991', '294.479991', '89.479991', '2022-03-14 15:33:00', '2022-03-24 15:33:00', '1948.00', 0, '2022-03-13 15:33:00', 1, 'quas-voluptates-consectetur-architecto-temporibus-consequatur', 'a:2:{i:0;i:6;i:1;i:17;}', 'Autem reiciendis minus illum ea voluptate.', 'King, \'or I\'ll have you executed on the top of his tail. \'As if it had been. But her sister on the twelfth?\' Alice went on again:-- \'You may not have lived much under the door; so either way I\'ll.', 0, 1, NULL, '2022-03-09 15:33:31', '2022-03-12 15:33:31'),
(90, 2, 'Dicta consequatur maiores suscipit architecto temporibus.', NULL, 46, 'Harvey, Effertz and Luettgen', 5, 'vel', 'New', 'I know?\' said Alice, who felt ready to make personal remarks,\' Alice said very politely, feeling quite pleased to find it out, we should all have our heads cut off, you know. Come on!\' So they got.', 'Sit recusandae reiciendis expedita voluptatem qui. Ut architecto velit non sed repudiandae et sit. Ex velit et eveniet doloremque corrupti assumenda ut. Provident autem iusto laboriosam rem est. Consequatur illo repellendus nihil harum sunt et. Repellendus minus et sint magnam eos temporibus eligendi. Excepturi omnis quia dolor animi voluptatibus magni qui. Recusandae qui voluptate est error. Quo facere et provident iure. Impedit sit qui ex rerum et. Eos qui cupiditate quis hic quis. Eum mollitia quaerat tempora rerum qui quod provident. Deserunt nesciunt maiores reiciendis illum sed aut. Saepe ea dignissimos consequuntur aliquam. Quibusdam neque laudantium nemo nihil. Quia quo voluptates et excepturi facilis culpa. Eum error incidunt porro enim. Facilis accusantium voluptates earum eaque nesciunt commodi. Eveniet labore laborum et inventore qui. Ut quibusdam id aspernatur quos aspernatur. Aliquam provident fuga ratione quis maiores suscipit. Nisi facilis fugiat consequatur commodi ut debitis dicta. Et vitae dolores totam ullam omnis modi suscipit. Omnis molestiae quia laudantium occaecati corrupti quod ex autem. Beatae voluptate omnis quia recusandae facilis. Est incidunt esse facere dolor possimus magnam laborum. Culpa neque sit quisquam ut. Rerum mollitia quidem ullam qui. Ut omnis iure et et ducimus numquam est corporis.', 'a:7:{i:0;s:44:\"Dolor numquam aut non est corrupti cum odio.\";i:1;s:33:\"Quas reiciendis ut nobis dolores.\";i:2;s:35:\"Rerum repellendus et quia voluptas.\";i:3;s:45:\"Magni ducimus laboriosam in ut reprehenderit.\";i:4;s:38:\"Repudiandae et odit impedit dolores a.\";i:5;s:52:\"Possimus quisquam sunt repellendus est quae maiores.\";i:6;s:30:\"Et et nisi sunt aliquid nulla.\";}', 89, 0, 3, '306.634776', '481.634776', '440.634776', '2022-03-14 15:33:00', '2022-04-02 14:33:00', '414.00', 1, '2022-03-11 15:33:00', 1, 'doloremque-modi-est-et', 'a:2:{i:0;i:43;i:1;i:45;}', 'Aut aut corporis ea nobis doloremque odit.', 'Eaglet. \'I don\'t even know what to say to itself, \'Oh dear! Oh dear! I wish you wouldn\'t keep appearing and vanishing so suddenly: you make one quite giddy.\' \'All right,\' said the March Hare. \'He.', 0, 1, NULL, '2022-03-14 15:33:31', '2022-03-04 15:33:31');
INSERT INTO `inventories` (`id`, `shop_id`, `title`, `warehouse_id`, `product_id`, `brand`, `supplier_id`, `sku`, `condition`, `condition_note`, `description`, `key_features`, `stock_quantity`, `damaged_quantity`, `user_id`, `purchase_price`, `sale_price`, `offer_price`, `offer_start`, `offer_end`, `shipping_weight`, `free_shipping`, `available_from`, `min_order_quantity`, `slug`, `linked_items`, `meta_title`, `meta_description`, `stuff_pick`, `active`, `deleted_at`, `created_at`, `updated_at`) VALUES
(91, 3, 'Aspernatur nesciunt quo est soluta repellendus ipsum.', NULL, 42, 'Dach PLC', 4, 'nam', 'Refurbished', 'I wish I hadn\'t gone down that rabbit-hole--and yet--and yet--it\'s rather curious, you know, with oh, such long curly brown hair! And it\'ll fetch things when you come and join the dance? \"You can.', 'Blanditiis ut placeat veritatis ipsum. Omnis voluptas reiciendis aliquid consequatur odio. Ut cumque a earum nisi voluptatem. Sint tempora ut tempore facilis consequatur excepturi dolorem. Dignissimos pariatur labore tempore dolor. Doloribus tempora est nesciunt magni labore. Et aspernatur voluptatem adipisci veritatis ut quaerat. Nihil numquam ratione qui voluptatem. Possimus quia inventore ad qui quaerat et totam commodi. Velit iste provident sunt possimus. Dolorem dolorum tempore mollitia rerum. Architecto impedit et neque cumque deserunt ipsa voluptatem aut. Perspiciatis nobis deleniti quibusdam a sit reiciendis sunt praesentium. Voluptatibus cum soluta dolores voluptate. Aut doloremque sit aliquam facilis aut beatae. Quam quaerat deleniti ipsam praesentium et sunt. Ut delectus blanditiis rem ut numquam est deleniti. Voluptas quidem et amet aut. Ipsam eum ipsum nihil. Qui consectetur omnis voluptatum possimus repellat quod aliquam recusandae. Reprehenderit harum vero odio culpa dolorum. Vel tempore molestiae qui magni voluptas accusantium sunt. Nisi libero nobis architecto maxime voluptatum quasi amet animi. Consectetur dolores fuga ut dolorem consectetur et vero. Dignissimos numquam veniam non impedit et id sunt. Ut optio omnis quos et nostrum consequatur. Quo qui nostrum omnis quae repudiandae delectus eum. Ea magni aliquid commodi praesentium ipsam. Qui reprehenderit veniam nisi quia. Aliquid magni enim ea nihil. Expedita quae et neque et quis.', 'a:7:{i:0;s:29:\"Quae ex quis porro assumenda.\";i:1;s:38:\"Quis nemo nostrum aspernatur adipisci.\";i:2;s:34:\"Soluta sunt laborum quisquam sunt.\";i:3;s:39:\"Repellat molestias dolorem magni neque.\";i:4;s:37:\"Et deserunt velit dolorum voluptatum.\";i:5;s:37:\"Odio ut sit ut et error non sapiente.\";i:6;s:67:\"Et ipsa totam reprehenderit quia sunt asperiores perspiciatis quia.\";}', 61, 0, 3, '113.000000', '221.000000', NULL, NULL, NULL, '424.00', 1, '2022-03-12 15:33:00', 1, 'ut-quia-autem-quae-accusamus-sequi-maxime-laboriosam-voluptatem', 'a:3:{i:0;i:2;i:1;i:26;i:2;i:38;}', 'Perferendis sed odit vel voluptas vel ipsam dicta.', 'Alice, a little faster?\" said a timid and tremulous sound.] \'That\'s different from what I say,\' the Mock Turtle replied, counting off the subjects on his spectacles and looked anxiously over his.', 1, 1, NULL, '2022-03-12 15:33:31', '2022-03-13 15:33:31'),
(92, 2, 'Officiis eos ut quaerat.', NULL, 2, 'Pouros, Nikolaus and Hoppe', 2, 'explicabo', 'New', 'I was a long and a long silence after this, and she dropped it hastily, just in time to be said. At last the Caterpillar decidedly, and he wasn\'t going to leave off this minute!\' She generally gave.', 'Nam rerum ducimus dicta consequatur deleniti. Fuga magni et est delectus omnis eum consequuntur. Et voluptatum amet molestiae esse amet nobis omnis. Voluptas modi temporibus tenetur accusamus id sequi nihil. Non qui voluptas perferendis quis. Commodi ut officia molestiae incidunt veniam eos. Porro molestiae esse sequi debitis sit minus non laborum. Ducimus sunt quos modi velit corrupti accusamus fugit. Et at minus impedit labore ipsam nam iste. Repellat temporibus vel vel reiciendis voluptas est nesciunt. Perferendis quibusdam cum accusamus iste impedit iste. Esse maiores deserunt ut. Et modi corrupti ullam est eaque molestias. Enim expedita eligendi voluptatem autem nostrum occaecati voluptas. Eos ipsum dolorum voluptatem. Omnis vitae dolor at voluptatibus corporis. Sit qui voluptatem consectetur incidunt. Voluptatem sequi exercitationem dolore eum rerum expedita. Quod velit et maiores animi ut. Nam porro velit omnis doloribus id. Ad natus laboriosam temporibus quis laborum ipsam nesciunt libero. Qui provident harum iusto voluptatum soluta. Fugit facere necessitatibus labore illum aliquam veniam. Aspernatur totam voluptate sed natus rerum ut. Quisquam ipsam iusto perferendis nemo. Quia ipsam doloribus sit sequi. Officiis repellat dolor velit optio possimus. Deleniti voluptatum et veniam minus aut. Atque quaerat sit dolorum laborum eius. Quia aut debitis voluptatem ea.', 'a:7:{i:0;s:31:\"Eum est velit et mollitia nisi.\";i:1;s:43:\"Sint nihil eos sint rerum et delectus odit.\";i:2;s:53:\"Impedit dicta quam aspernatur doloremque perferendis.\";i:3;s:39:\"Ut et id est perspiciatis consequuntur.\";i:4;s:54:\"Eos reiciendis ea molestias molestiae eaque quam quos.\";i:5;s:35:\"Ab beatae eius esse tenetur cumque.\";i:6;s:57:\"Quos est ratione culpa veritatis aliquid hic vel tempore.\";}', 33, 0, 3, '201.500000', '302.500000', NULL, NULL, NULL, '184.00', 1, '2022-03-13 15:33:00', 1, 'ad-consequatur-magnam-velit-facilis-dignissimos-nam', 'a:3:{i:0;i:1;i:1;i:9;i:2;i:18;}', 'Iure animi neque est quisquam voluptas est velit facilis.', 'Kings and Queens, and among them Alice recognised the White Rabbit read:-- \'They told me he was speaking, and this was the matter with it. There could be NO mistake about it: it was in the world!.', 0, 1, NULL, '2022-03-05 15:33:31', '2022-03-08 15:33:31'),
(93, 5, 'Laborum ipsam omnis ex sit.', NULL, 23, 'Wehner-Hand', 3, 'excepturi', 'Refurbished', 'She felt that it was all ridges and furrows; the balls were live hedgehogs, the mallets live flamingoes, and the baby--the fire-irons came first; then followed a shower of little Alice herself, and.', 'Praesentium et nesciunt facilis quo maxime. Qui nemo rerum dignissimos. Neque vero voluptatibus eos quos magni eum. Reprehenderit animi ullam voluptatum eum. Ut harum natus voluptatem fugit suscipit deserunt. Asperiores ullam facilis sit nihil quidem praesentium. Minima at adipisci consectetur voluptates maiores. Quo voluptatum est cupiditate nulla tenetur qui et. Architecto quod qui dolor enim est ipsam sapiente omnis. Cum quia modi ab aut et sed laborum fuga. Molestiae est ab architecto at ut est at. Dolore repellat ipsa tenetur sed ut architecto repellat. Autem enim nam labore aut aut. Expedita illo aut velit quia in nemo. Atque itaque quibusdam sequi molestiae sit possimus. Commodi ad maxime reprehenderit autem. Ea qui ratione autem blanditiis rem quis. Placeat dolores ea et ipsa. Iure beatae accusantium facilis repellendus. Quia omnis ut et. Occaecati sunt magnam quaerat labore quia odio laboriosam. Quo vel sit ea quos. Et sit similique similique officia. Harum rem ab consectetur aliquid. Eius in asperiores numquam non. Doloremque et repellat occaecati dolores quasi tempore. Ea pariatur dolores corrupti sunt excepturi. Praesentium animi in voluptatem quia. Voluptas rerum reprehenderit facere. Deleniti nihil nulla quis est voluptatem ut laboriosam. Impedit ea ut assumenda perspiciatis beatae voluptas ut ab.', 'a:7:{i:0;s:34:\"Consequatur aliquid sequi rem sit.\";i:1;s:67:\"Soluta nesciunt velit consectetur est minus eveniet nulla delectus.\";i:2;s:34:\"Vitae molestiae quis sed suscipit.\";i:3;s:48:\"Molestias ea voluptatum harum in qui beatae est.\";i:4;s:51:\"Quaerat dolores unde molestias rem beatae enim aut.\";i:5;s:57:\"Nihil reprehenderit dolores fugit ad consequatur debitis.\";i:6;s:21:\"Vitae eum est cumque.\";}', 88, 0, 3, '368.530900', '531.530900', NULL, NULL, NULL, '1418.00', 0, '2022-03-13 15:33:00', 1, 'voluptatum-magni-sed-et', 'a:2:{i:0;i:6;i:1;i:32;}', 'Quibusdam vero ducimus aut est non quo atque aliquam.', 'Alice did not dare to laugh; and, as they lay on the hearth and grinning from ear to ear. \'Please would you tell me, please, which way I ought to be sure; but I can\'t tell you his history,\' As they.', 1, 1, NULL, '2022-03-14 15:33:31', '2022-03-04 15:33:31'),
(94, 4, 'Quis voluptate quia quia optio sunt quis corporis.', NULL, 17, 'Wehner-Hand', 3, 'at', 'New', 'Alice. \'You must be,\' said the Queen, pointing to Alice an excellent plan, no doubt, and very soon had to do so. \'Shall we try another figure of the doors of the house of the hall; but, alas! the.', 'Tenetur consequatur a aut omnis sed. Officiis fuga facere unde omnis eos voluptatem beatae enim. Veritatis temporibus vel ut dolorem. Autem reprehenderit ipsam consequatur inventore ut. In voluptatem sit voluptatum corrupti ducimus omnis cum qui. Tempora aut atque ab. Amet maxime vero veniam dignissimos illo. Et voluptatem aut impedit debitis. Expedita facilis et voluptates. Consequatur repellat labore culpa consequatur corporis. Qui voluptatem et labore dolorum error. Consequuntur est natus tenetur aperiam quaerat temporibus. Quia quaerat ratione beatae dolore. Nam nostrum quibusdam eum aut voluptas quis voluptatem. Dolore quia ea exercitationem et ab. Unde aperiam illum et veniam. Iure earum quis assumenda atque quia. Aut suscipit eveniet quaerat autem harum. Ducimus rerum neque eligendi tenetur molestiae odio. Dolor quibusdam quas nostrum animi qui possimus voluptates. Exercitationem maiores in est blanditiis a. Quam vitae dolores libero modi amet provident. Id nihil et nam qui. Odio consectetur velit blanditiis quidem natus. Aut sapiente ut ut et sunt ex commodi natus. Ut excepturi itaque et quia doloribus dolores. Quo quae sapiente et deserunt tempora. Similique ut eius eaque est dolores. Quia facilis deleniti tempora nisi rem facilis vero ut. Alias tempora quaerat blanditiis inventore. Tempora consequatur dicta porro aut veritatis. Voluptatem quo non aut.', 'a:7:{i:0;s:46:\"Quis aut dolores magnam in ipsam voluptatibus.\";i:1;s:50:\"Qui est saepe modi adipisci eos temporibus beatae.\";i:2;s:40:\"Vel molestiae mollitia labore eos nobis.\";i:3;s:52:\"Nulla nesciunt fugit quaerat vel qui harum deleniti.\";i:4;s:56:\"Odio quis expedita deleniti maiores sunt explicabo iste.\";i:5;s:45:\"Tenetur hic dignissimos non atque voluptatem.\";i:6;s:56:\"Corporis adipisci ea animi deleniti rem vel omnis omnis.\";}', 80, 0, 3, '259.140690', '302.140690', '146.140690', '2022-03-14 15:33:00', '2022-04-01 14:33:00', '463.00', 1, '2022-03-13 15:33:00', 1, 'maiores-sint-earum-modi-voluptatem-optio-laborum-minus', 'a:2:{i:0;i:18;i:1;i:35;}', 'Eius saepe eius et voluptas doloremque cupiditate pariatur.', 'There was a little snappishly. \'You\'re enough to get in?\' \'There might be hungry, in which you usually see Shakespeare, in the world! Oh, my dear Dinah! I wonder if I\'ve been changed in the sky.', 1, 1, NULL, '2022-03-04 15:33:31', '2022-03-14 15:33:31'),
(95, 5, 'Ut sapiente magni est voluptate.', NULL, 1, 'Dach PLC', 3, 'qui', 'New', 'They all made of solid glass; there was enough of me left to make out at all the time it all is! I\'ll try and repeat \"\'TIS THE VOICE OF THE SLUGGARD,\"\' said the Pigeon. \'I\'m NOT a serpent, I tell.', 'Quis laudantium modi unde deserunt. Aspernatur sequi quia maxime reprehenderit nisi inventore. Quis dolorum est id omnis rerum. Sapiente temporibus doloribus odio. Iusto autem qui ea repudiandae aut. Rerum deserunt qui quos consequatur tempore eius eos. Saepe maiores eveniet perferendis dolores veniam ut. Porro nisi quia placeat soluta aut tempora aut. Suscipit delectus sapiente dolores consequatur ipsam aut. Amet inventore dolores cumque assumenda facilis et iste. Repudiandae est velit autem vel voluptatem iure voluptatum maiores. Quidem dicta optio delectus omnis suscipit ut. Aliquam omnis quos vitae molestiae. Debitis incidunt esse rerum magnam qui ducimus harum. Dolores consectetur nostrum nemo quos at adipisci nisi. Et quis hic accusamus id esse ex dolores. Vero dolorum impedit dolorem natus est repellat. Totam distinctio ipsum aut maiores sint et ratione. Occaecati a est dolorem sapiente dolores aut. Nihil atque minus temporibus adipisci totam at dicta ducimus. Tenetur quaerat quisquam sed voluptatum qui. Ipsum similique in eligendi cupiditate pariatur sint. Maxime fugit sunt recusandae ut tenetur. Reprehenderit sequi aut consectetur esse pariatur voluptates molestiae exercitationem. Voluptatum architecto soluta est mollitia tenetur sequi. Quia assumenda nemo et ut dolor ut voluptate. Suscipit sed et voluptas autem facilis consequatur. Magni eum ipsa voluptatem laborum vel.', 'a:7:{i:0;s:38:\"Est ex aliquid blanditiis est eveniet.\";i:1;s:46:\"Nemo tempora et eum voluptatem necessitatibus.\";i:2;s:47:\"Et ducimus est sed eum exercitationem mollitia.\";i:3;s:43:\"Sit consectetur id odit nisi aut doloribus.\";i:4;s:66:\"Aliquam ea quisquam fugit est magnam temporibus perferendis eaque.\";i:5;s:52:\"Sunt laborum dignissimos nobis id laborum voluptate.\";i:6;s:52:\"Suscipit possimus vero id rerum laboriosam pariatur.\";}', 21, 0, 3, '240.285000', '369.285000', NULL, NULL, NULL, '351.00', 1, '2022-03-12 15:33:00', 1, 'voluptas-harum-facilis-consequatur-nihil', 'a:2:{i:0;i:25;i:1;i:30;}', 'In cumque facere et deleniti minima quis expedita.', 'CHAPTER X. The Lobster Quadrille is!\' \'No, indeed,\' said Alice. \'You must be,\' said the King had said that day. \'That PROVES his guilt,\' said the Gryphon, and the Panther received knife and fork.', 1, 1, NULL, '2022-03-07 15:33:31', '2022-03-04 15:33:31'),
(96, 4, 'Mollitia veritatis rem minima et.', NULL, 48, 'Harvey, Effertz and Luettgen', 2, 'nesciunt', 'Used', 'I to get into her eyes--and still as she spoke, but no result seemed to follow, except a tiny golden key, and Alice\'s first thought was that she remained the same when I find a number of executions.', 'Nam nam impedit sunt natus dignissimos minus. Ipsum pariatur rerum consequatur facere minima. Voluptas ducimus quo minus ut consectetur. Perferendis hic tempora exercitationem maiores porro cum. Cumque eveniet unde beatae consectetur optio veniam. Sed et ipsa exercitationem distinctio quam aut itaque. Aut eligendi assumenda non omnis voluptates amet. Ipsa qui rerum enim rerum. Molestias temporibus corrupti nulla pariatur pariatur dignissimos tempora. Corporis blanditiis quisquam quia eveniet suscipit totam. Cum quidem eos ab sed et consequatur velit. Ut illum veniam ipsa laborum pariatur aut. Eum ea et deleniti ab odit reiciendis perferendis. Aut laboriosam ut eaque laudantium voluptatem. Repudiandae dicta reiciendis corporis dolorem et. Ut dignissimos repudiandae accusantium expedita. Et eos voluptate corrupti perspiciatis dolor vitae. Non dolorem sint vel sit sunt in placeat. Beatae maxime doloremque occaecati. Aut est qui maxime aspernatur quo. Iste ea esse corporis sed atque quos. Doloremque necessitatibus inventore esse ut possimus quia consequatur. Eos reiciendis rerum explicabo. Hic sed incidunt cum saepe repellendus. Quis unde asperiores pariatur facere vel laborum. Odit incidunt asperiores odit impedit repellat est. Sed inventore molestiae eum dolorem eligendi. Ut sit aut illo et maxime dolorem nihil. Est amet enim dolore suscipit. Reiciendis in praesentium sit et. Consequatur rerum totam corporis et mollitia dolorem.', 'a:7:{i:0;s:36:\"Sed voluptatem incidunt quisquam in.\";i:1;s:31:\"Ea omnis facere ab et quos aut.\";i:2;s:22:\"Minus et dicta labore.\";i:3;s:49:\"Aut sunt voluptas qui explicabo temporibus sequi.\";i:4;s:55:\"Similique sed aut saepe voluptatibus et nostrum itaque.\";i:5;s:30:\"Minima unde vero nesciunt est.\";i:6;s:29:\"Sed ullam sunt autem aliquam.\";}', 12, 0, 3, '378.483200', '519.483200', '403.483200', '2022-03-14 15:33:00', '2022-04-05 14:33:00', '497.00', 0, '2022-03-11 15:33:00', 1, 'est-ratione-eos-cum-ipsa', 'a:2:{i:0;i:35;i:1;i:46;}', 'Qui possimus sed mollitia qui et rerum.', 'After a while, finding that nothing more to be a grin, and she hastily dried her eyes immediately met those of a globe of goldfish she had hoped) a fan and gloves--that is, if I shall have some fun.', 1, 1, NULL, '2022-03-10 15:33:31', '2022-03-03 15:33:31'),
(97, 3, 'Animi exercitationem optio cum aliquam dolorum accusantium voluptatibus ducimus.', NULL, 28, 'Cronin, Stracke and King', 5, 'sed', 'Refurbished', 'It\'s always six o\'clock now.\' A bright idea came into Alice\'s shoulder as he spoke. \'A cat may look at them--\'I wish they\'d get the trial one way of expressing yourself.\' The baby grunted again, and.', 'Saepe ea cumque quas odio. Aut nam vitae nostrum expedita nihil ea. Ut earum vel perspiciatis magnam. Minus eos quibusdam dolor assumenda. Est impedit est rerum aliquam. Velit sed sunt nihil saepe illum debitis. Aliquid magni quaerat voluptas repudiandae temporibus ut laboriosam. Dolorem minima sint ea praesentium corrupti. Optio in impedit aut omnis quo reiciendis ipsa. Voluptatibus perspiciatis vel consectetur numquam officiis. Molestiae qui dolorem sed beatae. Magni quisquam quidem aut impedit provident ullam ut expedita. Dolore facere et ipsum error ex ea odit. Fugit consequatur et enim sequi. Ut sed quasi cumque quaerat ipsum eveniet ratione. Reiciendis saepe corrupti eos ratione. Aspernatur aut nesciunt rem quod. Ut ex iste qui officia consectetur. Molestias rerum et nostrum eius quibusdam. Occaecati omnis velit dolores fugit. Rerum numquam a officia ut facere eveniet aliquam voluptate. In deserunt sit est adipisci. Ipsum hic in error fugiat autem qui. Reprehenderit nobis et consequuntur consequuntur perferendis facilis. Dolorem iusto corrupti aperiam harum id dignissimos quos. Aspernatur et doloremque veniam aut sint nihil provident. Sapiente et harum animi aut repudiandae nisi debitis. Cupiditate id placeat expedita ab iure reiciendis. Quas eveniet omnis repellat illo. Quaerat quidem culpa corporis aspernatur tenetur et. Laborum voluptatem iure amet ut. Modi eos voluptate voluptate.', 'a:7:{i:0;s:44:\"Doloremque cumque tenetur ad ut et est esse.\";i:1;s:42:\"Perferendis iusto vel iste deserunt fugit.\";i:2;s:43:\"Nam reiciendis et vel sit enim qui aliquid.\";i:3;s:41:\"Sequi commodi veniam quo corporis facere.\";i:4;s:41:\"Rerum voluptates eos suscipit reiciendis.\";i:5;s:52:\"Mollitia aut illum cupiditate totam provident eaque.\";i:6;s:23:\"Aut doloremque qui sit.\";}', 87, 0, 3, '51.630000', '65.630000', NULL, NULL, NULL, '491.00', 0, '2022-03-12 15:33:00', 1, 'illo-quia-qui-possimus-unde-in-ut-omnis', 'a:2:{i:0;i:37;i:1;i:43;}', 'Qui accusamus incidunt aut quaerat cupiditate explicabo.', 'Alice; not that she was now, and she felt that this could not stand, and she told her sister, who was beginning to get in?\' she repeated, aloud. \'I must go and get ready for your interesting story,\'.', 1, 1, NULL, '2022-03-04 15:33:31', '2022-03-12 15:33:31'),
(98, 3, 'Dolor aut quia autem soluta quos est neque nobis.', NULL, 29, 'Crooks Inc', 1, 'dolorem', 'Refurbished', 'I can do without lobsters, you know. So you see, Alice had begun to dream that she wanted much to know, but the Rabbit coming to look down and make THEIR eyes bright and eager with many a strange.', 'Et nihil dolorum facilis perferendis. Impedit est voluptatem ullam sed nulla. Aut nam iure sed eum. Id et enim error atque. Dignissimos sed tempore ipsam fugiat asperiores earum molestias. Earum ut facilis eum qui. Sed natus illo molestias quo omnis est quis eos. Quis et sequi a sed consequatur in. Quia earum tempore ut beatae impedit veritatis enim. Nam eligendi et inventore ut nostrum. Qui eos consectetur est voluptate nesciunt cupiditate eum quisquam. Omnis dolorem temporibus qui exercitationem sint dolorem dignissimos aspernatur. Ut fuga id quo vero. Tempora earum suscipit quis id commodi. Saepe suscipit sint a est. Perspiciatis vero tenetur consequatur voluptatem molestiae. Totam beatae ipsum esse aut. Recusandae et corrupti omnis et tenetur. Et et nobis inventore dolore corporis odio ex. Mollitia rerum sint ut qui maxime id a. Incidunt quis sapiente laboriosam et qui tenetur voluptatem. Quisquam dolorum adipisci dolorem laborum. Fugiat delectus unde nemo placeat libero dolorum. Qui optio mollitia eaque eos. Voluptatibus aperiam rem non recusandae. Ipsum nostrum ut nam. Eum nesciunt totam laudantium neque. Deleniti est voluptatibus sunt harum necessitatibus. Sequi expedita tempore dolores porro occaecati. Nihil nihil qui atque ea laudantium nihil beatae. Et tempora aspernatur error reprehenderit facere saepe cumque magni. Ea facilis nam dolor magni possimus eius.', 'a:7:{i:0;s:36:\"Eveniet in quibusdam quia vitae sed.\";i:1;s:47:\"Incidunt placeat nihil possimus inventore quod.\";i:2;s:35:\"Accusamus id minima voluptas iusto.\";i:3;s:25:\"Tenetur sequi ipsum sunt.\";i:4;s:41:\"Porro aperiam natus placeat incidunt sit.\";i:5;s:36:\"Non dolor soluta magni eos sapiente.\";i:6;s:47:\"At totam qui deleniti perferendis dolorum sint.\";}', 55, 0, 3, '155.754123', '263.754123', '128.754123', '2022-03-14 15:33:00', '2022-04-02 14:33:00', '674.00', 1, '2022-03-12 15:33:00', 1, 'exercitationem-voluptatem-laboriosam-fugiat-vero', 'a:2:{i:0;i:15;i:1;i:31;}', 'Voluptas consequatur et error maiores optio aut.', 'I said \"What for?\"\' \'She boxed the Queen\'s voice in the pool of tears which she concluded that it would make with the dream of Wonderland of long ago: and how she would have appeared to them she.', 1, 1, NULL, '2022-03-05 15:33:31', '2022-03-08 15:33:31'),
(99, 3, 'Voluptates voluptas quisquam et quibusdam esse voluptatem.', NULL, 25, 'Crooks Inc', 3, 'perspiciatis', 'New', 'The Queen turned angrily away from her as she could, for the White Rabbit interrupted: \'UNimportant, your Majesty means, of course,\' the Gryphon answered, very nearly in the window?\' \'Sure, it\'s an.', 'Ea eligendi quae enim mollitia aspernatur. Consequatur qui quibusdam et tempore non explicabo dolor. Porro eum dolorem aut maxime. Harum eaque est deleniti in. Eius iure perferendis dolores illum sit. Aut quaerat ipsam voluptatem et aliquid perferendis. Omnis iste expedita consequatur fugiat ex architecto. Dolorum et id accusantium eaque exercitationem deserunt rerum. Ut repellat repellendus et iure. Aperiam aut dolores adipisci explicabo quis. Consequatur voluptas est animi. Consequatur sunt praesentium non maxime. Mollitia quae est qui repudiandae dolorum recusandae et. Quis rerum nesciunt perferendis cupiditate reprehenderit magni. Est est et saepe et sunt a ut et. Illo est est ex voluptas ducimus mollitia esse. Eum eos provident maxime sed quis reprehenderit. Autem aut consequatur neque et hic nesciunt. Nihil qui molestias sequi velit in. Temporibus qui nostrum aspernatur qui. Beatae et beatae enim reprehenderit hic. Deleniti impedit minima autem animi quia aperiam nostrum exercitationem. Dignissimos ad ex aliquid consequuntur et quasi. Similique ut sit ut occaecati. Illo qui ut nulla id necessitatibus aperiam. Quas sapiente rerum suscipit quo eum quia qui deleniti. Maiores et debitis qui dignissimos. Vitae quis beatae consequatur. Voluptas aperiam natus consequatur et ut eos et. Aut dolorum sit sunt dolores qui. Corrupti non tempora quis et recusandae voluptate. Unde earum praesentium nihil porro ut fuga aspernatur et. Eos ratione distinctio quia nemo voluptate.', 'a:7:{i:0;s:60:\"Atque consectetur molestiae consectetur eos et fugiat dicta.\";i:1;s:35:\"Omnis est et in ut sed fuga quidem.\";i:2;s:82:\"Quisquam repudiandae ducimus molestias recusandae soluta perspiciatis repellendus.\";i:3;s:34:\"Consequatur ab assumenda adipisci.\";i:4;s:22:\"Nam deleniti eius qui.\";i:5;s:39:\"Eos aspernatur in autem culpa ut illum.\";i:6;s:40:\"Quis ea rerum placeat ut esse provident.\";}', 45, 0, 3, '154.925000', '282.925000', NULL, NULL, NULL, '1494.00', 0, '2022-03-13 15:33:00', 1, 'dignissimos-corrupti-sed-sed-expedita-laboriosam-esse-assumenda', 'a:2:{i:0;i:19;i:1;i:21;}', 'Voluptatibus aut voluptatem et nostrum.', 'Alice replied, so eagerly that the Mouse to Alice again. \'No, I give you fair warning,\' shouted the Gryphon, before Alice could speak again. The Mock Turtle a little before she had quite a long.', 1, 1, NULL, '2022-03-01 15:33:31', '2022-02-28 15:33:31'),
(100, 4, 'Eligendi accusantium libero veritatis.', NULL, 34, 'Cronin, Stracke and King', 5, 'molestiae', 'Used', 'Alice\'s side as she fell past it. \'Well!\' thought Alice to herself. At this moment Alice appeared, she was now about a thousand times as large as himself, and this Alice would not allow without.', 'Minus ut eos numquam optio labore. Repellendus nulla at dolor magni aliquam molestiae iste. Quis aut earum velit aut reiciendis autem velit. Laborum iusto nihil quod repudiandae in exercitationem aliquid. Fuga non quo consequuntur architecto labore ut reprehenderit. Tenetur sequi fuga aliquam eum ex autem. Eos necessitatibus laudantium nulla corporis similique. Inventore accusantium est odit est reprehenderit praesentium. Exercitationem et ipsam et ipsam ipsam quas. Voluptatem iure quod eos quia est velit. Omnis soluta et repellendus est. Est quas dolore ea illo quia. Aperiam vitae qui repellendus et. Adipisci voluptates qui harum sunt et hic blanditiis. Earum eaque labore amet est modi facilis vitae. Architecto omnis deserunt alias dolores harum perferendis eos nisi. Sed pariatur velit dicta sunt blanditiis recusandae. Omnis et omnis et temporibus rerum. Veritatis tempore excepturi a nihil est laudantium. Omnis quis sed pariatur. Suscipit et asperiores labore. Eius recusandae voluptatibus rem consectetur. Facere eius ut aliquam in est quasi est. Tenetur tempora aut minus quaerat ut est et. Laboriosam tempora est iusto id consectetur quia architecto autem. Sit facere omnis quia itaque. Facilis suscipit qui sit sit minima perspiciatis. Sit delectus numquam autem fugiat. Consequatur quia eum incidunt autem nemo quis in. Cupiditate eum porro pariatur in et voluptatem commodi ipsam.', 'a:7:{i:0;s:59:\"Laboriosam possimus magni dolorem eius asperiores quis qui.\";i:1;s:57:\"Sunt quam dolores aliquam praesentium assumenda ut rerum.\";i:2;s:47:\"Culpa voluptate voluptatem aut voluptatem enim.\";i:3;s:36:\"Optio consequuntur reprehenderit ut.\";i:4;s:38:\"Facilis molestiae neque placeat animi.\";i:5;s:50:\"Doloribus est repellendus velit aliquam in rem et.\";i:6;s:47:\"Voluptatem rerum ut est nemo ut vitae deserunt.\";}', 22, 0, 3, '70.508000', '78.508000', NULL, NULL, NULL, '200.00', 1, '2022-03-12 15:33:00', 1, 'suscipit-quia-quia-et', 'a:3:{i:0;i:2;i:1;i:20;i:2;i:23;}', 'Voluptatibus voluptatem exercitationem deleniti molestias omnis at.', 'CURTSEYING as you\'re falling through the neighbouring pool--she could hear the rattle of the trees as well as pigs, and was suppressed. \'Come, that finished the goose, with the day of the mushroom.', 1, 1, NULL, '2022-03-03 15:33:31', '2022-02-28 15:33:31'),
(101, 2, 'Reprehenderit nam eos et veritatis delectus omnis illo.', NULL, 33, 'Cronin, Stracke and King', 2, 'quod', 'New', 'Come on!\' \'Everybody says \"come on!\" here,\' thought Alice, \'as all the children she knew the name of the window, I only wish it was,\' said the Duck: \'it\'s generally a frog or a watch to take out of.', 'Magni dolorem numquam eaque rerum animi. Ut rerum maxime qui eveniet vel quasi. Voluptas consectetur et velit soluta totam cum sed. Eaque et rem qui vero. Quia quia eos deserunt ea. Quia ea est sunt. Ipsum quibusdam corrupti tenetur nobis iusto quis. Adipisci voluptate saepe omnis est explicabo et neque. Voluptate vitae qui id expedita quia voluptatem eligendi. Voluptatibus rerum dolore assumenda unde blanditiis. Molestiae qui illum recusandae aliquam. Qui fugiat nobis quis corrupti sequi incidunt. Sunt expedita eius odio laudantium. Adipisci qui a sint. Fuga eaque aut explicabo blanditiis distinctio error. Saepe qui ut delectus aut. Consequatur et aliquid explicabo quisquam. Voluptates quod cum non autem architecto eum voluptatem. Magni a provident deserunt accusamus saepe. Qui ipsa corporis totam aperiam est blanditiis nam laborum. Aut vel molestiae omnis ducimus ut sunt. Expedita voluptatem velit repellat doloremque aut labore. Quia ut et ut quaerat nesciunt fugit. Adipisci nemo doloremque temporibus eos rerum. Est ad ut repudiandae beatae aut aut et. Aut sint veniam mollitia perspiciatis ut ratione praesentium distinctio. At id aut libero reprehenderit et ut. Fugiat esse aut labore sapiente. Itaque error aut quia cum. Eos ut omnis ut. Doloribus doloremque quo impedit repudiandae.', 'a:7:{i:0;s:52:\"Eum cum voluptas dolore unde autem blanditiis qui a.\";i:1;s:50:\"Dolores facere voluptas aut accusantium molestiae.\";i:2;s:55:\"Voluptatem occaecati quam et voluptates sapiente alias.\";i:3;s:29:\"Vitae et aliquid et nihil ut.\";i:4;s:18:\"Sit quam nam amet.\";i:5;s:43:\"Veritatis eum tempore id excepturi tenetur.\";i:6;s:36:\"Aut tempore enim eius id asperiores.\";}', 91, 0, 3, '112.730555', '158.730555', NULL, NULL, NULL, '1290.00', 1, '2022-03-13 15:33:00', 1, 'mollitia-non-suscipit-architecto', 'a:3:{i:0;i:2;i:1;i:41;i:2;i:47;}', 'Voluptatibus recusandae omnis recusandae.', 'At last the Gryphon repeated impatiently: \'it begins \"I passed by his garden, and marked, with one finger pressed upon its forehead (the position in dancing.\' Alice said; \'there\'s a large dish of.', 1, 1, NULL, '2022-03-05 15:33:31', '2022-03-05 15:33:31'),
(102, 3, 'Aut natus asperiores a et.', NULL, 42, 'Dach PLC', 2, 'voluptas', 'Used', 'Lobster Quadrille?\' the Gryphon went on. \'Or would you like to be otherwise.\"\' \'I think I can find out the answer to shillings and pence. \'Take off your hat,\' the King in a game of croquet she was.', 'Est quae culpa est. Maiores ipsum molestiae minus consequatur nulla. Voluptatem quisquam officia et voluptatibus. Quia qui molestiae asperiores natus eum. Aut fugiat consequatur sapiente corrupti. Non reiciendis atque quia. Ea velit modi labore cum quibusdam. Possimus provident enim sequi incidunt magnam ex. Ut aliquid mollitia praesentium et accusamus ea architecto dolorem. Voluptatem recusandae veritatis omnis vel. Consectetur esse asperiores consequatur facere soluta cupiditate. Sit sint iste qui ad molestias. Similique repellat odio ut dignissimos aperiam facilis in. Est incidunt voluptatem corrupti odio dicta reprehenderit debitis. Voluptatem repudiandae fugiat sit consequatur. Eligendi iusto dolorum expedita assumenda. Quam animi atque eos aut. Nihil cupiditate odio culpa. Molestias dolore id ex est. Sint odio minima dicta iusto ducimus sit. Sit aut voluptas eos eum et. Repellat fugit voluptas ut molestias sunt voluptas excepturi. Eveniet ab adipisci aut et adipisci veniam dolore. Doloremque velit in et quod. Sunt in enim necessitatibus qui qui. Quasi et aut et quia repudiandae unde expedita. Ut et reprehenderit et eius ut consequatur reiciendis sed. Voluptas corrupti architecto commodi molestias ea iste voluptatem. Consequatur possimus repellat voluptates aut qui libero tempora. Reiciendis deserunt soluta aut quo aliquam nihil maxime occaecati. Beatae molestiae amet consequatur. Libero eligendi ipsum consequatur incidunt et.', 'a:7:{i:0;s:66:\"Mollitia voluptas ut saepe voluptatem repellendus inventore dolor.\";i:1;s:44:\"Corrupti architecto ad consequatur omnis in.\";i:2;s:56:\"Dolores quas qui sequi accusantium occaecati voluptatem.\";i:3;s:48:\"Vel corporis optio qui eum tempora fugit et sit.\";i:4;s:49:\"Laborum et dolorem quia harum nisi sint suscipit.\";i:5;s:29:\"Voluptas quia eum magnam cum.\";i:6;s:40:\"Magnam repellendus autem ab aliquam qui.\";}', 54, 0, 3, '137.310000', '59.000000', '24.000000', '2022-03-14 15:33:00', '2022-03-22 15:33:00', '706.00', 1, '2022-03-12 15:33:00', 1, 'cum-eum-vero-deleniti-quia-ducimus-et-ipsam', 'a:3:{i:0;i:23;i:1;i:24;i:2;i:27;}', 'Rerum similique placeat sed ab.', 'Alice replied in a low trembling voice, \'--and I hadn\'t cried so much!\' Alas! it was the White Rabbit read:-- \'They told me he was speaking, so that her neck kept getting entangled among the leaves.', 0, 1, NULL, '2022-03-12 15:33:34', '2022-03-14 15:33:34'),
(103, 5, 'Repellendus libero earum dolorem voluptatem perspiciatis earum quia.', NULL, 35, 'Cummerata, Armstrong and Dooley', 2, 'ipsum', 'Refurbished', 'Mouse, frowning, but very politely: \'Did you say pig, or fig?\' said the youth, \'as I mentioned before, And have grown most uncommonly fat; Yet you balanced an eel on the stairs. Alice knew it was in.', 'Laborum itaque rerum consequatur voluptate cupiditate laboriosam non. Quia ut minima officia impedit rem ipsam. Cumque officiis enim explicabo ipsa quo. Quia qui iusto aut consectetur facere. Natus voluptatem accusamus beatae quis quaerat neque eveniet. Qui occaecati et omnis voluptates maiores minus. Occaecati ut dolor id molestias consequatur dignissimos. Suscipit accusamus accusamus sed. Recusandae ipsum ea culpa consequatur hic qui magnam. Sed repellat et ducimus vitae non. Et inventore tempora placeat qui. Repellat enim soluta vel delectus nihil. Quia ut optio amet iure aut. Ab quia nulla maxime nulla ea quia repellat. Blanditiis quae qui ut animi ratione soluta. Nulla illum illo tenetur iusto et alias blanditiis. Facilis ut eaque autem minima consequatur. Nobis nulla ab deleniti ut vero. Repellendus molestiae exercitationem nulla at distinctio. Nostrum error omnis aut. Aut est quasi est magnam provident culpa nulla. Eum asperiores quisquam quo consequuntur aperiam architecto consequatur asperiores. Molestiae a accusantium ut dicta omnis voluptas. Hic officia voluptatem adipisci dolor. Consequatur similique eius nulla. Fuga eos quidem atque. Maxime repellat velit neque nostrum. Omnis dignissimos ea saepe beatae. Sed ea quam vel est odit. Et laudantium accusantium quia aut. Ut vitae autem sunt. Id eius ea ad ut. Tempore dolores inventore non tempore repellat in sint.', 'a:7:{i:0;s:31:\"Est a id nobis doloribus ullam.\";i:1;s:56:\"Enim dolorem commodi alias minima quae tenetur quia qui.\";i:2;s:38:\"Ullam vel qui provident modi qui sint.\";i:3;s:29:\"Velit provident totam libero.\";i:4;s:40:\"Aut possimus rerum doloremque voluptate.\";i:5;s:58:\"Velit recusandae itaque aut repellendus reprehenderit est.\";i:6;s:24:\"Rerum modi minima eaque.\";}', 83, 0, 3, '376.382600', '66.000000', NULL, NULL, NULL, '158.00', 1, '2022-03-13 15:33:00', 1, 'minima-vitae-sint-sit-laborum-alias-et-omnis-suscipit', 'a:3:{i:0;i:20;i:1;i:34;i:2;i:43;}', 'Possimus ut voluptatem magnam id fugit sed.', 'I then? Tell me that first, and then, if I only wish people knew that: then they wouldn\'t be in before the end of the jurymen. \'It isn\'t mine,\' said the Hatter, and, just as I used--and I don\'t like.', 0, 1, NULL, '2022-03-02 15:33:35', '2022-03-12 15:33:35'),
(104, 5, 'Ut id porro reiciendis quia.', NULL, 16, 'Cummerata, Armstrong and Dooley', 5, 'ea', 'Used', 'I will just explain to you never had to sing you a couple?\' \'You are old,\' said the youth, \'and your jaws are too weak For anything tougher than suet; Yet you finished the guinea-pigs!\' thought.', 'Quam at totam corrupti eveniet. Aliquid est animi voluptatibus vero quis dolorum rerum dolor. Non sequi dicta mollitia doloremque veniam qui commodi. Vel sed architecto numquam libero ipsa. Molestias iste veritatis sed non. Nobis accusantium vel eos a dolorem natus fugit ipsam. Blanditiis modi deserunt laudantium sunt magnam. Occaecati cum ut sed porro cupiditate perferendis ut accusamus. Voluptates nam repellendus dolore qui. Exercitationem qui et in est ut aut. Tenetur repudiandae molestiae ut iure cupiditate architecto repellat. Vel eum neque minus laboriosam explicabo rerum repudiandae similique. Cum dolor aut facere odio error. Consectetur laborum vel illum. Et labore et aut esse in quas. Praesentium non qui et tempore voluptas aut nostrum. Repudiandae quia non tempore qui. Unde officia in suscipit mollitia. Blanditiis nostrum numquam possimus vel non. Et ea et ut maxime. Animi illum quia omnis quo consequatur et. Ea ut dolorem eaque omnis nisi. Explicabo est voluptatum nam est rerum tempore. Reprehenderit deserunt quasi inventore expedita. Voluptatum similique nulla sequi qui. Veritatis quo natus quo explicabo aut quia ut. Ratione voluptas voluptas necessitatibus consequuntur et voluptas. A soluta id provident corporis. Pariatur quidem temporibus eum. Eius maiores ad velit soluta qui qui. Sint excepturi est reprehenderit aut fugit et rerum. Eveniet blanditiis amet est provident eligendi et dicta.', 'a:7:{i:0;s:35:\"Aliquid non similique dolores nisi.\";i:1;s:47:\"Nostrum odit quas quas est autem reprehenderit.\";i:2;s:29:\"Dolores quo quam fugiat in a.\";i:3;s:19:\"Qui ipsum a soluta.\";i:4;s:55:\"Omnis vel cum est natus est voluptatem sunt voluptates.\";i:5;s:40:\"Architecto fuga asperiores atque est in.\";i:6;s:29:\"Quo at qui qui impedit rerum.\";}', 66, 0, 3, '309.212388', '65.000000', NULL, NULL, NULL, '1803.00', 1, '2022-03-13 15:33:00', 1, 'dignissimos-qui-minus-et-repellendus', 'a:2:{i:0;i:43;i:1;i:46;}', 'Cum suscipit est eveniet dolorem.', 'Five! Always lay the blame on others!\' \'YOU\'D better not talk!\' said Five. \'I heard the Queen\'s absence, and were quite silent, and looked at the Queen, \'and take this child away with me,\' thought.', 0, 1, NULL, '2022-03-05 15:33:35', '2022-03-14 15:33:35'),
(105, 4, 'Sequi itaque similique rerum dicta reiciendis ea.', NULL, 41, 'Dach PLC', 1, 'numquam', 'Used', 'Gryphon. Alice did not appear, and after a few minutes, and she ran across the field after it, \'Mouse dear! Do come back again, and said, \'It WAS a curious feeling!\' said Alice; \'living at the.', 'Et facere itaque eos. Iusto dolor et illo molestiae. Asperiores minima velit tempore. Nihil quos sit consequatur optio modi quis ut. Sed id alias placeat perferendis aliquid quis iure nihil. Dolor suscipit et temporibus sunt voluptatum. Et recusandae iste ea fugiat explicabo officia commodi tempora. Voluptatem quis dolorem quia nesciunt perspiciatis eos optio. Possimus in omnis reiciendis officia voluptate sint. Voluptas dolor temporibus et voluptatem ab alias nihil. Qui rem perferendis dolores suscipit voluptatum. Aperiam et aut et deserunt. Consequatur perspiciatis debitis adipisci maxime voluptatem. Sint vel maxime ut nisi delectus eos saepe. Ipsum assumenda perferendis et nihil. Occaecati est repellendus sit eum harum. Praesentium voluptas reiciendis inventore et. Atque est asperiores velit aliquid illo qui libero et. Quas sunt eum occaecati. Et facere eum est delectus ut et praesentium sapiente. Non saepe occaecati dolore est. Sunt itaque illum enim perferendis est. Sint dolore delectus alias sint. Unde similique et incidunt dolorem voluptate voluptatem eveniet. Vitae ut voluptatem quis illo. Animi necessitatibus quae asperiores qui. Hic id dolores cupiditate omnis. Porro sit in enim aut animi cupiditate vel. At saepe placeat commodi id eius. Laboriosam repellendus eos dolore. Est corrupti rerum nostrum rerum velit quibusdam maiores. Vero doloremque laborum earum autem quibusdam est voluptate.', 'a:7:{i:0;s:67:\"Eum consequatur libero porro voluptatibus aspernatur eligendi amet.\";i:1;s:27:\"Commodi minus tempore quod.\";i:2;s:61:\"Nam aperiam perspiciatis voluptatum enim voluptatem deleniti.\";i:3;s:44:\"Hic sit sint ut sint temporibus sequi rerum.\";i:4;s:41:\"Commodi vel ipsa aut dolorem et voluptas.\";i:5;s:28:\"Odio maiores minus expedita.\";i:6;s:41:\"Et ipsam molestiae est aut placeat culpa.\";}', 36, 0, 3, '73.524198', '45.000000', NULL, NULL, NULL, '1184.00', 0, '2022-03-13 15:33:00', 1, 'ea-qui-nihil-qui-qui-vel-nemo-nihil', 'a:2:{i:0;i:1;i:1;i:14;}', 'Minus dolores et fugiat dignissimos eaque rerum dolorum.', 'And oh, my poor little thing grunted in reply (it had left off quarrelling with the glass table and the Queen shouted at the mushroom (she had grown in the kitchen. \'When I\'M a Duchess,\' she said to.', 0, 1, NULL, '2022-03-10 15:33:35', '2022-03-12 15:33:35'),
(106, 3, 'Beatae quibusdam aperiam cumque consectetur et.', NULL, 13, 'Kohler, Lind and Schiller', 4, 'nam', 'Refurbished', 'Mock Turtle. Alice was silent. The King turned pale, and shut his eyes.--\'Tell her about the right size for ten minutes together!\' \'Can\'t remember WHAT things?\' said the Gryphon. \'We can do no more.', 'Dolorem quisquam rem dolores quo id voluptatem fugit. Maiores quia porro sapiente. Vel et alias rerum distinctio repellat sint corrupti. Enim sit non porro laboriosam excepturi aut. Aspernatur minus eaque accusamus repudiandae. Molestiae exercitationem et debitis. Fuga explicabo est omnis aliquid. Dignissimos rerum minima quibusdam distinctio aut asperiores. Molestiae saepe reprehenderit eligendi nihil nemo. Sint ipsa repellendus et possimus. Placeat at cum nemo delectus est. Nam facere quisquam error numquam. Impedit sint eos occaecati qui tenetur soluta. Nulla autem aut enim assumenda. Eius ut quis earum porro. Dolorem nam iusto recusandae at veritatis earum ut voluptatum. Consequatur quae cumque eum blanditiis sed nobis. Repellendus dicta id quia unde. Placeat dolores ut nesciunt nisi. Voluptatum vero mollitia natus qui quidem cum laborum. Et voluptas amet dolorum voluptatibus ratione et. Sit laborum praesentium aut harum. Rerum voluptatibus quo ut et corporis saepe. Sed fugit soluta earum placeat ducimus eveniet. Repudiandae dignissimos soluta reprehenderit maiores et ipsum soluta. Recusandae quia quam magni voluptas et impedit ex qui. Quia quia atque earum nulla minima. Laudantium qui accusamus enim. Et id totam ut ab. Aut molestias recusandae sit rerum. Possimus aspernatur nesciunt doloremque rerum. Est inventore est doloremque.', 'a:7:{i:0;s:38:\"Temporibus non delectus in recusandae.\";i:1;s:52:\"Sequi dolore pariatur illum quas doloremque et quis.\";i:2;s:36:\"Sequi vero quibusdam hic rerum quia.\";i:3;s:44:\"Quas deserunt voluptatem quis corporis amet.\";i:4;s:50:\"Atque voluptates hic nisi modi vero amet voluptas.\";i:5;s:52:\"Magnam eos doloribus laborum autem dignissimos quae.\";i:6;s:24:\"Sunt rerum ipsam qui et.\";}', 62, 0, 3, '138.500000', '16.000000', NULL, NULL, NULL, '1947.00', 1, '2022-03-11 15:33:00', 1, 'et-aliquam-voluptatum-animi-quia', 'a:2:{i:0;i:23;i:1;i:47;}', 'Ipsum nihil aliquam possimus nihil.', 'I\'ve finished.\' So they went on growing, and, as there was not quite sure whether it would be the right house, because the Duchess and the procession moved on, three of her head on her lap as if he.', 1, 1, NULL, '2022-03-02 15:33:35', '2022-03-01 15:33:35'),
(107, 3, 'Enim aperiam quos eaque libero beatae ipsam placeat.', NULL, 51, 'Crooks Inc', 2, 'officia', 'New', 'Alice. One of the baby, it was addressed to the whiting,\' said the Pigeon went on, \'What HAVE you been doing here?\' \'May it please your Majesty!\' the Duchess by this time, sat down and cried. \'Come.', 'Deleniti quidem error similique aut sit. Unde magnam repellendus temporibus et minus in. Distinctio et sed et voluptatibus. Et earum id pariatur vel dolore minus. Aut repellat consequatur quo quia aliquam at. Id in aliquid occaecati itaque neque. Necessitatibus consequatur et magnam necessitatibus tenetur molestias. Saepe vel beatae ea. In repellendus et nihil dolorem consectetur illo. Autem quia odio voluptatum quisquam. Quia assumenda beatae omnis dolor. Quas non hic ut. Earum praesentium maxime enim optio voluptatum. Assumenda omnis atque qui quia nemo. Voluptates beatae fugiat dignissimos. Nostrum sint iusto aperiam impedit dolores. Ex saepe qui placeat adipisci delectus et perspiciatis. Eos voluptatum dolorem debitis rem ratione et ex ut. Dolorem unde molestias et id. Facere maiores perspiciatis ab qui sequi neque non. Sequi odit eaque incidunt quibusdam. Nisi sequi corrupti consequatur necessitatibus blanditiis. Nisi iste qui est odio molestiae ratione. Eius animi consectetur eum tempore autem sint dolor. Voluptas vel suscipit nobis molestiae aspernatur fugit molestiae labore. Autem molestiae vero consequatur nihil. Enim magni et perspiciatis qui labore qui et. Consectetur vel iure quis accusantium. Aut dicta aut possimus. Fuga recusandae iure temporibus est ullam. Consequatur eveniet voluptas ut alias ipsam rerum. Iure qui recusandae sunt. Pariatur et quis provident vitae accusantium dicta error. Quam ab a est aut similique accusantium.', 'a:7:{i:0;s:37:\"Quia nam ratione vel in iure ducimus.\";i:1;s:39:\"Magni ut assumenda facere quasi id sed.\";i:2;s:43:\"Accusantium occaecati velit quo reiciendis.\";i:3;s:56:\"Nisi culpa nobis laboriosam adipisci dolores laudantium.\";i:4;s:35:\"Aliquid eveniet omnis excepturi et.\";i:5;s:47:\"Ipsa nesciunt sapiente aperiam et aut sed iste.\";i:6;s:48:\"Aut nostrum dolores nostrum vel enim distinctio.\";}', 81, 0, 3, '364.818000', '7.000000', NULL, NULL, NULL, '1292.00', 0, '2022-03-11 15:33:00', 1, 'ut-dolor-ut-error-autem-ad-atque-quia', 'a:3:{i:0;i:14;i:1;i:15;i:2;i:20;}', 'Eligendi impedit nihil assumenda dicta consectetur quis.', 'I\'ve tried banks, and I\'ve tried hedges,\' the Pigeon the opportunity of taking it away. She did it at all,\' said the Mock Turtle; \'but it doesn\'t matter much,\' thought Alice, and she tried to speak.', 1, 1, NULL, '2022-03-07 15:33:35', '2022-03-08 15:33:35');

-- --------------------------------------------------------

--
-- Structură tabel pentru tabel `inventory_packaging`
--

CREATE TABLE `inventory_packaging` (
  `packaging_id` int UNSIGNED NOT NULL,
  `inventory_id` bigint UNSIGNED NOT NULL,
  `created_at` timestamp NULL DEFAULT NULL,
  `updated_at` timestamp NULL DEFAULT NULL
) ENGINE=InnoDB DEFAULT CHARSET=utf8mb3 COLLATE=utf8_unicode_ci;

-- --------------------------------------------------------

--
-- Structură tabel pentru tabel `invoices`
--

CREATE TABLE `invoices` (
  `id` int UNSIGNED NOT NULL,
  `user_id` bigint DEFAULT NULL,
  `shop_id` int DEFAULT NULL,
  `provider_id` varchar(255) COLLATE utf8_unicode_ci NOT NULL,
  `total` decimal(8,2) DEFAULT NULL,
  `tax` decimal(8,2) DEFAULT NULL,
  `card_country` varchar(255) COLLATE utf8_unicode_ci DEFAULT NULL,
  `billing_state` varchar(255) COLLATE utf8_unicode_ci DEFAULT NULL,
  `billing_zip` varchar(255) COLLATE utf8_unicode_ci DEFAULT NULL,
  `billing_country` varchar(255) COLLATE utf8_unicode_ci DEFAULT NULL,
  `created_at` timestamp NULL DEFAULT NULL,
  `updated_at` timestamp NULL DEFAULT NULL
) ENGINE=InnoDB DEFAULT CHARSET=utf8mb3 COLLATE=utf8_unicode_ci;

-- --------------------------------------------------------

--
-- Structură tabel pentru tabel `jobs`
--

CREATE TABLE `jobs` (
  `id` bigint UNSIGNED NOT NULL,
  `queue` varchar(255) COLLATE utf8_unicode_ci NOT NULL,
  `payload` longtext COLLATE utf8_unicode_ci NOT NULL,
  `attempts` tinyint UNSIGNED NOT NULL,
  `reserved_at` int UNSIGNED DEFAULT NULL,
  `available_at` int UNSIGNED NOT NULL,
  `created_at` int UNSIGNED NOT NULL
) ENGINE=InnoDB DEFAULT CHARSET=utf8mb3 COLLATE=utf8_unicode_ci;

-- --------------------------------------------------------

--
-- Structură tabel pentru tabel `languages`
--

CREATE TABLE `languages` (
  `id` int UNSIGNED NOT NULL,
  `code` varchar(255) COLLATE utf8_unicode_ci NOT NULL,
  `php_locale_code` varchar(255) COLLATE utf8_unicode_ci NOT NULL,
  `language` text COLLATE utf8_unicode_ci NOT NULL,
  `order` int NOT NULL DEFAULT '100',
  `rtl` tinyint(1) DEFAULT '0',
  `active` tinyint(1) DEFAULT '0',
  `deleted_at` timestamp NULL DEFAULT NULL,
  `created_at` timestamp NULL DEFAULT NULL,
  `updated_at` timestamp NULL DEFAULT NULL
) ENGINE=InnoDB DEFAULT CHARSET=utf8mb3 COLLATE=utf8_unicode_ci;

--
-- Eliminarea datelor din tabel `languages`
--

INSERT INTO `languages` (`id`, `code`, `php_locale_code`, `language`, `order`, `rtl`, `active`, `deleted_at`, `created_at`, `updated_at`) VALUES
(1, 'en', 'en_US', 'English', 1, 0, 1, NULL, '2022-03-14 15:33:15', '2022-03-14 15:33:15'),
(2, 'es', 'es_ES', 'Spanish', 2, 0, 1, NULL, '2022-03-14 15:33:15', '2022-03-14 15:33:15'),
(3, 'fa', 'fa_IR', 'Persian', 3, 1, 1, NULL, '2022-03-14 15:33:15', '2022-03-14 15:33:15'),
(4, 'bn', 'bn_BD', 'Bangla (Bangali)', 4, 0, 1, NULL, '2022-03-14 15:33:15', '2022-03-14 15:33:15'),
(5, 'ar', 'ar_AE', 'Arabic', 100, 1, 0, NULL, '2022-03-14 15:33:15', '2022-03-14 15:33:15'),
(6, 'zh', 'zh_CN', 'Chinese', 100, 0, 0, NULL, '2022-03-14 15:33:15', '2022-03-14 15:33:15'),
(7, 'hi', 'hi_IN', 'Hindi', 100, 0, 0, NULL, '2022-03-14 15:33:15', '2022-03-14 15:33:15'),
(8, 'da', 'da_DK', 'Danish', 100, 0, 0, NULL, '2022-03-14 15:33:15', '2022-03-14 15:33:15'),
(9, 'de', 'de_DE', 'German', 100, 0, 0, NULL, '2022-03-14 15:33:15', '2022-03-14 15:33:15'),
(10, 'el', 'el_GR', 'Greek', 100, 0, 0, NULL, '2022-03-14 15:33:15', '2022-03-14 15:33:15'),
(11, 'fr', 'fr_FR', 'French', 100, 0, 0, NULL, '2022-03-14 15:33:15', '2022-03-14 15:33:15'),
(12, 'he', 'he_IL', 'Hebrew', 100, 1, 0, NULL, '2022-03-14 15:33:15', '2022-03-14 15:33:15'),
(13, 'nl', 'nl_NL', 'Dutch', 100, 0, 0, NULL, '2022-03-14 15:33:15', '2022-03-14 15:33:15'),
(14, 'no', 'no_NO', 'Norwegian', 100, 0, 0, NULL, '2022-03-14 15:33:15', '2022-03-14 15:33:15'),
(15, 'pt', 'pt', 'Portuguese', 100, 0, 0, NULL, '2022-03-14 15:33:15', '2022-03-14 15:33:15'),
(16, 'pt_PT', 'pt_PT', 'Portuguese', 100, 0, 0, NULL, '2022-03-14 15:33:15', '2022-03-14 15:33:15'),
(17, 'ru', 'ru_RU', 'Russian', 100, 0, 0, NULL, '2022-03-14 15:33:15', '2022-03-14 15:33:15'),
(18, 'sv', 'sv_SE', 'Swedish', 100, 0, 0, NULL, '2022-03-14 15:33:15', '2022-03-14 15:33:15'),
(19, 'th', 'th_TH', 'Thai', 100, 0, 0, NULL, '2022-03-14 15:33:15', '2022-03-14 15:33:15'),
(20, 'tr', 'tr_TR', 'Turkish', 100, 0, 0, NULL, '2022-03-14 15:33:15', '2022-03-14 15:33:15'),
(21, 'id', 'id_ID', 'Indonesian', 100, 0, 0, NULL, '2022-03-14 15:33:15', '2022-03-14 15:33:15'),
(22, 'vi', 'vi_VN', 'Vietnamese', 100, 0, 0, NULL, '2022-03-14 15:33:15', '2022-03-14 15:33:15'),
(23, 'uk', 'uk_UA', 'Ukrainian', 100, 0, 0, NULL, '2022-03-14 15:33:15', '2022-03-14 15:33:15');

-- --------------------------------------------------------

--
-- Structură tabel pentru tabel `manufacturers`
--

CREATE TABLE `manufacturers` (
  `id` int UNSIGNED NOT NULL,
  `shop_id` int UNSIGNED DEFAULT NULL,
  `name` varchar(255) COLLATE utf8_unicode_ci NOT NULL,
  `slug` varchar(200) COLLATE utf8_unicode_ci NOT NULL,
  `email` varchar(255) COLLATE utf8_unicode_ci DEFAULT NULL,
  `url` text COLLATE utf8_unicode_ci,
  `phone` varchar(255) COLLATE utf8_unicode_ci DEFAULT NULL,
  `description` longtext COLLATE utf8_unicode_ci,
  `country_id` int UNSIGNED DEFAULT NULL,
  `active` tinyint(1) NOT NULL DEFAULT '1',
  `deleted_at` timestamp NULL DEFAULT NULL,
  `created_at` timestamp NULL DEFAULT NULL,
  `updated_at` timestamp NULL DEFAULT NULL
) ENGINE=InnoDB DEFAULT CHARSET=utf8mb3 COLLATE=utf8_unicode_ci;

--
-- Eliminarea datelor din tabel `manufacturers`
--

INSERT INTO `manufacturers` (`id`, `shop_id`, `name`, `slug`, `email`, `url`, `phone`, `description`, `country_id`, `active`, `deleted_at`, `created_at`, `updated_at`) VALUES
(1, 2, 'acme', 'acme', 'wiegand.kaylah@hotmail.com', 'http://corwin.com/deleniti-ea-voluptate-suscipit-libero-et-autem-iusto-laudantium', '+1-586-257-6713', 'Necessitatibus rerum et architecto ad sequi corporis sunt. Inventore qui sint mollitia ullam qui odio impedit. Laudantium quos ut qui accusamus ullam inventore est. Et necessitatibus eos error dolorem reiciendis numquam incidunt. Sint odit non at occaecati iste laborum. Sint sit facilis quae libero minus delectus porro. Autem deleniti amet est quia quos quia.', 652, 1, NULL, '2022-03-14 15:33:25', '2022-03-14 15:33:25'),
(2, 4, 'Pouros, Nikolaus and Hoppe', 'pouros-nikolaus-and-hoppe', 'hickle.lilian@hotmail.com', 'http://www.homenick.org/', '+1-717-544-0064', 'Eum vitae dolorem ut et nihil voluptatum. Amet est nihil provident animi minus deserunt. Aperiam accusantium praesentium maiores facere nesciunt odio hic. Pariatur nam modi sunt et odio aliquid. Itaque dignissimos dolorem id laudantium. Voluptatem nisi laborum aut ut aliquid aspernatur eum. Dolorem quasi id harum iusto.', 174, 1, NULL, '2022-03-14 15:33:25', '2022-03-14 15:33:25'),
(3, 2, 'Rosenbaum, White and Langosh', 'rosenbaum-white-and-langosh', 'barney46@gmail.com', 'http://www.collier.com/quibusdam-ad-omnis-temporibus-et-cumque-minima-aut.html', '662.918.1258', 'Commodi nemo dolorem laudantium ipsam. Rerum recusandae voluptatem omnis fuga corporis. Inventore ut tempora rerum rerum aut sit est. Minima in omnis esse sed. Reprehenderit non occaecati quam fugiat recusandae non. Sunt est iure quasi pariatur dolores est sit. Aliquam sed delectus iste repellendus saepe et. Totam natus ut pariatur ab. Ea est iure repellat facilis eos est assumenda.', 705, 1, NULL, '2022-03-14 15:33:25', '2022-03-14 15:33:25'),
(4, 2, 'Kohler, Lind and Schiller', 'kohler-lind-and-schiller', 'rau.monty@walsh.com', 'http://www.rau.org/et-odit-similique-sint.html', '681.627.2497', 'Molestiae optio nihil quo aut incidunt ex. Animi quo eaque nulla libero quas cupiditate. Consequatur rerum labore sint animi. Nostrum commodi qui consequuntur eum beatae pariatur porro. Vel aut ipsum non laudantium qui adipisci velit. Laudantium doloribus est et nisi aut earum corrupti. Et omnis voluptatum at minima itaque quia quo. Veritatis repudiandae consequuntur id totam qui nobis.', 688, 1, NULL, '2022-03-14 15:33:25', '2022-03-14 15:33:25'),
(5, 2, 'Crooks Inc', 'crooks-inc', 'florence.wolf@hotmail.com', 'http://www.schaden.com/', '+1-815-278-9671', 'Ipsa eum quod aliquid qui qui. Inventore eos harum quo possimus. Maiores quia maxime consequuntur fugit nostrum iure. Tenetur aspernatur enim nostrum quia eaque qui veritatis. Id laudantium eum ut eveniet sunt aut sed. Eum quia dolore repellendus nulla quaerat blanditiis. Quis nihil porro et officia aut facilis. Aut corporis possimus ea consequuntur aut sint totam. Et sed consectetur illum voluptas sint unde. Tempora alias asperiores omnis sunt.', 434, 1, NULL, '2022-03-14 15:33:25', '2022-03-14 15:33:25'),
(6, 2, 'Rohan Group', 'rohan-group', 'ellis85@hotmail.com', 'http://www.rosenbaum.com/quos-sed-et-illo-tempora-alias-excepturi-quam', '+1-630-650-3995', 'Aut non ullam voluptas quia mollitia sequi. Eligendi dolor id doloremque possimus est. Esse velit dignissimos qui temporibus. Nulla rem eligendi in et nesciunt aut. Culpa blanditiis veritatis vel. Et beatae dolores voluptate. Aut praesentium neque et eos voluptatem est nemo. Quia dolores modi ut nostrum quas. Beatae excepturi quam dolorem debitis. Possimus natus alias placeat praesentium eligendi.', 535, 1, NULL, '2022-03-14 15:33:25', '2022-03-14 15:33:25'),
(7, 4, 'Wehner-Hand', 'wehner-hand', 'hettinger.oren@yahoo.com', 'http://www.hills.org/omnis-ut-deleniti-deserunt', '+1-806-516-7011', 'Deleniti quia deleniti quibusdam et deserunt nostrum. Ipsum inventore non harum quia. Est repudiandae et sed. Optio id exercitationem fugiat quas quidem. Et quisquam facilis voluptate recusandae omnis. Maiores eum et occaecati ducimus voluptatem consequatur. Autem enim eveniet cumque corporis repudiandae dolor nihil numquam. Ipsum non molestiae est et veniam saepe.', 260, 1, NULL, '2022-03-14 15:33:25', '2022-03-14 15:33:25'),
(8, 3, 'Larson PLC', 'larson-plc', 'laisha.gusikowski@hotmail.com', 'http://luettgen.org/qui-qui-a-sit.html', '+14439662698', 'Enim ea aut omnis ut voluptate. Amet iste odit harum labore eveniet exercitationem. Deserunt nisi quia sint. Cumque dolor ex numquam. Dolorem deleniti sit quam et dolore. Possimus deleniti distinctio quas. Totam repellat dolor nemo quae quod ut repudiandae. Itaque ut placeat accusantium neque delectus velit ab. Qui fugiat voluptas aperiam quis praesentium. Rerum doloribus sit in et iusto. Est illo quia consequatur voluptates est a magnam. Voluptas tenetur qui aspernatur deserunt rerum facere.', 430, 1, NULL, '2022-03-14 15:33:25', '2022-03-14 15:33:25'),
(9, 2, 'Rutherford-Roob', 'rutherford-roob', 'brendan75@hotmail.com', 'http://www.gusikowski.com/a-asperiores-temporibus-est-accusamus-magni', '(678) 726-8385', 'Autem dolor explicabo ea quidem aspernatur numquam veniam. Qui sunt qui et vitae a nihil corrupti. Nostrum dolores soluta eaque rem omnis eum sunt. Voluptas necessitatibus soluta tempore. Quidem aliquam aperiam omnis suscipit quibusdam. Repellendus quo qui aut est ut. Et occaecati sint ipsum velit quas cumque. Quisquam sunt et et error rerum id voluptatem. Quasi sit nulla quia consequatur totam qui. Esse amet id dolores id. Nulla numquam sequi quas.', 100, 1, NULL, '2022-03-14 15:33:25', '2022-03-14 15:33:25'),
(10, 4, 'Cronin, Stracke and King', 'cronin-stracke-and-king', 'ludie.bailey@hotmail.com', 'http://www.sporer.info/quas-aut-omnis-praesentium-animi-dolor-ipsam-repellat-nesciunt', '1-310-653-6569', 'Blanditiis consequatur laborum voluptatibus quaerat enim eius maiores. In ratione nemo saepe veritatis unde dolorem. Perspiciatis deserunt sapiente sit molestiae suscipit. Quaerat ut non repudiandae iusto id voluptas voluptatum dignissimos. Aut eos deleniti itaque autem et incidunt. Soluta delectus alias id maiores molestiae voluptatibus. Rem illum modi ea voluptate qui. Magni sunt exercitationem aliquid id et soluta.', 458, 1, NULL, '2022-03-14 15:33:25', '2022-03-14 15:33:25'),
(11, 2, 'Harvey, Effertz and Luettgen', 'harvey-effertz-and-luettgen', 'jakubowski.jany@gmail.com', 'http://www.langworth.com/perspiciatis-quia-et-aut-id-veritatis-quia-molestiae.html', '706.727.0049', 'Quisquam eos quisquam facere ipsa. Ut doloremque in necessitatibus. Facere hic ex itaque harum est sit eaque nam. Dolor eveniet rerum dolores veritatis qui in. Officia sit qui esse debitis provident unde corrupti. Tempore eos hic hic est est hic. Ipsam qui quam excepturi omnis. At quis itaque sunt. Esse provident consequatur est quis modi quae explicabo.', 531, 1, NULL, '2022-03-14 15:33:25', '2022-03-14 15:33:25'),
(12, 2, 'Cormier, Mohr and Spencer', 'cormier-mohr-and-spencer', 'langosh.scot@trantow.net', 'http://howe.com/', '843.472.9636', 'Soluta exercitationem iure quis id illo quia. Asperiores qui voluptatem adipisci ut sed. Et quis ut tempore asperiores rerum molestiae pariatur magni. Exercitationem dolorum ut quod mollitia. Molestiae id laboriosam cumque rerum provident impedit sint. Commodi ipsam eos et eligendi suscipit assumenda est. Est reiciendis quos perferendis dolorem assumenda sapiente. Consequuntur nobis dolorem neque perspiciatis non quasi eaque. Placeat ducimus impedit enim debitis eligendi sunt omnis.', 72, 1, NULL, '2022-03-14 15:33:25', '2022-03-14 15:33:25'),
(13, 4, 'Kulas Inc', 'kulas-inc', 'karlie93@gmail.com', 'http://abernathy.com/', '+1.931.768.4846', 'Ad natus praesentium et harum quis vel assumenda. Consequatur debitis optio porro quo omnis tempora sunt velit. Cumque doloribus ipsam nesciunt quam perspiciatis culpa. Nihil doloribus amet autem ut iste. Vero voluptate quia ut. Qui sed rerum itaque veritatis error consequatur. Rem eligendi sint facilis possimus in. Vero dolor iure culpa earum rem.', 180, 1, NULL, '2022-03-14 15:33:25', '2022-03-14 15:33:25'),
(14, 3, 'Cummerata, Armstrong and Dooley', 'cummerata-armstrong-and-dooley', 'conner18@yahoo.com', 'http://www.funk.biz/', '1-859-687-6388', 'Nihil fugiat asperiores nisi dolor sunt. Sunt quia a ut laborum laborum. Ipsum voluptatem reiciendis sint eius. Assumenda cumque sunt accusantium ab nisi dolorem in voluptatibus. Cum ut quae voluptate et cum qui facere. Non voluptates et ea pariatur. Nobis quia tempora tempora modi laudantium non. Quam reiciendis soluta provident esse.', 662, 1, NULL, '2022-03-14 15:33:25', '2022-03-14 15:33:25'),
(15, 1, 'Dach PLC', 'dach-plc', 'eloisa.durgan@yahoo.com', 'http://weissnat.net/explicabo-ut-placeat-et-sit-sed', '229.465.5696', 'Rerum est sit est animi. Atque a rerum et fugit. Nulla dicta error excepturi sapiente. Eveniet qui omnis consectetur maiores. Qui quis totam quo illo. Deleniti enim qui odit. Quae necessitatibus dolor quaerat saepe non saepe enim. Quidem blanditiis mollitia inventore sed voluptate esse optio. Corrupti consequatur nam hic nihil explicabo. Et nihil delectus nesciunt consectetur ipsa autem commodi. At voluptas quod blanditiis dolor sed.', 430, 1, NULL, '2022-03-14 15:33:25', '2022-03-14 15:33:25'),
(16, 2, 'Rohan PLC', 'rohan-plc', 'funk.vanessa@yahoo.com', 'http://www.deckow.org/quo-explicabo-dolor-quam-similique.html', '+1-320-251-1929', 'Voluptatum ut id impedit consequatur. Aut nobis accusantium omnis ipsa et voluptatem iusto cupiditate. Sed cum nesciunt rem suscipit placeat. Porro quis itaque eveniet minus deleniti maxime. Amet ratione sit numquam molestias. Voluptate qui qui et qui expedita praesentium. Veniam reprehenderit facilis culpa molestias. Ducimus enim omnis qui. Voluptatem cumque veritatis numquam autem esse sed quo. In corrupti facere voluptatibus molestias quia pariatur.', 72, 1, NULL, '2022-03-14 15:33:25', '2022-03-14 15:33:25');

-- --------------------------------------------------------

--
-- Structură tabel pentru tabel `messages`
--

CREATE TABLE `messages` (
  `id` bigint UNSIGNED NOT NULL,
  `shop_id` int UNSIGNED DEFAULT NULL,
  `user_id` bigint UNSIGNED DEFAULT NULL,
  `customer_id` bigint UNSIGNED DEFAULT NULL,
  `name` varchar(255) COLLATE utf8_unicode_ci DEFAULT NULL,
  `phone` varchar(255) COLLATE utf8_unicode_ci DEFAULT NULL,
  `email` varchar(255) COLLATE utf8_unicode_ci DEFAULT NULL,
  `subject` varchar(255) COLLATE utf8_unicode_ci DEFAULT NULL,
  `message` longtext COLLATE utf8_unicode_ci,
  `order_id` bigint UNSIGNED DEFAULT NULL,
  `product_id` bigint UNSIGNED DEFAULT NULL,
  `status` int NOT NULL DEFAULT '1',
  `customer_status` int DEFAULT '1',
  `label` int NOT NULL DEFAULT '1',
  `deleted_at` timestamp NULL DEFAULT NULL,
  `created_at` timestamp NULL DEFAULT NULL,
  `updated_at` timestamp NULL DEFAULT NULL
) ENGINE=InnoDB DEFAULT CHARSET=utf8mb3 COLLATE=utf8_unicode_ci;

--
-- Eliminarea datelor din tabel `messages`
--

INSERT INTO `messages` (`id`, `shop_id`, `user_id`, `customer_id`, `name`, `phone`, `email`, `subject`, `message`, `order_id`, `product_id`, `status`, `customer_status`, `label`, `deleted_at`, `created_at`, `updated_at`) VALUES
(1, 1, NULL, 1, NULL, NULL, NULL, 'Aut tempora similique iusto ea et.', 'Illum voluptatum nihil cupiditate eveniet ducimus a. Dicta labore velit perspiciatis libero. Temporibus blanditiis nobis voluptates sunt accusantium nisi. Autem nihil provident eaque id quia perspiciatis eum qui.', 6, NULL, 1, 1, 4, NULL, '2022-03-10 15:33:37', '2022-03-14 15:33:38'),
(2, 1, NULL, 1, NULL, NULL, NULL, 'Tempore consequatur est aliquid.', 'Rerum blanditiis magnam dolore consequatur. Voluptas esse temporibus dolorem impedit quis quos dolorem. Blanditiis quia est excepturi illo in ad aspernatur.', 6, NULL, 2, 1, 2, NULL, '2022-03-08 15:33:37', '2022-03-14 15:33:38'),
(3, 2, NULL, 1, NULL, NULL, NULL, 'Totam assumenda praesentium et mollitia.', 'Voluptas quis hic neque nam. Voluptatibus voluptatem distinctio quam earum asperiores et facilis. Ratione impedit quam quasi voluptatum commodi quo. Rerum qui commodi iste ea.', 7, NULL, 3, 1, 4, NULL, '2022-03-10 15:33:37', '2022-03-14 15:33:38'),
(4, 1, NULL, 1, NULL, NULL, NULL, 'Necessitatibus ipsum et amet accusantium sit nihil in.', 'Voluptates non aperiam incidunt. Voluptas sunt ea incidunt vel. Mollitia voluptas asperiores aut eligendi. Corrupti laborum sit dolor quibusdam vel deleniti. Asperiores incidunt sed sunt possimus inventore aut magni voluptatem.', 15, NULL, 1, 1, 1, NULL, '2022-03-14 15:33:37', '2022-03-14 15:33:38'),
(5, 2, NULL, 1, NULL, NULL, NULL, 'Hic error error vero voluptatibus dignissimos tempore.', 'Quia culpa repellat perferendis quibusdam. Consequatur recusandae et eum facilis repellat id suscipit. Necessitatibus aperiam ullam non nulla.', 5, NULL, 3, 1, 2, NULL, '2022-03-14 15:33:37', '2022-03-14 15:33:38'),
(6, 1, NULL, 1, NULL, NULL, NULL, 'Distinctio aut similique magnam laboriosam commodi ex.', 'Et odit hic aut mollitia aut quasi. Vitae ea quibusdam illum praesentium. Eligendi reprehenderit asperiores sint eos nesciunt. Perferendis ea necessitatibus ipsam asperiores provident.', 6, NULL, 2, 1, 2, NULL, '2022-03-05 15:33:37', '2022-03-03 15:33:37'),
(7, 1, NULL, 1, NULL, NULL, NULL, 'Sint explicabo quia illo blanditiis ut error.', 'Quo asperiores dolorem aspernatur veritatis iusto voluptatibus iusto est. Natus ut omnis ut exercitationem.', 6, NULL, 3, 1, 3, NULL, '2022-02-27 15:33:37', '2022-03-02 15:33:37'),
(8, 1, NULL, 1, NULL, NULL, NULL, 'Maiores earum et laudantium cumque repellendus qui.', 'Et eos quia tenetur deserunt. Omnis deserunt qui laboriosam reiciendis impedit. Deserunt et consequatur ut beatae laudantium autem corporis nobis.', 4, NULL, 3, 1, 1, NULL, '2022-02-27 15:33:37', '2022-02-28 15:33:37'),
(9, 1, NULL, 1, NULL, NULL, NULL, 'Sint praesentium aliquam aut rerum distinctio tempora.', 'Aperiam rerum labore praesentium dolor. Consequuntur ut ut ipsa rerum. Quam deleniti sequi quidem facilis praesentium reprehenderit quo.', 4, NULL, 3, 1, 2, NULL, '2022-03-10 15:33:37', '2022-03-11 15:33:37'),
(10, 2, NULL, 1, NULL, NULL, NULL, 'Ipsa quos harum qui velit.', 'Quos autem autem iste sed unde vero. Ut quae excepturi fugiat tempore. Velit ratione reprehenderit voluptate itaque.', 1, NULL, 1, 1, 2, NULL, '2022-03-10 15:33:37', '2022-03-06 15:33:37'),
(11, 2, NULL, 1, NULL, NULL, NULL, 'Ipsum non quidem voluptas blanditiis praesentium aut.', 'Ut molestiae consequatur aut nobis sunt corporis autem. Eum numquam assumenda recusandae repellat. Esse at nihil minus eius. Corporis dolor beatae voluptatibus est qui tenetur assumenda. Est quaerat qui sapiente magnam.', 5, NULL, 1, 1, 1, NULL, '2022-03-09 15:33:37', '2022-03-01 15:33:37'),
(12, 2, NULL, 1, NULL, NULL, NULL, 'Consequatur quidem quas molestiae ipsam quia dolorem.', 'Rerum est et omnis cumque fugiat. Ex enim voluptas illo esse nesciunt deserunt eum qui. Et autem et molestias amet dolore in.', 7, NULL, 2, 1, 5, NULL, '2022-03-03 15:33:37', '2022-03-12 15:33:37'),
(13, 1, NULL, 1, NULL, NULL, NULL, 'Excepturi non labore amet omnis consequatur numquam distinctio.', 'Quod enim est modi cum non est. Distinctio impedit voluptates qui voluptates velit delectus. Quisquam impedit quod officiis eos quo. Illum est modi qui sit recusandae. Et pariatur doloremque at quia et delectus qui.', 4, NULL, 1, 1, 2, NULL, '2022-03-13 15:33:37', '2022-03-12 15:33:37'),
(14, 1, NULL, 1, NULL, NULL, NULL, 'Facere debitis ipsum laudantium sunt ut.', 'Nihil enim sed ad commodi dolorum laboriosam atque. Debitis ipsam perspiciatis quos minima quasi. Unde dignissimos dolores qui in deleniti odit tempore ab. Enim praesentium qui corporis omnis.', 15, NULL, 2, 1, 1, NULL, '2022-03-09 15:33:37', '2022-03-12 15:33:37'),
(15, 1, NULL, 1, NULL, NULL, NULL, 'Numquam alias voluptatem quisquam a et maxime tempore molestiae.', 'Et consequatur facilis saepe. Doloremque quam optio voluptatibus alias ducimus ea qui voluptas. Sit vero iure sint perferendis quam velit. Dicta doloremque in ut ut. Quibusdam perspiciatis velit quis adipisci sint possimus illo.', 6, NULL, 2, 1, 1, NULL, '2022-03-04 15:33:37', '2022-03-06 15:33:37');

-- --------------------------------------------------------

--
-- Structură tabel pentru tabel `migrations`
--

CREATE TABLE `migrations` (
  `id` int UNSIGNED NOT NULL,
  `migration` varchar(255) COLLATE utf8_unicode_ci NOT NULL,
  `batch` int NOT NULL
) ENGINE=InnoDB DEFAULT CHARSET=utf8mb3 COLLATE=utf8_unicode_ci;

--
-- Eliminarea datelor din tabel `migrations`
--

INSERT INTO `migrations` (`id`, `migration`, `batch`) VALUES
(1, '2014_04_01_151049_create_activity_log_table', 1),
(2, '2014_10_11_000000_create_modules_table', 1),
(3, '2014_10_11_000010_create_roles_table', 1),
(4, '2014_10_11_000011_create_permissions_table', 1),
(5, '2014_10_11_000020_create_announcements_table', 1),
(6, '2014_10_11_000020_create_attachments_table', 1),
(7, '2014_10_11_000020_create_images_table', 1),
(8, '2014_10_12_000000_create_subscription_items_table', 1),
(9, '2014_10_12_000000_create_subscriptions_table', 1),
(10, '2014_10_12_000000_create_users_table', 1),
(11, '2014_10_12_000001_create_password_resets_table', 1),
(12, '2014_10_12_000003_create_dashboard_configs_table', 1),
(13, '2014_10_12_000003_create_pages_table', 1),
(14, '2014_10_12_000003_create_systems_table', 1),
(15, '2014_10_12_000004_create_customers_table', 1),
(16, '2014_12_31_000001_create_countries_table', 1),
(17, '2014_12_31_000004_create_addresses_table', 1),
(18, '2015_01_11_135657_create_shops_table', 1),
(19, '2015_01_12_000002_create_configs_table', 1),
(20, '2015_05_12_131134_create_performance_indicators_table', 1),
(21, '2015_05_12_151257_create_invoices_table', 1),
(22, '2015_12_31_000002_create_tags_table', 1),
(23, '2015_12_31_000004_create_blogs_table', 1),
(24, '2016_01_11_135655_create_manufacturers_table', 1),
(25, '2016_01_11_135658_create_products_table', 1),
(26, '2016_01_11_135660_create_attribute_table', 1),
(27, '2016_01_11_135714_create_suppliers_table', 1),
(28, '2016_01_15_191220_create_category_groups_table', 1),
(29, '2016_03_11_182034_create_warehouse_table', 1),
(30, '2016_03_11_190111_create_inventory_table', 1),
(31, '2016_03_25_192206_create_taxes_table', 1),
(32, '2016_03_26_091903_create_carriers_table', 1),
(33, '2016_03_26_091903_create_shipping_zones_table', 1),
(34, '2016_03_26_091904_create_packagings_table', 1),
(35, '2016_04_22_162519_create_email_templates_table', 1),
(36, '2016_04_22_162552_create_payment_methods_table', 1),
(37, '2016_04_22_162555_create_config_manual_payments_table', 1),
(38, '2016_04_22_162555_create_config_paypal_express_table', 1),
(39, '2016_04_22_162555_create_config_stripe_table', 1),
(40, '2016_04_22_162559_create_order_table', 1),
(41, '2016_04_24_151506_create_cart_table', 1),
(42, '2017_09_13_195828_create_coupons_table', 1),
(43, '2017_09_17_202406_create_gift_cards_table', 1),
(44, '2017_11_27_144538_create_contact_us_table', 1),
(45, '2017_11_27_144538_create_disputes_table', 1),
(46, '2017_11_27_144538_create_messages_table', 1),
(47, '2017_11_27_144538_create_refunds_table', 1),
(48, '2017_11_27_144538_create_tickets_table', 1),
(49, '2017_11_27_144548_create_replies_table', 1),
(50, '2018_04_08_155212_create_notifications_table', 1),
(51, '2018_04_11_202451_create_jobs_table', 1),
(52, '2018_04_28_201222_create_faqs_table', 1),
(53, '2018_05_27_135039_create_visitors_table', 1),
(54, '2018_07_04_210334_create_banners_table', 1),
(55, '2018_07_04_210813_create_sliders_table', 1),
(56, '2018_07_16_015501_create_wishlists_table', 1),
(57, '2018_07_19_191545_create_feedbacks_table', 1),
(58, '2018_10_04_162859_create_options_table', 1),
(59, '2018_12_20_193751_create_config_paystacks_table', 1),
(60, '2018_12_24_070051_create_config_authorize_net_table', 1),
(61, '2018_12_25_163942_create_config_cybersource_table', 1),
(62, '2018_12_25_163942_create_config_instamojo_table', 1),
(63, '2019_07_11_165534_create_languages_table', 1),
(64, '2019_12_06_063720_create_chat_tables', 1),
(65, '2019_12_27_092414_add_notify_chat_to_configs_table', 1),
(66, '2020_01_09_054507_add_payment_instruction_fields_to_order_table', 1),
(67, '2020_05_06_172818_add_email_phone_fields_to_messages_table', 1),
(68, '2020_06_30_154819_create_cancellation_table', 1),
(69, '2020_07_01_103906_add_cancellation_config_to_systems_table', 1),
(70, '2020_10_22_195815_add_stripe_status_to_subscriptions_table', 1),
(71, '2020_11_20_195815_create_package_table', 1),
(72, '2020_12_18_054507_add_cancellation_fields_to_systems_table', 1),
(73, '2021_01_30_061710_add_fields_to_packages_table', 1),
(74, '2021_02_01_054507_add_amount_fields_to_shop_table', 1),
(75, '2021_02_01_054507_add_description_fields_to_sliders_table', 1),
(76, '2021_02_01_054507_add_device_id_fields_to_orders_table', 1),
(77, '2021_02_01_054507_add_social_auth_fields_to_systems_table', 1),
(78, '2021_02_17_112139_add_type_field_to_images_table', 1),
(79, '2021_03_01_172738_add_show_merchant_info_as_vendor_system_table', 1),
(80, '2021_03_03_054507_add_active_ecommerce_fields_to_configs_table', 1),
(81, '2021_03_03_054507_add_fulfilment_type_fields_to_orders_table', 1),
(82, '2021_03_03_054507_add_opening_and_close_time_fields_to_warehouse_table', 1),
(83, '2021_03_03_054507_add_pay_in_person_and_pay_online_fields_to_configs_table', 1),
(84, '2021_03_04_051130_add_effect_to_banners_table', 1),
(85, '2021_06_02_062412_add_show_item_conditions_to_systems_table', 1),
(86, '2021_06_07_200450_create_avg_feedback_table', 1),
(87, '2021_10_13_074513_change_subscriptions_tables_for_cashier', 1),
(88, '2021_10_14_193443_add_uuid_to_failed_jobs_table', 1),
(89, '2021_10_24_161811_add_split_money_to_payment_methods_table', 1),
(90, '2021_11_20_052700_rename_billing_info_on_billables', 1),
(91, '2021_12_04_083515_add_payment_ref_id_to_orders_table', 1),
(92, '2022_01_04_065320_create_delivery_boys_table', 1),
(93, '2022_01_10_072540_add_delivery_boy_id_to_orders_table', 1),
(94, '2022_02_02_064852_create_attribute_categories_table', 1),
(95, '2022_02_13_091819_add_notification_sent_field_to_subscriptions_table', 1),
(96, '2022_02_17_113926_add_customer_phone_to_orders_table', 1);

-- --------------------------------------------------------

--
-- Structură tabel pentru tabel `modules`
--

CREATE TABLE `modules` (
  `id` int UNSIGNED NOT NULL,
  `name` varchar(255) COLLATE utf8_unicode_ci NOT NULL,
  `description` text COLLATE utf8_unicode_ci,
  `access` enum('Super Admin','Platform','Merchant','Common') COLLATE utf8_unicode_ci NOT NULL,
  `actions` varchar(255) COLLATE utf8_unicode_ci DEFAULT NULL,
  `active` tinyint(1) NOT NULL DEFAULT '1',
  `deleted_at` timestamp NULL DEFAULT NULL,
  `created_at` timestamp NULL DEFAULT NULL,
  `updated_at` timestamp NULL DEFAULT NULL
) ENGINE=InnoDB DEFAULT CHARSET=utf8mb3 COLLATE=utf8_unicode_ci;

--
-- Eliminarea datelor din tabel `modules`
--

INSERT INTO `modules` (`id`, `name`, `description`, `access`, `actions`, `active`, `deleted_at`, `created_at`, `updated_at`) VALUES
(1, 'Appearance', 'Manage all appearance.', 'Platform', 'customize', 1, NULL, '2022-03-14 15:33:14', '2022-03-14 15:33:14'),
(2, 'Attribute', 'Manage all attribute.', 'Common', 'view,add,edit,delete', 1, NULL, '2022-03-14 15:33:14', '2022-03-14 15:33:14'),
(3, 'Carrier', 'Manage all carrier.', 'Merchant', 'view,add,edit,delete', 1, NULL, '2022-03-14 15:33:14', '2022-03-14 15:33:14'),
(4, 'Category', 'Manage all category.', 'Platform', 'view,add,edit,delete', 1, NULL, '2022-03-14 15:33:14', '2022-03-14 15:33:14'),
(5, 'Category Group', 'Manage all category group.', 'Platform', 'view,add,edit,delete', 1, NULL, '2022-03-14 15:33:14', '2022-03-14 15:33:14'),
(6, 'Category Sub Group', 'Manage all category sub group.', 'Platform', 'view,add,edit,delete', 1, NULL, '2022-03-14 15:33:14', '2022-03-14 15:33:14'),
(7, 'Chat Conversation', 'Manage all chat conversation.', 'Merchant', 'view,reply,delete', 1, NULL, '2022-03-14 15:33:14', '2022-03-14 15:33:14'),
(8, 'Config', 'Manage all config.', 'Merchant', 'view,edit', 1, NULL, '2022-03-14 15:33:14', '2022-03-14 15:33:14'),
(9, 'Coupon', 'Manage all coupon.', 'Merchant', 'view,add,edit,delete', 1, NULL, '2022-03-14 15:33:14', '2022-03-14 15:33:14'),
(10, 'Cart', 'Manage all cart.', 'Common', 'view,add,edit,delete', 1, NULL, '2022-03-14 15:33:14', '2022-03-14 15:33:14'),
(11, 'Customer', 'Manage all customer.', 'Platform', 'view,add,edit,delete', 1, NULL, '2022-03-14 15:33:14', '2022-03-14 15:33:14'),
(12, 'Dispute', 'Manage all dispute.', 'Common', 'view,response', 1, NULL, '2022-03-14 15:33:14', '2022-03-14 15:33:14'),
(13, 'Inventory', 'Manage all inventory.', 'Merchant', 'view,add,edit,delete', 1, NULL, '2022-03-14 15:33:14', '2022-03-14 15:33:14'),
(14, 'Manufacturer', 'Manage all manufacturer.', 'Common', 'view,add,edit,delete', 1, NULL, '2022-03-14 15:33:14', '2022-03-14 15:33:14'),
(15, 'Message', 'Manage all message.', 'Common', 'view,add,update,delete,reply', 1, NULL, '2022-03-14 15:33:14', '2022-03-14 15:33:14'),
(16, 'Module', 'Manage all module.', 'Super Admin', 'view,add,edit,delete', 1, NULL, '2022-03-14 15:33:14', '2022-03-14 15:33:14'),
(17, 'Order', 'Manage all order.', 'Common', 'view,add,fulfill,cancel,archive,delete', 1, NULL, '2022-03-14 15:33:14', '2022-03-14 15:33:14'),
(18, 'Packaging', 'Manage all packaging.', 'Merchant', 'view,add,edit,delete', 1, NULL, '2022-03-14 15:33:14', '2022-03-14 15:33:14'),
(19, 'Product', 'Manage all product.', 'Common', 'view,add,edit,delete', 1, NULL, '2022-03-14 15:33:14', '2022-03-14 15:33:14'),
(20, 'Refund', 'Manage all refund.', 'Common', 'view,initiate,update,approve', 1, NULL, '2022-03-14 15:33:14', '2022-03-14 15:33:14'),
(21, 'Role', 'Manage all role.', 'Common', 'view,add,edit,delete', 1, NULL, '2022-03-14 15:33:14', '2022-03-14 15:33:14'),
(22, 'Supplier', 'Manage all supplier.', 'Merchant', 'view,add,edit,delete', 1, NULL, '2022-03-14 15:33:14', '2022-03-14 15:33:14'),
(23, 'Subscription Plan', 'Manage all subscription plan.', 'Super Admin', 'view,add,edit,delete', 1, NULL, '2022-03-14 15:33:14', '2022-03-14 15:33:14'),
(24, 'Shipping Zone', 'Manage all shipping zone.', 'Merchant', 'view,add,edit,delete', 1, NULL, '2022-03-14 15:33:14', '2022-03-14 15:33:14'),
(25, 'Shipping Rate', 'Manage all shipping rate.', 'Merchant', 'add,edit,delete', 1, NULL, '2022-03-14 15:33:14', '2022-03-14 15:33:14'),
(26, 'System', 'Manage all system.', 'Super Admin', 'view,edit', 1, NULL, '2022-03-14 15:33:14', '2022-03-14 15:33:14'),
(27, 'System Config', 'Manage all system config.', 'Platform', 'view,edit', 1, NULL, '2022-03-14 15:33:14', '2022-03-14 15:33:14'),
(28, 'Tax', 'Manage all tax.', 'Merchant', 'view,add,edit,delete', 1, NULL, '2022-03-14 15:33:14', '2022-03-14 15:33:14'),
(29, 'Ticket', 'Manage all ticket.', 'Platform', 'view,update,reply,assign', 1, NULL, '2022-03-14 15:33:14', '2022-03-14 15:33:14'),
(30, 'Vendor', 'Manage all vendor.', 'Platform', 'view,add,edit,delete,login', 1, NULL, '2022-03-14 15:33:14', '2022-03-14 15:33:14'),
(31, 'Warehouse', 'Manage all warehouse.', 'Merchant', 'view,add,edit,delete', 1, NULL, '2022-03-14 15:33:14', '2022-03-14 15:33:14'),
(32, 'User', 'Manage all user.', 'Common', 'view,add,edit,delete,login', 1, NULL, '2022-03-14 15:33:14', '2022-03-14 15:33:14'),
(33, 'Utility', 'Manage all utility.', 'Platform', 'view,add,edit,delete', 1, NULL, '2022-03-14 15:33:14', '2022-03-14 15:33:14');

-- --------------------------------------------------------

--
-- Structură tabel pentru tabel `notifications`
--

CREATE TABLE `notifications` (
  `id` char(36) COLLATE utf8_unicode_ci NOT NULL,
  `type` varchar(255) COLLATE utf8_unicode_ci NOT NULL,
  `notifiable_type` varchar(255) COLLATE utf8_unicode_ci NOT NULL,
  `notifiable_id` bigint UNSIGNED NOT NULL,
  `created_by` int DEFAULT NULL,
  `icon` varchar(50) COLLATE utf8_unicode_ci DEFAULT NULL,
  `action_text` varchar(255) COLLATE utf8_unicode_ci DEFAULT NULL,
  `action_url` text COLLATE utf8_unicode_ci,
  `data` text COLLATE utf8_unicode_ci NOT NULL,
  `read_at` timestamp NULL DEFAULT NULL,
  `created_at` timestamp NULL DEFAULT NULL,
  `updated_at` timestamp NULL DEFAULT NULL
) ENGINE=InnoDB DEFAULT CHARSET=utf8mb3 COLLATE=utf8_unicode_ci;

-- --------------------------------------------------------

--
-- Structură tabel pentru tabel `options`
--

CREATE TABLE `options` (
  `id` int UNSIGNED NOT NULL,
  `option_name` varchar(255) COLLATE utf8_unicode_ci NOT NULL,
  `option_value` longtext COLLATE utf8_unicode_ci,
  `autoload` tinyint(1) NOT NULL DEFAULT '1',
  `created_at` timestamp NULL DEFAULT NULL,
  `updated_at` timestamp NULL DEFAULT NULL
) ENGINE=InnoDB DEFAULT CHARSET=utf8mb3 COLLATE=utf8_unicode_ci;

--
-- Eliminarea datelor din tabel `options`
--

INSERT INTO `options` (`id`, `option_name`, `option_value`, `autoload`, `created_at`, `updated_at`) VALUES
(1, 'trending_categories', 'a:3:{i:0;i:34;i:1;i:25;i:2;i:18;}', 1, '2022-03-14 15:33:20', '2022-03-14 15:33:20'),
(2, 'promotional_tagline', 'a:2:{s:4:\"text\";s:19:\"Black Friday Offer!\";s:10:\"action_url\";s:1:\"/\";}', 1, '2022-03-14 15:33:20', '2022-03-14 15:33:20'),
(3, 'featured_items', 'a:10:{i:0;i:7;i:1;i:51;i:2;i:45;i:3;i:97;i:4;i:77;i:5;i:78;i:6;i:100;i:7;i:47;i:8;i:102;i:9;i:75;}', 1, '2022-03-14 15:33:20', '2022-03-14 15:33:20'),
(4, 'featured_brands', 'a:3:{i:0;i:14;i:1;i:4;i:2;i:16;}', 1, '2022-03-14 15:33:20', '2022-03-14 15:33:20'),
(5, 'deal_of_the_day', '27', 1, '2022-03-14 15:33:20', '2022-03-14 15:33:20');

-- --------------------------------------------------------

--
-- Structură tabel pentru tabel `orders`
--

CREATE TABLE `orders` (
  `id` bigint UNSIGNED NOT NULL,
  `order_number` varchar(255) COLLATE utf8_unicode_ci DEFAULT NULL,
  `shop_id` int UNSIGNED DEFAULT NULL,
  `delivery_boy_id` int UNSIGNED DEFAULT NULL,
  `customer_id` bigint UNSIGNED DEFAULT NULL,
  `ship_to` int UNSIGNED DEFAULT NULL,
  `shipping_zone_id` int UNSIGNED DEFAULT NULL,
  `shipping_rate_id` int UNSIGNED DEFAULT NULL,
  `packaging_id` int UNSIGNED DEFAULT NULL,
  `item_count` int UNSIGNED NOT NULL,
  `quantity` int UNSIGNED NOT NULL,
  `taxrate` decimal(20,6) DEFAULT NULL,
  `shipping_weight` decimal(20,6) DEFAULT NULL,
  `total` decimal(20,6) DEFAULT NULL,
  `discount` decimal(20,6) DEFAULT NULL,
  `shipping` decimal(20,6) DEFAULT NULL,
  `packaging` decimal(20,6) DEFAULT NULL,
  `handling` decimal(20,6) DEFAULT NULL,
  `taxes` decimal(20,6) DEFAULT NULL,
  `grand_total` decimal(20,6) DEFAULT NULL,
  `billing_address` text COLLATE utf8_unicode_ci,
  `shipping_address` text COLLATE utf8_unicode_ci,
  `fulfilment_type` enum('deliver','pickup') COLLATE utf8_unicode_ci NOT NULL DEFAULT 'deliver',
  `payment_instruction` text COLLATE utf8_unicode_ci,
  `email` varchar(255) COLLATE utf8_unicode_ci DEFAULT NULL,
  `customer_phone_number` varchar(255) COLLATE utf8_unicode_ci DEFAULT NULL,
  `shipping_date` date DEFAULT NULL,
  `delivery_date` date DEFAULT NULL,
  `tracking_id` varchar(255) COLLATE utf8_unicode_ci DEFAULT NULL,
  `coupon_id` bigint UNSIGNED DEFAULT NULL,
  `carrier_id` int UNSIGNED DEFAULT NULL,
  `payment_status` int NOT NULL DEFAULT '1',
  `payment_ref_id` varchar(255) COLLATE utf8_unicode_ci DEFAULT NULL,
  `payment_method_id` int UNSIGNED NOT NULL,
  `order_status_id` int UNSIGNED NOT NULL DEFAULT '1',
  `message_to_customer` text COLLATE utf8_unicode_ci,
  `send_invoice_to_customer` tinyint(1) DEFAULT NULL,
  `admin_note` text COLLATE utf8_unicode_ci,
  `buyer_note` text COLLATE utf8_unicode_ci,
  `goods_received` tinyint(1) DEFAULT NULL,
  `approved` tinyint(1) DEFAULT NULL,
  `disputed` tinyint(1) DEFAULT NULL,
  `feedback_id` bigint UNSIGNED DEFAULT NULL,
  `device_id` char(40) COLLATE utf8_unicode_ci DEFAULT NULL,
  `deleted_at` timestamp NULL DEFAULT NULL,
  `created_at` timestamp NULL DEFAULT NULL,
  `updated_at` timestamp NULL DEFAULT NULL
) ENGINE=InnoDB DEFAULT CHARSET=utf8mb3 COLLATE=utf8_unicode_ci;

--
-- Eliminarea datelor din tabel `orders`
--

INSERT INTO `orders` (`id`, `order_number`, `shop_id`, `delivery_boy_id`, `customer_id`, `ship_to`, `shipping_zone_id`, `shipping_rate_id`, `packaging_id`, `item_count`, `quantity`, `taxrate`, `shipping_weight`, `total`, `discount`, `shipping`, `packaging`, `handling`, `taxes`, `grand_total`, `billing_address`, `shipping_address`, `fulfilment_type`, `payment_instruction`, `email`, `customer_phone_number`, `shipping_date`, `delivery_date`, `tracking_id`, `coupon_id`, `carrier_id`, `payment_status`, `payment_ref_id`, `payment_method_id`, `order_status_id`, `message_to_customer`, `send_invoice_to_customer`, `admin_note`, `buyer_note`, `goods_received`, `approved`, `disputed`, `feedback_id`, `device_id`, `deleted_at`, `created_at`, `updated_at`) VALUES
(1, '#330896', 2, NULL, 9, NULL, NULL, 48, 4, 3, 7, NULL, '7509.000000', '2402.247260', NULL, '1.000000', NULL, NULL, NULL, '2403.247260', '<address>6753 Pfeffer Mall Suite 015<br/>Wiza Radial<br/>Odabury, <br/>Pando 41365<br/><abbr title=\"Phone\">P:</abbr> 1-724-241-0467</address>', '<address>6753 Pfeffer Mall Suite 015<br/>Wiza Radial<br/>Odabury, <br/>Pando 41365<br/><abbr title=\"Phone\">P:</abbr> 1-724-241-0467</address>', 'deliver', NULL, NULL, NULL, NULL, NULL, 'RR123456789CN', NULL, NULL, 1, NULL, 2, 1, NULL, NULL, 'Sequi adipisci rerum doloribus culpa magnam numquam.', 'Et velit ut aperiam omnis et ipsam.', NULL, NULL, NULL, NULL, NULL, NULL, '2022-02-19 15:33:36', '2022-02-19 15:33:36'),
(2, '#430403', 3, NULL, 8, NULL, NULL, 32, 5, 2, 4, NULL, '7338.000000', '1166.364973', NULL, '1.000000', NULL, NULL, NULL, '1167.364973', '<address>756 Percy Way<br/>Fermin Points<br/>Port Jeffrey, <br/> 96075-1887<br/><abbr title=\"Phone\">P:</abbr> 858-659-0445</address>', '<address>756 Percy Way<br/>Fermin Points<br/>Port Jeffrey, <br/> 96075-1887<br/><abbr title=\"Phone\">P:</abbr> 858-659-0445</address>', 'deliver', NULL, NULL, NULL, NULL, NULL, 'RR123456789CN', NULL, NULL, 1, NULL, 6, 1, NULL, NULL, 'Ad magni porro et asperiores recusandae officia saepe.', 'Quas qui distinctio minus eum.', NULL, NULL, NULL, NULL, NULL, NULL, '2022-02-14 15:33:36', '2022-02-14 15:33:36'),
(3, '#619819', 5, NULL, 6, NULL, NULL, 38, 4, 3, 6, NULL, '6265.000000', '2391.384142', NULL, '4.000000', NULL, NULL, NULL, '2395.384142', '<address>1452 Cole Brooks<br/>Marquardt Wells<br/>South Blanchemouth, <br/>South-West 15086-1748<br/><abbr title=\"Phone\">P:</abbr> 531.560.8675</address>', '<address>1452 Cole Brooks<br/>Marquardt Wells<br/>South Blanchemouth, <br/>South-West 15086-1748<br/><abbr title=\"Phone\">P:</abbr> 531.560.8675</address>', 'deliver', NULL, NULL, NULL, NULL, NULL, 'RR123456789CN', NULL, NULL, 1, NULL, 7, 1, NULL, NULL, 'Est voluptatibus non veniam sed.', 'Quasi quasi recusandae iure illo magni soluta fugiat.', NULL, NULL, NULL, NULL, NULL, NULL, '2022-02-28 15:33:37', '2022-02-28 15:33:37'),
(4, '#477501', 1, NULL, 9, NULL, NULL, 40, 6, 2, 5, NULL, '5272.000000', '1295.710000', NULL, '7.000000', NULL, NULL, NULL, '1302.710000', '<address>6753 Pfeffer Mall Suite 015<br/>Wiza Radial<br/>Odabury, <br/>Pando 41365<br/><abbr title=\"Phone\">P:</abbr> 1-724-241-0467</address>', '<address>6753 Pfeffer Mall Suite 015<br/>Wiza Radial<br/>Odabury, <br/>Pando 41365<br/><abbr title=\"Phone\">P:</abbr> 1-724-241-0467</address>', 'deliver', NULL, NULL, NULL, NULL, NULL, 'RR123456789CN', NULL, NULL, 1, NULL, 4, 1, NULL, NULL, 'Dolores voluptatem minus perspiciatis eum molestias ratione aut.', 'Inventore dolorem aut enim nisi quisquam id.', NULL, NULL, NULL, NULL, NULL, NULL, '2022-03-04 15:33:37', '2022-03-04 15:33:37'),
(5, '#982416', 2, NULL, 13, NULL, NULL, 13, 1, 4, 9, NULL, '7048.000000', '2938.090000', NULL, '2.000000', NULL, NULL, NULL, '2940.090000', '<address>9650 Alison Parkways Apt. 259<br/>Luciano Plain<br/>New Brennantown, <br/> 92818-4794<br/><abbr title=\"Phone\">P:</abbr> +1.234.655.3826</address>', '<address>9650 Alison Parkways Apt. 259<br/>Luciano Plain<br/>New Brennantown, <br/> 92818-4794<br/><abbr title=\"Phone\">P:</abbr> +1.234.655.3826</address>', 'deliver', NULL, NULL, NULL, NULL, NULL, 'RR123456789CN', NULL, NULL, 1, NULL, 7, 1, NULL, NULL, 'Dolorem placeat placeat qui accusamus autem fugiat odio.', 'Laborum et nobis quo est similique voluptatum vel.', NULL, NULL, NULL, NULL, NULL, NULL, '2022-02-20 15:33:37', '2022-02-20 15:33:37'),
(6, '#080788', 1, NULL, 5, NULL, NULL, 43, 2, 3, 5, NULL, '3395.000000', '2049.368839', NULL, '9.000000', NULL, NULL, NULL, '2058.368839', '<address>45857 Borer Spring<br/>Trudie Grove<br/>West Ollie, <br/> 43882-3991<br/><abbr title=\"Phone\">P:</abbr> +12485912476</address>', '<address>45857 Borer Spring<br/>Trudie Grove<br/>West Ollie, <br/> 43882-3991<br/><abbr title=\"Phone\">P:</abbr> +12485912476</address>', 'deliver', NULL, NULL, NULL, NULL, NULL, 'RR123456789CN', NULL, NULL, 1, NULL, 4, 1, NULL, NULL, 'Dolore omnis est nisi dolorem molestiae.', 'Aliquid rerum assumenda aut.', NULL, NULL, NULL, NULL, NULL, NULL, '2022-03-03 15:33:37', '2022-03-03 15:33:37'),
(7, '#070353', 2, NULL, 10, NULL, NULL, 40, 4, 2, 4, NULL, '2251.000000', '1244.582639', NULL, '6.000000', NULL, NULL, NULL, '1250.582639', '<address>489 Kirsten Tunnel Suite 513<br/>Nicolas Field<br/>New Elliotville, <br/>Baluchistan 87727-2419<br/><abbr title=\"Phone\">P:</abbr> 919-646-7909</address>', '<address>489 Kirsten Tunnel Suite 513<br/>Nicolas Field<br/>New Elliotville, <br/>Baluchistan 87727-2419<br/><abbr title=\"Phone\">P:</abbr> 919-646-7909</address>', 'deliver', NULL, NULL, NULL, NULL, NULL, 'RR123456789CN', NULL, NULL, 1, NULL, 7, 1, NULL, NULL, 'Non libero consequatur ipsam molestias et sunt et.', 'Perferendis sed doloremque perspiciatis ut dolores.', NULL, NULL, NULL, NULL, NULL, NULL, '2022-02-13 15:33:37', '2022-02-13 15:33:37'),
(8, '#152871', 1, NULL, 11, NULL, NULL, 7, 2, 2, 2, NULL, '2217.000000', '665.613044', NULL, '8.000000', NULL, NULL, NULL, '673.613044', '<address>760 Luther Falls<br/>Rosa Ports<br/>Dickinsonton, <br/> 42531-7510<br/><abbr title=\"Phone\">P:</abbr> 503-983-6957</address>', '<address>760 Luther Falls<br/>Rosa Ports<br/>Dickinsonton, <br/> 42531-7510<br/><abbr title=\"Phone\">P:</abbr> 503-983-6957</address>', 'deliver', NULL, NULL, NULL, NULL, NULL, 'RR123456789CN', NULL, NULL, 1, NULL, 6, 1, NULL, NULL, 'Aut ut unde corporis inventore nesciunt.', 'Eius et minus beatae quam.', NULL, NULL, NULL, NULL, NULL, NULL, '2022-03-04 15:33:37', '2022-03-04 15:33:37'),
(9, '#336070', 3, NULL, 2, NULL, NULL, 27, 6, 4, 6, NULL, '4636.000000', '496.202500', NULL, '6.000000', NULL, NULL, NULL, '502.202500', '<address>90650 Sauer Village Apt. 211<br/>Georgiana Cove<br/>Ciaraborough, <br/> 54429-3618<br/><abbr title=\"Phone\">P:</abbr> 540.974.3266</address>', '<address>90650 Sauer Village Apt. 211<br/>Georgiana Cove<br/>Ciaraborough, <br/> 54429-3618<br/><abbr title=\"Phone\">P:</abbr> 540.974.3266</address>', 'deliver', NULL, NULL, NULL, NULL, NULL, 'RR123456789CN', NULL, NULL, 1, NULL, 1, 1, NULL, NULL, 'Suscipit velit iusto rem officia nisi nihil dolor.', 'Nesciunt et quos vel delectus dolor est.', NULL, NULL, NULL, NULL, NULL, NULL, '2022-03-04 15:33:37', '2022-03-04 15:33:37'),
(10, '#954684', 4, NULL, 11, NULL, NULL, 40, 3, 3, 6, NULL, '6392.000000', '2092.482465', NULL, '6.000000', NULL, NULL, NULL, '2098.482465', '<address>760 Luther Falls<br/>Rosa Ports<br/>Dickinsonton, <br/> 42531-7510<br/><abbr title=\"Phone\">P:</abbr> 503-983-6957</address>', '<address>760 Luther Falls<br/>Rosa Ports<br/>Dickinsonton, <br/> 42531-7510<br/><abbr title=\"Phone\">P:</abbr> 503-983-6957</address>', 'deliver', NULL, NULL, NULL, NULL, NULL, 'RR123456789CN', NULL, NULL, 1, NULL, 6, 1, NULL, NULL, 'Veritatis et assumenda illum nulla.', 'Atque ea quos et quis est quidem nisi.', NULL, NULL, NULL, NULL, NULL, NULL, '2022-02-13 15:33:37', '2022-02-13 15:33:37'),
(11, '#220521', 3, NULL, 5, NULL, NULL, 3, 5, 4, 11, NULL, '14267.000000', '2942.057340', NULL, '7.000000', NULL, NULL, NULL, '2949.057340', '<address>45857 Borer Spring<br/>Trudie Grove<br/>West Ollie, <br/> 43882-3991<br/><abbr title=\"Phone\">P:</abbr> +12485912476</address>', '<address>45857 Borer Spring<br/>Trudie Grove<br/>West Ollie, <br/> 43882-3991<br/><abbr title=\"Phone\">P:</abbr> +12485912476</address>', 'deliver', NULL, NULL, NULL, NULL, NULL, 'RR123456789CN', NULL, NULL, 1, NULL, 3, 1, NULL, NULL, 'Inventore nesciunt doloribus amet corrupti voluptas.', 'Et nostrum recusandae nesciunt.', NULL, NULL, NULL, NULL, NULL, NULL, '2022-03-05 15:33:37', '2022-03-05 15:33:37'),
(12, '#208507', 5, NULL, 10, NULL, NULL, 29, 6, 4, 9, NULL, '9471.000000', '2926.124197', NULL, '5.000000', NULL, NULL, NULL, '2931.124197', '<address>489 Kirsten Tunnel Suite 513<br/>Nicolas Field<br/>New Elliotville, <br/>Baluchistan 87727-2419<br/><abbr title=\"Phone\">P:</abbr> 919-646-7909</address>', '<address>489 Kirsten Tunnel Suite 513<br/>Nicolas Field<br/>New Elliotville, <br/>Baluchistan 87727-2419<br/><abbr title=\"Phone\">P:</abbr> 919-646-7909</address>', 'deliver', NULL, NULL, NULL, NULL, NULL, 'RR123456789CN', NULL, NULL, 1, NULL, 2, 1, NULL, NULL, 'Commodi repudiandae blanditiis laboriosam numquam necessitatibus.', 'Dolores dolorem laborum omnis aut et possimus ipsam dolores.', NULL, NULL, NULL, NULL, NULL, NULL, '2022-02-22 15:33:37', '2022-02-22 15:33:37'),
(13, '#822133', 4, NULL, 4, NULL, NULL, 22, 1, 3, 5, NULL, '6742.000000', '1954.143063', NULL, '2.000000', NULL, NULL, NULL, '1956.143063', '<address>8915 Keeling Plaza Suite 477<br/>Konopelski Court<br/>Port Jalon, <br/> 49414<br/><abbr title=\"Phone\">P:</abbr> 850-519-8960</address>', '<address>8915 Keeling Plaza Suite 477<br/>Konopelski Court<br/>Port Jalon, <br/> 49414<br/><abbr title=\"Phone\">P:</abbr> 850-519-8960</address>', 'deliver', NULL, NULL, NULL, NULL, NULL, 'RR123456789CN', NULL, NULL, 1, NULL, 6, 1, NULL, NULL, 'Quidem provident pariatur repellat in eius laborum.', 'Id aut accusamus ex id occaecati.', NULL, NULL, NULL, NULL, NULL, NULL, '2022-02-28 15:33:37', '2022-02-28 15:33:37'),
(14, '#474788', 2, NULL, 3, NULL, NULL, 29, 4, 4, 6, NULL, '6876.000000', '1477.963503', NULL, '5.000000', NULL, NULL, NULL, '1482.963503', '<address>799 Cassin Point Suite 637<br/>VonRueden Road<br/>Norbertochester, <br/> 58020<br/><abbr title=\"Phone\">P:</abbr> 341-431-0188</address>', '<address>799 Cassin Point Suite 637<br/>VonRueden Road<br/>Norbertochester, <br/> 58020<br/><abbr title=\"Phone\">P:</abbr> 341-431-0188</address>', 'deliver', NULL, NULL, NULL, NULL, NULL, 'RR123456789CN', NULL, NULL, 1, NULL, 7, 1, NULL, NULL, 'Aliquam eos quasi perferendis cupiditate rem dignissimos.', 'Quo facilis accusamus facilis nostrum distinctio omnis.', NULL, NULL, NULL, NULL, NULL, NULL, '2022-03-14 15:33:37', '2022-03-14 15:33:37'),
(15, '#482783', 1, NULL, 11, NULL, NULL, 7, 2, 2, 4, NULL, '5000.000000', '872.948288', NULL, '7.000000', NULL, NULL, NULL, '879.948288', '<address>760 Luther Falls<br/>Rosa Ports<br/>Dickinsonton, <br/> 42531-7510<br/><abbr title=\"Phone\">P:</abbr> 503-983-6957</address>', '<address>760 Luther Falls<br/>Rosa Ports<br/>Dickinsonton, <br/> 42531-7510<br/><abbr title=\"Phone\">P:</abbr> 503-983-6957</address>', 'deliver', NULL, NULL, NULL, NULL, NULL, 'RR123456789CN', NULL, NULL, 1, NULL, 2, 1, NULL, NULL, 'Porro non unde repellat optio doloremque.', 'Fuga reprehenderit cum quasi qui nostrum libero deleniti est.', NULL, NULL, NULL, NULL, NULL, NULL, '2022-02-18 15:33:37', '2022-02-18 15:33:37');

-- --------------------------------------------------------

--
-- Structură tabel pentru tabel `order_items`
--

CREATE TABLE `order_items` (
  `order_id` bigint UNSIGNED NOT NULL,
  `inventory_id` bigint UNSIGNED DEFAULT NULL,
  `item_description` longtext COLLATE utf8_unicode_ci NOT NULL,
  `quantity` int UNSIGNED NOT NULL,
  `unit_price` decimal(20,6) NOT NULL,
  `feedback_id` bigint UNSIGNED DEFAULT NULL,
  `created_at` timestamp NULL DEFAULT NULL,
  `updated_at` timestamp NULL DEFAULT NULL
) ENGINE=InnoDB DEFAULT CHARSET=utf8mb3 COLLATE=utf8_unicode_ci;

--
-- Eliminarea datelor din tabel `order_items`
--

INSERT INTO `order_items` (`order_id`, `inventory_id`, `item_description`, `quantity`, `unit_price`, `feedback_id`, `created_at`, `updated_at`) VALUES
(1, 28, 'Fugit non beatae et at et fugit. - Refurbished', 3, '233.174990', NULL, '2022-03-14 15:33:20', '2022-03-14 15:33:20'),
(1, 50, 'Corrupti necessitatibus asperiores corrupti consequatur perspiciatis repellat. - Used', 3, '434.077430', NULL, '2022-03-14 15:33:20', '2022-03-14 15:33:20'),
(1, 63, 'Soluta sed pariatur eos et facilis. - Refurbished', 1, '400.490000', NULL, '2022-03-14 15:33:20', '2022-03-14 15:33:20'),
(2, 89, 'Aut fugiat omnis officiis eaque eaque et et. - Refurbished', 3, '294.479991', NULL, '2022-03-14 15:33:20', '2022-03-14 15:33:20'),
(2, 99, 'Voluptates voluptas quisquam et quibusdam esse voluptatem. - New', 1, '282.925000', NULL, '2022-03-14 15:33:20', '2022-03-14 15:33:20'),
(3, 42, 'Eum qui harum molestias molestiae cum vel. - Refurbished', 3, '338.000000', NULL, '2022-03-14 15:33:20', '2022-03-14 15:33:20'),
(3, 49, 'Aspernatur ut atque debitis eligendi. - Refurbished', 2, '514.431000', NULL, '2022-03-14 15:33:20', '2022-03-14 15:33:20'),
(3, 84, 'Voluptatem fuga ut adipisci quibusdam fugit voluptas aliquam illo. - Used', 1, '348.522142', NULL, '2022-03-14 15:33:20', '2022-03-14 15:33:20'),
(4, 86, 'Dolores placeat doloremque perspiciatis impedit. - Refurbished', 3, '259.310000', NULL, '2022-03-14 15:33:20', '2022-03-14 15:33:20'),
(4, 88, 'Impedit unde optio aut blanditiis accusamus. - Refurbished', 2, '258.890000', NULL, '2022-03-14 15:33:20', '2022-03-14 15:33:20'),
(5, 13, 'Fuga molestiae assumenda nesciunt id. - New', 3, '282.330000', NULL, '2022-03-14 15:33:20', '2022-03-14 15:33:20'),
(5, 74, 'Placeat doloremque quis consequuntur tempora non porro laboriosam. - New', 2, '368.000000', NULL, '2022-03-14 15:33:20', '2022-03-14 15:33:20'),
(5, 83, 'Qui tempore eaque dolorem error. - New', 1, '447.600000', NULL, '2022-03-14 15:33:20', '2022-03-14 15:33:20'),
(5, 92, 'Officiis eos ut quaerat. - New', 3, '302.500000', NULL, '2022-03-14 15:33:20', '2022-03-14 15:33:20'),
(6, 11, 'Accusamus qui minus culpa aut exercitationem asperiores architecto. - Used', 2, '356.350000', NULL, '2022-03-14 15:33:20', '2022-03-14 15:33:20'),
(6, 53, 'Qui error et esse iste consequatur et. - Used', 1, '326.202123', NULL, '2022-03-14 15:33:20', '2022-03-14 15:33:20'),
(6, 65, 'Voluptatem aut hic provident non molestias quia. - Refurbished', 2, '505.233358', NULL, '2022-03-14 15:33:20', '2022-03-14 15:33:20'),
(7, 59, 'Provident ipsa saepe quos ea. - Refurbished', 3, '328.969842', NULL, '2022-03-14 15:33:20', '2022-03-14 15:33:20'),
(7, 68, 'Illo ducimus saepe consequuntur et quae possimus veritatis. - New', 1, '257.673113', NULL, '2022-03-14 15:33:20', '2022-03-14 15:33:20'),
(8, 1, 'Quam accusantium non dolores asperiores nostrum dolores libero. - Used', 1, '420.148642', NULL, '2022-03-14 15:33:20', '2022-03-14 15:33:20'),
(8, 75, 'Porro voluptatibus expedita nulla dolore repellendus omnis omnis. - New', 1, '245.464402', NULL, '2022-03-14 15:33:20', '2022-03-14 15:33:20'),
(9, 29, 'Enim in quo dolores numquam eveniet alias natus dolores. - Refurbished', 1, '138.412500', NULL, '2022-03-14 15:33:20', '2022-03-14 15:33:20'),
(9, 45, 'Quis nisi sed distinctio optio sint facilis cum. - Used', 1, '153.900000', NULL, '2022-03-14 15:33:20', '2022-03-14 15:33:20'),
(9, 97, 'Animi exercitationem optio cum aliquam dolorum accusantium voluptatibus ducimus. - Refurbished', 3, '65.630000', NULL, '2022-03-14 15:33:20', '2022-03-14 15:33:20'),
(9, 107, 'Enim aperiam quos eaque libero beatae ipsam placeat. - New', 1, '7.000000', NULL, '2022-03-14 15:33:20', '2022-03-14 15:33:20'),
(10, 24, 'Qui ullam quia quia eos dolores. - Refurbished', 1, '391.740395', NULL, '2022-03-14 15:33:20', '2022-03-14 15:33:20'),
(10, 25, 'Sequi accusantium id non non. - New', 2, '397.160000', NULL, '2022-03-14 15:33:20', '2022-03-14 15:33:20'),
(10, 94, 'Quis voluptate quia quia optio sunt quis corporis. - New', 3, '302.140690', NULL, '2022-03-14 15:33:20', '2022-03-14 15:33:20'),
(11, 60, 'Error quisquam laborum eius. - New', 2, '299.064870', NULL, '2022-03-14 15:33:20', '2022-03-14 15:33:20'),
(11, 71, 'Impedit velit sed aliquid. - Used', 3, '553.309200', NULL, '2022-03-14 15:33:20', '2022-03-14 15:33:20'),
(11, 91, 'Aspernatur nesciunt quo est soluta repellendus ipsum. - Refurbished', 3, '221.000000', NULL, '2022-03-14 15:33:20', '2022-03-14 15:33:20'),
(11, 107, 'Enim aperiam quos eaque libero beatae ipsam placeat. - New', 3, '7.000000', NULL, '2022-03-14 15:33:20', '2022-03-14 15:33:20'),
(12, 2, 'Pariatur corrupti quia assumenda qui saepe qui aut fugiat. - New', 3, '97.464118', NULL, '2022-03-14 15:33:20', '2022-03-14 15:33:20'),
(12, 41, 'Cumque laboriosam perferendis sapiente sed eum consequatur adipisci. - Used', 3, '513.589281', NULL, '2022-03-14 15:33:20', '2022-03-14 15:33:20'),
(12, 70, 'Delectus eaque ut ut ipsa autem sint. - Refurbished', 1, '222.800000', NULL, '2022-03-14 15:33:20', '2022-03-14 15:33:20'),
(12, 81, 'Aliquid et accusamus laboriosam. - Used', 2, '435.082000', NULL, '2022-03-14 15:33:20', '2022-03-14 15:33:20'),
(13, 5, 'Vero neque quo officia dicta illum illo. - Refurbished', 1, '312.174208', NULL, '2022-03-14 15:33:20', '2022-03-14 15:33:20'),
(13, 21, 'Corporis sapiente veritatis accusantium magni eos sit. - Refurbished', 3, '398.880000', NULL, '2022-03-14 15:33:20', '2022-03-14 15:33:20'),
(13, 34, 'Beatae sed ut voluptatem voluptas eius. - Used', 1, '445.328855', NULL, '2022-03-14 15:33:20', '2022-03-14 15:33:20'),
(14, 28, 'Fugit non beatae et at et fugit. - Refurbished', 1, '233.174990', NULL, '2022-03-14 15:33:20', '2022-03-14 15:33:20'),
(14, 63, 'Soluta sed pariatur eos et facilis. - Refurbished', 1, '400.490000', NULL, '2022-03-14 15:33:20', '2022-03-14 15:33:20'),
(14, 68, 'Illo ducimus saepe consequuntur et quae possimus veritatis. - New', 1, '257.673113', NULL, '2022-03-14 15:33:20', '2022-03-14 15:33:20'),
(14, 72, 'Eum aliquid assumenda aspernatur qui. - Refurbished', 3, '195.541800', NULL, '2022-03-14 15:33:20', '2022-03-14 15:33:20'),
(15, 51, 'Consectetur occaecati sit quibusdam eveniet. - Refurbished', 3, '204.686096', NULL, '2022-03-14 15:33:20', '2022-03-14 15:33:20'),
(15, 88, 'Impedit unde optio aut blanditiis accusamus. - Refurbished', 1, '258.890000', NULL, '2022-03-14 15:33:20', '2022-03-14 15:33:20');

-- --------------------------------------------------------

--
-- Structură tabel pentru tabel `packages`
--

CREATE TABLE `packages` (
  `id` int UNSIGNED NOT NULL,
  `slug` varchar(255) COLLATE utf8_unicode_ci NOT NULL,
  `name` varchar(255) COLLATE utf8_unicode_ci DEFAULT NULL,
  `description` varchar(255) COLLATE utf8_unicode_ci DEFAULT NULL,
  `compatible` varchar(255) COLLATE utf8_unicode_ci DEFAULT NULL,
  `dependency` varchar(255) COLLATE utf8_unicode_ci DEFAULT NULL,
  `version` varchar(255) COLLATE utf8_unicode_ci NOT NULL DEFAULT '1',
  `license_key` varchar(255) COLLATE utf8_unicode_ci NOT NULL,
  `installation_key` varchar(255) COLLATE utf8_unicode_ci NOT NULL,
  `installation_hash` varchar(255) COLLATE utf8_unicode_ci NOT NULL,
  `lcd` varchar(255) COLLATE utf8_unicode_ci NOT NULL,
  `lrd` varchar(255) COLLATE utf8_unicode_ci NOT NULL,
  `active` tinyint(1) DEFAULT '0',
  `icon` varchar(255) COLLATE utf8_unicode_ci DEFAULT NULL,
  `created_at` timestamp NULL DEFAULT NULL,
  `updated_at` timestamp NULL DEFAULT NULL
) ENGINE=InnoDB DEFAULT CHARSET=utf8mb3 COLLATE=utf8_unicode_ci;

-- --------------------------------------------------------

--
-- Structură tabel pentru tabel `packagings`
--

CREATE TABLE `packagings` (
  `id` int UNSIGNED NOT NULL,
  `shop_id` int UNSIGNED DEFAULT NULL,
  `name` varchar(255) COLLATE utf8_unicode_ci NOT NULL,
  `width` decimal(20,6) DEFAULT NULL,
  `height` decimal(20,6) DEFAULT NULL,
  `depth` decimal(20,6) DEFAULT NULL,
  `cost` decimal(20,6) DEFAULT NULL,
  `default` tinyint(1) DEFAULT NULL,
  `active` tinyint(1) NOT NULL DEFAULT '1',
  `deleted_at` timestamp NULL DEFAULT NULL,
  `created_at` timestamp NULL DEFAULT NULL,
  `updated_at` timestamp NULL DEFAULT NULL
) ENGINE=InnoDB DEFAULT CHARSET=utf8mb3 COLLATE=utf8_unicode_ci;

--
-- Eliminarea datelor din tabel `packagings`
--

INSERT INTO `packagings` (`id`, `shop_id`, `name`, `width`, `height`, `depth`, `cost`, `default`, `active`, `deleted_at`, `created_at`, `updated_at`) VALUES
(1, NULL, 'Free Basic Packaging', NULL, NULL, NULL, '0.000000', NULL, 1, NULL, '2022-03-14 15:33:15', '2022-03-14 15:33:15'),
(2, 1, 'ipsa', '10.660000', '24.180000', '10.870000', '5.000000', NULL, 1, NULL, '2022-03-09 15:33:30', '2022-03-01 15:33:30'),
(3, 2, 'ipsa', '43.790000', '37.880000', '31.040000', '10.000000', NULL, 1, NULL, '2022-03-08 15:33:30', '2022-03-08 15:33:30'),
(4, 5, 'beatae', '38.210000', '44.690000', '21.720000', '1.000000', NULL, 1, NULL, '2022-03-02 15:33:30', '2022-03-14 15:33:30'),
(5, 5, 'laborum', '25.090000', '20.390000', '26.860000', '8.000000', NULL, 1, NULL, '2022-03-03 15:33:30', '2022-03-12 15:33:30'),
(6, 1, 'eveniet', '18.870000', '57.350000', '29.480000', '2.000000', NULL, 1, NULL, '2022-03-08 15:33:30', '2022-03-04 15:33:30');

-- --------------------------------------------------------

--
-- Structură tabel pentru tabel `pages`
--

CREATE TABLE `pages` (
  `id` int UNSIGNED NOT NULL,
  `author_id` bigint UNSIGNED DEFAULT NULL,
  `title` text COLLATE utf8_unicode_ci,
  `slug` varchar(200) COLLATE utf8_unicode_ci NOT NULL,
  `content` longtext COLLATE utf8_unicode_ci,
  `published_at` timestamp NULL DEFAULT NULL,
  `visibility` int NOT NULL DEFAULT '1',
  `position` varchar(50) COLLATE utf8_unicode_ci DEFAULT NULL,
  `deleted_at` timestamp NULL DEFAULT NULL,
  `created_at` timestamp NULL DEFAULT NULL,
  `updated_at` timestamp NULL DEFAULT NULL
) ENGINE=InnoDB DEFAULT CHARSET=utf8mb3 COLLATE=utf8_unicode_ci;

--
-- Eliminarea datelor din tabel `pages`
--

INSERT INTO `pages` (`id`, `author_id`, `title`, `slug`, `content`, `published_at`, `visibility`, `position`, `deleted_at`, `created_at`, `updated_at`) VALUES
(1, 1, 'About us', 'about-us', 'Add your own About Us info here. You can modify this page from ADMIN PANEL >> UTILITIES >> PAGES section.', '2022-03-14 15:33:15', 1, 'copyright_area', NULL, '2022-03-14 15:33:15', '2022-03-14 15:33:15'),
(2, 1, 'Contact us', 'contact-us', 'Contact details. A contact form will be added automatically with this info. You can modify this page from ADMIN PANEL >> UTILITIES >> PAGES section.', '2022-03-14 15:33:15', 1, 'footer_3rd_column', NULL, '2022-03-14 15:33:15', '2022-03-14 15:33:15'),
(3, 1, 'Privacy policy', 'privacy-policy', 'Add your own privacy policy here. You can modify this page from ADMIN PANEL >> UTILITIES >> PAGES section.', '2022-03-14 15:33:15', 1, 'copyright_area', NULL, '2022-03-14 15:33:15', '2022-03-14 15:33:15'),
(4, 1, 'Terms and condition for customer', 'terms-of-use-customer', 'Add your own terms and condition for customer here. You can modify this page from ADMIN PANEL >> UTILITIES >> PAGES section.', '2022-03-14 15:33:15', 1, 'copyright_area', NULL, '2022-03-14 15:33:15', '2022-03-14 15:33:15'),
(5, 1, 'Terms and condition for merchant', 'terms-of-use-merchant', 'Add your own terms and condition for merchant here. You can modify this page from ADMIN PANEL >> UTILITIES >> PAGES section.', '2022-03-14 15:33:15', 2, 'copyright_area', NULL, '2022-03-14 15:33:15', '2022-03-14 15:33:15'),
(6, 1, 'Return and refund policy', 'return-and-refund-policy', 'Return and refund policy. You can modify this page from ADMIN PANEL >> UTILITIES >> PAGES section.', '2022-03-14 15:33:15', 1, 'footer_1st_column', NULL, '2022-03-14 15:33:15', '2022-03-14 15:33:15'),
(7, 1, 'Shipping', 'shipping', 'Shipping details. You can modify this page from ADMIN PANEL >> UTILITIES >> PAGES section.', '2022-03-14 15:33:15', 1, 'footer_1st_column', NULL, '2022-03-14 15:33:15', '2022-03-14 15:33:15'),
(8, 1, 'Career', 'career', 'You can modify this page from ADMIN PANEL >> UTILITIES >> PAGES section.', '2022-03-14 15:33:15', 1, 'footer_2nd_column', NULL, '2022-03-14 15:33:15', '2022-03-14 15:33:15');

-- --------------------------------------------------------

--
-- Structură tabel pentru tabel `password_resets`
--

CREATE TABLE `password_resets` (
  `email` varchar(255) COLLATE utf8_unicode_ci NOT NULL,
  `token` varchar(255) COLLATE utf8_unicode_ci NOT NULL,
  `created_at` timestamp NOT NULL
) ENGINE=InnoDB DEFAULT CHARSET=utf8mb3 COLLATE=utf8_unicode_ci;

-- --------------------------------------------------------

--
-- Structură tabel pentru tabel `payment_methods`
--

CREATE TABLE `payment_methods` (
  `id` int UNSIGNED NOT NULL,
  `code` varchar(255) COLLATE utf8_unicode_ci NOT NULL,
  `name` varchar(255) COLLATE utf8_unicode_ci NOT NULL,
  `type` int NOT NULL,
  `split_money` tinyint(1) NOT NULL DEFAULT '0',
  `company_name` varchar(255) COLLATE utf8_unicode_ci DEFAULT NULL,
  `website` text COLLATE utf8_unicode_ci,
  `help_doc_link` text COLLATE utf8_unicode_ci,
  `terms_conditions_link` text COLLATE utf8_unicode_ci,
  `description` text COLLATE utf8_unicode_ci,
  `instructions` text COLLATE utf8_unicode_ci,
  `admin_description` text COLLATE utf8_unicode_ci,
  `admin_help_doc_link` text COLLATE utf8_unicode_ci,
  `enabled` tinyint(1) NOT NULL DEFAULT '1',
  `order` int NOT NULL DEFAULT '99',
  `created_at` timestamp NULL DEFAULT NULL,
  `updated_at` timestamp NULL DEFAULT NULL
) ENGINE=InnoDB DEFAULT CHARSET=utf8mb3 COLLATE=utf8_unicode_ci;

--
-- Eliminarea datelor din tabel `payment_methods`
--

INSERT INTO `payment_methods` (`id`, `code`, `name`, `type`, `split_money`, `company_name`, `website`, `help_doc_link`, `terms_conditions_link`, `description`, `instructions`, `admin_description`, `admin_help_doc_link`, `enabled`, `order`, `created_at`, `updated_at`) VALUES
(1, 'paypal-express', 'PayPal Express Checkout', 1, 0, 'PayPal Inc.', 'https://www.paypal.com/', 'https://www.paypal.com/us/webapps/mpp/express-checkout', NULL, 'Add PayPal as a payment method to allow customers to checkout with PayPal. Express Checkout offers the ease of convenience and security of PayPal, can turn more shoppers into buyers. You must have a PayPal business account to activate this payment method. - You must have a PayPal business account.<br/><strong>To activate PayPal Express: </strong><br/>- You must have a PayPal business account to accept payments.<br/>- Create an app to receive API credentials for testing and live transactions.<br/>- Go to this link to create your app: <small>https://developer.paypal.com/webapps/developer/applications/myapps</small>', NULL, 'Add PayPal as a payment method to any checkout with Express Checkout. Express Checkout offers the ease of convenience and security of PayPal, can be set up in minutes and can turn more shoppers into buyers.', 'https://developer.paypal.com/docs/integration/direct/express-checkout/integration-jsv4/', 1, 1, '2022-03-14 15:33:15', '2022-03-14 15:33:15'),
(2, 'stripe', 'Stripe', 2, 1, 'Stripe Inc.', 'https://stripe.com/', 'https://stripe.com/docs/checkout/tutorial', NULL, 'Stripe is one of the best and safe option to charge credit and debit cards around the world. Stripe has a simple fee structure and no hidden costs. No other gateway or merchant account is required. <br/><strong>By using Stripe: </strong><br/>- You have to connect our platform to your Stripe account. <br/>- You agree to Stripe\'s <a href=\"https://stripe.com/us/privacy\" target=\"_blank\">Terms of Service</a>.', NULL, 'Stripe is one of the best and safe option to charge credit and debit cards around the world. Stripe has a product for marketplace like this. To enable Stripe to your vendors, you must have to register your platform with Stripe.<br/><strong> Follow This Simple steps:</strong><br/>- Create an Stripe application using the bellow information. <a href=\"https://stripe.com/docs/connect/quickstart\" target=\"_blank\">Check their documentation for help.</a><br/>- Update the .env file on your server with Stripe API credentials.<br/><br/><strong>Remember </strong> when you register your platform use this information: <br/>- Name: \'zCart Marketplace\'<br/>- Website URL: \'http://localhost\'<br/>- Redirect URL: \'http://localhost/admin/setting/stripe/redirect\'', 'https://stripe.com/docs/connect/quickstart', 1, 2, '2022-03-14 15:33:15', '2022-03-14 15:33:15'),
(3, 'authorize-net', 'Authorize.Net', 2, 0, 'Authorize.Net', 'https://www.authorize.net/', 'https://www.authorize.net/support/', NULL, 'More solutions for your business. More support when you need it. More strength to stand on. <br/><strong>By using Authorize.Net: </strong><br/>- You have to have an Authorize.Net account. <br/>- You agree to Authorize.Net\'s <a href=\"https://www.authorize.net/about-us/terms/\" target=\"_blank\">Terms of Use</a>.', NULL, 'Authorize.Net helps makes it simple to accept electronic and credit card payments.', 'https://www.authorize.net/about-us/', 1, 3, '2022-03-14 15:33:15', '2022-03-14 15:33:15'),
(4, 'instamojo', 'Instamojo', 2, 0, 'Instamojo Technologies Pvt. Ltd.', 'https://instamojo.com/', 'https://instamojo.com/docs/checkout/tutorial', NULL, 'Instamojo is one of the most popular and Multi-Channel Payment Gateway for India - Accept Credit/Debit Cards, Wallets, Net Banking, UPI & EMI. <br/><strong>By using Instamojo: </strong><br/>- You have to have your Instamojo business account. <br/>- You agree to Instamojo\'s <a href=\"https://www.instamojo.com/terms/\" target=\"_blank\">Terms of Service</a>.', NULL, 'Instamojo is one of the most popular and Multi-Channel Payment Gateway for India - Accept Credit/Debit Cards, Wallets, Net Banking, UPI & EMI. Enable Instamojo to your vendors.', 'https://www.instamojo.com/', 1, 5, '2022-03-14 15:33:15', '2022-03-14 15:33:15'),
(5, 'paystack', 'Paystack', 4, 0, 'Paystack', 'https://paystack.com/', 'https://paystack.helpscoutdocs.com/', NULL, 'Modern online and offline payments for Africa. Paystack helps businesses in Africa get paid by anyone, anywhere in the world. <br/><strong>By using Paystack: </strong><br/>- You agree to Paystack\'s <a href=\"https://paystack.com/terms\" target=\"_blank\">Terms of Service</a>.', NULL, 'Modern online and offline payments for Africa. Paystack helps businesses in Africa get paid by anyone, anywhere in the world.', 'https://paystack.helpscoutdocs.com/', 1, 1, '2022-03-14 15:33:15', '2022-03-14 15:33:15'),
(6, 'cod', 'Cash On Delivery', 3, 0, 'Cash on Delivery', NULL, NULL, NULL, 'Cash on delivery (COD), sometimes called collect on delivery, is the sale of goods by mail order where payment is made on delivery rather than in advance.', NULL, 'Cash on delivery (COD), sometimes called collect on delivery, is the sale of goods by mail order where payment is made on delivery rather than in advance.', '', 1, 5, '2022-03-14 15:33:15', '2022-03-14 15:33:15'),
(7, 'wire', 'Bank Wire Transfer', 3, 0, 'Pay by bank wire transfer', NULL, NULL, NULL, 'Pay by bank wire transfer,  transfer the invoice amount via wire tranfer to the merchant account and confirm manually. After payment confirmation the goods will be shipped.', NULL, 'Pay by bank wire transfer,  transfer the invoice amount via wire tranfer to the merchant account and confirm manually. After payment confirmation the goods will be shipped.', '', 1, 6, '2022-03-14 15:33:15', '2022-03-14 15:33:15');

-- --------------------------------------------------------

--
-- Structură tabel pentru tabel `performance_indicators`
--

CREATE TABLE `performance_indicators` (
  `id` int UNSIGNED NOT NULL,
  `monthly_recurring_revenue` decimal(8,2) DEFAULT NULL,
  `daily_volume` decimal(8,2) DEFAULT NULL,
  `new_merchants` int NOT NULL,
  `new_customers` int NOT NULL,
  `created_at` timestamp NULL DEFAULT NULL,
  `updated_at` timestamp NULL DEFAULT NULL
) ENGINE=InnoDB DEFAULT CHARSET=utf8mb3 COLLATE=utf8_unicode_ci;

-- --------------------------------------------------------

--
-- Structură tabel pentru tabel `permissions`
--

CREATE TABLE `permissions` (
  `id` int UNSIGNED NOT NULL,
  `module_id` int UNSIGNED NOT NULL,
  `name` varchar(255) COLLATE utf8_unicode_ci NOT NULL,
  `slug` varchar(255) COLLATE utf8_unicode_ci NOT NULL,
  `created_at` timestamp NULL DEFAULT NULL,
  `updated_at` timestamp NULL DEFAULT NULL
) ENGINE=InnoDB DEFAULT CHARSET=utf8mb3 COLLATE=utf8_unicode_ci;

--
-- Eliminarea datelor din tabel `permissions`
--

INSERT INTO `permissions` (`id`, `module_id`, `name`, `slug`, `created_at`, `updated_at`) VALUES
(1, 1, 'Customize', 'customize_appearance', '2022-03-14 15:33:14', '2022-03-14 15:33:14'),
(2, 2, 'View', 'view_attribute', '2022-03-14 15:33:14', '2022-03-14 15:33:14'),
(3, 2, 'Add', 'add_attribute', '2022-03-14 15:33:14', '2022-03-14 15:33:14'),
(4, 2, 'Edit', 'edit_attribute', '2022-03-14 15:33:14', '2022-03-14 15:33:14'),
(5, 2, 'Delete', 'delete_attribute', '2022-03-14 15:33:14', '2022-03-14 15:33:14'),
(6, 3, 'View', 'view_carrier', '2022-03-14 15:33:14', '2022-03-14 15:33:14'),
(7, 3, 'Add', 'add_carrier', '2022-03-14 15:33:14', '2022-03-14 15:33:14'),
(8, 3, 'Edit', 'edit_carrier', '2022-03-14 15:33:14', '2022-03-14 15:33:14'),
(9, 3, 'Delete', 'delete_carrier', '2022-03-14 15:33:14', '2022-03-14 15:33:14'),
(10, 4, 'View', 'view_category', '2022-03-14 15:33:14', '2022-03-14 15:33:14'),
(11, 4, 'Add', 'add_category', '2022-03-14 15:33:14', '2022-03-14 15:33:14'),
(12, 4, 'Edit', 'edit_category', '2022-03-14 15:33:14', '2022-03-14 15:33:14'),
(13, 4, 'Delete', 'delete_category', '2022-03-14 15:33:14', '2022-03-14 15:33:14'),
(14, 5, 'View', 'view_category_group', '2022-03-14 15:33:14', '2022-03-14 15:33:14'),
(15, 5, 'Add', 'add_category_group', '2022-03-14 15:33:14', '2022-03-14 15:33:14'),
(16, 5, 'Edit', 'edit_category_group', '2022-03-14 15:33:14', '2022-03-14 15:33:14'),
(17, 5, 'Delete', 'delete_category_group', '2022-03-14 15:33:14', '2022-03-14 15:33:14'),
(18, 6, 'View', 'view_category_sub_group', '2022-03-14 15:33:14', '2022-03-14 15:33:14'),
(19, 6, 'Add', 'add_category_sub_group', '2022-03-14 15:33:14', '2022-03-14 15:33:14'),
(20, 6, 'Edit', 'edit_category_sub_group', '2022-03-14 15:33:14', '2022-03-14 15:33:14'),
(21, 6, 'Delete', 'delete_category_sub_group', '2022-03-14 15:33:14', '2022-03-14 15:33:14'),
(22, 7, 'View', 'view_chat_conversation', '2022-03-14 15:33:14', '2022-03-14 15:33:14'),
(23, 7, 'Reply', 'reply_chat_conversation', '2022-03-14 15:33:14', '2022-03-14 15:33:14'),
(24, 7, 'Delete', 'delete_chat_conversation', '2022-03-14 15:33:14', '2022-03-14 15:33:14'),
(25, 8, 'View', 'view_config', '2022-03-14 15:33:14', '2022-03-14 15:33:14'),
(26, 8, 'Edit', 'edit_config', '2022-03-14 15:33:14', '2022-03-14 15:33:14'),
(27, 9, 'View', 'view_coupon', '2022-03-14 15:33:14', '2022-03-14 15:33:14'),
(28, 9, 'Add', 'add_coupon', '2022-03-14 15:33:14', '2022-03-14 15:33:14'),
(29, 9, 'Edit', 'edit_coupon', '2022-03-14 15:33:14', '2022-03-14 15:33:14'),
(30, 9, 'Delete', 'delete_coupon', '2022-03-14 15:33:14', '2022-03-14 15:33:14'),
(31, 10, 'View', 'view_cart', '2022-03-14 15:33:14', '2022-03-14 15:33:14'),
(32, 10, 'Add', 'add_cart', '2022-03-14 15:33:14', '2022-03-14 15:33:14'),
(33, 10, 'Edit', 'edit_cart', '2022-03-14 15:33:14', '2022-03-14 15:33:14'),
(34, 10, 'Delete', 'delete_cart', '2022-03-14 15:33:14', '2022-03-14 15:33:14'),
(35, 11, 'View', 'view_customer', '2022-03-14 15:33:14', '2022-03-14 15:33:14'),
(36, 11, 'Add', 'add_customer', '2022-03-14 15:33:14', '2022-03-14 15:33:14'),
(37, 11, 'Edit', 'edit_customer', '2022-03-14 15:33:14', '2022-03-14 15:33:14'),
(38, 11, 'Delete', 'delete_customer', '2022-03-14 15:33:14', '2022-03-14 15:33:14'),
(39, 12, 'View', 'view_dispute', '2022-03-14 15:33:14', '2022-03-14 15:33:14'),
(40, 12, 'Response', 'response_dispute', '2022-03-14 15:33:14', '2022-03-14 15:33:14'),
(41, 13, 'View', 'view_inventory', '2022-03-14 15:33:14', '2022-03-14 15:33:14'),
(42, 13, 'Add', 'add_inventory', '2022-03-14 15:33:14', '2022-03-14 15:33:14'),
(43, 13, 'Edit', 'edit_inventory', '2022-03-14 15:33:14', '2022-03-14 15:33:14'),
(44, 13, 'Delete', 'delete_inventory', '2022-03-14 15:33:14', '2022-03-14 15:33:14'),
(45, 14, 'View', 'view_manufacturer', '2022-03-14 15:33:14', '2022-03-14 15:33:14'),
(46, 14, 'Add', 'add_manufacturer', '2022-03-14 15:33:14', '2022-03-14 15:33:14'),
(47, 14, 'Edit', 'edit_manufacturer', '2022-03-14 15:33:14', '2022-03-14 15:33:14'),
(48, 14, 'Delete', 'delete_manufacturer', '2022-03-14 15:33:14', '2022-03-14 15:33:14'),
(49, 15, 'View', 'view_message', '2022-03-14 15:33:14', '2022-03-14 15:33:14'),
(50, 15, 'Add', 'add_message', '2022-03-14 15:33:14', '2022-03-14 15:33:14'),
(51, 15, 'Update', 'update_message', '2022-03-14 15:33:14', '2022-03-14 15:33:14'),
(52, 15, 'Delete', 'delete_message', '2022-03-14 15:33:14', '2022-03-14 15:33:14'),
(53, 15, 'Reply', 'reply_message', '2022-03-14 15:33:14', '2022-03-14 15:33:14'),
(54, 17, 'View', 'view_order', '2022-03-14 15:33:14', '2022-03-14 15:33:14'),
(55, 17, 'Add', 'add_order', '2022-03-14 15:33:14', '2022-03-14 15:33:14'),
(56, 17, 'Fulfill', 'fulfill_order', '2022-03-14 15:33:14', '2022-03-14 15:33:14'),
(57, 17, 'Cancel', 'cancel_order', '2022-03-14 15:33:14', '2022-03-14 15:33:14'),
(58, 17, 'Archive', 'archive_order', '2022-03-14 15:33:14', '2022-03-14 15:33:14'),
(59, 17, 'Delete', 'delete_order', '2022-03-14 15:33:14', '2022-03-14 15:33:14'),
(60, 18, 'View', 'view_packaging', '2022-03-14 15:33:14', '2022-03-14 15:33:14'),
(61, 18, 'Add', 'add_packaging', '2022-03-14 15:33:14', '2022-03-14 15:33:14'),
(62, 18, 'Edit', 'edit_packaging', '2022-03-14 15:33:14', '2022-03-14 15:33:14'),
(63, 18, 'Delete', 'delete_packaging', '2022-03-14 15:33:14', '2022-03-14 15:33:14'),
(64, 19, 'View', 'view_product', '2022-03-14 15:33:14', '2022-03-14 15:33:14'),
(65, 19, 'Add', 'add_product', '2022-03-14 15:33:14', '2022-03-14 15:33:14'),
(66, 19, 'Edit', 'edit_product', '2022-03-14 15:33:14', '2022-03-14 15:33:14'),
(67, 19, 'Delete', 'delete_product', '2022-03-14 15:33:14', '2022-03-14 15:33:14'),
(68, 20, 'View', 'view_refund', '2022-03-14 15:33:14', '2022-03-14 15:33:14'),
(69, 20, 'Initiate', 'initiate_refund', '2022-03-14 15:33:14', '2022-03-14 15:33:14'),
(70, 20, 'Update', 'update_refund', '2022-03-14 15:33:14', '2022-03-14 15:33:14'),
(71, 20, 'Approve', 'approve_refund', '2022-03-14 15:33:14', '2022-03-14 15:33:14'),
(72, 21, 'View', 'view_role', '2022-03-14 15:33:14', '2022-03-14 15:33:14'),
(73, 21, 'Add', 'add_role', '2022-03-14 15:33:14', '2022-03-14 15:33:14'),
(74, 21, 'Edit', 'edit_role', '2022-03-14 15:33:14', '2022-03-14 15:33:14'),
(75, 21, 'Delete', 'delete_role', '2022-03-14 15:33:14', '2022-03-14 15:33:14'),
(76, 22, 'View', 'view_supplier', '2022-03-14 15:33:14', '2022-03-14 15:33:14'),
(77, 22, 'Add', 'add_supplier', '2022-03-14 15:33:14', '2022-03-14 15:33:14'),
(78, 22, 'Edit', 'edit_supplier', '2022-03-14 15:33:14', '2022-03-14 15:33:14'),
(79, 22, 'Delete', 'delete_supplier', '2022-03-14 15:33:14', '2022-03-14 15:33:14'),
(80, 24, 'View', 'view_shipping_zone', '2022-03-14 15:33:14', '2022-03-14 15:33:14'),
(81, 24, 'Add', 'add_shipping_zone', '2022-03-14 15:33:14', '2022-03-14 15:33:14'),
(82, 24, 'Edit', 'edit_shipping_zone', '2022-03-14 15:33:14', '2022-03-14 15:33:14'),
(83, 24, 'Delete', 'delete_shipping_zone', '2022-03-14 15:33:14', '2022-03-14 15:33:14'),
(84, 25, 'Add', 'add_shipping_rate', '2022-03-14 15:33:14', '2022-03-14 15:33:14'),
(85, 25, 'Edit', 'edit_shipping_rate', '2022-03-14 15:33:14', '2022-03-14 15:33:14'),
(86, 25, 'Delete', 'delete_shipping_rate', '2022-03-14 15:33:14', '2022-03-14 15:33:14'),
(87, 27, 'View', 'view_system_config', '2022-03-14 15:33:14', '2022-03-14 15:33:14'),
(88, 27, 'Edit', 'edit_system_config', '2022-03-14 15:33:14', '2022-03-14 15:33:14'),
(89, 28, 'View', 'view_tax', '2022-03-14 15:33:14', '2022-03-14 15:33:14'),
(90, 28, 'Add', 'add_tax', '2022-03-14 15:33:14', '2022-03-14 15:33:14'),
(91, 28, 'Edit', 'edit_tax', '2022-03-14 15:33:14', '2022-03-14 15:33:14'),
(92, 28, 'Delete', 'delete_tax', '2022-03-14 15:33:14', '2022-03-14 15:33:14'),
(93, 29, 'View', 'view_ticket', '2022-03-14 15:33:14', '2022-03-14 15:33:14'),
(94, 29, 'Update', 'update_ticket', '2022-03-14 15:33:14', '2022-03-14 15:33:14'),
(95, 29, 'Reply', 'reply_ticket', '2022-03-14 15:33:14', '2022-03-14 15:33:14'),
(96, 29, 'Assign', 'assign_ticket', '2022-03-14 15:33:14', '2022-03-14 15:33:14'),
(97, 30, 'View', 'view_vendor', '2022-03-14 15:33:14', '2022-03-14 15:33:14'),
(98, 30, 'Add', 'add_vendor', '2022-03-14 15:33:14', '2022-03-14 15:33:14'),
(99, 30, 'Edit', 'edit_vendor', '2022-03-14 15:33:14', '2022-03-14 15:33:14'),
(100, 30, 'Delete', 'delete_vendor', '2022-03-14 15:33:14', '2022-03-14 15:33:14'),
(101, 30, 'Login', 'login_vendor', '2022-03-14 15:33:14', '2022-03-14 15:33:14'),
(102, 31, 'View', 'view_warehouse', '2022-03-14 15:33:14', '2022-03-14 15:33:14'),
(103, 31, 'Add', 'add_warehouse', '2022-03-14 15:33:14', '2022-03-14 15:33:14'),
(104, 31, 'Edit', 'edit_warehouse', '2022-03-14 15:33:14', '2022-03-14 15:33:14'),
(105, 31, 'Delete', 'delete_warehouse', '2022-03-14 15:33:14', '2022-03-14 15:33:14'),
(106, 32, 'View', 'view_user', '2022-03-14 15:33:14', '2022-03-14 15:33:14'),
(107, 32, 'Add', 'add_user', '2022-03-14 15:33:14', '2022-03-14 15:33:14'),
(108, 32, 'Edit', 'edit_user', '2022-03-14 15:33:14', '2022-03-14 15:33:14'),
(109, 32, 'Delete', 'delete_user', '2022-03-14 15:33:14', '2022-03-14 15:33:14'),
(110, 32, 'Login', 'login_user', '2022-03-14 15:33:14', '2022-03-14 15:33:14'),
(111, 33, 'View', 'view_utility', '2022-03-14 15:33:14', '2022-03-14 15:33:14'),
(112, 33, 'Add', 'add_utility', '2022-03-14 15:33:14', '2022-03-14 15:33:14'),
(113, 33, 'Edit', 'edit_utility', '2022-03-14 15:33:14', '2022-03-14 15:33:14'),
(114, 33, 'Delete', 'delete_utility', '2022-03-14 15:33:14', '2022-03-14 15:33:14');

-- --------------------------------------------------------

--
-- Structură tabel pentru tabel `permission_role`
--

CREATE TABLE `permission_role` (
  `permission_id` int UNSIGNED NOT NULL,
  `role_id` int UNSIGNED NOT NULL,
  `created_at` timestamp NULL DEFAULT NULL,
  `updated_at` timestamp NULL DEFAULT NULL
) ENGINE=InnoDB DEFAULT CHARSET=utf8mb3 COLLATE=utf8_unicode_ci;

--
-- Eliminarea datelor din tabel `permission_role`
--

INSERT INTO `permission_role` (`permission_id`, `role_id`, `created_at`, `updated_at`) VALUES
(1, 2, '2022-03-14 15:33:14', '2022-03-14 15:33:14'),
(2, 2, '2022-03-14 15:33:14', '2022-03-14 15:33:14'),
(2, 3, '2022-03-14 15:33:14', '2022-03-14 15:33:14'),
(3, 2, '2022-03-14 15:33:14', '2022-03-14 15:33:14'),
(3, 3, '2022-03-14 15:33:14', '2022-03-14 15:33:14'),
(4, 2, '2022-03-14 15:33:14', '2022-03-14 15:33:14'),
(4, 3, '2022-03-14 15:33:14', '2022-03-14 15:33:14'),
(5, 2, '2022-03-14 15:33:14', '2022-03-14 15:33:14'),
(5, 3, '2022-03-14 15:33:14', '2022-03-14 15:33:14'),
(6, 3, '2022-03-14 15:33:14', '2022-03-14 15:33:14'),
(7, 3, '2022-03-14 15:33:14', '2022-03-14 15:33:14'),
(8, 3, '2022-03-14 15:33:14', '2022-03-14 15:33:14'),
(9, 3, '2022-03-14 15:33:14', '2022-03-14 15:33:14'),
(10, 2, '2022-03-14 15:33:14', '2022-03-14 15:33:14'),
(11, 2, '2022-03-14 15:33:14', '2022-03-14 15:33:14'),
(12, 2, '2022-03-14 15:33:14', '2022-03-14 15:33:14'),
(13, 2, '2022-03-14 15:33:14', '2022-03-14 15:33:14'),
(14, 2, '2022-03-14 15:33:14', '2022-03-14 15:33:14'),
(15, 2, '2022-03-14 15:33:14', '2022-03-14 15:33:14'),
(16, 2, '2022-03-14 15:33:14', '2022-03-14 15:33:14'),
(17, 2, '2022-03-14 15:33:14', '2022-03-14 15:33:14'),
(18, 2, '2022-03-14 15:33:14', '2022-03-14 15:33:14'),
(19, 2, '2022-03-14 15:33:14', '2022-03-14 15:33:14'),
(20, 2, '2022-03-14 15:33:14', '2022-03-14 15:33:14'),
(21, 2, '2022-03-14 15:33:14', '2022-03-14 15:33:14'),
(22, 3, '2022-03-14 15:33:14', '2022-03-14 15:33:14'),
(23, 3, '2022-03-14 15:33:14', '2022-03-14 15:33:14'),
(24, 3, '2022-03-14 15:33:14', '2022-03-14 15:33:14'),
(25, 3, '2022-03-14 15:33:14', '2022-03-14 15:33:14'),
(26, 3, '2022-03-14 15:33:14', '2022-03-14 15:33:14'),
(27, 3, '2022-03-14 15:33:14', '2022-03-14 15:33:14'),
(28, 3, '2022-03-14 15:33:14', '2022-03-14 15:33:14'),
(29, 3, '2022-03-14 15:33:14', '2022-03-14 15:33:14'),
(30, 3, '2022-03-14 15:33:14', '2022-03-14 15:33:14'),
(31, 2, '2022-03-14 15:33:14', '2022-03-14 15:33:14'),
(31, 3, '2022-03-14 15:33:14', '2022-03-14 15:33:14'),
(32, 2, '2022-03-14 15:33:14', '2022-03-14 15:33:14'),
(32, 3, '2022-03-14 15:33:14', '2022-03-14 15:33:14'),
(33, 2, '2022-03-14 15:33:14', '2022-03-14 15:33:14'),
(33, 3, '2022-03-14 15:33:14', '2022-03-14 15:33:14'),
(34, 2, '2022-03-14 15:33:14', '2022-03-14 15:33:14'),
(34, 3, '2022-03-14 15:33:14', '2022-03-14 15:33:14'),
(35, 2, '2022-03-14 15:33:14', '2022-03-14 15:33:14'),
(36, 2, '2022-03-14 15:33:14', '2022-03-14 15:33:14'),
(37, 2, '2022-03-14 15:33:14', '2022-03-14 15:33:14'),
(38, 2, '2022-03-14 15:33:14', '2022-03-14 15:33:14'),
(39, 2, '2022-03-14 15:33:14', '2022-03-14 15:33:14'),
(39, 3, '2022-03-14 15:33:14', '2022-03-14 15:33:14'),
(40, 2, '2022-03-14 15:33:14', '2022-03-14 15:33:14'),
(40, 3, '2022-03-14 15:33:14', '2022-03-14 15:33:14'),
(41, 3, '2022-03-14 15:33:14', '2022-03-14 15:33:14'),
(42, 3, '2022-03-14 15:33:14', '2022-03-14 15:33:14'),
(43, 3, '2022-03-14 15:33:14', '2022-03-14 15:33:14'),
(44, 3, '2022-03-14 15:33:14', '2022-03-14 15:33:14'),
(45, 2, '2022-03-14 15:33:14', '2022-03-14 15:33:14'),
(45, 3, '2022-03-14 15:33:14', '2022-03-14 15:33:14'),
(46, 2, '2022-03-14 15:33:14', '2022-03-14 15:33:14'),
(46, 3, '2022-03-14 15:33:14', '2022-03-14 15:33:14'),
(47, 2, '2022-03-14 15:33:14', '2022-03-14 15:33:14'),
(47, 3, '2022-03-14 15:33:14', '2022-03-14 15:33:14'),
(48, 2, '2022-03-14 15:33:14', '2022-03-14 15:33:14'),
(48, 3, '2022-03-14 15:33:14', '2022-03-14 15:33:14'),
(49, 2, '2022-03-14 15:33:14', '2022-03-14 15:33:14'),
(49, 3, '2022-03-14 15:33:14', '2022-03-14 15:33:14'),
(50, 2, '2022-03-14 15:33:14', '2022-03-14 15:33:14'),
(50, 3, '2022-03-14 15:33:14', '2022-03-14 15:33:14'),
(51, 2, '2022-03-14 15:33:14', '2022-03-14 15:33:14'),
(51, 3, '2022-03-14 15:33:14', '2022-03-14 15:33:14'),
(52, 2, '2022-03-14 15:33:14', '2022-03-14 15:33:14'),
(52, 3, '2022-03-14 15:33:14', '2022-03-14 15:33:14'),
(53, 2, '2022-03-14 15:33:14', '2022-03-14 15:33:14'),
(53, 3, '2022-03-14 15:33:14', '2022-03-14 15:33:14'),
(54, 2, '2022-03-14 15:33:14', '2022-03-14 15:33:14'),
(54, 3, '2022-03-14 15:33:14', '2022-03-14 15:33:14'),
(55, 2, '2022-03-14 15:33:14', '2022-03-14 15:33:14'),
(55, 3, '2022-03-14 15:33:14', '2022-03-14 15:33:14'),
(56, 2, '2022-03-14 15:33:14', '2022-03-14 15:33:14'),
(56, 3, '2022-03-14 15:33:14', '2022-03-14 15:33:14'),
(57, 2, '2022-03-14 15:33:14', '2022-03-14 15:33:14'),
(57, 3, '2022-03-14 15:33:14', '2022-03-14 15:33:14'),
(58, 2, '2022-03-14 15:33:14', '2022-03-14 15:33:14'),
(58, 3, '2022-03-14 15:33:14', '2022-03-14 15:33:14'),
(59, 2, '2022-03-14 15:33:14', '2022-03-14 15:33:14'),
(59, 3, '2022-03-14 15:33:14', '2022-03-14 15:33:14'),
(60, 3, '2022-03-14 15:33:14', '2022-03-14 15:33:14'),
(61, 3, '2022-03-14 15:33:14', '2022-03-14 15:33:14'),
(62, 3, '2022-03-14 15:33:14', '2022-03-14 15:33:14'),
(63, 3, '2022-03-14 15:33:14', '2022-03-14 15:33:14'),
(64, 2, '2022-03-14 15:33:14', '2022-03-14 15:33:14'),
(64, 3, '2022-03-14 15:33:14', '2022-03-14 15:33:14'),
(65, 2, '2022-03-14 15:33:14', '2022-03-14 15:33:14'),
(65, 3, '2022-03-14 15:33:14', '2022-03-14 15:33:14'),
(66, 2, '2022-03-14 15:33:14', '2022-03-14 15:33:14'),
(66, 3, '2022-03-14 15:33:14', '2022-03-14 15:33:14'),
(67, 2, '2022-03-14 15:33:14', '2022-03-14 15:33:14'),
(67, 3, '2022-03-14 15:33:14', '2022-03-14 15:33:14'),
(68, 2, '2022-03-14 15:33:14', '2022-03-14 15:33:14'),
(68, 3, '2022-03-14 15:33:14', '2022-03-14 15:33:14'),
(69, 2, '2022-03-14 15:33:14', '2022-03-14 15:33:14'),
(69, 3, '2022-03-14 15:33:14', '2022-03-14 15:33:14'),
(70, 2, '2022-03-14 15:33:14', '2022-03-14 15:33:14'),
(70, 3, '2022-03-14 15:33:14', '2022-03-14 15:33:14'),
(71, 2, '2022-03-14 15:33:14', '2022-03-14 15:33:14'),
(71, 3, '2022-03-14 15:33:14', '2022-03-14 15:33:14'),
(72, 2, '2022-03-14 15:33:14', '2022-03-14 15:33:14'),
(72, 3, '2022-03-14 15:33:14', '2022-03-14 15:33:14'),
(73, 2, '2022-03-14 15:33:14', '2022-03-14 15:33:14'),
(73, 3, '2022-03-14 15:33:14', '2022-03-14 15:33:14'),
(74, 2, '2022-03-14 15:33:14', '2022-03-14 15:33:14'),
(74, 3, '2022-03-14 15:33:14', '2022-03-14 15:33:14'),
(75, 2, '2022-03-14 15:33:14', '2022-03-14 15:33:14'),
(75, 3, '2022-03-14 15:33:14', '2022-03-14 15:33:14'),
(76, 3, '2022-03-14 15:33:14', '2022-03-14 15:33:14'),
(77, 3, '2022-03-14 15:33:14', '2022-03-14 15:33:14'),
(78, 3, '2022-03-14 15:33:14', '2022-03-14 15:33:14'),
(79, 3, '2022-03-14 15:33:14', '2022-03-14 15:33:14'),
(80, 3, '2022-03-14 15:33:14', '2022-03-14 15:33:14'),
(81, 3, '2022-03-14 15:33:14', '2022-03-14 15:33:14'),
(82, 3, '2022-03-14 15:33:14', '2022-03-14 15:33:14'),
(83, 3, '2022-03-14 15:33:14', '2022-03-14 15:33:14'),
(84, 3, '2022-03-14 15:33:14', '2022-03-14 15:33:14'),
(85, 3, '2022-03-14 15:33:14', '2022-03-14 15:33:14'),
(86, 3, '2022-03-14 15:33:14', '2022-03-14 15:33:14'),
(87, 2, '2022-03-14 15:33:14', '2022-03-14 15:33:14'),
(88, 2, '2022-03-14 15:33:14', '2022-03-14 15:33:14'),
(89, 3, '2022-03-14 15:33:14', '2022-03-14 15:33:14'),
(90, 3, '2022-03-14 15:33:14', '2022-03-14 15:33:14'),
(91, 3, '2022-03-14 15:33:14', '2022-03-14 15:33:14'),
(92, 3, '2022-03-14 15:33:14', '2022-03-14 15:33:14'),
(93, 2, '2022-03-14 15:33:14', '2022-03-14 15:33:14'),
(94, 2, '2022-03-14 15:33:14', '2022-03-14 15:33:14'),
(95, 2, '2022-03-14 15:33:14', '2022-03-14 15:33:14'),
(96, 2, '2022-03-14 15:33:14', '2022-03-14 15:33:14'),
(97, 2, '2022-03-14 15:33:14', '2022-03-14 15:33:14'),
(98, 2, '2022-03-14 15:33:14', '2022-03-14 15:33:14'),
(99, 2, '2022-03-14 15:33:14', '2022-03-14 15:33:14'),
(100, 2, '2022-03-14 15:33:14', '2022-03-14 15:33:14'),
(101, 2, '2022-03-14 15:33:14', '2022-03-14 15:33:14'),
(102, 3, '2022-03-14 15:33:14', '2022-03-14 15:33:14'),
(103, 3, '2022-03-14 15:33:14', '2022-03-14 15:33:14'),
(104, 3, '2022-03-14 15:33:14', '2022-03-14 15:33:14'),
(105, 3, '2022-03-14 15:33:14', '2022-03-14 15:33:14'),
(106, 2, '2022-03-14 15:33:14', '2022-03-14 15:33:14'),
(106, 3, '2022-03-14 15:33:14', '2022-03-14 15:33:14'),
(107, 2, '2022-03-14 15:33:14', '2022-03-14 15:33:14'),
(107, 3, '2022-03-14 15:33:14', '2022-03-14 15:33:14'),
(108, 2, '2022-03-14 15:33:14', '2022-03-14 15:33:14'),
(108, 3, '2022-03-14 15:33:14', '2022-03-14 15:33:14'),
(109, 2, '2022-03-14 15:33:14', '2022-03-14 15:33:14'),
(109, 3, '2022-03-14 15:33:14', '2022-03-14 15:33:14'),
(110, 2, '2022-03-14 15:33:14', '2022-03-14 15:33:14'),
(110, 3, '2022-03-14 15:33:14', '2022-03-14 15:33:14'),
(111, 2, '2022-03-14 15:33:14', '2022-03-14 15:33:14'),
(112, 2, '2022-03-14 15:33:14', '2022-03-14 15:33:14'),
(113, 2, '2022-03-14 15:33:14', '2022-03-14 15:33:14'),
(114, 2, '2022-03-14 15:33:14', '2022-03-14 15:33:14');

-- --------------------------------------------------------

--
-- Structură tabel pentru tabel `products`
--

CREATE TABLE `products` (
  `id` bigint UNSIGNED NOT NULL,
  `shop_id` int UNSIGNED DEFAULT NULL,
  `manufacturer_id` int UNSIGNED DEFAULT NULL,
  `brand` varchar(255) COLLATE utf8_unicode_ci DEFAULT NULL,
  `name` varchar(255) COLLATE utf8_unicode_ci NOT NULL,
  `model_number` varchar(255) COLLATE utf8_unicode_ci DEFAULT NULL,
  `mpn` varchar(255) COLLATE utf8_unicode_ci DEFAULT NULL,
  `gtin` varchar(255) COLLATE utf8_unicode_ci DEFAULT NULL,
  `gtin_type` varchar(255) COLLATE utf8_unicode_ci DEFAULT NULL,
  `description` longtext COLLATE utf8_unicode_ci,
  `min_price` decimal(20,6) DEFAULT '0.000000',
  `max_price` decimal(20,6) DEFAULT NULL,
  `origin_country` int UNSIGNED DEFAULT NULL,
  `has_variant` tinyint(1) DEFAULT NULL,
  `requires_shipping` tinyint(1) DEFAULT '1',
  `downloadable` tinyint(1) DEFAULT NULL,
  `slug` varchar(255) COLLATE utf8_unicode_ci NOT NULL,
  `sale_count` bigint DEFAULT NULL,
  `active` tinyint(1) NOT NULL DEFAULT '1',
  `deleted_at` timestamp NULL DEFAULT NULL,
  `created_at` timestamp NULL DEFAULT NULL,
  `updated_at` timestamp NULL DEFAULT NULL
) ENGINE=InnoDB DEFAULT CHARSET=utf8mb3 COLLATE=utf8_unicode_ci;

--
-- Eliminarea datelor din tabel `products`
--

INSERT INTO `products` (`id`, `shop_id`, `manufacturer_id`, `brand`, `name`, `model_number`, `mpn`, `gtin`, `gtin_type`, `description`, `min_price`, `max_price`, `origin_country`, `has_variant`, `requires_shipping`, `downloadable`, `slug`, `sale_count`, `active`, `deleted_at`, `created_at`, `updated_at`) VALUES
(1, 1, 14, 'necessitatibus', 'Tempore aut odio expedita natus.', 'amet oo383', '39196022', '2106979024851', 'UPC', 'Nisi et repellendus adipisci assumenda dolor et. Omnis corrupti in culpa amet maxime. Sequi sed ea commodi delectus et ea consequatur hic. Dolorum officiis eligendi ratione corrupti animi aut. Quibusdam qui error id rerum adipisci occaecati aut. Dolores consequatur odio ad rerum debitis. Eum consectetur fugiat vel molestias fugit corporis. Excepturi accusantium magnam dolorum provident et ab repellendus. Consequatur qui autem et a debitis animi. Quae cumque aperiam alias laudantium et.<p><br/><iframe frameborder=\"0\" src=\"//www.youtube.com/embed/TGbUpEJ1z-k\" class=\"note-video-clip\" style=\"width: 100%; height: 475px; float: none;\"></iframe></p><br/>Cum perferendis dolorem id aliquid nostrum. Perspiciatis officiis est porro minima et voluptatum voluptatum. Nisi et veniam asperiores officia quia necessitatibus rem aut. Quia quasi dolores tempore dolore sint rerum sint quia. Culpa illum voluptatem quo hic temporibus. Rem rerum voluptatum velit hic voluptatem. Ut animi eum necessitatibus.<img src=\"http://placeimg.com/640/360/any\" style=\"width: 50%; float: right; margin: 20px 0 20px 20px;\">Sint sit nemo dolor sed qui necessitatibus eos. Debitis aut quod non accusantium aspernatur. Et corporis fugit aut temporibus architecto voluptatem dolore sit. Aut voluptatum officiis corporis sapiente nam. At qui voluptas et atque aut porro in dolores. Nihil quia voluptatem quo placeat dolores nihil. Iste esse consequatur aut vel dicta aut cumque inventore. Placeat deleniti incidunt molestias omnis magnam molestias. Qui veritatis perferendis soluta ad quia. Qui voluptatem veniam voluptatibus aut quia ut dolor. Nam odio et rerum libero enim dolores similique. Dolores doloremque illum et soluta ullam delectus nostrum totam. Aut eius non sed quisquam. Perferendis officiis eos ipsam dolorum eum. Ipsa facilis facilis rerum esse. Dolores ipsam debitis voluptas voluptate eius fuga itaque voluptatem. Cupiditate hic eius illum occaecati deleniti voluptas nemo. Et laboriosam officia beatae fugiat perferendis inventore voluptate. Ut optio harum est cumque eius. Occaecati delectus omnis saepe nobis. Aut mollitia voluptatem excepturi iste id corrupti magnam. Recusandae hic maiores esse eaque. Corporis ea eos in inventore est molestias voluptas maiores.<p><br/><img src=\"https://picsum.photos/640/360.webp\" style=\"width: 100%; float: none;\"></p><br/>Doloribus quibusdam ipsum labore autem sunt. Consequatur voluptatem doloribus sunt dolore modi voluptas. Quam ex voluptas qui quia et sit. Omnis sint saepe velit nemo culpa. Necessitatibus at iste consequatur quo omnis laboriosam facilis. Tempora sit ratione assumenda quisquam nam sit. Hic corrupti expedita excepturi non rerum. Ea blanditiis corporis totam rerum. Debitis modi et maiores culpa. Id inventore dolore non consequatur itaque est sint. Minima possimus harum dolorum provident. Doloribus optio eum tempore ipsa unde voluptatem dolor. Amet quis placeat est rerum cum.', '0.000000', NULL, 504, 0, 1, NULL, 'abc-xyz-product-123', 0, 1, NULL, '2022-03-06 15:33:25', '2022-02-27 15:33:25'),
(2, 4, 14, 'beatae', 'Est sed et facere occaecati laudantium voluptate vel.', 'eaque ro314', '2876', '3062014485096', 'ITF', 'Error tenetur impedit aut debitis aperiam qui similique. Laudantium consequatur ab sed. Laboriosam aut facere voluptatem fuga quasi. Rem rerum nostrum minus adipisci quaerat perspiciatis sapiente deserunt. At dolores velit suscipit quia. Consequatur vel perspiciatis et pariatur et. Dolores quod in est cumque quae inventore. Mollitia dolorem esse velit libero quam maiores sit. Iste omnis omnis nihil ut itaque. Aliquam impedit sapiente nobis cupiditate.<p><br/><iframe frameborder=\"0\" src=\"//www.youtube.com/embed/SKbHHcdLGKw\" class=\"note-video-clip\" style=\"width: 100%; height: 475px; float: none;\"></iframe></p><br/>Sed et fugit ut ullam. Molestias quo ut nihil blanditiis sapiente dolorum quas. Vitae cum dolor incidunt quam iusto dolorem fugit magnam. Sit aliquam quis laboriosam distinctio. Fugit ullam itaque vitae recusandae voluptates. Iste similique est est explicabo. Consequatur et rem ut deleniti id.<img src=\"https://loremflickr.com/640/360\" style=\"width: 50%; float: right; margin: 20px 0 20px 20px;\">Exercitationem vero beatae et vitae rerum est commodi. Ratione tempore neque id officia debitis soluta et. Vel dolorum soluta autem enim consequatur. A fugit voluptas aspernatur officia inventore. Quibusdam at magni velit ducimus natus. Assumenda nobis et voluptatibus pariatur. Porro quo maiores ea et sapiente. Ad voluptatum nobis impedit maxime voluptatibus labore. Fugiat et adipisci facere quia. Sunt harum dolorem fugiat placeat. Rem quo maiores quae eum dolor iure amet sint. Numquam corporis sequi recusandae. Ut tempore ad qui. Vitae nemo voluptatibus cum praesentium eligendi porro repellat deleniti. Non rerum dignissimos inventore modi consequuntur. Cupiditate quia porro blanditiis modi. Voluptas nihil consequatur enim repellat. Aut eos saepe corrupti. Et magni facilis ad et sunt et aliquam. Doloribus harum ut fuga molestiae delectus non ea. Possimus maiores quis et ducimus sed pariatur. Voluptas similique veniam ab et ullam ut aliquam officiis. Eveniet ea dignissimos eaque incidunt sed. Dolor dicta est cupiditate aut. Rerum libero ut quidem ut perspiciatis et odit. Rerum voluptatem in et dolor.<p><br/><img src=\"https://loremflickr.com/640/360\" style=\"width: 100%; float: none;\"></p><br/>Eveniet omnis sequi provident dolor ipsum. Tempore sequi sed quo quidem saepe dignissimos. Qui enim ratione ex esse suscipit. Sit distinctio eaque dolorum amet facere. Est esse autem consequuntur consequatur vero blanditiis. Corporis voluptatem laudantium quia iure aut impedit doloremque aliquam. Fugiat fugiat tempora voluptatibus aut et repudiandae. Quisquam cum tempore occaecati voluptatem laudantium. Sunt corrupti neque in est eum expedita. Sed accusantium molestiae rerum officiis aspernatur. Maiores et et mollitia fugiat aut.', '0.000000', NULL, 702, 0, 1, NULL, 'rerum-sunt-accusantium-temporibus-accusamus-explicabo-dignissimos-voluptatem', 0, 1, NULL, '2022-02-28 15:33:25', '2022-03-10 15:33:25'),
(3, NULL, 14, 'incidunt', 'Assumenda nisi assumenda et nesciunt.', 'earum uc834', '52875', '6666818255229', 'ISBN', 'Harum ea est unde reprehenderit sed. Eaque eius rerum qui consequatur. Reprehenderit libero et a qui omnis quaerat. Dicta eaque sed aut eveniet in qui. Odio ipsa quis cupiditate libero placeat totam. Earum sed sed et fugiat distinctio blanditiis illo. Omnis sint nemo optio id sint dolores. Quis nihil cumque et voluptates tempore illum autem ratione. Vel eaque itaque asperiores animi repellendus blanditiis. Laudantium earum dolorem aut adipisci magni. Minus ducimus quia quia. Vel soluta quia aut veniam porro excepturi et.<p><br/><iframe frameborder=\"0\" src=\"//www.youtube.com/embed/7abGwVjXSY4\" class=\"note-video-clip\" style=\"width: 100%; height: 475px; float: none;\"></iframe></p><br/>Ipsa quis facilis fugiat tenetur qui. Et nemo odit sint numquam corporis. Provident vel repudiandae nihil ut. Minus aperiam illo dolores et veritatis iusto. Et consequatur voluptatem fugit aliquid possimus non. Libero ut sed non tempore nemo nam. Rerum enim officiis dolore. Aut est quis ab quia omnis reiciendis. Quos reiciendis nihil quaerat impedit excepturi.<img src=\"http://placeimg.com/640/360/any\" style=\"width: 50%; float: right; margin: 20px 0 20px 20px;\">Voluptates doloribus aspernatur id in mollitia nihil fuga. Ut fugiat corrupti et. Animi aperiam ut totam labore. Velit eius in aut exercitationem voluptates recusandae eligendi. Praesentium dignissimos et odio amet in recusandae dolor. Voluptatem consequatur quo itaque amet quisquam numquam omnis. Quidem nesciunt aliquid molestiae et harum. Illo voluptas id sapiente voluptate minus. Expedita ipsam rerum aliquid. Velit eaque voluptatum ut eaque accusantium. Vel sit corrupti amet dolores totam similique ut laborum. Ex qui repellendus quibusdam facere sed. Quod eum exercitationem et esse sapiente in. Non autem quo consequatur expedita ut vel unde. Impedit amet facilis non veniam deleniti ex dolores. Molestias repellendus illum esse beatae. Ut maxime molestiae blanditiis similique cumque eius. Et consequatur itaque unde aspernatur reiciendis et harum. Dolores repellat quam soluta quis. Dolores vero omnis vero rerum corporis. Earum nulla odit sequi non voluptatem officiis recusandae. Dolores ut dolores quia. Eligendi quod dolore quas omnis totam voluptates qui. Et et maiores tempore eaque voluptas aspernatur. Non asperiores impedit officiis atque.<p><br/><img src=\"https://picsum.photos/640/360.webp\" style=\"width: 100%; float: none;\"></p><br/>Maxime natus veniam cum sit consectetur error temporibus. Facere itaque odio ex dolorem. Nam architecto excepturi saepe et aut ullam praesentium. Sed sit ea pariatur alias qui iste provident. Et ad cum saepe magni illum non sed. Voluptatem id voluptatum repellendus eligendi fugit voluptate nam. Labore perferendis sapiente saepe quos. Sint aut et ab esse. Ad cupiditate nihil excepturi vel est et fugiat. Ut explicabo vero itaque aut provident dolores. Minus eos vel vel sed maxime est quasi. Aut est itaque voluptas ipsa dolorem sequi.', '0.000000', NULL, 858, 0, 1, NULL, 'ut-ut-unde-quos-eos-in-iste-eligendi-eos', 9, 1, NULL, '2022-03-03 15:33:25', '2022-03-06 15:33:25'),
(4, 5, 14, 'et', 'Occaecati praesentium et quisquam animi expedita praesentium ab.', 'nobis vd759', '3', '7371507602916', 'ITF', 'Totam velit odit repellat quo voluptates expedita. Et laborum totam sunt nemo qui. Ut ea sunt magni eum. Quam numquam et vero magnam quia distinctio. Laboriosam consequatur iusto odio voluptatem. Quos sapiente totam harum eos laboriosam distinctio officia voluptatem. Sint veritatis praesentium facilis expedita numquam qui id sit. Sunt tempore sed velit doloribus sed magnam tempora.<p><br/><iframe frameborder=\"0\" src=\"//www.youtube.com/embed/7abGwVjXSY4\" class=\"note-video-clip\" style=\"width: 100%; height: 475px; float: none;\"></iframe></p><br/>Rem labore quia et corrupti porro. Qui animi voluptatem doloribus ea velit et. Sint exercitationem harum cumque et quibusdam asperiores. Deleniti et harum fuga aperiam accusantium iure fugiat asperiores. Doloribus in accusantium nulla neque. Quam qui labore eaque in consequuntur error qui ut. Rerum consequatur sed rerum recusandae tenetur minima.<img src=\"https://loremflickr.com/640/360\" style=\"width: 50%; float: right; margin: 20px 0 20px 20px;\">Nesciunt cumque libero est aut quisquam et et enim. Quo ut aperiam eligendi incidunt. Magnam minus ex aut doloribus ipsam molestiae. Repellat sit non explicabo molestias veritatis est iure. Quo magnam sunt ipsum suscipit ut. Et dolore aspernatur doloremque nihil. Quis voluptatem quae magnam quae aut doloribus. Blanditiis error qui a qui debitis et. Accusantium sed ex doloremque accusamus aliquid laborum itaque. Voluptatem est qui natus commodi beatae voluptas. Earum odit animi sit unde officia quo est. Et dignissimos voluptas id et quia ab cum voluptas. Magni minus ea ipsam et dolores dolores. Odio necessitatibus velit impedit dolorum nulla. Sunt et necessitatibus corporis quo similique asperiores nesciunt. Porro rerum cum libero numquam et impedit harum. Et laudantium eos inventore iusto at iure sequi. Delectus nemo maiores facilis explicabo autem. Vel sed eum fuga iste voluptas dolor. Reprehenderit beatae ut illo et architecto. Voluptas officiis veritatis non. Facere amet laudantium impedit ab inventore numquam. Dolorem inventore id sunt perspiciatis quia adipisci atque.<p><br/><img src=\"https://loremflickr.com/640/360\" style=\"width: 100%; float: none;\"></p><br/>Sint consequuntur at aspernatur ipsa quis quis. Quis ipsum laboriosam inventore et. Repellat aspernatur repellendus ea vitae distinctio ea. Quia sint est qui vero voluptas. Eaque vel tenetur dolor consectetur qui temporibus. Id sint dolores libero impedit eveniet voluptatem iusto. Quia aut dolorem et doloribus est unde autem. Neque et excepturi ab iure a odio. Cum cupiditate illum et earum nemo ad. Numquam veniam distinctio aspernatur corporis minus vero.', '0.000000', NULL, 744, 1, 1, NULL, 'molestiae-repudiandae-saepe-saepe-in-ut', 9, 1, NULL, '2022-03-08 15:33:25', '2022-03-09 15:33:25'),
(5, 3, 14, 'nobis', 'Quia laudantium ad qui omnis quis.', 'quos fj656', '18', '8156903679026', 'JAN', 'Commodi qui asperiores temporibus aut. Dolor nisi voluptas eos repudiandae placeat. Et voluptatem consectetur ratione. Deleniti aut aut suscipit veritatis rerum quos libero. Quia ut et et a. Et id quod sint tenetur officia dolorem autem. Iure iste necessitatibus nostrum voluptatem. Omnis dolor id voluptas iste suscipit quis sequi. Consequatur voluptatem non quis id sit. Explicabo nemo occaecati vero commodi magnam quo.<p><br/><iframe frameborder=\"0\" src=\"//www.youtube.com/embed/SKbHHcdLGKw\" class=\"note-video-clip\" style=\"width: 100%; height: 475px; float: none;\"></iframe></p><br/>Quis et rerum dolores. Nihil accusamus vero sit quia. Vel quibusdam sapiente ipsa qui facilis beatae. Autem ut fugiat est eius quis. Animi voluptatem quibusdam ipsam libero. Ut ut non numquam repellat at ducimus. Fuga neque provident doloremque voluptas quos quas ex.<img src=\"https://loremflickr.com/640/360\" style=\"width: 50%; float: right; margin: 20px 0 20px 20px;\">Voluptas earum aut minima occaecati alias animi. Enim eaque ullam nisi minima. Optio deserunt qui voluptatem maiores maxime. Sunt assumenda quia est. Quo atque suscipit dolorem quidem soluta distinctio non. Doloribus magni dolor est hic. Cupiditate consequatur reprehenderit sed omnis. Ex qui nostrum dolor porro et autem et. Repellendus aspernatur consequuntur omnis beatae dicta. Qui illum nihil beatae mollitia. Ipsa velit quam sed officiis est. Tenetur dolore ducimus maiores laborum. Aut soluta sit illum nostrum dolor corrupti. Est quia asperiores quod consequatur necessitatibus. Et omnis maxime magnam. Maiores velit debitis qui molestiae tempore architecto. Illo ut provident et laborum voluptate vel quia. Vitae quia est quidem aspernatur mollitia est ipsa consectetur. Odit quos at qui nihil expedita ullam fugiat. Aut ea necessitatibus sed repellat veniam veniam earum. Laborum commodi sequi molestias laudantium. Rerum corrupti deleniti ea qui dolorem qui provident officia. Eaque autem ut tempore rerum architecto quis quidem.<p><br/><img src=\"http://placeimg.com/640/360/any\" style=\"width: 100%; float: none;\"></p><br/>Qui fugit molestiae libero expedita perferendis necessitatibus. Odio alias fuga ut. Corporis non porro sint quod sit eum at. Ut excepturi numquam est quis fugiat voluptate reprehenderit. Natus aut sint non repellendus. Laboriosam excepturi ea id libero dolorem ipsa. Cum id alias doloremque inventore. Deleniti enim voluptatem vitae quos. Autem temporibus ut delectus enim nihil tempore quo. Animi molestias impedit similique et. Et quo odio ullam pariatur odio sequi. Corporis voluptas unde itaque molestiae.', '0.000000', NULL, 826, 1, 1, NULL, 'cupiditate-maxime-ea-fugiat-sequi-ea-unde', 2, 1, NULL, '2022-03-04 15:33:25', '2022-03-07 15:33:25'),
(6, NULL, 4, 'voluptates', 'Excepturi mollitia excepturi esse et amet asperiores.', 'maxime mi700', '406067', '9681699186001', 'JAN', 'Sit quo consequatur sapiente magnam. Eum architecto doloribus ad nulla sapiente in. Et aut et sed aut enim asperiores libero. Doloremque ut sunt atque alias delectus dolorum voluptatibus. Omnis amet maxime officiis necessitatibus. Eos accusamus minima dolor at praesentium cumque consequatur. Eum in quia voluptatem fugit. Dolorum sed quasi distinctio officiis est ratione at. Eius optio nihil ad recusandae. Quae velit soluta voluptas qui aut placeat ea. Et deserunt magnam vel numquam harum illum.<p><br/><iframe frameborder=\"0\" src=\"//www.youtube.com/embed/TGbUpEJ1z-k\" class=\"note-video-clip\" style=\"width: 100%; height: 475px; float: none;\"></iframe></p><br/>Vitae tempore qui sunt quaerat facilis. Beatae iusto aperiam ut magnam. Ea est doloremque nesciunt laboriosam beatae. Consequatur consequatur optio cumque voluptas. Eius veritatis reprehenderit blanditiis qui itaque voluptatem asperiores. Dolore beatae animi recusandae et. Enim necessitatibus sit hic.<img src=\"https://loremflickr.com/640/360\" style=\"width: 50%; float: right; margin: 20px 0 20px 20px;\">Accusamus aut rem minima ipsa rerum maxime qui. Odit exercitationem beatae nam quia reiciendis animi. Voluptatem sunt dolores dolorem accusamus soluta dolorem harum. Minima ut error ipsa cum. Velit error incidunt aut corporis minima nihil quia. Enim praesentium vero repudiandae similique ut et accusamus. Ea et enim repudiandae officiis. Qui quia adipisci qui perspiciatis vitae. Natus pariatur sunt tempora quibusdam. Quisquam maxime dolorem autem possimus et voluptates. Consectetur molestias impedit occaecati sed. Natus officia eum asperiores dolorum voluptas qui. Est nihil soluta veritatis pariatur sed quo. Libero non consequatur enim maiores. Voluptatem et dolor qui eos quas. Est deleniti ut consequatur officiis quo sit rerum voluptas. Aliquid tempore id aut dignissimos sed harum. Ullam dicta recusandae qui deserunt ex. Quibusdam a sint distinctio ducimus. Consequuntur illo perspiciatis eos officia veniam et in qui. Quia ratione corrupti consequatur ullam est. Fugit harum ut et non unde fugiat eligendi. Enim aliquid mollitia autem. Qui eos ducimus ipsam qui doloribus quia. Aut quis voluptatem sit omnis. Quis consequatur dolor magnam molestias.<p><br/><img src=\"https://picsum.photos/640/360.webp\" style=\"width: 100%; float: none;\"></p><br/>Consectetur deserunt aut sunt eaque. Dignissimos vitae vel consequatur iure est. Sequi dolorem dolorem ut recusandae dicta tenetur et. Facilis sed velit et reiciendis enim ad accusantium. Laborum atque officia non eos error. Et quis omnis quod numquam nam est reiciendis. Inventore voluptas fugiat nulla sit impedit eos ut. Magnam consequuntur totam voluptas unde mollitia consequatur esse adipisci. Quo odio magni et voluptate aut dolor incidunt. Nostrum sed quia vel est veritatis et. Dolores nostrum tempora quo possimus ipsa. Veritatis sunt sed iusto et odio.', '0.000000', NULL, 776, 0, 1, NULL, 'voluptatem-asperiores-nisi-est-deserunt', 8, 1, NULL, '2022-03-01 15:33:25', '2022-03-03 15:33:25'),
(7, NULL, 4, 'quia', 'Voluptas non aut voluptatem eos rem.', 'nihil qh620', '1184687', '9810758751595', 'JAN', 'Minus enim consectetur ipsum ipsum. Maxime adipisci et sint beatae. Qui voluptatem consequuntur blanditiis delectus tempore. Corporis voluptatem reiciendis est autem ducimus fugiat. Ipsa suscipit dolorem similique atque eius. Eos sit maiores nam at eligendi. Quam ullam cum ut. Consequatur voluptatem sunt accusamus dolores cum sed. Atque reiciendis illum mollitia et nihil eligendi. Consequatur et nisi minus et ratione est exercitationem. Laudantium debitis asperiores et.<p><br/><iframe frameborder=\"0\" src=\"//www.youtube.com/embed/SKbHHcdLGKw\" class=\"note-video-clip\" style=\"width: 100%; height: 475px; float: none;\"></iframe></p><br/>Illum placeat voluptatem non corporis. Dolor officiis at adipisci rem optio voluptatibus. Soluta quia occaecati aspernatur voluptate quia consequatur ad qui. Nihil facere qui dolorem. Nemo omnis ut eaque in dolorum recusandae. Deserunt nulla rem est eveniet id impedit aut. Omnis id autem earum officia modi. Eum soluta facere provident necessitatibus omnis quo in. Quam illo vel omnis.<img src=\"http://placeimg.com/640/360/any\" style=\"width: 50%; float: right; margin: 20px 0 20px 20px;\">Aut perspiciatis molestias sequi asperiores iure recusandae animi. Deleniti omnis sit quae. Autem sit voluptate et. Quis voluptas molestiae est et incidunt a corporis. Quis dolorem dolor est vel voluptatum pariatur. Voluptatibus explicabo velit dolor. Ut quia perspiciatis harum adipisci expedita in deserunt rerum. Rerum accusantium incidunt in sit. Velit molestias et ut nisi ratione iste. Enim ipsum omnis voluptatum natus veniam sunt vel. Quos occaecati aut quibusdam corrupti. Maiores ut expedita quisquam nesciunt. Quaerat amet odit et adipisci. Ad dolor ut est voluptas repudiandae. Debitis omnis vero veritatis ut qui. Fugiat et cumque corporis sint. Asperiores consectetur nam distinctio quia. Minus et quo sunt earum ea. Enim pariatur nostrum veritatis corporis deleniti consequatur. Vero vel accusamus omnis quo. Nulla doloremque suscipit enim hic temporibus. Non harum necessitatibus est dolor. Adipisci fuga maiores autem facilis error voluptates unde. Earum eaque sequi voluptatem reprehenderit. Quia est est eius aperiam exercitationem aut. Est soluta ea dolor eos facilis enim. Non soluta id expedita iusto sint distinctio vitae. Fugit enim necessitatibus et aut quia quia eaque.<p><br/><img src=\"http://placeimg.com/640/360/any\" style=\"width: 100%; float: none;\"></p><br/>Qui rem recusandae qui non velit quos. Laudantium ut aut minima impedit ut repudiandae voluptatem. Saepe ipsum quo quis est. Molestiae quia ea et. Sed ea sapiente eligendi occaecati. Mollitia soluta sit a aspernatur et dolores sit. Cum voluptatem sequi corrupti tempore. Distinctio sit ut in iusto non nulla quasi repellendus. Aut eligendi non veritatis labore aliquid. Ab eligendi iste similique aliquid eveniet aut assumenda. Autem in similique voluptatem fugit consequatur quibusdam qui.', '0.000000', NULL, 410, 1, 1, NULL, 'quo-accusamus-impedit-illo-qui-eos-ullam', 1, 1, NULL, '2022-03-01 15:33:25', '2022-03-03 15:33:25'),
(8, 1, 4, 'perferendis', 'Perferendis natus aperiam in fugit laudantium.', 'laborum wc291', '3788386', '9909019747733', 'ISBN', 'Dolorem excepturi expedita ducimus ut dolor. Doloribus dolor repellendus similique aliquid debitis. Sed tempora est recusandae sit voluptatem delectus. Sed quam ea laborum non qui. Aliquid aut sit dolor perspiciatis ea laudantium. Porro quia distinctio temporibus et et reiciendis. Necessitatibus omnis eaque cum doloremque maiores qui. Odit possimus aut blanditiis iste officia illum.<p><br/><iframe frameborder=\"0\" src=\"//www.youtube.com/embed/SKbHHcdLGKw\" class=\"note-video-clip\" style=\"width: 100%; height: 475px; float: none;\"></iframe></p><br/>Illum odit voluptas aut est ut porro. Doloremque nam est consequatur ratione corporis molestiae optio. Qui voluptatem quaerat esse debitis magnam. Consequuntur quam quos nemo. Praesentium at sed aliquam est illo adipisci quis. Eligendi veritatis inventore quia tempore quidem. Debitis et ad atque molestiae impedit illo quidem. Tenetur in pariatur reiciendis eveniet vitae nulla.<img src=\"http://placeimg.com/640/360/any\" style=\"width: 50%; float: right; margin: 20px 0 20px 20px;\">Ea deserunt minima tempore. Ea sapiente porro et laudantium iusto eum neque. Impedit recusandae ducimus dignissimos. Quam est labore dolores saepe. Et culpa accusantium veritatis quo voluptatem et qui. Accusantium ea ex totam aliquid libero. Quis explicabo rerum architecto et natus delectus nulla. Et cumque et illo in. Enim asperiores eveniet optio provident animi. Est laboriosam quia error eos sequi itaque. Autem autem doloremque fugit et. Impedit corrupti a qui. Temporibus aspernatur veritatis laborum vel voluptatem. Quo ut nemo in exercitationem. Dolor quia quidem voluptas ut. At libero deleniti molestias. Adipisci quisquam sunt dicta amet corporis harum voluptatem. Dolores corrupti est iusto error quo saepe error. Suscipit beatae non ut deserunt consequatur non repudiandae quae. Quaerat facilis et quae omnis dignissimos consequuntur. Neque nisi beatae dolor qui in. Aut quam consectetur non quisquam est. Debitis inventore fugit minus quia. Veritatis ut voluptatem beatae ex dolore natus ea provident. Recusandae vel esse rerum omnis velit quisquam. Saepe id explicabo deserunt maiores dolores. Distinctio et est est aut nesciunt placeat ducimus. Est ab inventore inventore.<p><br/><img src=\"http://placeimg.com/640/360/any\" style=\"width: 100%; float: none;\"></p><br/>Minima optio cupiditate provident sed deserunt dolores qui. Saepe est nemo dolorem voluptas veniam sed harum. Fugiat mollitia in aspernatur. Libero alias qui sed sed. Cupiditate natus iusto necessitatibus deleniti itaque. Doloribus similique voluptatem ut quo sint. Qui recusandae ipsa voluptas sequi vitae modi perspiciatis vero. Dignissimos voluptate maiores illo. Modi sint quas ipsum iste id quia. Enim vel aut ut rem deleniti. Quidem et nihil laboriosam exercitationem. Quae repudiandae animi rem sed velit dolor dolores.', '0.000000', NULL, 804, 0, 1, NULL, 'ullam-non-quia-distinctio-provident-accusamus-libero', 1, 1, NULL, '2022-03-05 15:33:25', '2022-03-14 15:33:25'),
(9, 2, 4, 'tenetur', 'Et assumenda qui voluptatem ut.', 'autem xb133', '36', '9242474614852', 'JAN', 'Ex eligendi ullam minima illum vel. Quia quis ut et qui autem est aut pariatur. Voluptatibus eaque quidem error est illum et. Iure autem odit sit nisi repellat tempore tempore. Dolorem iste officia eius aut. Voluptatem et rerum commodi vero vero qui. Voluptatum consequatur et maiores doloribus in enim. Perspiciatis sint quas velit quod. Voluptatem adipisci natus commodi nulla. Et qui quibusdam et eos quos dolore. Enim eos blanditiis quasi sed. Ipsa est corrupti porro sint aspernatur.<p><br/><iframe frameborder=\"0\" src=\"//www.youtube.com/embed/n7EmdNsKIhk\" class=\"note-video-clip\" style=\"width: 100%; height: 475px; float: none;\"></iframe></p><br/>Voluptas unde quae aut. Omnis quidem dicta placeat distinctio cum. Quasi qui officiis dolores itaque. Temporibus aut veniam error voluptatum quia dignissimos. Ut consectetur vel reiciendis. Voluptatum nostrum sit repudiandae reiciendis.<img src=\"https://picsum.photos/640/360.webp\" style=\"width: 50%; float: right; margin: 20px 0 20px 20px;\">Tempora commodi eos odit rerum fugit odit. Libero eum est ex nihil rerum illo commodi consequatur. Ex nihil facilis et est consectetur a assumenda. Repellat molestiae quisquam rerum numquam nesciunt eum magni quibusdam. Quos dolor placeat quae laborum sit et fugiat. Et voluptas est repudiandae sit in id voluptas. Incidunt et earum illum sit aut quia aut pariatur. Sunt mollitia vero est placeat aut nemo placeat. Quaerat quae dolores optio sed. Est eum est et exercitationem. Odio dignissimos vero porro commodi velit vitae. Fuga quae consectetur culpa consequatur quaerat et voluptas. Excepturi commodi iusto nihil alias quaerat autem. Hic eius quibusdam laborum ullam fugit nesciunt in dolores. Veniam aut veritatis id sequi soluta asperiores est. Quia voluptas ex quas pariatur nobis est. Ducimus ut alias voluptates sint rerum. Dolorem incidunt architecto et itaque impedit et dignissimos. In quidem esse commodi et explicabo et autem. Quo sunt architecto totam laudantium necessitatibus. Porro quae odit itaque eum pariatur temporibus repudiandae. Ut et eaque error. Omnis labore qui unde omnis voluptates quasi nisi. Ipsam deleniti rerum aut. Nisi voluptatem beatae ut consequatur alias.<p><br/><img src=\"https://loremflickr.com/640/360\" style=\"width: 100%; float: none;\"></p><br/>Aspernatur incidunt optio ut mollitia. Veritatis assumenda dolore provident vitae. Tempore sit officiis velit nihil voluptatem exercitationem dolores. Quae fugit quos omnis rerum dolor qui magnam corrupti. Tempore impedit ad qui. Asperiores numquam deleniti illo. Nisi quod illo quo corporis consectetur nemo earum. Quo minus excepturi consequuntur id tempore. Repellendus cumque totam odit quas est atque. Beatae velit id ullam. Porro dolorum ex autem non voluptatum.', '0.000000', NULL, 554, 1, 1, NULL, 'fuga-id-cum-non-architecto', 0, 1, NULL, '2022-02-28 15:33:25', '2022-03-01 15:33:25'),
(10, NULL, 4, 'eius', 'Magnam nemo nemo voluptatem.', 'quos tu790', '20176', '7292263228564', 'ITF', 'Nulla eligendi ut porro non. Necessitatibus magnam ducimus aperiam praesentium ut enim. Libero illo et temporibus labore. Sed ut doloremque tenetur adipisci error molestiae totam. Atque sint quisquam corrupti illo. Minima neque ut dolores nemo. Laudantium rerum officia quia officia quibusdam et. Ratione voluptatem voluptas et quasi non. Eum quia dignissimos autem aut pariatur ullam. Necessitatibus reiciendis dicta ad amet modi commodi aperiam rem. Odit sed omnis modi dolorem et repudiandae eligendi.<p><br/><iframe frameborder=\"0\" src=\"//www.youtube.com/embed/7abGwVjXSY4\" class=\"note-video-clip\" style=\"width: 100%; height: 475px; float: none;\"></iframe></p><br/>Sed impedit qui tempore voluptatem voluptatum culpa quas. Sapiente eveniet facere molestiae beatae qui. Nisi quidem sed non. Qui placeat excepturi nemo vel aliquam. Rem in totam quia et vero sed est ut. Ut ea tenetur sit illum doloribus autem. Nihil neque eaque culpa voluptatum.<img src=\"https://loremflickr.com/640/360\" style=\"width: 50%; float: right; margin: 20px 0 20px 20px;\">Corrupti ea incidunt rem aliquid. Culpa quam voluptas similique quas exercitationem et. Exercitationem aut iste aut dicta nihil distinctio. Sint est eum recusandae tempora qui voluptate in. Consequuntur est soluta voluptatibus dolorem quos. Iste possimus rerum aut. Debitis praesentium itaque sunt doloremque necessitatibus qui quas. Dignissimos esse ut minus fugit. Animi possimus et ea. Quis earum perspiciatis eius aliquid quo dolores labore. Iusto animi qui quod amet qui tenetur. Ut qui minima sunt porro mollitia eaque. Tempora excepturi voluptatem placeat dolor. Ipsum qui commodi aliquid molestiae inventore cupiditate voluptatem. Quam voluptatem dolorem molestias dolores necessitatibus delectus est. Nisi cupiditate omnis enim. Dicta eum iusto exercitationem facere. Numquam labore molestiae quas ipsa quasi. Non eos saepe aut velit cum qui ratione. Officia et natus totam fugiat. Ducimus ullam qui ullam eligendi. Dicta sunt sit quia vel enim nihil est. Porro est eius amet est nisi. Quisquam pariatur minima qui quisquam qui nemo nisi iste. Ut quaerat perferendis unde debitis laborum adipisci eius. Earum iure totam repellendus non illum.<p><br/><img src=\"http://placeimg.com/640/360/any\" style=\"width: 100%; float: none;\"></p><br/>Eligendi qui libero nihil ipsum quia maxime aperiam. Quia distinctio molestias ad et qui. Consequatur repellat eius ipsam ea sequi maiores. Sunt quibusdam explicabo ut vitae. Excepturi rerum voluptatem laboriosam dignissimos culpa expedita. Nulla voluptatem et velit. Alias molestias labore qui optio dolores rerum assumenda et. Ut architecto optio ut rerum doloribus et. Nihil omnis soluta est non ut. Maiores in in velit dolore ut sed est. Et recusandae in at. Quos non itaque nisi. Est at ut aliquid ut saepe. Commodi voluptate non nulla minus.', '0.000000', NULL, 780, 0, 1, NULL, 'aut-dicta-dolorem-expedita-nam-odit-quo', 7, 1, NULL, '2022-03-04 15:33:25', '2022-03-05 15:33:25'),
(11, NULL, 16, 'vero', 'Voluptas eveniet quod autem voluptatem adipisci soluta dicta illum.', 'eum ll315', '69980', '1163015838866', 'ISBN', 'Est voluptas harum praesentium maiores fugit dolor iusto. Et atque et ad eos atque aliquid. Minus iste et ducimus aut assumenda. Molestiae tempore natus vel officia non ut et. Tempore mollitia repellat culpa eligendi et ullam. Soluta optio dolorum quis consequuntur est hic deserunt. Omnis illum eaque in quaerat mollitia et alias. Blanditiis nostrum ad pariatur velit praesentium. Dolorem laudantium sed minima repellendus. Aspernatur tempora corporis et minus quo impedit et.<p><br/><iframe frameborder=\"0\" src=\"//www.youtube.com/embed/AVpcxtH8hWg\" class=\"note-video-clip\" style=\"width: 100%; height: 475px; float: none;\"></iframe></p><br/>Dolorem eum qui sed sed dolor ad. Praesentium nostrum aut voluptatem qui et laborum id. Voluptas enim aut quia reprehenderit sequi. Aut aperiam ut doloremque dicta. Ullam voluptatum laboriosam et. Rerum natus aut distinctio ut distinctio aperiam reiciendis. Libero unde deserunt corrupti.<img src=\"https://loremflickr.com/640/360\" style=\"width: 50%; float: right; margin: 20px 0 20px 20px;\">Voluptatem corporis et fugiat nulla aliquid facilis ut. Blanditiis dolores ad dolore dolorem et quas vitae. Soluta esse consequuntur assumenda ullam. Necessitatibus quia nihil sed sit. Et et nihil unde deserunt qui corrupti necessitatibus. Aperiam doloremque occaecati voluptate voluptas eum architecto. Alias unde qui at alias architecto ab. Quibusdam eos labore recusandae voluptatum odit eius dolores. Voluptas id dolore itaque et officia explicabo non consequatur. Quos nemo vel rerum cumque. Nihil quis et sit molestiae. Impedit sed est placeat sed officiis ut veritatis. Amet omnis asperiores et voluptas voluptate adipisci nisi. Nobis eveniet quod et aut rerum. Ut reprehenderit quia accusantium nam. Distinctio necessitatibus voluptas accusantium eveniet ullam totam. Provident ut laudantium voluptatibus nobis sunt modi non. Ad quam qui iusto ad enim. Saepe harum perferendis aperiam esse eos fugiat non magni. Autem nisi eligendi repudiandae sed recusandae blanditiis. Voluptatem iusto facilis quod quia tenetur quam perferendis. Quod optio ut dicta nostrum asperiores. Est molestiae ullam ducimus beatae eveniet beatae cumque. Amet nostrum possimus aut id quasi commodi debitis.<p><br/><img src=\"http://placeimg.com/640/360/any\" style=\"width: 100%; float: none;\"></p><br/>Aliquid cupiditate necessitatibus dignissimos ut. Ut adipisci animi maxime maiores dignissimos culpa. Asperiores dolores harum et quos et molestiae. Quaerat sed numquam voluptatem tempora aliquid cupiditate eaque. Ipsam velit voluptates ab rerum et eum quis. Quas ut sint explicabo iusto molestiae magni. Reiciendis minus occaecati itaque optio sequi. Aut et quia perspiciatis facere. Aut quibusdam laboriosam sint quisquam aspernatur ut. Velit voluptas dolorem cum libero. Illo voluptate ipsa velit recusandae et et non.', '0.000000', NULL, 214, 1, 1, NULL, 'quibusdam-laborum-nesciunt-vitae-ab', 8, 1, NULL, '2022-03-14 15:33:25', '2022-02-28 15:33:25'),
(12, 1, 16, 'aut', 'Sed tempora repellendus sequi officiis nam.', 'voluptatem zf668', '31449713', '0427644685699', 'ISBN', 'Fugiat ducimus quasi enim quia magnam ipsam. Qui sunt eveniet voluptatem vel. Aliquam esse tenetur sed. Enim quia facere dolor in. Voluptas illo minus adipisci et consequatur culpa consequatur. Enim dolorem autem similique ab qui sit vel. Quod quis aperiam repellat nostrum ipsam ad aut ullam. Qui sed consequatur ipsam ullam nesciunt iste voluptas. Ex ab dolor quas sunt. Ratione voluptatibus enim recusandae id. Expedita cupiditate delectus earum ipsam consectetur.<p><br/><iframe frameborder=\"0\" src=\"//www.youtube.com/embed/mATMpaPBBFI\" class=\"note-video-clip\" style=\"width: 100%; height: 475px; float: none;\"></iframe></p><br/>Natus sed corporis vel neque vitae. Id eum vitae ducimus blanditiis nulla culpa similique dolor. Possimus maxime iure nulla nostrum. Qui quisquam sed consequatur eum. Voluptas animi commodi harum accusantium adipisci quo. Et voluptatum sunt labore sed quos quisquam ut. Est architecto consequuntur optio magni. Perspiciatis ipsa optio amet eos non. Sit et ut consequatur ea numquam ipsum dolor.<img src=\"https://picsum.photos/640/360.webp\" style=\"width: 50%; float: right; margin: 20px 0 20px 20px;\">Non eaque facilis omnis rerum. Esse non molestiae cum sed aut est. Doloremque consequatur delectus aspernatur quia sed dignissimos doloribus est. Distinctio cupiditate expedita molestiae et. Vitae dolores harum dolores facilis quos sed maxime in. Explicabo delectus et sint minus. Totam sunt est exercitationem deleniti qui necessitatibus ab. Eos sequi necessitatibus quam quis dolores. Aliquid eum dicta minus dicta modi quaerat aut. Qui error exercitationem et aut. Quam modi et tenetur unde. Sint soluta voluptas voluptas. Eos quam sit ex alias et fugit iusto. Consequatur vitae officiis repellendus laudantium consequatur. Cum ut et enim quis aut mollitia eius. Aut soluta molestiae ducimus deserunt sint quis. Sapiente sed quia et. Incidunt quia delectus qui libero velit repellat. Optio ipsum qui id aut itaque commodi. Magnam aut accusamus necessitatibus iure sunt deserunt. Dolorem consequatur adipisci alias ut commodi quia tempore. Et veniam similique quisquam aut et est et. Aspernatur quia illum accusantium et. Voluptate qui laborum odio omnis nihil voluptatem. Facilis et iste aliquid occaecati rerum non. Modi aliquid enim vero qui nam aut et ut.<p><br/><img src=\"https://picsum.photos/640/360.webp\" style=\"width: 100%; float: none;\"></p><br/>Vel in corrupti fuga debitis nisi voluptas et. Suscipit earum vel vel. Non qui ducimus accusantium ea nihil alias sit. Tempora libero sit magni. Eum fugiat deleniti minus. Rem eaque provident nesciunt aut. Sit laborum fugiat et veniam soluta. Impedit nulla non qui molestiae eaque velit. Omnis dicta voluptatem molestiae asperiores quis cum porro. Nihil eum mollitia repudiandae ex. Recusandae fuga omnis odio temporibus accusamus minima debitis. Quis ratione excepturi voluptate beatae voluptatum. Cumque dolorem sequi enim et iure quam et.', '0.000000', NULL, 64, 1, 1, NULL, 'rerum-fugiat-consequatur-culpa-id-aut', 1, 1, NULL, '2022-02-27 15:33:25', '2022-03-01 15:33:25'),
(13, NULL, 16, 'ex', 'Minus id omnis placeat.', 'enim ii796', '93', '9375372179793', 'EAN', 'Eos repudiandae necessitatibus nulla ipsum aut excepturi et. Ut dolorum voluptas distinctio. Et quia sit accusantium dicta et velit magni deleniti. Nulla rerum accusamus quis. Est nam sint sed laboriosam. Ut aut occaecati voluptas assumenda. Officiis quia aperiam odit porro. Consequuntur fugit nam ipsam sunt amet consequuntur id. A labore maxime ex sequi perferendis qui. Deserunt amet numquam at et earum. Possimus perspiciatis quae soluta sed et vitae laboriosam.<p><br/><iframe frameborder=\"0\" src=\"//www.youtube.com/embed/eEzD-Y97ges\" class=\"note-video-clip\" style=\"width: 100%; height: 475px; float: none;\"></iframe></p><br/>Placeat in natus ut facilis. Provident quia molestiae harum ipsum sunt fuga. Ea magnam soluta dolor quaerat doloremque. Illum quos eum ab dolores excepturi. Id illum aliquam consequatur assumenda. Magni non voluptatem dolor fugiat quia. Animi optio voluptate illo id est. Reiciendis molestiae expedita a odit provident dicta. Maxime ab et occaecati velit. Quia veniam sunt quibusdam consequatur.<img src=\"https://picsum.photos/640/360.webp\" style=\"width: 50%; float: right; margin: 20px 0 20px 20px;\">Vero incidunt reiciendis numquam excepturi vitae ut architecto dolores. Qui sed omnis tenetur voluptatem tenetur dolor in. Ea vitae consequuntur distinctio ipsam hic blanditiis. Nulla labore quibusdam et et aliquid assumenda. Magni rem consequatur voluptatum dolores ea esse unde. Doloribus maxime et labore est minus sit a. Et voluptatibus voluptas minima veniam quia. Quis dicta similique modi quos delectus totam aperiam. Asperiores dolores sint eum labore voluptatem officia eveniet. Quibusdam explicabo sit sit consequatur culpa. Ullam nostrum eos non quia aspernatur natus. Voluptate nihil cumque vel quis sed aliquid excepturi quis. Inventore assumenda dolor exercitationem natus facere. Quo laudantium ipsa rem reprehenderit veniam. Nisi suscipit in id voluptatem. Voluptatem aut repellendus doloremque occaecati ut. Neque repellat fuga illo ea voluptatibus. Aut quibusdam quaerat temporibus. Est eum dolor laborum nihil impedit fugiat incidunt sit. In dolor natus eligendi suscipit molestiae neque. Earum sequi aperiam aliquid eum occaecati. Fugit qui magnam perferendis quo ut. Nihil consequatur non est blanditiis quidem voluptas sed.<p><br/><img src=\"https://picsum.photos/640/360.webp\" style=\"width: 100%; float: none;\"></p><br/>Commodi rerum veniam atque accusantium. Aut delectus est voluptatem nostrum eaque natus. Ullam non rerum distinctio adipisci culpa sint illo consequatur. Quam error fugit praesentium est illum aut animi. Velit nihil qui ullam itaque. Eum ullam in ipsum quia. Inventore numquam temporibus aut aut. Quia animi fugit sunt autem error quos temporibus. Magni dolores eos rem consequatur. Occaecati qui iusto reiciendis earum quis qui. Labore laboriosam id rerum modi rerum. Suscipit dolorem iste nostrum inventore. Perspiciatis velit et ipsam expedita non. Maxime cum eum eos soluta itaque minima.', '0.000000', NULL, 434, 0, 1, NULL, 'fugiat-labore-expedita-labore', 6, 1, NULL, '2022-03-14 15:33:25', '2022-03-14 15:33:25'),
(14, 3, 16, 'nihil', 'Quod omnis et et dignissimos labore.', 'consectetur uz420', '78', '0981389173762', 'ISBN', 'Nihil vel mollitia expedita magnam. Eum beatae est rerum cupiditate. Autem aut et praesentium aut. Laudantium non vel sunt commodi quis corporis natus voluptatem. Doloremque hic totam excepturi animi unde molestiae aliquam. Magni eius voluptas dolor nisi asperiores. Optio cumque praesentium cupiditate et. Enim sunt expedita illum porro. Earum distinctio aliquam libero aperiam praesentium. Qui facere rerum aspernatur explicabo sapiente dolorum. Ut omnis nisi dolorem dignissimos. Et dolorem ratione placeat et voluptas cum aut possimus.<p><br/><iframe frameborder=\"0\" src=\"//www.youtube.com/embed/mATMpaPBBFI\" class=\"note-video-clip\" style=\"width: 100%; height: 475px; float: none;\"></iframe></p><br/>Est fugit sed tenetur rem fugit corrupti voluptatem. Vel nobis non ut. Et rerum error laboriosam ullam sit possimus aut. Sunt quidem sed asperiores iusto qui animi. Sed enim et voluptatibus numquam quas eum atque ad. Sit amet qui assumenda vero assumenda. Distinctio vel sit ad et a expedita possimus repellat. Dolor eos dolores necessitatibus veniam dolores iste inventore doloribus.<img src=\"https://picsum.photos/640/360.webp\" style=\"width: 50%; float: right; margin: 20px 0 20px 20px;\">Aut dolor recusandae laudantium excepturi quisquam aliquid illo. Autem sunt et libero. Laudantium natus non commodi quisquam et aliquid. Voluptatem non eos et id aliquam. Officiis sit reiciendis soluta consequuntur. Ut voluptas harum possimus voluptas omnis autem soluta ipsum. Minus aut a voluptate architecto quia ullam. Qui eum ut incidunt sint. Amet totam harum minus natus tenetur blanditiis. Delectus odit possimus quo repudiandae porro commodi alias repellat. Sit eligendi ducimus laudantium similique. Veritatis nihil voluptatem itaque quibusdam corporis repellat. Earum eum necessitatibus sed. Non quibusdam quam consectetur quam. Alias temporibus quia est tempore rerum fugiat. Dicta molestias eaque voluptatem ducimus temporibus. Deleniti quia doloribus ratione cupiditate culpa dolorem. Esse expedita incidunt voluptates porro perferendis reprehenderit harum. Non harum iste quo dolor culpa dolorum. Velit dolor et est aliquam ut facilis commodi. Mollitia occaecati rerum eveniet qui alias et labore. Quidem voluptatem inventore quas adipisci inventore. Recusandae ut fugit facere laboriosam et aut. Omnis officia beatae ducimus dolores consectetur laboriosam.<p><br/><img src=\"http://placeimg.com/640/360/any\" style=\"width: 100%; float: none;\"></p><br/>Natus nulla sunt et similique voluptatem cum aut. Facere voluptate alias quia sint. Consequatur minima voluptatem cupiditate ducimus at non soluta. Velit pariatur repudiandae provident facilis beatae aperiam ut. Corrupti eos eos incidunt voluptas rerum cupiditate sint et. Tempore ullam aut voluptatem natus facilis. Omnis architecto nam eos maiores dolorem eaque. Sed suscipit possimus animi est voluptas et quam ab. Accusantium tempora id veritatis praesentium id consequatur.', '0.000000', NULL, 768, 1, 1, NULL, 'eius-incidunt-voluptatem-earum-incidunt-modi-molestiae-perferendis-vel', 4, 1, NULL, '2022-03-02 15:33:25', '2022-03-14 15:33:25'),
(15, 1, 16, 'eum', 'Tempore et et veniam consequuntur quod.', 'enim qw687', '8481', '3522375836215', 'UPC', 'Veniam nulla in quos possimus rerum. Placeat unde deleniti eaque. Blanditiis nobis maxime voluptas non. Sint perspiciatis cupiditate sed. Ut delectus dolorem et. Nisi possimus quibusdam architecto qui. Aliquam ratione doloribus sit et qui repellendus nam. Cumque laborum est quo ut. Iste ut aut voluptas alias et ut quos omnis. Reprehenderit rem magnam nesciunt doloribus aut quis. Rerum velit ad voluptate cupiditate. Officia et ratione et quam. Ut dolorum soluta non quia non. Consequuntur animi omnis sit ad est qui.<p><br/><iframe frameborder=\"0\" src=\"//www.youtube.com/embed/7abGwVjXSY4\" class=\"note-video-clip\" style=\"width: 100%; height: 475px; float: none;\"></iframe></p><br/>Nemo quas eius velit accusamus autem. Similique ratione minus provident autem architecto. Non et aperiam doloribus. Impedit dolorum ut id eligendi perferendis. Distinctio exercitationem animi omnis. Quisquam quia consequatur est blanditiis. Deserunt nostrum totam modi nisi labore suscipit. Laudantium neque quas voluptatem hic aliquam ab laborum ut.<img src=\"https://loremflickr.com/640/360\" style=\"width: 50%; float: right; margin: 20px 0 20px 20px;\">Quas et quisquam eius pariatur dolores. Voluptatem quo tempore in dolor qui. Quaerat aut vero et voluptas aut. Molestiae dolorum occaecati repellendus unde esse rerum sapiente. Ipsa minima non quis et sit aut. Itaque earum neque id ad culpa et unde suscipit. Necessitatibus adipisci quas aperiam dolorem. Numquam ratione omnis ut omnis eligendi. Iusto voluptas molestias quisquam molestiae rerum aut aut. Ut aut qui consequatur incidunt numquam qui. Porro eligendi cupiditate voluptas vel veritatis deleniti. Aperiam reprehenderit ipsa magni eos cupiditate culpa. Sint dolores omnis voluptas in esse ipsam. Et aliquam et nisi nemo voluptatem sit. Quaerat voluptatum officiis est et maiores optio. Recusandae fugit numquam similique enim exercitationem. Sint aut totam veritatis error ut repudiandae autem. Pariatur unde impedit dolor optio vitae et cupiditate non. Molestiae mollitia unde aliquam quam impedit facere. Voluptatem qui et minus harum excepturi. Exercitationem sunt molestias eligendi eligendi qui repellendus. Corporis quis repellendus quasi sed dicta.<p><br/><img src=\"http://placeimg.com/640/360/any\" style=\"width: 100%; float: none;\"></p><br/>Ipsa et praesentium quos dolor quia. Aliquid non voluptas voluptas et. Nihil minus voluptatibus aspernatur perferendis accusamus. Ducimus qui architecto fuga illo impedit voluptatem. Repudiandae reiciendis unde cum et omnis deserunt harum. Blanditiis aliquid alias officiis aperiam dolores nam. Autem consectetur iure labore vel eveniet. Non ea quos dignissimos quo quo blanditiis ut. Suscipit corporis aperiam qui consequuntur omnis. Optio soluta in quia ut et. Provident error beatae quo autem iusto ut. Consectetur quos quia quo sit.', '0.000000', NULL, 894, 0, 1, NULL, 'ratione-natus-sunt-qui-et-consequatur-et-voluptatem-sunt', 9, 1, NULL, '2022-03-04 15:33:25', '2022-03-06 15:33:25'),
(16, NULL, 4, 'et', 'Asperiores mollitia quaerat repellendus autem et quo.', 'minima dw668', '8', '1876362509005', 'ITF', 'Repellat beatae et voluptate pariatur. Minus quaerat et iusto possimus. Quae soluta ratione eligendi dignissimos. Nesciunt laborum qui ad non voluptatem. Autem exercitationem itaque non ut. Delectus quia nihil placeat omnis doloribus. Et sed numquam quia aliquam ullam expedita laudantium. Officiis quam est est voluptas et.<p><br/><iframe frameborder=\"0\" src=\"//www.youtube.com/embed/SKbHHcdLGKw\" class=\"note-video-clip\" style=\"width: 100%; height: 475px; float: none;\"></iframe></p><br/>Magnam mollitia vel neque. Est voluptas voluptas pariatur dolorum aut eos. Autem est omnis natus tempora porro asperiores aut. Debitis qui excepturi et possimus consequuntur iusto. Atque corporis nesciunt sequi consequatur et harum. Labore iste est et eveniet. Aut repellat est nam rerum saepe quia.<img src=\"http://placeimg.com/640/360/any\" style=\"width: 50%; float: right; margin: 20px 0 20px 20px;\">Eligendi quia at consectetur. Et quidem nobis recusandae quo dignissimos. Quas odio consequatur libero a dignissimos enim enim. Vero id nobis odit ut. Qui soluta ipsum optio accusamus et tempore expedita. In et enim doloremque voluptatem quaerat. Neque omnis in temporibus voluptatem deleniti eos aut. Aut odio id sed a minus. Consequatur enim voluptas asperiores ea voluptas. Ipsum quam odit officiis esse in. Explicabo excepturi numquam voluptatibus itaque aperiam consequuntur. Similique quibusdam est et culpa ex quo voluptatem nulla. Delectus voluptatem aut sit corrupti in. Ipsam eligendi quis doloremque consequuntur et minus. Occaecati ut autem impedit doloribus. Quam impedit tempora ab nisi et et. Nulla at neque explicabo nostrum. Qui id sequi asperiores velit reiciendis nihil consectetur consequatur. Dolorem et assumenda esse tempora. Consequatur aut quidem magnam quidem aut voluptatem. Nesciunt ut qui laborum ab aperiam. Repellat qui et enim optio voluptas maiores molestiae. Unde asperiores minus sed minus dolorem. Voluptatem deleniti et alias. Explicabo est unde et ab quas ipsum ea soluta.<p><br/><img src=\"https://loremflickr.com/640/360\" style=\"width: 100%; float: none;\"></p><br/>Ut est possimus quam autem. Autem cum sed soluta eaque adipisci. Ut non blanditiis ut est dolores. Accusantium itaque labore aliquam omnis autem sint ab. Pariatur earum magni odit ad. Consequatur provident sapiente sed occaecati est reprehenderit ducimus. Et vero voluptate ullam nihil atque. Unde cupiditate aperiam minus quo. Veniam sapiente quo necessitatibus fuga totam sequi sequi. Et repudiandae voluptatum labore quia dolores. Consequuntur laboriosam tempora accusamus blanditiis.', '0.000000', NULL, 392, 1, 1, NULL, 'ipsam-aliquam-eaque-optio-architecto-quibusdam', 7, 1, NULL, '2022-03-06 15:33:25', '2022-03-12 15:33:25');
INSERT INTO `products` (`id`, `shop_id`, `manufacturer_id`, `brand`, `name`, `model_number`, `mpn`, `gtin`, `gtin_type`, `description`, `min_price`, `max_price`, `origin_country`, `has_variant`, `requires_shipping`, `downloadable`, `slug`, `sale_count`, `active`, `deleted_at`, `created_at`, `updated_at`) VALUES
(17, 4, 7, 'delectus', 'Aliquam ut eos omnis est occaecati.', 'quae mw955', '254', '3394823222761', 'JAN', 'Qui illum soluta praesentium. Magni sed et aspernatur fuga hic a deserunt libero. Sequi autem qui quisquam omnis sed fugiat eveniet voluptas. Est cupiditate nulla soluta non maxime rerum. Quisquam ut aut ut in culpa ratione exercitationem. Voluptatem dolor consequatur earum quia est sit corporis. Rerum omnis optio quo eos facere. Deserunt amet quis fuga nulla voluptatem quisquam eaque. Quis ut modi debitis. Non tempora nisi ut libero. Magnam a fugiat quas alias consectetur sunt.<p><br/><iframe frameborder=\"0\" src=\"//www.youtube.com/embed/7abGwVjXSY4\" class=\"note-video-clip\" style=\"width: 100%; height: 475px; float: none;\"></iframe></p><br/>Vel corporis maxime dolorem debitis fugiat occaecati eum. Aliquid vel fugiat nulla ut ducimus vel sequi. Sit est omnis non animi ut. Qui quia tenetur consequuntur at similique in molestiae recusandae. Est corrupti sed commodi quos debitis.<img src=\"https://picsum.photos/640/360.webp\" style=\"width: 50%; float: right; margin: 20px 0 20px 20px;\">Blanditiis harum velit vitae quisquam. Hic reiciendis voluptatem rerum mollitia ipsam. Incidunt voluptatem labore et id sit debitis. Non et voluptatem soluta eveniet culpa cumque placeat. Ut quia consequatur nihil iure dicta et et. Eius ut nihil doloremque labore quia molestiae. Debitis error aut iusto. Possimus unde quisquam adipisci quas. Hic autem ex sunt voluptatem fugiat. Eaque et tempora est porro. Et veniam distinctio nostrum. Corporis assumenda qui ad iste. Enim laboriosam voluptatum saepe non tenetur aspernatur magnam. Soluta quis et nesciunt minima. Quod tenetur aut tenetur tempore inventore ratione. Eum explicabo soluta ab a ratione totam. Facilis sequi quo assumenda rerum corrupti reprehenderit. Illo voluptates voluptate aut sed minus libero. Sed animi et tempore. Inventore aut excepturi quas cum unde officia. Tempora eum natus molestias sed vel. Sunt nobis dolore ipsa enim. Et ad quia nesciunt enim ut et minima mollitia. Sint debitis vel nam voluptatem ea ut consequatur. Quas fuga id vitae magnam enim. Aut vel quo facere et. Sit quia porro necessitatibus et blanditiis nulla inventore. Similique totam accusamus et quia autem voluptatem est.<p><br/><img src=\"https://loremflickr.com/640/360\" style=\"width: 100%; float: none;\"></p><br/>Molestiae est consequuntur quis consequatur accusantium odio ab. Et error eaque harum nam voluptatibus. Error vel possimus quos animi. Cumque et et et laboriosam recusandae temporibus. Consequatur et consequatur necessitatibus itaque id. Non reprehenderit et laudantium eos sint iure velit. Aut ut ut adipisci voluptatem. Quisquam est quod sint eligendi molestias. Ab in debitis voluptas excepturi. Dolore molestiae vel quas eius aliquam. Ipsum recusandae qui ad autem delectus. Voluptates iste recusandae suscipit incidunt. Illo natus doloribus et.', '0.000000', NULL, 740, 1, 1, NULL, 'dolor-provident-rerum-fugiat-dolores-impedit', 9, 1, NULL, '2022-03-13 15:33:25', '2022-03-13 15:33:25'),
(18, 2, 7, 'quos', 'Necessitatibus cum occaecati molestiae tenetur ea necessitatibus nulla.', 'soluta th517', '9986', '0592304768453', 'JAN', 'Cum numquam qui consectetur minus ut aliquid aut. Odio ut ut voluptates accusantium nisi veniam reprehenderit similique. Aut nam omnis molestias. Et nesciunt minus commodi commodi recusandae hic. Libero sed exercitationem minus voluptatum accusantium nesciunt. Hic et quam eos pariatur et. Rerum sunt et ut quibusdam placeat dicta. Totam quibusdam voluptas rerum rem. Dolorum accusantium ipsum pariatur sed non. Aliquid numquam atque eos deleniti. Optio earum perspiciatis distinctio.<p><br/><iframe frameborder=\"0\" src=\"//www.youtube.com/embed/tJlzIJaokVY\" class=\"note-video-clip\" style=\"width: 100%; height: 475px; float: none;\"></iframe></p><br/>Odio beatae eos reprehenderit sed natus. Provident est ab excepturi nobis eos. Eaque labore quia ut expedita ipsa aperiam. Similique natus sed distinctio. Voluptatem omnis omnis fuga. Occaecati maiores dolores cumque atque earum. Rerum saepe corrupti vitae nemo voluptatem possimus. Ratione repudiandae eos recusandae aut.<img src=\"https://loremflickr.com/640/360\" style=\"width: 50%; float: right; margin: 20px 0 20px 20px;\">Modi rerum fuga ut pariatur et. Optio id voluptatem distinctio qui. Qui ea occaecati deserunt magni laboriosam eligendi. Et necessitatibus voluptatem maiores iusto quia. Id voluptatem dolorum qui sit exercitationem rerum temporibus. Tenetur qui et molestiae qui. Omnis quis et alias nulla. Natus iusto repellat possimus. Possimus cum sit minus voluptates et magni fugiat. Tenetur quaerat est est. Sapiente sit quia consequuntur ullam aut consequatur facilis. Sed mollitia qui dolore ipsam perferendis. Corrupti porro voluptate quidem quaerat quia harum perspiciatis. Recusandae sit reiciendis modi porro et. In aut voluptatem tempore molestias ducimus. Aut corrupti unde dignissimos ut. Non excepturi ipsum esse et. Non architecto quia dicta. Et dolore autem est exercitationem voluptatibus hic. Dolor placeat cupiditate maxime. Ad quia nisi hic magni illo pariatur enim ut. Cumque qui sequi quo. Iure at error aut aspernatur. Et ratione aut quo fuga. Reiciendis explicabo doloribus sunt repellendus similique. Distinctio sed qui vero accusamus voluptatum voluptas id tempore.<p><br/><img src=\"https://picsum.photos/640/360.webp\" style=\"width: 100%; float: none;\"></p><br/>Sunt velit nam illo et quo. Velit et illum est perferendis. Perferendis voluptates culpa et. Magnam nesciunt quos in velit. Et dolores qui eaque eveniet quae illum dolorem. Quo assumenda voluptatem delectus delectus nulla ea. Corporis iure blanditiis iste ipsum sed quis minima. Sit non est itaque explicabo consequatur molestiae. Qui voluptas qui sunt laboriosam natus similique a. Sed doloribus ut nihil asperiores quo quam. Non suscipit magnam quisquam eum perferendis adipisci iusto.', '0.000000', NULL, 104, 0, 1, NULL, 'et-eos-consequatur-nobis-exercitationem-debitis-totam-occaecati', 8, 1, NULL, '2022-03-12 15:33:25', '2022-03-07 15:33:25'),
(19, NULL, 1, 'voluptatum', 'Consequatur exercitationem ratione culpa odio autem aut nemo inventore.', 'et ls055', '9459', '7826480672789', 'ISBN', 'Molestias delectus voluptatem mollitia. Repellendus veritatis ratione quis aut. Ut quia qui accusantium occaecati officiis blanditiis. Aut odit et accusamus ipsum sed. Ab ratione odit tempore ratione illum expedita voluptas. Quis voluptatem est cupiditate tenetur non. Ullam repudiandae ut unde id. Quod et aliquam aut animi voluptas necessitatibus aperiam. Vitae expedita velit tempore accusantium enim. Qui aut dolorem autem sed natus. Nostrum doloremque aliquam labore nulla quam qui.<p><br/><iframe frameborder=\"0\" src=\"//www.youtube.com/embed/7abGwVjXSY4\" class=\"note-video-clip\" style=\"width: 100%; height: 475px; float: none;\"></iframe></p><br/>Est commodi sit unde alias maiores. Sunt aliquid adipisci dolores voluptatibus adipisci nostrum neque. Neque architecto dolorum odio dignissimos cum. Vero quia adipisci eius natus. Qui consequatur voluptates eos ut veritatis dolorem alias. Ut non voluptatem quos similique maxime quo.<img src=\"https://loremflickr.com/640/360\" style=\"width: 50%; float: right; margin: 20px 0 20px 20px;\">Reprehenderit ut id porro reiciendis. Rem reprehenderit corrupti quasi veniam velit aperiam. Quo facere dolorum odio quas vel quas. Sed voluptate minus consequatur voluptatibus at dolorem sit omnis. Nam et aperiam ipsam dolores. Deserunt veritatis eaque pariatur. Sint nemo quisquam et. Suscipit ad adipisci rerum veniam eveniet. Molestiae molestias rem sit. Corrupti expedita enim ea totam architecto ut aut. Voluptas itaque consequuntur corporis et ut autem. Et hic nemo ipsam blanditiis necessitatibus corrupti animi. Odit et nisi recusandae impedit enim mollitia hic ea. Tempore culpa possimus rem. Ut amet molestias illo. Facilis architecto libero et dolore. Dolorem ipsum ut et illum voluptatem vel quas. Iure odit dolor et fugiat enim. Optio officia tempore voluptatem nulla. Fuga dignissimos aliquam id esse unde totam asperiores. Sint tempora aliquam dignissimos quia totam. Deserunt aut voluptatibus assumenda rerum deleniti fugiat. Magni perferendis praesentium quos et at. Sit quaerat qui autem eaque eos qui ullam. Excepturi non sed non. Ipsum nesciunt in pariatur assumenda.<p><br/><img src=\"https://picsum.photos/640/360.webp\" style=\"width: 100%; float: none;\"></p><br/>Distinctio et hic perspiciatis accusamus voluptates alias ut. Ullam sunt ut laudantium dolore architecto deleniti corporis. Voluptatem laborum et tempore. Quis inventore fugiat voluptatem quo necessitatibus minima. Facere voluptas id ad qui. Fugiat sit illo consequatur pariatur laborum iure fugiat excepturi. Asperiores dolor vitae illum recusandae qui quia vel. Et ad dolorum nihil pariatur facere necessitatibus. Dignissimos soluta quisquam pariatur ea architecto. Numquam sit quis cumque debitis sequi eum hic molestias. Ut debitis voluptatem repudiandae exercitationem odit nesciunt.', '0.000000', NULL, 796, 0, 1, NULL, 'rem-quia-et-possimus-delectus-velit-dolores', 3, 1, NULL, '2022-03-05 15:33:25', '2022-03-07 15:33:25'),
(20, 4, 9, 'repellat', 'Sapiente inventore unde ipsum labore.', 'perspiciatis cm171', '7791', '3364307919449', 'EAN', 'Expedita fuga ut voluptate ut voluptatum reiciendis. Eius recusandae sed repellendus. Expedita nesciunt rem dicta culpa commodi commodi sapiente. Quia soluta eligendi ab neque qui. Qui quia facere et rerum nulla velit. Voluptas dolor qui perspiciatis nesciunt quis. Quis ut officiis ullam animi. Nemo qui perferendis optio sunt voluptas. Et ea in et aliquam. Quia pariatur earum nulla. Et aut cumque quos sed dicta autem debitis. Commodi ut aut blanditiis facere sunt.<p><br/><iframe frameborder=\"0\" src=\"//www.youtube.com/embed/AVpcxtH8hWg\" class=\"note-video-clip\" style=\"width: 100%; height: 475px; float: none;\"></iframe></p><br/>Rerum temporibus nobis itaque natus nisi dolorum. Neque est impedit sapiente. Deleniti quos eveniet enim non. Officiis quibusdam quasi dolor voluptatem voluptate quae. Est et aut ut ab possimus. Dolores est est temporibus quam. Natus saepe esse adipisci dicta nihil dolores enim. Dolorem soluta itaque esse voluptate quo dolor saepe fugiat. Perspiciatis quae ipsa rerum eos et provident quo.<img src=\"http://placeimg.com/640/360/any\" style=\"width: 50%; float: right; margin: 20px 0 20px 20px;\">Debitis voluptas molestiae qui error quia. Totam sint labore dolor odit. Cum quos commodi natus voluptatum non. Dicta sed eligendi id fugit. Voluptates nobis iste facere id. Tempora qui omnis consequatur commodi. Maiores dolores vero impedit saepe iure. Tenetur dolorem sit perferendis ut dolor illum itaque. Accusantium excepturi delectus harum rerum distinctio. Iure aut sint eos natus. Velit sit et fuga velit consequatur corporis repudiandae eligendi. Consequuntur dolorem vitae soluta et. Odio assumenda voluptas magni quisquam numquam ut. Itaque soluta dolor officiis voluptas molestiae ut voluptatem. Ad est dolor ad esse repudiandae. Quo natus sapiente sed aperiam corrupti dolor. Qui est id modi voluptatem harum in nesciunt. Sunt ut corrupti et quia. Officia facilis aut ab hic deleniti placeat odit. Aperiam aut vel et quam. Omnis veniam sint voluptas iure aut dolorem. Nostrum architecto sit excepturi qui dicta enim sed. Sunt provident ut officiis officia et fugit. Qui aperiam laboriosam est aut. Perspiciatis voluptatibus commodi aliquam quis cupiditate ullam. Ut voluptates ea est autem molestiae omnis.<p><br/><img src=\"https://picsum.photos/640/360.webp\" style=\"width: 100%; float: none;\"></p><br/>Rerum voluptatem aut est voluptatem quam dicta voluptates est. Quae exercitationem nam ut aut. Soluta aut aliquam quia earum rerum quos. Laudantium adipisci quam architecto sed. Minus quia voluptas libero enim dolore. Quas harum nihil maiores vero unde delectus ut. Eum voluptatibus fugiat atque perferendis est. Consequuntur quae voluptatum unde quod. Asperiores earum necessitatibus ab laudantium eos. Fugit rerum sit commodi esse nihil vel. Modi eos quos assumenda accusamus.', '0.000000', NULL, 148, 0, 1, NULL, 'velit-est-facere-saepe', 5, 1, NULL, '2022-03-03 15:33:25', '2022-03-12 15:33:25'),
(21, NULL, 1, 'aut', 'Earum quod voluptas quisquam harum.', 'dignissimos jl401', '288738481', '7848179073509', 'ITF', 'Occaecati facilis quaerat ipsum. Sed et pariatur quia sint earum laborum. Molestiae id nihil aliquam perspiciatis consequatur. Non et quas explicabo deserunt. Molestias fugit non aut. Officia et voluptatem vel. Quod qui et odit vitae mollitia ut. Tempora ipsam et vel deleniti possimus ut dolorum sequi. Quas dolorem dolorum voluptas cupiditate. Sapiente quod cupiditate rem magnam. Quisquam suscipit animi laudantium voluptas. Ut ab aut atque culpa quo. Numquam at quisquam quis omnis illo.<p><br/><iframe frameborder=\"0\" src=\"//www.youtube.com/embed/7abGwVjXSY4\" class=\"note-video-clip\" style=\"width: 100%; height: 475px; float: none;\"></iframe></p><br/>Aliquid et quasi consequuntur enim quibusdam. Et quae quia perferendis ut. Ut quisquam suscipit veritatis molestias ducimus molestiae. Incidunt ut voluptatem fugit nulla unde. Sit velit recusandae dicta qui. Ducimus beatae dolore repellat voluptas alias eligendi explicabo. Maxime non totam dolorum incidunt qui quia omnis. Accusantium ut est fuga.<img src=\"https://picsum.photos/640/360.webp\" style=\"width: 50%; float: right; margin: 20px 0 20px 20px;\">Blanditiis accusamus excepturi nobis et. Voluptatum autem praesentium nihil inventore rem accusantium aut ea. Nihil consequatur enim distinctio fuga. Iusto omnis et praesentium. Aliquid debitis sit voluptatem aut similique nisi corrupti sit. Ullam natus excepturi dicta alias deleniti ut neque. Quo itaque nisi deserunt vero quae animi recusandae. Eos distinctio dolorem est sint. Deserunt perspiciatis molestiae voluptas ea. Omnis et qui eius sunt. Impedit explicabo corrupti quia reprehenderit. Dolor et dicta dolores excepturi perspiciatis porro temporibus dolorem. Et soluta laboriosam vitae. Enim voluptates voluptatem ut dolore fuga eum. Ea amet placeat id animi quasi recusandae. Repudiandae consequatur id rerum repudiandae qui neque. Natus rerum adipisci vitae. Illum expedita voluptatum commodi autem veniam unde. Aspernatur commodi quae pariatur quod quia unde est. Quia corrupti sed id voluptatem eius. Quisquam iste aut enim voluptatem facere. Est nisi molestias nisi beatae ea magni tenetur. Sed eligendi illo nesciunt aut.<p><br/><img src=\"https://loremflickr.com/640/360\" style=\"width: 100%; float: none;\"></p><br/>Aut quia quos omnis et eligendi nihil. Enim hic id dolor a. Quae ut rerum molestias et soluta nulla. Illo quidem aut impedit reprehenderit sequi dolorem. Rerum iure similique dolorem mollitia ut et facere in. Possimus tenetur et voluptatibus voluptas. Aliquam cumque veritatis reiciendis ea. Quas tempore reprehenderit doloremque culpa eius magni. Aut dolores est ipsum magnam voluptas veniam. Est et vitae est vel aut est ipsam illum. Error aliquam quaerat neque ea nisi. In sunt iusto sed eaque. Et nulla quibusdam cupiditate repellat sit.', '0.000000', NULL, 334, 0, 1, NULL, 'quam-et-asperiores-illum-aliquam-quis-earum-aliquam', 6, 1, NULL, '2022-03-08 15:33:25', '2022-03-12 15:33:25'),
(22, NULL, 5, 'odit', 'Sed dolor et id quia eligendi.', 'molestiae dv147', '36305', '2523470916117', 'ITF', 'Rem ea consequatur rerum quasi corporis ut. Molestiae enim numquam quia perspiciatis asperiores dolorum. Magnam omnis eveniet porro culpa tempore aliquam. Modi adipisci repellat cum deserunt. Accusantium porro maiores necessitatibus fuga incidunt ducimus. Nihil ut numquam ducimus architecto delectus suscipit. Repellendus voluptas ut molestias dolor et perspiciatis error. Officiis non dicta et ut. Sit dolorem maxime fuga id quia. Cumque inventore qui aliquam ducimus.<p><br/><iframe frameborder=\"0\" src=\"//www.youtube.com/embed/7abGwVjXSY4\" class=\"note-video-clip\" style=\"width: 100%; height: 475px; float: none;\"></iframe></p><br/>Dolor quia non dolores reprehenderit totam non dolore. Voluptatem cupiditate corrupti veritatis atque. Et et culpa in sequi est. Eum ut aliquid quod aut quasi delectus. Aut dolorum et in quia maxime. Sit dicta alias ab quisquam voluptas et. Dolor voluptatem distinctio ut eius quia quo dolorem. Ratione tempora praesentium quibusdam sit voluptatem. Placeat pariatur rerum non qui expedita dolor qui.<img src=\"http://placeimg.com/640/360/any\" style=\"width: 50%; float: right; margin: 20px 0 20px 20px;\">Nostrum exercitationem consequuntur incidunt dolores ut vel beatae. Voluptas nihil ipsum recusandae amet dolores velit et. Rerum quidem alias et autem dolorem exercitationem aspernatur. Sit vero adipisci voluptatem nesciunt. Aut qui molestiae eaque aliquid. Ipsa ipsa consectetur saepe rerum id. At aspernatur nihil eum officiis sit. Quibusdam velit aut quibusdam eum qui. Itaque impedit repudiandae quia reprehenderit omnis repellendus. Quo possimus repellat aliquam repudiandae facilis. Alias quae qui laudantium. Vitae mollitia autem vel. Nemo dolores repellendus error sint voluptas delectus iusto. Vero dolores dolores consequuntur fugit. Voluptatem et fuga quos. Quaerat id est illum enim tenetur perspiciatis. Doloremque ut quibusdam impedit libero. Aut itaque vel eius neque corrupti. Illo sunt quidem non vel. Et suscipit recusandae porro architecto ratione deserunt. Nulla accusantium vel nostrum consequuntur. Eaque dolor quia sapiente est. Error voluptates eos recusandae enim. Est sed tenetur architecto vero est. Libero placeat laborum molestiae et aut. Assumenda pariatur sit ipsam qui ut.<p><br/><img src=\"https://picsum.photos/640/360.webp\" style=\"width: 100%; float: none;\"></p><br/>Quia minus commodi unde repellendus tempora. Rerum velit id qui autem unde sint consectetur. Voluptatibus adipisci a explicabo qui itaque sequi maiores. Explicabo voluptatem commodi sapiente autem dolorem labore reprehenderit. Alias labore delectus a perferendis. Voluptatem consequatur laudantium sint consequatur et vero. Error adipisci dolores aut ut id molestias. Ducimus voluptatem est dicta quia. Autem qui eos voluptatem maxime voluptatum sint. Libero odit minima facere voluptate odio quasi quas. Suscipit assumenda est qui id quis. Fuga est eum ut illum aperiam.', '0.000000', NULL, 752, 0, 1, NULL, 'ut-aut-dolor-ex-sint-consequatur-asperiores-voluptatem', 1, 1, NULL, '2022-03-11 15:33:25', '2022-03-14 15:33:25'),
(23, NULL, 7, 'ut', 'Distinctio quos amet et optio.', 'excepturi yn213', '4315', '1513436794331', 'JAN', 'Quidem ut nam magni temporibus asperiores sed facilis vel. Maiores et assumenda sit culpa eveniet debitis unde. Non voluptate provident provident eveniet tempora dolor. Sunt debitis error incidunt ut voluptatum. Dolorum rerum molestiae id at laudantium ut eius. Qui quisquam aut consequatur nemo vero. Voluptatem nesciunt qui et reprehenderit qui. Deserunt nobis maiores fuga et nulla perspiciatis tempora.<p><br/><iframe frameborder=\"0\" src=\"//www.youtube.com/embed/AVpcxtH8hWg\" class=\"note-video-clip\" style=\"width: 100%; height: 475px; float: none;\"></iframe></p><br/>Facilis libero odit saepe aspernatur. Dolorem commodi est eaque sequi aut eveniet ducimus. Repellendus iusto explicabo reprehenderit debitis id. Ea aspernatur alias tenetur repellat. Consequatur consequatur voluptatem nobis architecto. Consequatur aut nulla molestiae dolorem fugit eveniet nam. Accusamus eveniet error recusandae.<img src=\"http://placeimg.com/640/360/any\" style=\"width: 50%; float: right; margin: 20px 0 20px 20px;\">Quaerat consequatur voluptatem distinctio debitis sunt et. Placeat magni dolores enim quis hic et. Nam ea sint autem est. Magnam error laboriosam eos non maiores. Nihil ut perferendis et excepturi eligendi architecto et vel. Sint voluptatem ipsum perspiciatis labore neque maxime. Temporibus minus quo nemo ea. Quidem saepe autem molestiae mollitia et et. Et ut perspiciatis beatae quis ut architecto ratione. Eius quas delectus quas magnam. Numquam est aut labore magnam natus. Non porro et incidunt et nihil. Et veniam est ea nesciunt. Voluptatem culpa qui et nobis vel. Necessitatibus voluptatem nulla in qui. Sed minima omnis itaque aperiam sed. Distinctio velit quo et quaerat consequuntur aut. Aut voluptatem nihil nihil ut quo et voluptatem. Autem odit ut molestias aut. Temporibus odio suscipit consequatur et molestiae dolorem unde dolor. Blanditiis deserunt et et voluptatem autem. Assumenda illo ab impedit sit itaque cumque doloremque quo. Veritatis voluptatem reprehenderit facere odio est hic sunt tempora. Voluptas et molestiae qui. Eos dolorum ut nam. Culpa porro incidunt libero voluptates perspiciatis. Eum eligendi nostrum quibusdam qui quis sit.<p><br/><img src=\"http://placeimg.com/640/360/any\" style=\"width: 100%; float: none;\"></p><br/>Illo expedita nihil possimus tempore modi iste. Nihil quam dolor blanditiis odio omnis. Nulla quo rem neque numquam quia eaque voluptatem. At aut sit facere. Distinctio sit ex repellendus enim autem explicabo. Illum natus dolor accusamus nisi. Quos eveniet temporibus voluptatem earum natus et. Totam libero modi eos dolores. Pariatur ipsa corrupti quia tempora. Facere sed earum sapiente nam dolor. Nisi eos minus ducimus numquam laudantium iste aut vero.', '0.000000', NULL, 12, 0, 1, NULL, 'similique-molestiae-hic-et-corporis-et-error', 4, 1, NULL, '2022-03-06 15:33:25', '2022-03-07 15:33:25'),
(24, 2, 13, 'laborum', 'Molestias rem hic voluptas nobis tenetur enim.', 'sunt wt013', '272308', '3192885944306', 'ISBN', 'Dignissimos quo cupiditate saepe labore inventore eligendi voluptatem. Iusto illo id in beatae. Repudiandae nulla ut qui ea perspiciatis. Rem ut sit suscipit dolore. Qui adipisci debitis praesentium nihil placeat nostrum ab. Eius est at est aut excepturi pariatur nostrum. Quod vero et quia. Corrupti qui eligendi ducimus necessitatibus qui quaerat quisquam. Atque ad sint et id illo. Rerum consectetur est accusantium aliquam nesciunt quaerat dolorem.<p><br/><iframe frameborder=\"0\" src=\"//www.youtube.com/embed/SKbHHcdLGKw\" class=\"note-video-clip\" style=\"width: 100%; height: 475px; float: none;\"></iframe></p><br/>Fugit quia et tempore at nostrum exercitationem vero iste. Aut qui laborum ut est. Aut sequi qui dolores et. Corporis et saepe laborum sit blanditiis ipsum. Reiciendis dignissimos eveniet provident sed rem. Aspernatur molestiae est consequatur omnis modi voluptatem autem. Earum est dolor excepturi expedita. Rerum eligendi dolor aut eaque possimus ipsa voluptas.<img src=\"https://picsum.photos/640/360.webp\" style=\"width: 50%; float: right; margin: 20px 0 20px 20px;\">Soluta adipisci velit aspernatur praesentium. Enim et doloribus earum est nisi fuga sed. Labore rerum iusto neque reiciendis corporis iste est. Doloribus sint nihil et labore rerum itaque. Maxime corporis consequatur recusandae officia eum ea. Culpa quaerat repudiandae est aut. Repudiandae voluptatem sapiente labore qui. Commodi tempore eum facilis numquam nam ut. Voluptatem aperiam aspernatur possimus culpa magni reiciendis. Quae velit eaque et ut. Illum culpa ad corporis sunt cum corrupti. In in itaque minus consectetur ipsa ut. Qui deleniti recusandae nihil qui omnis perferendis. Sit quia praesentium excepturi ut distinctio magni reprehenderit. Provident totam est omnis dolor eum perferendis nisi. Accusamus eum labore aperiam dolorem. Et ullam impedit et nulla laborum. Sunt deleniti nihil sint excepturi. Mollitia voluptas distinctio eos. Possimus cupiditate sit rem cumque. Velit non et odio corrupti incidunt. Iste quidem ut veniam est beatae est. Omnis non rerum dolores quos facere incidunt. Aut dignissimos exercitationem dicta et perferendis velit quos.<p><br/><img src=\"https://loremflickr.com/640/360\" style=\"width: 100%; float: none;\"></p><br/>Rerum velit magnam aspernatur enim reiciendis culpa. Et aliquid pariatur reiciendis magni autem ex. Voluptates perspiciatis et ut vitae et mollitia quae. Sunt magnam expedita sunt quia. Praesentium perspiciatis minus expedita praesentium dolor. Dolorum et repellat et ut vitae maiores. Nihil beatae dolor pariatur recusandae consequatur explicabo non numquam. Dolorem ut voluptatibus sed. Nemo eos optio dolor. Eum nesciunt illo dolorem et. Et dolorem id quos iusto earum.', '0.000000', NULL, 234, 0, 1, NULL, 'molestiae-harum-fugit-quam-totam-non-tenetur-nemo', 8, 1, NULL, '2022-03-11 15:33:25', '2022-03-10 15:33:25'),
(25, NULL, 11, 'consequatur', 'Sit dolore iste magni qui.', 'ad ug898', '93772884', '5971100822739', 'ISBN', 'Vel hic ea eum accusantium et. Totam quis ut et facilis qui harum quas enim. Et quis vel necessitatibus quo saepe minus natus voluptatem. Et consequatur quas sapiente et maxime. Quia eos voluptas at earum velit ullam nulla. Repudiandae aliquid qui natus. Placeat porro et velit quas nam. Iste consequatur voluptas id nulla. Ex qui aperiam quibusdam molestiae dolores labore neque. Aut et sint earum. Eligendi perspiciatis omnis nulla consectetur.<p><br/><iframe frameborder=\"0\" src=\"//www.youtube.com/embed/tJlzIJaokVY\" class=\"note-video-clip\" style=\"width: 100%; height: 475px; float: none;\"></iframe></p><br/>Molestiae est quia autem quibusdam. Quod est id est porro earum. Saepe autem id tempora minus adipisci molestiae deleniti. Enim quod soluta esse deleniti aliquid mollitia. Repellendus necessitatibus aut rerum sunt sed.<img src=\"https://picsum.photos/640/360.webp\" style=\"width: 50%; float: right; margin: 20px 0 20px 20px;\">Non exercitationem enim consequatur eius reprehenderit sapiente. Et qui itaque iste dolor. Cupiditate blanditiis iste impedit corrupti. Ipsam illum eius qui optio quia. Eos eos excepturi itaque aut ipsa voluptatem. Et quo aut suscipit molestiae qui nisi et. Aperiam modi optio natus exercitationem. Commodi a aliquid molestiae veritatis totam excepturi quae. Asperiores voluptates corrupti non doloribus quia. Eaque ea sapiente eos dignissimos vel. Quia totam in deleniti modi vitae corporis. Dolorem tempora velit quia consequatur. Molestias et aspernatur cupiditate voluptatem non et. Magnam qui neque blanditiis voluptates id qui ut maiores. Et praesentium et et saepe libero. Magni mollitia quibusdam hic architecto cupiditate. Dolorem odio autem asperiores qui nobis. Libero voluptas exercitationem explicabo quo maxime enim. Et doloribus delectus blanditiis quos dolore. Quia eum autem ea veniam. Aliquam rerum doloribus qui. Doloribus iusto atque vero error est ut maiores. Aut rerum est placeat nesciunt corporis aut voluptatibus. Commodi cumque rem qui non quibusdam asperiores sed.<p><br/><img src=\"https://picsum.photos/640/360.webp\" style=\"width: 100%; float: none;\"></p><br/>Corrupti quis voluptatum alias deleniti qui beatae. Quos nihil molestias rerum vel et voluptatum laborum. Eius rerum voluptatum vitae. A et veritatis sint porro. Labore magnam velit sed at qui harum. Labore earum occaecati in autem quis sit fugit. Excepturi possimus dignissimos eaque quis ut eaque eaque. Id aut doloribus inventore itaque omnis minus eos sapiente. Saepe odit sint iste tempora. Sapiente impedit libero eos debitis exercitationem atque. In sit id aut excepturi. Sit quia laborum repellendus iste ipsa qui quia officia. Et saepe ullam placeat possimus.', '0.000000', NULL, 116, 0, 1, NULL, 'esse-id-alias-fugiat-dignissimos-molestias-recusandae', 0, 1, NULL, '2022-03-12 15:33:25', '2022-03-13 15:33:25'),
(26, 2, 13, 'eveniet', 'Doloribus ratione nihil ut occaecati iusto unde vero.', 'dolorem gm795', '725238144', '0177043096908', 'EAN', 'Minus laborum consequatur eos. Omnis nostrum vel eligendi nam fuga quasi voluptas maiores. Est dicta ipsam quam beatae qui id explicabo. Consequatur aliquid a et in qui quae qui. Tenetur ratione ratione et nesciunt eius. Aut quia laboriosam aperiam neque illum aut. Qui nobis quam accusamus. Consectetur tempora suscipit quod aut eos laboriosam. Aut asperiores corporis est facilis sunt magni. Cum adipisci at praesentium.<p><br/><iframe frameborder=\"0\" src=\"//www.youtube.com/embed/MLpWrANjFbI\" class=\"note-video-clip\" style=\"width: 100%; height: 475px; float: none;\"></iframe></p><br/>Sed aperiam consequatur dolor consequuntur et accusantium. Et delectus voluptatum aliquam perferendis ipsam saepe repellendus. Dolore delectus libero repudiandae quibusdam. Sint non quaerat totam aut qui. Nam nesciunt aut nihil consequatur ut. Veritatis ut possimus aut culpa. Dolorem voluptatem assumenda harum blanditiis numquam.<img src=\"https://loremflickr.com/640/360\" style=\"width: 50%; float: right; margin: 20px 0 20px 20px;\">In eum officiis eligendi necessitatibus sed. Delectus ut rerum omnis eos cupiditate quisquam. Sed corporis velit velit quis. Sit ipsum tempora nam odit perspiciatis. Quae quis unde commodi quidem corporis et aspernatur vel. Quae excepturi quam hic consequatur eum aliquam. Quo nisi velit vero consectetur provident qui. Voluptates velit esse iure autem. Aliquid tempore deserunt nemo et. Deserunt inventore voluptatum eos laudantium maxime molestiae dolorem. Sunt est et et voluptatem voluptatem rerum. Quia quia non vel aperiam et doloremque quos. Explicabo ut aliquid id dolores et molestiae quidem. Expedita iure aliquam maiores eius consequatur odio. Sed quam quibusdam deserunt ex eos laborum. Corporis molestiae nihil tempora odit et in qui quisquam. Similique quas distinctio dicta eligendi. Nihil vero qui similique similique ut. Sit corrupti similique consequatur eos. Quia impedit impedit laboriosam ut aut. Velit ut autem veritatis eos dolore. Voluptatibus magnam voluptas at eveniet earum sapiente blanditiis et. Blanditiis illo inventore possimus ipsa. Voluptatem nihil earum eligendi consectetur ullam assumenda sunt sapiente. Sed libero nihil eos consequatur rerum rerum.<p><br/><img src=\"https://picsum.photos/640/360.webp\" style=\"width: 100%; float: none;\"></p><br/>Excepturi quasi aut esse sapiente occaecati. Quidem voluptatem in saepe accusamus laudantium dolor. Occaecati voluptatem sint autem asperiores esse saepe. Voluptas eos totam sequi corrupti commodi saepe. Enim tempora totam velit. Optio deleniti repudiandae harum accusamus eaque eaque architecto. Eaque explicabo quae dolorum libero minus et. Fugiat qui officia impedit et aperiam inventore. Similique nesciunt labore exercitationem eaque quas consequatur. Alias recusandae sunt neque dolorum fuga autem assumenda quis. Ex fugit illo iusto distinctio.', '0.000000', NULL, 534, 0, 1, NULL, 'suscipit-facere-voluptatem-distinctio-non-facere-expedita', 9, 1, NULL, '2022-03-03 15:33:25', '2022-03-08 15:33:25'),
(27, 3, 5, 'recusandae', 'Et et earum repellendus asperiores sed.', 'nam mc815', '416576832', '6114104963285', 'EAN', 'Temporibus velit est id ipsa. Voluptas provident ipsum beatae. Aut veritatis facilis perspiciatis esse quidem aperiam. Qui libero qui aliquid rerum qui ab. Necessitatibus voluptatem accusantium iste aliquid vitae atque aut. Delectus sed nulla necessitatibus dolor ut. Est sed id quis et. Praesentium laudantium consequuntur repellendus corrupti ratione. Asperiores aliquid autem unde eaque sit ipsa ut. Ut sapiente itaque earum. Eveniet hic consequuntur dolor dignissimos voluptas ut. Voluptatem est aspernatur voluptatem iusto.<p><br/><iframe frameborder=\"0\" src=\"//www.youtube.com/embed/7abGwVjXSY4\" class=\"note-video-clip\" style=\"width: 100%; height: 475px; float: none;\"></iframe></p><br/>Nihil eligendi quia aut omnis neque deleniti non. Eaque consequatur maxime aut qui. Et saepe modi non sint pariatur qui sequi. Qui fugiat eum in temporibus. Sunt nobis qui enim voluptatibus. Minima pariatur in non in laborum nostrum soluta. Sit enim necessitatibus earum iste et in.<img src=\"https://loremflickr.com/640/360\" style=\"width: 50%; float: right; margin: 20px 0 20px 20px;\">Accusantium cum sit fugit nihil fuga. Rerum aspernatur et quibusdam voluptatem pariatur. Quod nihil reprehenderit sit tempora ea neque. Voluptatem omnis reprehenderit pariatur omnis dolores quis ipsam. Debitis officiis rem quisquam libero excepturi qui accusantium. Ex adipisci repellat asperiores. Veniam quibusdam ut alias dolores. Est accusamus sunt modi aut libero ratione rem. Et accusantium debitis voluptatem impedit sit blanditiis repudiandae. Quae quae necessitatibus eos dicta repudiandae rerum aut. Earum tempora blanditiis qui velit. Perspiciatis ipsum possimus optio mollitia debitis. Qui minima aperiam blanditiis doloribus ut velit. Dolores delectus facilis est quo non fugit. Sed aliquid inventore possimus voluptas. Omnis voluptas ad commodi aut reprehenderit. Harum dolore cum sapiente voluptatum et. Est repudiandae voluptatibus labore necessitatibus est. Qui quod vero qui quaerat animi ipsam aut voluptas. In est odit vero pariatur ut. Sed labore voluptatum praesentium doloribus. Sapiente perspiciatis sit consequatur amet non et. Earum doloribus iusto ratione odio quibusdam alias ex.<p><br/><img src=\"https://loremflickr.com/640/360\" style=\"width: 100%; float: none;\"></p><br/>Rerum dolor amet et quibusdam eligendi laborum pariatur. Quia eos qui voluptas inventore quidem optio. Cupiditate numquam occaecati saepe maxime consectetur fuga rem. Minima voluptate aspernatur id occaecati voluptates nulla. Velit et nisi ea repudiandae quia placeat. Non qui quaerat exercitationem. Sit numquam magni ad officia velit. Nisi et dignissimos recusandae eos tempore quam doloremque. Sint sed id est quia praesentium ad. Molestiae et rerum autem. Harum ut ad delectus et. Incidunt magnam et nesciunt sunt sint vel.', '0.000000', NULL, 729, 1, 1, NULL, 'impedit-aliquid-illum-reprehenderit-voluptas-eum', 3, 1, NULL, '2022-03-13 15:33:25', '2022-03-06 15:33:25'),
(28, 5, 4, 'facilis', 'Incidunt rerum quos voluptas vel molestiae natus ipsa fugit.', 'et ic547', '413476802', '6627962010591', 'ITF', 'Non quo ex rerum aut ad repellendus quisquam. Recusandae eum eveniet ipsa. Et et temporibus ipsum amet. Hic aliquid eum ut non doloremque. Eos quia at provident explicabo ut. Beatae non labore quibusdam corporis. Culpa commodi vel omnis minima. Officiis facere labore voluptas omnis. Est id sed aspernatur dolores laborum aut. Cum nihil illum sapiente qui dolor enim. Dolorem facilis ratione veniam quas perspiciatis doloremque corrupti natus. Non eos velit repellendus recusandae dolores quod et.<p><br/><iframe frameborder=\"0\" src=\"//www.youtube.com/embed/mATMpaPBBFI\" class=\"note-video-clip\" style=\"width: 100%; height: 475px; float: none;\"></iframe></p><br/>Reiciendis qui magni quis eum. Eveniet doloremque ab in quae. Veniam mollitia ex non odit. Voluptate rerum nihil qui eos et necessitatibus consectetur vero. Nihil illum earum qui ex qui et. Enim quis corporis natus saepe sint dolorem ullam. Fugit ab velit possimus consequatur voluptatum. Non facere ullam quod quia expedita doloremque quos commodi.<img src=\"https://loremflickr.com/640/360\" style=\"width: 50%; float: right; margin: 20px 0 20px 20px;\">Ut facere fugiat eum cupiditate. Earum non et in velit dolores tempore totam incidunt. Cupiditate earum dolores praesentium ut minus at ut. Ut ut voluptatem eos dolor quae sint placeat magni. Eveniet nisi quasi ex harum quae quia. Non est vel rem ab nam. Et earum commodi vel quia excepturi. Esse voluptatem et quas harum. Praesentium voluptas enim magnam in saepe molestiae. Ut est distinctio reiciendis architecto et omnis quod. Non omnis ad qui voluptatem ipsa. Minus corrupti reprehenderit nisi rerum itaque doloribus voluptatum. Et recusandae deserunt facere quasi et. Placeat deserunt tenetur in suscipit dolor. Quam rerum quidem autem incidunt quidem. Qui placeat quos est. Enim nisi dignissimos autem qui dolorem aspernatur eligendi. Et ipsa corporis quaerat iure. Iste aut incidunt occaecati impedit alias. Repellat mollitia nam repudiandae enim ipsam. Doloribus nesciunt atque temporibus. Dolor est ut est distinctio et temporibus. Corporis et sit ea nostrum voluptas dolorem. Ea distinctio et voluptas nihil non amet. Sed similique quis beatae esse nulla ratione quisquam. Harum dignissimos ut voluptatum aliquam voluptatem fugit laboriosam.<p><br/><img src=\"https://loremflickr.com/640/360\" style=\"width: 100%; float: none;\"></p><br/>Mollitia et excepturi facilis et. Ut a est temporibus veniam quas quis amet. Autem culpa ipsam dolorem ipsa expedita. Dolorem repellendus et officiis impedit et. Qui voluptas quis sit excepturi praesentium. Est consequuntur sit expedita itaque accusamus necessitatibus. Quaerat necessitatibus voluptatem ipsam incidunt quo aperiam molestias. Necessitatibus tempore qui non in fugit. Autem animi alias molestias possimus blanditiis vel. Qui sit ut recusandae saepe. Amet doloremque culpa voluptatem illo occaecati maiores quo. Voluptatem occaecati iure voluptas illo omnis dolorum quae.', '0.000000', NULL, 454, 0, 1, NULL, 'hic-voluptas-aut-nobis-eius-doloremque-aut-assumenda-dignissimos', 0, 1, NULL, '2022-03-02 15:33:25', '2022-03-05 15:33:25'),
(29, 5, 5, 'magni', 'Omnis aliquam rerum et dolores itaque enim non.', 'id fe790', '57998', '1826774758379', 'ISBN', 'Voluptatem labore sit officia aut id accusamus voluptas. Et alias repellendus tempora eum rerum est in. Beatae corrupti illo eos earum quisquam. Corrupti corrupti velit sapiente accusantium aut. Odio accusantium temporibus nam magnam laudantium ipsam blanditiis hic. Fuga velit molestias cumque eos et non beatae. Placeat tempora sit voluptatem quis dolores sunt molestiae excepturi. Fugiat optio similique officiis perferendis a et.<p><br/><iframe frameborder=\"0\" src=\"//www.youtube.com/embed/MLpWrANjFbI\" class=\"note-video-clip\" style=\"width: 100%; height: 475px; float: none;\"></iframe></p><br/>Et rerum praesentium placeat quas consequatur vel. Aut cum maxime autem veritatis occaecati vitae consequatur doloribus. Maxime eveniet et error et. Id aperiam laborum sit eos sequi et. Veniam necessitatibus aut quae. Est non et voluptas doloremque quis. Omnis voluptas aut quaerat aut. Voluptates quibusdam quo qui et. Tempore commodi nobis et vitae quia. Corporis consequatur voluptatibus et et.<img src=\"https://loremflickr.com/640/360\" style=\"width: 50%; float: right; margin: 20px 0 20px 20px;\">In quo debitis mollitia vero. Placeat consequuntur ad et delectus. Explicabo est porro dolores occaecati. Delectus modi placeat est nobis quis. Amet non esse iusto eius. Nobis id maiores eos est excepturi fugiat. Fuga iste dolores harum ipsam animi aspernatur qui. Ex nihil a facilis expedita quidem quia voluptates. Voluptas et nostrum ex ipsum accusantium neque id. Delectus omnis et ut non aut fuga illum. Ducimus est voluptatibus sed aut. Esse velit vel tenetur dolore. Et at nulla enim porro magni dolor quis. Aliquam ut qui officia possimus pariatur voluptatem enim. Suscipit quasi ut non sapiente. Odit modi totam minus est. Quod officia sit sit. Repudiandae ullam aut et excepturi facere adipisci. Tempora sed rerum nihil quas ipsum velit. Earum amet ipsa illo ad dolorem necessitatibus. Est in mollitia enim enim aperiam voluptates voluptatem. Non perferendis qui et pariatur. Laborum eaque consequatur necessitatibus voluptatem explicabo voluptatum qui. Ex ut ea ea architecto. Reiciendis alias aut nobis nihil. Voluptatem repudiandae ut aliquam nihil et. Sit temporibus tempora facere deleniti delectus.<p><br/><img src=\"https://loremflickr.com/640/360\" style=\"width: 100%; float: none;\"></p><br/>Excepturi voluptas nam non quaerat doloribus labore. Sit sit ea enim. Quos voluptatum non et officia magni. Sed exercitationem et et. Esse molestiae occaecati dignissimos praesentium. Qui ipsam ut aut ut. Quibusdam vel quo sapiente placeat aliquam quas ratione veritatis. Modi tenetur magni et numquam reiciendis pariatur libero. Eum nemo doloribus sit eveniet rerum laboriosam aliquam. Corrupti eveniet et fugit sequi quod saepe doloremque minima. Et veniam ut asperiores omnis. Quasi aut vel in voluptas mollitia tempore.', '0.000000', NULL, 16, 0, 1, NULL, 'voluptas-omnis-totam-provident-repellendus-illum-est', 2, 1, NULL, '2022-03-08 15:33:25', '2022-02-27 15:33:25'),
(30, 5, 3, 'corrupti', 'Et inventore distinctio soluta quia voluptatum blanditiis id.', 'recusandae hn768', '34299572', '6894861115126', 'ITF', 'Molestias quisquam laudantium non voluptatem. Iure distinctio voluptatem minima veniam velit velit error dolorem. Et non et ex facilis saepe officiis. Corporis facilis error consequatur nesciunt ipsam quia. Maxime alias excepturi rerum et. Assumenda ratione autem hic optio. Adipisci non sed hic ut pariatur sint. Saepe unde repellat sit dolor quia in perspiciatis. Laudantium quia et ducimus facere enim et. Nemo quod quos fugiat in autem. Fugit a est tempore. Rerum et commodi sit sed doloribus. Dolor sequi et cumque ipsum eaque ut.<p><br/><iframe frameborder=\"0\" src=\"//www.youtube.com/embed/tJlzIJaokVY\" class=\"note-video-clip\" style=\"width: 100%; height: 475px; float: none;\"></iframe></p><br/>Et perferendis illo incidunt sed ut in. Dolor saepe ut quae porro id mollitia hic. Neque soluta ut voluptas corporis. Vitae ipsum ipsam fugit provident delectus est. Eius sit odio dolores dicta. Nesciunt explicabo eum officiis sed ad laborum. Animi fugit in omnis quia. Quis et velit est quas. Est adipisci ut rerum. Aliquam quis corporis beatae molestiae impedit rerum.<img src=\"http://placeimg.com/640/360/any\" style=\"width: 50%; float: right; margin: 20px 0 20px 20px;\">Quia enim neque libero illo quisquam. Et ullam magnam et dolor. Voluptatem praesentium provident repellat. Est qui quam qui voluptate quia deleniti. Sequi molestias voluptatem laudantium quaerat deserunt voluptas voluptas. Aut aut beatae a. Minima deserunt recusandae culpa qui et velit. Beatae reprehenderit omnis est. Iure et rerum sint ut eum dolorem accusantium voluptatibus. Deleniti ipsum eum sint dolore. Corporis molestias temporibus officia consequatur veritatis. Ut exercitationem assumenda qui voluptate facere a eaque. Itaque eveniet veniam quod qui alias veniam. Vero repellat accusamus ipsa non. Quo qui consequuntur consequuntur inventore. Iure aut qui ad facere sed nihil. Accusantium quis excepturi sed neque. Sunt necessitatibus reiciendis odio. Aut eligendi ut nesciunt. Sed placeat totam magnam rerum sunt cumque. Omnis error aspernatur fugiat qui et. Quaerat blanditiis ipsum ut est totam doloremque. Enim voluptatem alias perferendis labore quo. Est excepturi assumenda est et iusto. Ut excepturi est maiores rerum. Ea sed voluptas qui voluptatem amet. Aut quo modi excepturi iusto.<p><br/><img src=\"https://loremflickr.com/640/360\" style=\"width: 100%; float: none;\"></p><br/>Vero dolorem molestias sed nesciunt et eos qui. Facere temporibus dignissimos excepturi rerum perspiciatis et similique. Nostrum quasi unde eaque commodi ea. Laboriosam ea fugit cupiditate et animi dicta omnis. Voluptas ut omnis tenetur voluptatem sint. Deleniti odio fuga sed sint a magni. Laudantium ducimus molestiae laboriosam magni. Officia magnam ipsa dolor omnis. Et voluptas ut non amet sit ea. Hic sit facere voluptates laboriosam incidunt repellat eum sunt. Nobis explicabo et odio exercitationem magnam.', '0.000000', NULL, 612, 0, 1, NULL, 'maxime-commodi-sunt-ex', 6, 1, NULL, '2022-03-01 15:33:25', '2022-02-27 15:33:25'),
(31, 5, 11, 'saepe', 'Dolor quidem voluptatibus excepturi voluptas laborum aut sunt.', 'aut uk742', '84320', '9816646794804', 'JAN', 'Iste rerum consequatur quia adipisci provident in. Non animi voluptatibus iure quo. Eum explicabo nemo aspernatur. Quia repellat quisquam assumenda animi. Ut ut consequatur dolores quaerat quo consequuntur soluta omnis. Aut corrupti perferendis dolorem non cum. Temporibus non enim et dolor quidem sint voluptas id. Veniam eius architecto vel deleniti voluptas quae. Rem sed neque natus et molestiae corrupti. Magnam nostrum quam rerum vel dignissimos aut.<p><br/><iframe frameborder=\"0\" src=\"//www.youtube.com/embed/AVpcxtH8hWg\" class=\"note-video-clip\" style=\"width: 100%; height: 475px; float: none;\"></iframe></p><br/>Beatae impedit quo dolor non id possimus iusto. Dolore placeat totam nobis dolores. Velit iusto voluptate eaque et. Quidem ut omnis dolore asperiores corporis occaecati. Asperiores odio labore rerum laudantium distinctio maiores. Et eius odit tenetur repellendus consequatur sit ut. In nihil at eaque qui nostrum placeat. Debitis et quis repellat voluptatum ducimus.<img src=\"http://placeimg.com/640/360/any\" style=\"width: 50%; float: right; margin: 20px 0 20px 20px;\">Inventore et aut eum est. Mollitia molestiae sed nihil voluptatem. Rem eveniet illum eligendi dolore ut. Aut dolores reprehenderit ad aliquid at. Iusto dolor eveniet officia quis. Voluptatem dicta sapiente explicabo laboriosam et possimus quas. Repudiandae error omnis in ea non nisi consectetur. Qui asperiores similique corrupti aut totam quia sunt. Tempora ab est consequuntur vero voluptatibus esse deleniti. Asperiores voluptate consequatur rem iste ut at. Itaque in dolore necessitatibus fugit optio aspernatur. Recusandae nisi et itaque distinctio blanditiis id. Neque vel doloremque aspernatur et ea magnam et. Et fugiat et expedita quia reprehenderit est saepe. Quia qui quidem natus ex incidunt deleniti enim molestiae. Accusantium cumque fuga at. Vel iste eos ea aspernatur totam incidunt veniam soluta. Ut sed sint sequi sed nam itaque. Distinctio pariatur ducimus perferendis est eos. Consequatur et voluptatem libero dolor placeat doloremque. Consectetur hic reprehenderit quasi ad consequatur error et quisquam. Et earum dolor fuga nam quam. Odio omnis eveniet quae aperiam suscipit. Sunt sit id magnam magni. Atque pariatur veniam incidunt qui quo.<p><br/><img src=\"https://picsum.photos/640/360.webp\" style=\"width: 100%; float: none;\"></p><br/>Vero error consequatur magnam voluptatem rerum aspernatur. Natus itaque qui velit rerum dolore ut sapiente. Et qui asperiores itaque ex officia. Repudiandae magni sed qui labore consequatur nemo eveniet. Autem et provident est praesentium. Facere suscipit unde nemo laudantium labore ullam quo. Excepturi illo et quis nulla recusandae corrupti. Eos perferendis ullam et non pariatur harum et aut. Architecto amet dicta alias repellendus. Ea sit voluptates cupiditate enim libero. Ullam animi eaque illo doloremque necessitatibus repellendus officia. Ipsam rerum natus esse alias sunt doloremque.', '0.000000', NULL, 626, 0, 1, NULL, 'ipsam-sit-aliquid-eos-reiciendis-iste-saepe-voluptatem-ipsum', 7, 1, NULL, '2022-03-12 15:33:25', '2022-02-28 15:33:25');
INSERT INTO `products` (`id`, `shop_id`, `manufacturer_id`, `brand`, `name`, `model_number`, `mpn`, `gtin`, `gtin_type`, `description`, `min_price`, `max_price`, `origin_country`, `has_variant`, `requires_shipping`, `downloadable`, `slug`, `sale_count`, `active`, `deleted_at`, `created_at`, `updated_at`) VALUES
(32, NULL, 12, 'doloremque', 'Consequuntur recusandae aspernatur ea rerum cum vel sunt.', 'et uq540', '7102', '8775276133111', 'JAN', 'Assumenda et impedit dignissimos dolor culpa. Quia ad voluptatem ipsa facere vel saepe. Nam est id id deleniti. Exercitationem sed rem autem harum maiores eum ut. Consequatur corporis in ducimus qui est et quo. Nostrum quibusdam cupiditate sint voluptas veniam. Corrupti adipisci consectetur officia rerum molestiae ut. Est nobis nam unde. Assumenda sunt voluptatem laboriosam consequatur est. Tenetur ducimus non ullam aperiam. Rerum similique neque omnis amet sit et eligendi.<p><br/><iframe frameborder=\"0\" src=\"//www.youtube.com/embed/tJlzIJaokVY\" class=\"note-video-clip\" style=\"width: 100%; height: 475px; float: none;\"></iframe></p><br/>Quisquam necessitatibus non necessitatibus quaerat iusto. Enim suscipit at quae dignissimos excepturi itaque alias. Iusto autem ut dolorem laborum. Nihil et ab aut. Blanditiis nihil ex culpa et. Perferendis quos nihil vero rerum eos sit ut quia. Quas eum tenetur excepturi a culpa necessitatibus. Eos qui vitae laborum consequatur.<img src=\"https://picsum.photos/640/360.webp\" style=\"width: 50%; float: right; margin: 20px 0 20px 20px;\">Itaque sit consequatur sit veritatis aut sequi ut a. Vel in soluta at qui nam cupiditate. Ut voluptatem ratione quos eveniet dolores. Ullam voluptatem consequuntur quis nobis. Sint rerum sint alias iure dolor praesentium laudantium quod. Nam inventore aut odio suscipit quod omnis tenetur. Ducimus eos rem et velit. Sapiente et veritatis ex voluptatem. Ad accusantium sequi temporibus autem. Dolorem quaerat et eos accusantium sequi. Illo culpa nesciunt tempore similique cum. Impedit et soluta earum sequi et recusandae. Velit voluptatem rem inventore ea. Aut voluptatem nulla exercitationem est est nihil et dolore. Magni sit pariatur quia eos corporis asperiores dolor itaque. Ducimus voluptatem dolore harum amet harum. Aliquam aut rerum impedit inventore reprehenderit eligendi voluptatum. Illo tempore dolor eligendi nesciunt. Doloremque velit enim ullam dolores temporibus modi. Sint quos repudiandae cum nisi delectus numquam laudantium. Molestias mollitia reprehenderit officiis sequi eveniet laborum consequatur. Et hic et magnam consequatur. Et modi officia maiores ipsum fugit voluptas saepe. Vel recusandae dignissimos repellendus dolores nostrum.<p><br/><img src=\"https://loremflickr.com/640/360\" style=\"width: 100%; float: none;\"></p><br/>Consequuntur a maiores nostrum ad vel. Ea consectetur quia at enim rerum consequuntur ex. Harum officia iusto accusantium minima repellat. Nihil ut numquam quo dolores. Exercitationem et repellendus corrupti quia numquam distinctio aut. Aut mollitia voluptas facere harum. Culpa aut similique non molestias. Natus aliquid ut id sed totam iusto. Sint nam et amet. Ex odio sapiente omnis animi et quibusdam repudiandae. Dolores et est assumenda aut. Eius dolor aut odio nam enim sequi. Dignissimos voluptas dolor laboriosam quia quae id beatae.', '0.000000', NULL, 706, 0, 1, NULL, 'voluptatum-minus-fuga-accusantium-maxime-in-odit-cum', 2, 1, NULL, '2022-03-07 15:33:25', '2022-03-10 15:33:25'),
(33, 5, 1, 'distinctio', 'Iure omnis neque velit nostrum.', 'impedit ei521', '28100', '2880179765492', 'ISBN', 'Earum accusantium alias illum quaerat modi natus est. Quo aliquam fugiat veniam sit. Perspiciatis fuga labore repellendus ipsum eligendi doloremque. Vitae accusantium neque possimus dolorem aspernatur fuga dolorem. Recusandae explicabo neque omnis accusantium consequatur nobis omnis. Autem et nostrum aut reprehenderit hic. Optio reprehenderit et ducimus eveniet magni dolor aperiam. Omnis quia accusantium cumque impedit et at. Totam nam et quia blanditiis quos quisquam odio. Labore sed commodi saepe sed.<p><br/><iframe frameborder=\"0\" src=\"//www.youtube.com/embed/n7EmdNsKIhk\" class=\"note-video-clip\" style=\"width: 100%; height: 475px; float: none;\"></iframe></p><br/>Dolores quae deleniti pariatur quos. Labore atque porro vel illum debitis. Velit sunt et id. Sed eaque aliquid fugit consectetur velit magnam nam. Aut in omnis vel modi ex illo laborum. Quidem necessitatibus qui aliquid eum nisi non quia. Non nobis sit natus voluptatem laudantium et.<img src=\"https://picsum.photos/640/360.webp\" style=\"width: 50%; float: right; margin: 20px 0 20px 20px;\">Fuga fugiat quasi delectus recusandae at eum qui. Aut sit harum corporis nam similique iure. Ratione qui quae dolor aliquam laborum fugiat vero veritatis. Et perferendis est in quidem. Dolor illo dolores rerum ipsa voluptatem. Quas rerum voluptate sit recusandae omnis quibusdam sint. Amet recusandae molestias ratione facere necessitatibus occaecati. Quia et nam qui accusamus fugit quia. Aut aut dignissimos cum et. Omnis quis delectus sequi facere minima. Quia et ut at facilis et voluptatibus corrupti. Amet sint cupiditate quam. Ut possimus nihil et debitis magni. Beatae rem fugit nam at. Tempore eos sed nihil id aliquam. Architecto laborum aut vel et debitis ducimus. Sequi non rem sint harum et. Vitae ut ut libero et sit excepturi. Quia delectus nesciunt ea dolorum voluptatem laborum id. Voluptatem beatae fuga ipsa dicta odio deserunt. Quasi doloremque tempora eos quo. Voluptas nulla est assumenda odio cum provident laboriosam ut. Nihil quas totam nihil quis quis. Consequatur et quae deleniti ut dolore nesciunt. Aut facere alias iste nam qui deleniti saepe. Sed mollitia facere mollitia maxime libero. Autem blanditiis blanditiis magni.<p><br/><img src=\"https://picsum.photos/640/360.webp\" style=\"width: 100%; float: none;\"></p><br/>Exercitationem fuga nulla voluptatem ut et vero possimus. Ipsa soluta et vitae non perspiciatis neque. Provident ut quis saepe nemo. Nam amet at voluptate. Aut libero accusantium id saepe qui sit dolore distinctio. Dignissimos dignissimos vel et sequi vitae illo mollitia. Molestiae unde veniam ut ut ut aut officia. Sit enim eius aut eius. Qui aut vel in magnam consectetur maxime accusamus. Nisi et cum saepe delectus cupiditate dolores repudiandae. Facilis similique neque qui recusandae mollitia.', '0.000000', NULL, 300, 0, 1, NULL, 'ut-laborum-molestiae-doloremque-doloribus', 7, 1, NULL, '2022-03-09 15:33:25', '2022-03-10 15:33:25'),
(34, 3, 2, 'et', 'Excepturi molestiae quia maiores rem sit eius exercitationem inventore.', 'impedit xv999', '9', '5522462327297', 'JAN', 'Reprehenderit hic temporibus consequatur quam. Voluptatem corrupti tempora corrupti voluptas maxime dolore. Aperiam autem dolorem et unde tenetur eveniet fuga. Quaerat eligendi iure assumenda eos. Nobis perspiciatis qui enim saepe est voluptatem. Maxime rerum labore pariatur quis tempora aperiam est. Voluptas unde voluptatem perferendis dicta aliquid id voluptatem architecto. Recusandae similique perspiciatis excepturi voluptatibus architecto tenetur eos. Rerum quos ea et quo ullam sit aut earum. Rerum impedit facilis et dolor eum sapiente.<p><br/><iframe frameborder=\"0\" src=\"//www.youtube.com/embed/n7EmdNsKIhk\" class=\"note-video-clip\" style=\"width: 100%; height: 475px; float: none;\"></iframe></p><br/>Neque voluptatem impedit molestias facilis veritatis est. Velit quas ipsum qui. Nobis tenetur non id cum. Earum quidem quisquam et. Quia iste dolore reiciendis maiores velit id impedit. Et totam dolor sunt dolorem. Ab adipisci quia sapiente amet vitae dolorem. Et ut officiis consequuntur voluptatem omnis.<img src=\"https://loremflickr.com/640/360\" style=\"width: 50%; float: right; margin: 20px 0 20px 20px;\">Dolorum consequatur sed molestiae eos totam et. Omnis nulla illum repellendus tempore facilis. Omnis aliquam fugit nulla adipisci consequuntur. Dolorum aut quia qui animi numquam et voluptate. Rerum ad voluptatum quia officiis culpa quas expedita. Sunt esse dolorem labore. Quas fuga sint laudantium iure. Modi sint veniam alias et vel. Distinctio eveniet debitis ut voluptas omnis animi. Illum enim odio accusantium rem porro impedit aut. Maiores commodi rerum sed quasi ullam ut laborum perspiciatis. Aliquid possimus omnis voluptas ab nobis doloremque ipsam. Ab officiis nulla ducimus ullam non atque enim. Officia soluta minima officiis eius porro doloremque architecto voluptate. In est et sint praesentium velit facere est. Corporis sed assumenda consequatur. Quis nesciunt alias repudiandae praesentium amet. Veritatis quo voluptatibus placeat voluptatem totam. Soluta rerum ut officiis ducimus ex qui fugiat. Quidem ut nihil quas repellat unde soluta. Eum maiores laborum consequatur corporis. Cum sit dolores ullam a et quos vel. Modi corrupti natus ipsum consequatur animi et quos reprehenderit. Facere aut et fuga eligendi possimus nesciunt ut.<p><br/><img src=\"http://placeimg.com/640/360/any\" style=\"width: 100%; float: none;\"></p><br/>Ut ab rerum omnis distinctio. Quas veniam nulla doloremque aspernatur et suscipit omnis ratione. Officiis magnam architecto quisquam quasi. Harum rerum explicabo nostrum rerum. Vitae delectus sit doloribus. Quos dignissimos aut in fugit fuga quia. Rerum odio beatae a dolor fugiat qui explicabo. Et et debitis adipisci ut excepturi ullam. Molestiae est corrupti eos non. Voluptas magni est placeat. Esse nisi sit pariatur vel consectetur voluptas. At et est perspiciatis neque nesciunt. Et ipsa corporis eaque nobis. Voluptatem quia voluptatibus nulla quam a in rerum. Molestias in quos ratione est.', '0.000000', NULL, 533, 1, 1, NULL, 'harum-dolore-qui-eaque-magni-quos', 3, 1, NULL, '2022-03-07 15:33:25', '2022-03-06 15:33:25'),
(35, NULL, 11, 'provident', 'Aut sed non vero.', 'eos vt722', '918', '3199744100064', 'ITF', 'Hic quam ut accusamus ea tempora qui animi. Quo sed ut ullam omnis eligendi nihil voluptas. Esse et molestias delectus iste voluptatem accusamus ipsam. Et est sapiente accusamus adipisci. Quaerat assumenda tempore tenetur voluptates magni. Est voluptatem est non quo incidunt dolore ut. Doloribus iste qui mollitia. Sint consequatur recusandae dolorem quis. Ratione fuga sed eaque sed vel accusantium amet qui. Esse asperiores at temporibus nihil magnam et rerum. Rerum sit ipsum cum ut id adipisci libero. Impedit aperiam maiores quod non.<p><br/><iframe frameborder=\"0\" src=\"//www.youtube.com/embed/MLpWrANjFbI\" class=\"note-video-clip\" style=\"width: 100%; height: 475px; float: none;\"></iframe></p><br/>Optio cupiditate facere rem non vel ut. Totam blanditiis culpa qui minus perferendis voluptatum dolorum. Exercitationem quia quae aliquam consequuntur voluptate. Quas sed quam ratione ea quaerat voluptas. Voluptas nam necessitatibus cum blanditiis enim tempora consequatur. Illo dolorum quam est et similique. Rem laborum aut enim ipsam voluptates ea.<img src=\"https://picsum.photos/640/360.webp\" style=\"width: 50%; float: right; margin: 20px 0 20px 20px;\">Rerum sequi aut ut non at et. Et repellat beatae minus labore maxime saepe totam. Ex eligendi incidunt eos eum dolorem nihil aspernatur. Alias eos pariatur at fuga nostrum. Aut tempore vero consequatur ad. Minus sit in debitis voluptas. Accusamus dolorem odio nobis vitae. Corporis sint modi et quam est tempore. Quisquam dolores fugiat distinctio tempore. Ut deserunt nam possimus dolorum. Voluptate nisi qui molestiae. Reiciendis cumque earum ad est exercitationem mollitia. Dolorem quis qui ut possimus assumenda sequi eligendi. Accusamus ut voluptas a odit sit quidem. Ratione ipsum voluptatum nihil temporibus. Libero vitae non provident reiciendis quas vitae. Velit eveniet magni delectus earum officiis eius. Ex voluptates eaque animi atque ullam vel libero. Blanditiis vero natus delectus quibusdam voluptatem. Corporis voluptatibus natus aut praesentium occaecati voluptatem a. Et pariatur ut quas. Et ipsam blanditiis et ut et. Tenetur quo atque velit adipisci unde. At rerum harum autem est laudantium fuga.<p><br/><img src=\"https://loremflickr.com/640/360\" style=\"width: 100%; float: none;\"></p><br/>Tempore ea enim harum cum sint ratione odio. Molestias necessitatibus error a aliquid. Eum labore perspiciatis totam quo. Expedita architecto nisi ut tempora nostrum nostrum. Corrupti impedit omnis expedita numquam ut maxime aut. In consequatur omnis esse nihil. Quaerat dolor ad aut quo molestiae magnam. Libero non hic et unde. Id eligendi autem veritatis natus in corporis. Quia occaecati sed maiores. Sunt suscipit eveniet distinctio est veniam nostrum quia molestias. Libero nesciunt labore harum eveniet nostrum. Asperiores voluptas voluptas aut explicabo est non.', '0.000000', NULL, 430, 0, 1, NULL, 'adipisci-distinctio-cupiditate-modi-corrupti-dignissimos-veritatis-aut', 4, 1, NULL, '2022-03-02 15:33:25', '2022-03-11 15:33:25'),
(36, NULL, 7, 'itaque', 'Sint dolores amet debitis voluptatum nulla similique enim.', 'eum qd717', '8705', '5132255269415', 'ISBN', 'Enim molestiae suscipit aut corrupti et. Et consectetur deserunt sed. Sit neque voluptas ipsum ipsam est unde. Ratione labore libero aspernatur cupiditate deleniti aliquid debitis quasi. Et illum eligendi fuga voluptatibus et molestiae non sit. Sunt et alias ullam in aut velit. Quos ut nihil nisi soluta rerum dolores. Earum officiis sit aut eius at ex et quisquam. Qui ut illum ut culpa earum. Deleniti quia et tenetur aliquam. Sunt quod inventore vel repudiandae aut repudiandae laudantium rerum.<p><br/><iframe frameborder=\"0\" src=\"//www.youtube.com/embed/AVpcxtH8hWg\" class=\"note-video-clip\" style=\"width: 100%; height: 475px; float: none;\"></iframe></p><br/>Dolore voluptatem voluptas laborum qui neque. Laboriosam quis quis voluptates aspernatur tempore et error provident. Nostrum labore iure quibusdam. Aspernatur atque omnis velit odit ex. Vero consequatur saepe consectetur ut est tenetur quia. Eos aut quod sit eos. Dolor magnam sequi deleniti. Minima accusantium dicta cumque est fugiat corporis.<img src=\"https://loremflickr.com/640/360\" style=\"width: 50%; float: right; margin: 20px 0 20px 20px;\">Ipsa placeat cum aut molestias perspiciatis blanditiis. Ex fugiat occaecati dolor mollitia. Qui cum voluptates et aspernatur est aut. Assumenda officiis ea alias dolorum ullam at autem vel. Et eaque in non excepturi eum aliquid et aspernatur. Eligendi omnis repudiandae aliquid eveniet. Quaerat illum sint dolore ab delectus. Blanditiis itaque recusandae et nihil non consequuntur voluptatem. Ut quas quibusdam aspernatur consequuntur consectetur sit. Est culpa et ratione ab dicta. Nihil excepturi et reiciendis iste sint voluptas. Ducimus voluptates consequuntur doloribus quibusdam. Autem iste quis minus est quaerat sunt. Est odit quaerat commodi voluptates aliquam. Dolores eveniet qui voluptas odit nostrum suscipit. Est nesciunt et non laborum vero. Porro eius aut rerum aut. Harum minima id ipsa et. Deleniti voluptatibus sunt quas quis. Id nam placeat accusantium cumque ipsa. Excepturi iure magni adipisci placeat possimus quidem ut. Est voluptate deleniti nemo omnis rerum excepturi. Illo illum omnis animi eveniet ea temporibus.<p><br/><img src=\"http://placeimg.com/640/360/any\" style=\"width: 100%; float: none;\"></p><br/>Occaecati officiis laboriosam explicabo aliquid. Et ut qui repellat ipsum eius ex aliquam. Modi qui harum id culpa eligendi repellendus. Occaecati sed ad sed numquam nihil corrupti. Deleniti a veritatis rerum voluptatem voluptas voluptas. Nulla et quis eum sunt libero. Ipsum dolores iste minima non. Repudiandae ex praesentium sunt praesentium. Repellendus amet et eaque laudantium voluptas. Accusantium quis modi temporibus quasi. Molestiae vel dolor nihil. Aut consequuntur aut et veritatis porro debitis.', '0.000000', NULL, 818, 0, 1, NULL, 'dolores-aut-tempora-similique-et', 1, 1, NULL, '2022-03-02 15:33:25', '2022-03-14 15:33:25'),
(37, NULL, 11, 'quisquam', 'Exercitationem autem consequatur non qui deleniti omnis ipsam.', 'totam wh253', '4', '1342683964323', 'ISBN', 'Quia est nam ea beatae accusamus. Ut numquam ea facere. Neque sint aut velit perspiciatis tempora maiores assumenda. Unde autem necessitatibus ut labore consequuntur et modi. Deserunt consequatur est ducimus dolores natus minima. Est totam eum minus et. Est cum qui eos quidem ut voluptatem itaque. Qui explicabo natus ex placeat. Dolorum voluptatibus eius numquam quia non tenetur dolorum. Reiciendis commodi in eligendi delectus ea iure. Et consequatur quas ut accusantium.<p><br/><iframe frameborder=\"0\" src=\"//www.youtube.com/embed/tJlzIJaokVY\" class=\"note-video-clip\" style=\"width: 100%; height: 475px; float: none;\"></iframe></p><br/>Quaerat sed autem quae est officiis deleniti. Non voluptas soluta ratione aut vitae ut. Magni consequatur quisquam eos omnis quia maiores. Qui dicta est sed. Aut occaecati ut et blanditiis rerum. Molestias ullam placeat perferendis corporis aut iste hic. Eaque excepturi libero voluptas quia quia quis dolores amet.<img src=\"https://picsum.photos/640/360.webp\" style=\"width: 50%; float: right; margin: 20px 0 20px 20px;\">Veritatis iusto magnam maiores aperiam maiores libero et consequuntur. Repellendus beatae voluptas dolore est harum. Totam facere quia qui quos. Quia architecto autem ipsum nemo. Velit dolor quo amet culpa placeat consequuntur. Reprehenderit asperiores repudiandae nostrum voluptates tenetur vel. Possimus cumque alias ex vitae. Dignissimos aut repudiandae esse temporibus sed. Pariatur eos quas occaecati illum doloribus. Nihil illo officia placeat quos architecto saepe voluptatem atque. Molestias veniam voluptates tenetur amet animi dolor. Eligendi expedita non error nihil est odit. Quo quia laudantium cupiditate corrupti distinctio. Est reprehenderit laboriosam voluptas qui. Et beatae nulla eaque ut eum fuga alias. Quia aliquid voluptas eos vel est voluptatem temporibus voluptas. Aliquam error nisi ut. Blanditiis repellendus vitae consequatur totam. Deserunt eum rerum sint ullam est voluptatem. Qui voluptatem unde sint ratione ut veniam ullam. Qui voluptas quibusdam culpa exercitationem sint. Placeat nobis fugit rerum nam. Sed et exercitationem suscipit minus aliquam soluta. Rerum sit sit perspiciatis molestiae molestiae ea sunt quaerat.<p><br/><img src=\"https://picsum.photos/640/360.webp\" style=\"width: 100%; float: none;\"></p><br/>Aliquid dicta rerum sit voluptas hic asperiores. Accusantium odit incidunt neque nam et voluptatem in. Quibusdam molestias voluptas nam aut. Et neque hic placeat aliquam quia voluptas. Laboriosam voluptatem ut sed est. Dolores officiis non totam sit. Enim non consectetur ducimus qui unde laudantium. Molestiae ut cum consectetur est. Dolorem quia odio est et qui. Nemo et dolor ea aspernatur sed. Nemo sapiente eos excepturi tempora id voluptatem sed in. Dolores voluptate aut dolores eligendi beatae. Quibusdam et incidunt praesentium et aspernatur ipsum.', '0.000000', NULL, 398, 0, 1, NULL, 'est-voluptatem-et-repellendus-modi-soluta-ipsa-temporibus-aperiam', 7, 1, NULL, '2022-03-10 15:33:25', '2022-03-01 15:33:25'),
(38, NULL, 8, 'velit', 'Et maiores quisquam non eum hic iure dolorem.', 'corporis aa085', '596314659', '4497767499271', 'EAN', 'Magni tempora consectetur vel ipsum sapiente nobis. Aut ut esse ullam beatae voluptas. Minima et eum corrupti voluptate. Quo reiciendis itaque animi possimus accusamus. Necessitatibus facilis qui nesciunt omnis voluptas sapiente saepe. Voluptate fuga est iusto voluptatem voluptatem sunt praesentium molestiae. Et omnis voluptatibus ut tempore iusto voluptatibus enim. Error sed repellendus est voluptatibus. Culpa temporibus id dolorum.<p><br/><iframe frameborder=\"0\" src=\"//www.youtube.com/embed/n7EmdNsKIhk\" class=\"note-video-clip\" style=\"width: 100%; height: 475px; float: none;\"></iframe></p><br/>Repellendus sint dolor dolorum et magni modi maxime accusamus. Ut illo consequatur et quia enim incidunt. Ipsam ipsum vero ad in pariatur illum tempore. Praesentium eos officia doloremque et sit dolore non. Voluptas et voluptas in modi enim iusto non. Placeat facere est totam quos culpa fugit ipsum voluptatum.<img src=\"https://loremflickr.com/640/360\" style=\"width: 50%; float: right; margin: 20px 0 20px 20px;\">Et hic quia est id. Voluptate ut iusto occaecati. Nesciunt recusandae est debitis pariatur tempora. Nulla id harum delectus et reprehenderit. Eligendi exercitationem exercitationem officia earum. Officia quasi modi quam libero similique est delectus. Optio dolorem exercitationem id culpa. Dolorem perspiciatis maxime eaque earum velit aut eveniet culpa. Et eos quisquam non natus. Consequatur sit est tenetur architecto sit. Maiores ut harum nam debitis temporibus quas. Aut vel dignissimos voluptate distinctio. Unde voluptas voluptas quis sapiente iste. Vitae veniam voluptas amet dolor facere. Non ea rerum in. Esse neque voluptatem quam optio officiis velit. Ut iste ipsam et voluptates recusandae at et veritatis. Expedita sed quae reiciendis qui. Qui tempore vero dolorum qui architecto. Quia officiis praesentium minima nam accusamus impedit omnis. Beatae quia tempore voluptas error. Sit saepe quidem eius. Molestiae consequuntur ab omnis quod. Nam nobis earum et cupiditate possimus molestias. Quia qui dolor nobis ea. Minus a iusto ut quia modi animi sit. Sequi expedita dicta rerum reiciendis molestiae velit nam voluptatum.<p><br/><img src=\"https://loremflickr.com/640/360\" style=\"width: 100%; float: none;\"></p><br/>Officiis et ullam dignissimos incidunt omnis ea nostrum. Perferendis beatae ea dignissimos ea voluptas. Vero nam velit facilis iure. Consequatur non ut ullam ducimus magnam rerum. Fuga similique laborum et in et molestias. Placeat possimus dolor autem quia consectetur. Aut dolor incidunt sed qui optio. Autem voluptatem amet consequatur non. Voluptatem quibusdam sint maiores accusamus ut et. Eius est qui delectus qui. Laboriosam labore voluptate laboriosam nesciunt eligendi.', '0.000000', NULL, 659, 1, 1, NULL, 'cumque-fugit-unde-blanditiis-perspiciatis-reiciendis-placeat', 1, 1, NULL, '2022-02-28 15:33:25', '2022-03-02 15:33:25'),
(39, NULL, 14, 'ut', 'Sequi modi sed aut.', 'et rt339', '8290', '4435617453707', 'ITF', 'Voluptas impedit sed et ut qui ipsum cupiditate. Reprehenderit tenetur sed dolorum incidunt est. Autem qui aut vitae ipsa dolorum sint. Libero porro voluptatem consectetur quo. Iste beatae asperiores voluptate qui consequatur. Nemo placeat doloremque expedita rem qui delectus doloribus sunt. Quam ut expedita et veniam numquam ex vero sit. Magnam placeat accusamus natus. Excepturi qui quia aut recusandae et. Molestiae est rerum dolor ut. Cum explicabo reiciendis modi sed.<p><br/><iframe frameborder=\"0\" src=\"//www.youtube.com/embed/7abGwVjXSY4\" class=\"note-video-clip\" style=\"width: 100%; height: 475px; float: none;\"></iframe></p><br/>Illum in veniam ad maiores. Dignissimos voluptatum in minima rem aperiam est exercitationem quae. Eos perferendis voluptates cupiditate sequi labore at et. Consequatur numquam aut et cum ex. Rerum ea aliquam aliquid. Rerum ut repellat totam suscipit. Debitis atque et ut et.<img src=\"https://picsum.photos/640/360.webp\" style=\"width: 50%; float: right; margin: 20px 0 20px 20px;\">Labore consequatur repellat assumenda. Quam deleniti harum doloribus sint consectetur ut. Neque doloribus hic cupiditate iusto qui eius. Accusamus provident placeat magnam. Repudiandae voluptatem consequuntur mollitia molestias. Sit fuga saepe ipsa rem harum. Eaque voluptatem quis ut aut molestiae quo non. Tenetur laudantium rem qui aut et eaque odit nihil. Voluptatem sunt laboriosam tenetur eos alias quo sint exercitationem. Consequuntur amet occaecati quia architecto voluptas dicta rem. Unde et adipisci excepturi fugiat beatae aut. Quae enim et eaque porro neque commodi. Iusto ut minima deleniti voluptatibus. Accusantium provident tempore sequi quae ullam quod nihil. Ut beatae sapiente repudiandae hic. Sit sunt maiores et beatae quisquam vel sequi. Vero ipsum provident quisquam qui eveniet possimus. Sed esse voluptatem blanditiis in sed. Amet vitae id ipsa voluptas et. Quod quod minima ad ducimus. Ut nihil qui repellat porro. Voluptatibus voluptatem modi aperiam animi molestiae voluptatum qui labore. Doloremque quidem maxime quam repellat aut. Facere sint non qui et ut aspernatur.<p><br/><img src=\"http://placeimg.com/640/360/any\" style=\"width: 100%; float: none;\"></p><br/>Voluptates quam nihil magni. Est sed sit hic pariatur quia atque. Doloribus quibusdam sunt ad. Rerum possimus sed natus dolore sapiente quos. Qui suscipit ad provident ipsa ipsa libero soluta. Dolorum eius recusandae veniam et. Atque omnis impedit repellendus numquam officia unde quis. Temporibus recusandae itaque eius voluptatem sint est. Quas explicabo suscipit natus tempore ut blanditiis quam. Aut repellat est non et omnis quia. Praesentium facilis quidem eveniet fugit similique aut itaque. Autem ut voluptatum cumque in veniam ab expedita.', '0.000000', NULL, 232, 1, 1, NULL, 'exercitationem-autem-aliquam-mollitia-reprehenderit-aperiam', 3, 1, NULL, '2022-03-03 15:33:25', '2022-03-06 15:33:25'),
(40, NULL, 7, 'molestias', 'Modi eveniet commodi ut ipsum.', 'dolorum fa579', '201349', '1816004226136', 'EAN', 'Reiciendis rerum itaque voluptas placeat. In commodi facere nihil molestias qui vel voluptatibus. Et ad unde quis est aliquam ea quod. Maiores voluptas exercitationem id. Qui vel magnam ad reiciendis assumenda tenetur. Delectus nihil et eaque eum nesciunt rerum qui. Ad amet optio incidunt nihil aspernatur vero dolor doloribus. Qui illo vel repudiandae. Voluptatem sint voluptas est nobis omnis sed consectetur. Aut impedit quaerat sapiente molestias.<p><br/><iframe frameborder=\"0\" src=\"//www.youtube.com/embed/MLpWrANjFbI\" class=\"note-video-clip\" style=\"width: 100%; height: 475px; float: none;\"></iframe></p><br/>Suscipit sint exercitationem distinctio architecto minima labore consequatur. Et asperiores cum quo doloremque et odit in. Est sapiente ipsum sunt at et magnam vel tempora. Accusamus perspiciatis maiores sed est ad distinctio praesentium. Maiores dignissimos sit suscipit. Quo voluptas rem et assumenda. Natus quae voluptas eaque ad enim dolor tenetur. Quam neque et aut facilis explicabo dolore.<img src=\"https://loremflickr.com/640/360\" style=\"width: 50%; float: right; margin: 20px 0 20px 20px;\">Sint autem quos vitae doloremque quia voluptas aut. At unde molestiae nihil minus debitis eligendi ipsum. Laborum saepe sit non autem. Repellat qui molestiae sint odit et. Dolorem esse cum et quibusdam ut illo. Ut rem consequuntur quo. Ea delectus ad eaque corrupti. Eaque eveniet voluptate voluptas facilis omnis autem modi rem. Nisi ipsam dolores dicta reprehenderit alias mollitia veniam. Atque quo numquam laborum quia reiciendis et qui. Distinctio deserunt soluta et reprehenderit reprehenderit minus. Totam rem aliquam a. Aut totam ducimus omnis repellendus nisi est sint at. Recusandae et enim dignissimos optio incidunt esse. Fugit quae aliquid voluptatem voluptatem rem. Aut omnis facere optio veritatis quo cum nemo. Et aut minima voluptas in omnis saepe magnam unde. Aut tempore est totam officia. Placeat voluptatem numquam quae. Repudiandae et tempora impedit non. Tempora porro molestiae nobis aut assumenda animi. Sed laudantium reiciendis quaerat omnis non distinctio. Placeat hic nam quo qui exercitationem consectetur commodi. Aperiam esse sapiente iure eveniet.<p><br/><img src=\"http://placeimg.com/640/360/any\" style=\"width: 100%; float: none;\"></p><br/>Et qui quod neque quidem. Maxime vero voluptatum ab architecto quia ex nemo. Reprehenderit neque qui ipsam itaque sint doloremque. Nostrum qui cupiditate dolorem eos sint. Molestiae asperiores laboriosam et iusto corporis. Aut dolorem facere inventore. Autem praesentium accusamus voluptatibus tenetur non. Est aut atque aliquid. Perspiciatis quidem quod sint nihil hic eius. Dolorum ex dignissimos cupiditate ut exercitationem. Omnis non aut officia modi architecto.', '0.000000', NULL, 52, 1, 1, NULL, 'distinctio-distinctio-quia-laborum-blanditiis', 1, 1, NULL, '2022-03-03 15:33:25', '2022-03-08 15:33:25'),
(41, NULL, 2, 'dolor', 'Dolores est pariatur aut laudantium est sint.', 'est bi917', '4', '1749618677516', 'EAN', 'Quia eaque explicabo dolores sit perspiciatis. Exercitationem a sunt vel distinctio aperiam sit culpa quo. Nam culpa dolorem voluptates facere omnis. Aut in ex iure qui nostrum distinctio et repellat. Dolor voluptas necessitatibus temporibus dolor dolorem eaque commodi. Veritatis nisi repellat consequatur velit eligendi. Dolores sit quia pariatur ea. Natus quod consequatur ut vel voluptatem magni. Beatae culpa inventore quia sunt. Tempora expedita nulla eos et. Eligendi molestias vel non ut esse. Quo tempora aliquam quo est.<p><br/><iframe frameborder=\"0\" src=\"//www.youtube.com/embed/mATMpaPBBFI\" class=\"note-video-clip\" style=\"width: 100%; height: 475px; float: none;\"></iframe></p><br/>Laboriosam vel sed aut magni quidem culpa nemo. Hic labore blanditiis odit provident enim quo. Architecto molestiae accusantium eos eius qui voluptatem. Et et omnis atque et qui autem nisi. Deserunt non sunt doloribus molestiae ut. Qui nisi qui perspiciatis suscipit. Porro voluptates consequuntur magnam rem.<img src=\"http://placeimg.com/640/360/any\" style=\"width: 50%; float: right; margin: 20px 0 20px 20px;\">Optio officia et aut voluptatem qui necessitatibus pariatur officia. Numquam modi aliquam sed et reiciendis consequatur pariatur non. Fugit quam et sequi cupiditate doloremque repellat impedit. Sed quae voluptatem nihil autem sit dolorem eos. Modi culpa repellat aut animi. Quia voluptatem dolores sit consequatur molestias consectetur. Voluptas et vel et modi quia quidem. Velit modi maiores optio. Veniam quae nemo sint laudantium sequi minus. Sapiente nisi mollitia deleniti quos aspernatur incidunt. Pariatur et rerum fugit est. Aut labore consequatur voluptas. Delectus voluptatem velit est fuga. Aut aut ut hic. Reiciendis alias perferendis vel soluta voluptatem quod molestias. Ut id eos illum iure. Quia necessitatibus dolor dolores vitae doloribus tenetur velit. Sit dolor et sunt aut. Et eaque ipsa sed cumque commodi. Sunt consectetur ullam nobis quisquam beatae. Excepturi harum et provident accusantium. Doloremque non expedita sunt excepturi nemo excepturi pariatur. Soluta reprehenderit aut culpa ea vel assumenda quis. Maxime nihil repellat nam voluptatibus consequatur aut necessitatibus deserunt. Quos et placeat commodi qui.<p><br/><img src=\"https://picsum.photos/640/360.webp\" style=\"width: 100%; float: none;\"></p><br/>Inventore error nostrum omnis non eligendi. Consequuntur odit dolore modi alias esse et. Quia quasi reiciendis temporibus consequuntur deleniti adipisci placeat. Non voluptas perspiciatis consequuntur ut ex debitis excepturi. Aut a aliquid inventore maxime. Qui perspiciatis praesentium aut. Dolorum est quo dolorem. Fugiat velit sint id quos ipsa. Harum et blanditiis nisi sed voluptate nostrum. Et quo doloremque possimus itaque. Vel et quibusdam beatae a et.', '0.000000', NULL, 268, 1, 1, NULL, 'accusamus-aspernatur-nisi-tempore-odit-ad-ut-laudantium', 3, 1, NULL, '2022-03-06 15:33:25', '2022-03-02 15:33:25'),
(42, NULL, 5, 'et', 'Id iure nisi facilis voluptas tempora unde labore.', 'nostrum bl821', '60492', '4745477246051', 'JAN', 'Quasi eligendi non eos qui optio autem provident. Rem nulla est ut ut dolorem ut voluptatum. Illum nisi enim nihil consequuntur voluptatem nihil dolor inventore. Illum in id delectus aut et. Laudantium et eligendi velit ea. Praesentium voluptas amet incidunt perspiciatis iusto. Nisi inventore accusamus inventore est aliquam dolorum. Sit nostrum ut suscipit consectetur facere omnis. Et omnis vitae amet sequi. Eos sint et et recusandae quo. Est illum similique perspiciatis sit ipsa rerum velit. Quo eaque natus sint et.<p><br/><iframe frameborder=\"0\" src=\"//www.youtube.com/embed/AVpcxtH8hWg\" class=\"note-video-clip\" style=\"width: 100%; height: 475px; float: none;\"></iframe></p><br/>Qui et tempora et nobis voluptatem ut. Enim natus tempore distinctio. Dolorem illum id voluptatem. Nisi laborum est aliquid voluptate qui consequatur quas omnis. Natus id id consectetur adipisci dolores. Doloremque neque occaecati ea atque qui tempore. Odio eum a laborum quis eos.<img src=\"https://picsum.photos/640/360.webp\" style=\"width: 50%; float: right; margin: 20px 0 20px 20px;\">Ea laudantium quaerat harum non dolorem culpa sit. Temporibus porro quia accusamus et cupiditate nulla eius. Qui harum dolores aut molestiae. Aut tempore incidunt neque veniam. Dignissimos voluptatem qui quia facilis ducimus officia sed et. Adipisci sapiente sapiente consequuntur dolorem et natus praesentium. Enim et possimus voluptas consequatur. Est repellat qui id esse placeat debitis. Qui qui consequatur suscipit qui culpa aspernatur eos. Dolorem impedit incidunt deleniti sapiente pariatur id. Facilis recusandae at sint est eveniet. Sit eveniet nesciunt rerum nam qui nemo reprehenderit. Ipsam sint natus non tempore sed quae. Ratione et ducimus eum dicta laboriosam voluptatem dolorum. Cum omnis numquam laborum voluptate labore omnis ut. A libero fuga odio est est quos. Nesciunt velit non voluptas dignissimos illo veniam. Modi doloremque sed dolor nulla omnis voluptas soluta. In dolorem iure non vel delectus accusantium et. Quia et quia maiores dolorum eos. Atque quasi dicta velit debitis sequi assumenda. Asperiores a itaque tempora illum. Iste voluptate dolore explicabo nesciunt. Sed nobis debitis dolorum et sit occaecati ipsam.<p><br/><img src=\"https://loremflickr.com/640/360\" style=\"width: 100%; float: none;\"></p><br/>Sit provident voluptate perspiciatis itaque placeat voluptatem. Et eligendi dolor sit sit distinctio. Ipsum odio qui culpa doloremque nostrum voluptas veritatis. Vel deserunt doloribus accusantium et. Omnis in omnis ducimus et iure placeat qui. Dignissimos voluptates est voluptas dolores dolorem consequatur voluptatem quia. Qui quia et eligendi eos. Est eveniet veniam dolorem eos voluptatem nihil veritatis quia. Explicabo sit et ad debitis necessitatibus nihil. Amet error ducimus quod.', '0.000000', NULL, 56, 1, 1, NULL, 'aliquam-facilis-quo-eum-quo-nihil-sit', 9, 1, NULL, '2022-03-09 15:33:25', '2022-03-08 15:33:25'),
(43, NULL, 6, 'assumenda', 'Expedita repudiandae omnis et similique praesentium et non.', 'nisi yc817', '661411', '2535612501532', 'ISBN', 'Unde alias autem qui praesentium error dolorem qui. At velit itaque quo culpa molestias. Voluptatem reiciendis itaque esse eveniet. Unde aut ut temporibus. Dolores enim omnis et sint magnam eos ea. Qui reprehenderit ullam aut accusantium. Aliquid nesciunt cum quas ducimus ut et. Facere quaerat ipsa et qui facere facilis. Earum commodi et vel nemo cum quasi quia. Quae qui natus non. Dignissimos corrupti perferendis sapiente est quia. Et autem dolorem laborum pariatur quis et quidem tempora.<p><br/><iframe frameborder=\"0\" src=\"//www.youtube.com/embed/TGbUpEJ1z-k\" class=\"note-video-clip\" style=\"width: 100%; height: 475px; float: none;\"></iframe></p><br/>Nobis adipisci saepe voluptatibus quasi earum odit sunt provident. Qui commodi ullam voluptas cum et veniam aut. Aspernatur suscipit nihil enim et. Et voluptatem est vitae sed impedit facilis. Eveniet sed tempora et nesciunt a. Autem quia voluptatem dolorem eaque omnis maxime dolore rerum.<img src=\"https://picsum.photos/640/360.webp\" style=\"width: 50%; float: right; margin: 20px 0 20px 20px;\">Explicabo et quae animi non in commodi earum. Voluptatem eaque expedita impedit voluptas ducimus suscipit voluptatem. Inventore rem beatae consequatur perspiciatis voluptas nulla. Consequatur minus qui corporis enim eveniet. Temporibus perferendis ea unde vero. Est et quia distinctio ut. Necessitatibus minima ea eligendi voluptatem. Corrupti libero sed vero illum nam id veritatis laboriosam. Aspernatur tempore ut quisquam quis provident provident optio magnam. Ratione libero et quia eos debitis harum dolorem. Enim nulla aspernatur consequatur tempora et. Voluptatem consequatur enim iste nulla error consectetur reprehenderit quis. Quae rem ea autem tenetur ut voluptatem. Ullam et distinctio rerum consequatur porro suscipit. Neque ut et facilis natus. Sint commodi accusamus repellendus sint animi natus. Quas dolor sequi est exercitationem placeat. Aut atque aliquam quia molestiae at quasi. Ipsam ut pariatur reiciendis dolor. Minus temporibus asperiores facilis amet et. Molestias nam quisquam voluptas eos. Recusandae quia cupiditate ea consequatur dignissimos non. Quae minima adipisci et adipisci et. Saepe suscipit maxime vitae laboriosam.<p><br/><img src=\"http://placeimg.com/640/360/any\" style=\"width: 100%; float: none;\"></p><br/>Adipisci et incidunt quia non. Et aliquid velit reprehenderit ut et ut magni. Porro corporis ut pariatur enim cum et delectus. Voluptatum qui odio aut qui et molestiae molestiae. Laborum molestias voluptatibus vel aut aliquid itaque rerum. Est quia saepe minima minima ut dolorum odit. Soluta ut nam saepe doloribus. Eum non repellendus distinctio neque reiciendis laboriosam omnis. Non qui molestias vel molestias ratione voluptatum quos.', '0.000000', NULL, 340, 0, 1, NULL, 'fuga-repellendus-doloribus-nulla-ut-dolor-vel-sit', 1, 1, NULL, '2022-02-27 15:33:25', '2022-03-02 15:33:25'),
(44, NULL, 12, 'repudiandae', 'Maxime totam quos tempore quis debitis.', 'eum ca400', '4', '4391488320718', 'ITF', 'Eum debitis non placeat cum fuga velit incidunt animi. Qui rerum qui porro corrupti tempora ex exercitationem odio. Est dolor temporibus dolores. Qui rerum minus praesentium odio aut pariatur numquam nam. Voluptate quia esse nemo eos consectetur commodi et. Quis sed esse quo enim dolorum in porro vel. Distinctio molestiae minima fugit. Est excepturi aperiam soluta qui quis magnam ullam. Perferendis voluptates sed voluptatem reprehenderit rem et. Minus quis dolorum iure. Dolores illum at officiis hic eveniet. Qui sed quisquam et rem quae qui.<p><br/><iframe frameborder=\"0\" src=\"//www.youtube.com/embed/eEzD-Y97ges\" class=\"note-video-clip\" style=\"width: 100%; height: 475px; float: none;\"></iframe></p><br/>Dolores odio non qui molestiae voluptatem qui. Facilis nobis nihil est autem. Exercitationem quas voluptas voluptatem odio sed et ut. Accusantium voluptatum saepe fuga voluptas sit. Quis ut ducimus voluptate odio quasi error. Voluptate voluptatem odit aut. Sunt error qui ullam ut unde optio. Sapiente velit aut sequi esse. Est quidem at vel. Facere quae aut asperiores molestiae.<img src=\"https://loremflickr.com/640/360\" style=\"width: 50%; float: right; margin: 20px 0 20px 20px;\">Quibusdam tempora consequuntur est et aut quis in. Et ut sunt amet necessitatibus non ut aut. Est asperiores ipsam quasi molestiae est. Dignissimos laboriosam ex ut nam. Dolores dolores eius dolor sit qui sed. Nulla voluptates similique quas blanditiis neque et voluptate. Adipisci minus cupiditate numquam voluptatem consectetur. Rerum rerum soluta nesciunt qui rem minima dolorem et. Voluptatem dolor est qui nihil. Illo eos accusantium ipsa. Velit enim quam ratione dicta soluta cupiditate. Non qui laborum alias natus officia. Nulla ut tempora deserunt nesciunt dolor et corrupti. Amet sed mollitia nemo officiis vel. Ex modi laborum odit accusantium voluptatibus facilis molestiae. Atque impedit sint earum similique. Et non placeat velit laboriosam. Quia necessitatibus delectus recusandae iste ea corrupti a. Repellendus consectetur similique qui hic suscipit aliquam aliquam. Esse enim mollitia dolor. Odit esse iusto cumque cumque laborum. Necessitatibus nam non cum et dicta earum. Alias omnis rerum occaecati explicabo. Error non voluptate voluptatibus est. Aut soluta vero repudiandae sequi. Ea dolorum neque placeat facilis eveniet natus placeat. Quasi reiciendis ducimus deleniti eos.<p><br/><img src=\"http://placeimg.com/640/360/any\" style=\"width: 100%; float: none;\"></p><br/>Rerum minus rem repudiandae libero. Dolores ut earum omnis. Ut aut occaecati voluptatibus quia. Aliquid velit sed itaque soluta eius. Debitis occaecati perspiciatis ut et assumenda dolorem. Quos veniam quod itaque molestiae inventore. Id vel laboriosam reiciendis modi expedita aut provident. Quasi voluptas neque error blanditiis rerum cum. Cumque fugit delectus voluptas est. Exercitationem corporis est officiis. Ab ducimus et ea sint et qui. Sit dolores expedita soluta quod excepturi error et est.', '0.000000', NULL, 152, 1, 1, NULL, 'facere-ab-aliquid-cum-ipsam-sequi', 5, 1, NULL, '2022-03-06 15:33:25', '2022-03-07 15:33:25'),
(45, 3, 4, 'quo', 'Tempore est est ducimus similique impedit blanditiis.', 'quam qh990', '15893', '6734229652248', 'ISBN', 'Blanditiis quae non consectetur consequatur doloremque et natus. Excepturi facere necessitatibus doloremque sed. Vitae veniam repudiandae id dolorem saepe tempore aut. Sunt molestiae eaque dolores iusto mollitia. Similique cum sed temporibus qui et quis. Aut ad perspiciatis dolores fugiat. Quia in corrupti labore nam et qui molestiae. Veniam repudiandae doloremque qui quaerat qui ab. Nobis et iure omnis rem. Saepe quis cupiditate deleniti nobis et quis sapiente.<p><br/><iframe frameborder=\"0\" src=\"//www.youtube.com/embed/MLpWrANjFbI\" class=\"note-video-clip\" style=\"width: 100%; height: 475px; float: none;\"></iframe></p><br/>Sequi cum molestias facere quia dolores rem. Accusantium at ea et non dolorum facere possimus. Eos autem numquam amet aspernatur doloribus velit. Soluta est saepe repellendus ut. Nesciunt sint consequatur quo adipisci est velit asperiores. Tempore ea pariatur id. Doloremque non asperiores voluptas. Eos dolorum nemo odit.<img src=\"https://picsum.photos/640/360.webp\" style=\"width: 50%; float: right; margin: 20px 0 20px 20px;\">Quibusdam velit rem aliquam voluptatem ipsam ab. Animi ex dolorum omnis cumque. Et voluptates eum hic. Et perspiciatis vitae vel eum incidunt explicabo. Omnis est dolor saepe voluptatem molestias quidem aut. Porro fugiat id in officia. Assumenda est expedita cupiditate autem. Doloremque repellat facilis molestiae recusandae deserunt inventore. Est molestiae fuga et iste facilis nulla. Nemo ab impedit quas explicabo consequatur. Praesentium repellat voluptatem accusamus dolorem exercitationem. Debitis numquam pariatur est maiores voluptas. Et id sapiente magni eligendi debitis. Eveniet aut omnis rerum dolorum. At laborum quod neque fugiat. Velit repellat nam sit voluptas dolorum neque et. Ipsa rem illo et expedita similique. Aperiam id rem sit est. Quaerat nesciunt consequatur nesciunt sed et sit numquam sint. Dolore beatae qui nulla aut aut dolor id. Neque qui odit aliquid et perferendis eius omnis sint. Aperiam omnis et veniam. Iusto cupiditate impedit perferendis voluptas quam officia totam nobis. Aut enim cum facilis incidunt provident explicabo. Ducimus aut reiciendis delectus alias neque laudantium molestiae.<p><br/><img src=\"https://loremflickr.com/640/360\" style=\"width: 100%; float: none;\"></p><br/>Rerum asperiores aut quos. Autem dolores repudiandae quo modi. Autem quisquam nemo doloremque voluptate. Dolorum nesciunt eos provident accusamus et ad odit. Enim vero labore corporis. Culpa neque quas quia magni odit molestiae autem. Deserunt beatae voluptatem corporis dolores consequuntur excepturi necessitatibus. Culpa nisi est aliquid ratione nam. Et enim et ut recusandae. Dignissimos nam dolor debitis itaque. Et quam quo illo voluptas. Assumenda dignissimos inventore omnis dolor assumenda. Dolorem et in dolor eos ex velit.', '0.000000', NULL, 292, 1, 1, NULL, 'maxime-dicta-ipsum-ab-dolorem', 2, 1, NULL, '2022-02-27 15:33:25', '2022-03-04 15:33:25'),
(46, NULL, 4, 'adipisci', 'Dolorem omnis occaecati est in odio unde qui.', 'totam su310', '4', '6054464793392', 'EAN', 'Placeat sit rem iste sed et nisi. Ad veritatis consequuntur sed incidunt. Cumque dicta eius et fugit. Beatae ut omnis et aliquam voluptas. Doloremque delectus saepe officiis voluptas est numquam corporis dicta. Qui eveniet cupiditate culpa veniam necessitatibus. Necessitatibus dolor enim exercitationem minus doloremque voluptatem perferendis ea. Qui qui est modi cumque. Quo molestiae ducimus fugit voluptatum dignissimos vel consequuntur. Ut aut nesciunt alias illo unde.<p><br/><iframe frameborder=\"0\" src=\"//www.youtube.com/embed/TGbUpEJ1z-k\" class=\"note-video-clip\" style=\"width: 100%; height: 475px; float: none;\"></iframe></p><br/>Enim at ducimus velit quis sapiente consequatur. Eaque doloremque dolores esse et voluptatum. At quia cupiditate qui. Ad quo facilis facilis aut. Voluptatem dolor beatae quis qui explicabo ea aut quaerat. Similique blanditiis et libero praesentium sapiente saepe asperiores. Omnis et neque sunt commodi ut. Voluptas expedita ut saepe sunt ut distinctio dolorum.<img src=\"http://placeimg.com/640/360/any\" style=\"width: 50%; float: right; margin: 20px 0 20px 20px;\">Pariatur culpa consequuntur id sed ipsum. Voluptatem repellendus quas quo sunt quia dolores perspiciatis. Voluptatum repudiandae nemo odio laborum consequatur. Consequatur blanditiis quis ut sed similique praesentium. Molestiae ut voluptatem nisi debitis. Fugiat nulla cum sed earum nihil provident ut. Blanditiis in odit nisi in natus omnis dolor. Ipsam esse qui sint itaque. Quis qui neque ipsam hic minus ex quas pariatur. Error qui ducimus saepe vero doloribus quia et. Et et et ut enim reprehenderit similique dignissimos aut. Rerum perferendis ducimus et repellendus. Explicabo itaque aperiam est non. Expedita id vitae perspiciatis culpa explicabo aut. Quaerat qui totam sed soluta aut quis nisi. Dolorum soluta et tenetur consequatur illum. Ex nostrum sequi distinctio voluptas earum et et omnis. Necessitatibus error et eum. Voluptatem nisi asperiores dolores provident sed minima corporis. Quas ipsum laboriosam non earum sed hic non. Enim omnis sapiente et voluptas. Placeat voluptate et reprehenderit ipsam aut. Rerum quo aut reprehenderit recusandae nihil corporis exercitationem. Adipisci dicta placeat eos explicabo labore nisi repellat.<p><br/><img src=\"https://loremflickr.com/640/360\" style=\"width: 100%; float: none;\"></p><br/>Corporis tempore cupiditate harum ut. Reprehenderit sint amet vel incidunt saepe voluptatum. Eos officia ipsa tempora repellat et dolorem molestiae. Magni nihil ut porro molestiae esse impedit. Ut nesciunt quisquam fuga voluptatum quae enim ut. Voluptas et aperiam at possimus molestiae id. Aperiam quo autem maiores aliquid velit rerum. Officiis natus ipsum optio qui neque et consequatur. Ut ab in harum. Sit et neque quo alias atque maxime repellat.', '0.000000', NULL, 583, 1, 1, NULL, 'rerum-rerum-delectus-deserunt-quaerat-eligendi-ut-nesciunt', 3, 1, NULL, '2022-03-03 15:33:25', '2022-03-10 15:33:25'),
(47, 5, 10, 'molestiae', 'Dolores ducimus alias blanditiis illo.', 'sit ku014', '4', '8526848415193', 'UPC', 'Totam omnis quaerat quia quae iusto dolorem voluptatem. Cupiditate in dicta ut sed doloribus consectetur est. Ea quidem fuga quis aut. Dolor omnis quia error suscipit qui magni eos dolore. Nam voluptatem animi tempore libero. Explicabo dolore omnis inventore dolorem et magnam asperiores. Sed facere necessitatibus ducimus voluptatem aut beatae. Voluptates voluptatem alias possimus. Veritatis perspiciatis nihil veritatis. Illo maiores quo sint voluptatibus sit id.<p><br/><iframe frameborder=\"0\" src=\"//www.youtube.com/embed/n7EmdNsKIhk\" class=\"note-video-clip\" style=\"width: 100%; height: 475px; float: none;\"></iframe></p><br/>Possimus accusamus nostrum fugiat dolores. Dolore velit iste maiores facere molestias ut exercitationem rerum. Quaerat vel dolorem vel aut ut. Optio in rem ipsa odio aut quis. Explicabo sed iure non. Repellat consequatur reiciendis facere velit qui repellat quam sed. Earum est corrupti ut voluptates placeat eos.<img src=\"https://picsum.photos/640/360.webp\" style=\"width: 50%; float: right; margin: 20px 0 20px 20px;\">Et ea deleniti et eligendi enim est. Voluptatum et quis labore est ad cumque. Doloremque perspiciatis aliquam dolorem aliquid voluptatem officia. Vero corporis harum voluptate dolores consequatur. Quod expedita nobis quod provident similique voluptas sequi aut. Qui et aperiam qui sequi modi sint vel. Sint quo et natus nostrum ut. Quibusdam id debitis unde facilis. Autem id vitae rerum vitae reprehenderit saepe quo. Quis ut maiores praesentium sed. Eius quas dolores sint non similique et. Velit aspernatur debitis voluptatem omnis omnis id. Impedit eos est voluptas alias dolorem. Quos quia reiciendis facilis pariatur eius. Iure doloremque rerum velit aut eos nam culpa. Maxime itaque repellat et ullam. Sint beatae at sit sequi quod velit a. Sequi sit corporis et alias quos. Quae nesciunt expedita aliquam qui voluptatem accusamus dolorem. Quaerat dicta distinctio in. Non saepe et nihil est qui saepe. Ut molestiae consequatur nulla quo tempore quia. Facere et cum sunt.<p><br/><img src=\"https://picsum.photos/640/360.webp\" style=\"width: 100%; float: none;\"></p><br/>Beatae consequatur ad quod. At hic magnam officia qui nostrum quisquam ipsa. Rem consequatur quis nemo. Qui dolore a sunt quam. Animi eveniet iste quasi alias beatae maiores est. Tenetur unde cumque incidunt iusto quia et. Quia voluptatibus voluptatem sit sit. Atque voluptatibus eum nesciunt optio. Enim vel accusamus est sit adipisci qui eaque quam. Laborum saepe facilis sapiente. Aperiam incidunt quis incidunt sint et qui. Laudantium et commodi temporibus. Officiis autem est qui ad ut nemo odio. Earum illo alias quae velit non ratione.', '0.000000', NULL, 74, 1, 1, NULL, 'animi-fugit-mollitia-non-placeat-et-excepturi-et', 5, 1, NULL, '2022-03-02 15:33:25', '2022-02-28 15:33:25');
INSERT INTO `products` (`id`, `shop_id`, `manufacturer_id`, `brand`, `name`, `model_number`, `mpn`, `gtin`, `gtin_type`, `description`, `min_price`, `max_price`, `origin_country`, `has_variant`, `requires_shipping`, `downloadable`, `slug`, `sale_count`, `active`, `deleted_at`, `created_at`, `updated_at`) VALUES
(48, 3, 6, 'aut', 'Aliquid sed quaerat est eum.', 'voluptas yr224', '9519', '8066620779117', 'ITF', 'Non vel voluptatem officiis fugit nisi. Recusandae qui atque dolore quaerat. Eos est natus architecto et. Ut et autem velit et dolorem quia. Et neque ipsam itaque est tenetur. Corrupti ut nostrum reiciendis sed nisi beatae. Ipsam suscipit sunt quos voluptatem. Nobis dolore est accusamus atque. Consectetur quas corporis eos earum. Nam dolor veniam iure. Dolorum nemo et voluptatibus tempore. Et minus quo similique ea sequi deleniti. Et consequuntur et eum suscipit consequatur.<p><br/><iframe frameborder=\"0\" src=\"//www.youtube.com/embed/tJlzIJaokVY\" class=\"note-video-clip\" style=\"width: 100%; height: 475px; float: none;\"></iframe></p><br/>Nam eum perferendis sed dolor. Temporibus excepturi quod velit temporibus ullam. Corporis minus numquam suscipit et quae labore incidunt. Molestiae sed quo cupiditate quibusdam. Dolores hic voluptatem repudiandae et fuga recusandae voluptatem.<img src=\"https://loremflickr.com/640/360\" style=\"width: 50%; float: right; margin: 20px 0 20px 20px;\">Rerum numquam excepturi animi blanditiis distinctio excepturi debitis et. Nisi blanditiis quisquam nostrum reprehenderit est praesentium itaque. Quia pariatur ipsum cupiditate harum qui ut molestias. Possimus fuga voluptas qui ipsum. Sit nulla doloremque tempora facilis expedita sint. Rerum rem iure nemo vel. Sunt impedit ad ducimus quia nihil rerum omnis. Labore architecto tempore omnis officia ipsum voluptates. Ullam doloremque doloribus sed ut magni voluptas. Necessitatibus sequi dicta nihil dicta dicta voluptate excepturi. Quaerat amet aut temporibus laudantium aliquam in corporis mollitia. Dolore qui culpa corporis eligendi iure reiciendis. Quo porro delectus nemo quidem iusto vel reiciendis. Voluptatem ut tempora mollitia porro magnam. Illum deleniti quia est. Quisquam accusantium illum sequi voluptatem reprehenderit et beatae. Dicta consequuntur labore repellat quod sapiente quo nihil. Et aut dolor incidunt sapiente et aperiam veritatis. Blanditiis beatae est suscipit aut. Voluptatibus fuga neque non aliquam recusandae libero ut alias.<p><br/><img src=\"https://picsum.photos/640/360.webp\" style=\"width: 100%; float: none;\"></p><br/>Alias ut ipsa consequatur exercitationem. Labore voluptatibus deleniti autem tempore. Dignissimos qui voluptas id commodi ad. Ipsam laboriosam repudiandae quia dolorem iste quo laudantium. Et enim perferendis id totam. Consectetur quos reprehenderit minus amet in. Non optio et saepe minima sequi quas. Distinctio natus ipsa provident. Est enim laudantium et. Commodi omnis dolores non molestiae necessitatibus deserunt. Esse assumenda quia incidunt autem aut. Aut incidunt culpa tenetur. Illum fugit ea est eum. Dicta quas odit totam.', '0.000000', NULL, 238, 0, 1, NULL, 'numquam-cupiditate-et-delectus', 3, 1, NULL, '2022-02-28 15:33:25', '2022-03-13 15:33:25'),
(49, 5, 4, 'tempore', 'Aperiam voluptatum ratione tempore perferendis impedit.', 'omnis de561', '2742', '2200223230545', 'ITF', 'Est nihil aspernatur voluptas culpa corporis et asperiores. Et qui saepe quisquam qui deserunt doloremque praesentium. Doloribus non sed autem voluptatibus eligendi omnis suscipit. Et nesciunt consequatur voluptates asperiores molestiae. Praesentium ex ut consequatur ut consequatur deleniti vel mollitia. Numquam sunt quasi debitis quam. Et ipsam eveniet sed architecto aut qui. Quia ipsam quod tempora. Maiores deleniti pariatur odit et excepturi voluptatum quae. Quas quaerat adipisci ducimus voluptatem dignissimos odio voluptates voluptas.<p><br/><iframe frameborder=\"0\" src=\"//www.youtube.com/embed/SKbHHcdLGKw\" class=\"note-video-clip\" style=\"width: 100%; height: 475px; float: none;\"></iframe></p><br/>Quia deserunt voluptatem perspiciatis optio aut occaecati. Aut aut reiciendis voluptas. Quo illum voluptas odit reiciendis quis molestias. Corporis aut alias quia est in aliquam facere ut. Quidem delectus dolore eaque voluptas fuga sequi. Rerum laudantium rem corporis maxime. Et modi accusantium officia.<img src=\"http://placeimg.com/640/360/any\" style=\"width: 50%; float: right; margin: 20px 0 20px 20px;\">Voluptatem iure et rerum omnis. Veritatis eum officia nobis commodi blanditiis. Totam ea nihil voluptas. Occaecati porro dolores odio eum minus et est. Dignissimos autem odit ut nihil consequatur et. Inventore et aut exercitationem consequatur. Culpa corrupti atque voluptatem laboriosam dicta. Et qui impedit facere ipsum. Sequi sit consectetur ut sint eligendi. In quo aut id quam. Reprehenderit sed qui esse deserunt enim culpa facere doloribus. Non consectetur suscipit tenetur ducimus. Autem et quos asperiores dolorem. Sequi dignissimos totam quia recusandae. Quis illum quis sit quia eum tempore voluptatem. Dolore qui deleniti harum perspiciatis velit ad dolore. Iste ipsum sit quia sit et esse. Voluptatem eligendi recusandae sunt maxime architecto quia. Assumenda ut tempora et explicabo suscipit. Occaecati ea iusto dolor quis qui culpa ut. Et at animi perferendis nisi nemo qui. Natus nihil accusantium placeat velit. Voluptas sit exercitationem facilis mollitia consequuntur quis in. Commodi aut nisi assumenda autem quisquam. Ab nihil non asperiores voluptatem quis sit adipisci. At aut possimus voluptatum ut adipisci ea.<p><br/><img src=\"https://picsum.photos/640/360.webp\" style=\"width: 100%; float: none;\"></p><br/>Ab autem mollitia labore est sit earum quisquam. Itaque aliquam ad est. Voluptatem reprehenderit aut et nostrum velit esse. Esse et sit ratione nihil aliquid qui. Inventore blanditiis quibusdam dignissimos iusto. Et tempora id iusto nihil quia ipsam. Voluptatem eos ea impedit consequatur aut sequi id error. Eius porro ullam dolor reprehenderit natus. Dolor esse quas autem. Dicta neque dicta id recusandae est porro et. Eum animi reiciendis consectetur debitis. Pariatur alias quia provident odit et sequi corporis. Et voluptatem esse aspernatur unde mollitia.', '0.000000', NULL, 74, 0, 1, NULL, 'deserunt-rerum-ex-natus-est', 2, 1, NULL, '2022-03-11 15:33:25', '2022-03-04 15:33:25'),
(50, 2, 15, 'reprehenderit', 'Distinctio non reprehenderit molestiae architecto est delectus.', 'rerum vb386', '59153356', '1712946760861', 'UPC', 'Reiciendis non quibusdam ad eaque eum. Tempora ratione dolor dolor optio sequi vitae. Aliquam et sequi fugit. Deserunt ipsum sequi quia reprehenderit sint. Asperiores reiciendis accusamus adipisci quia totam deleniti tempore sunt. Accusantium eum quia aut culpa quibusdam. Omnis accusamus qui molestiae iusto. Non dolores atque dignissimos deleniti quia. Non illo velit repellendus veniam. Illum rerum perspiciatis ea fugiat rerum repellat eligendi sint.<p><br/><iframe frameborder=\"0\" src=\"//www.youtube.com/embed/SKbHHcdLGKw\" class=\"note-video-clip\" style=\"width: 100%; height: 475px; float: none;\"></iframe></p><br/>Et sapiente vero magnam labore. Non nulla est voluptate nobis omnis facere perspiciatis mollitia. Explicabo aperiam minima adipisci quia cupiditate. Et est ipsum omnis aut iure possimus a. Maxime sit hic aut aut. Repellendus facere laborum in error omnis ipsum et facilis.<img src=\"https://loremflickr.com/640/360\" style=\"width: 50%; float: right; margin: 20px 0 20px 20px;\">Ex rerum quasi quibusdam qui aliquid rerum. Non debitis eveniet ipsa molestias voluptatem. Quo voluptas facere odio culpa corrupti ipsam illo. Explicabo inventore hic ut. Facilis veritatis repellat qui ipsum. Ullam id sint at nesciunt tenetur modi eum. Delectus est molestias laborum enim iusto illum. Eos odio qui excepturi corrupti adipisci cupiditate. Sint autem quo placeat unde totam cupiditate excepturi ut. Deleniti dolores illum ea beatae inventore et veritatis. Molestiae et et ipsam dolorem quia nihil quis. Sint non laborum molestias. Enim incidunt et aut molestiae. Eveniet sapiente enim autem at. Cupiditate quis soluta impedit repellendus perspiciatis sed voluptatem rerum. Iusto animi ipsam non quis quisquam recusandae quis id. Odit temporibus voluptatibus quis in. Qui animi quia pariatur ea non et. Asperiores labore tempore modi. Dolorem modi quisquam ad maiores maiores rerum repellat. Dolorem reprehenderit ut eaque omnis enim fugiat exercitationem.<p><br/><img src=\"https://loremflickr.com/640/360\" style=\"width: 100%; float: none;\"></p><br/>Iusto accusantium doloribus est et blanditiis aut. Illo aspernatur numquam quod rerum quis dolores. Suscipit ut sapiente odit officia sunt sint totam commodi. Dolore placeat similique tempora voluptatem expedita velit. Laborum animi accusantium illo explicabo error voluptas repudiandae asperiores. Sit eaque praesentium aut ut. Labore voluptas beatae culpa aut qui et numquam. Aut quo incidunt quidem pariatur. Et consequatur id officiis debitis perferendis. Quidem voluptas aut dignissimos explicabo.', '0.000000', NULL, 104, 0, 1, NULL, 'pariatur-repellat-eaque-est-dolorem-quibusdam-quod', 1, 1, NULL, '2022-02-28 15:33:25', '2022-03-08 15:33:25'),
(51, 2, 14, 'est', 'Quasi praesentium cumque ratione voluptatem sunt.', 'quos rs136', '1343663', '2595748673879', 'ITF', 'Quos eum fuga omnis et recusandae adipisci. Corrupti eos molestias maxime aperiam dolor alias. Voluptate enim sunt facilis quaerat delectus cumque corporis dolores. Ea sit recusandae quaerat et voluptas recusandae porro. Culpa molestiae voluptatem voluptate debitis ut ad quisquam. Aliquam vero cumque beatae ad. Laudantium a vero recusandae eum hic neque et. Tempore est aliquam et exercitationem ut. Sint perferendis error voluptas accusantium dolorem.<p><br/><iframe frameborder=\"0\" src=\"//www.youtube.com/embed/MLpWrANjFbI\" class=\"note-video-clip\" style=\"width: 100%; height: 475px; float: none;\"></iframe></p><br/>Molestiae dolore in consequatur ipsam qui non. Necessitatibus ut sit molestiae eius cupiditate. Ad nam aliquam debitis dicta et possimus. Placeat sint et unde beatae est. Illum sint ratione autem dolorem est. Et nihil repellat possimus at. Qui voluptatem sit impedit libero qui suscipit autem. Quo nam quidem sit minima. Quo molestias rerum quo ea similique unde.<img src=\"https://picsum.photos/640/360.webp\" style=\"width: 50%; float: right; margin: 20px 0 20px 20px;\">Quas error nobis facere id eum quisquam. Culpa culpa laudantium possimus. Quo et consequuntur in autem qui optio. Ut in qui et molestiae ea. Beatae quisquam exercitationem ut qui quos. Perferendis aut ut quia qui in omnis nemo. Quo at molestiae ducimus tempore autem. Nihil dolorem enim ut velit incidunt ad. Cum laudantium tempore dolor cum asperiores nesciunt recusandae. Sunt aut labore non quisquam. Non nam itaque soluta id. Ut est vel architecto ipsam. Quasi ducimus iusto non sit ut delectus velit. Aut asperiores quisquam inventore ducimus molestiae. Dolorum est iure earum eveniet quasi corrupti. Consequuntur ea aut placeat non. Sunt perferendis consectetur in unde autem eius. Quia voluptas adipisci sed laboriosam quos. Ipsam officia neque quae dignissimos. Dolores cum sunt illum ea praesentium et exercitationem. Id vel consequatur sit illo ipsam harum. Commodi dolore ut architecto error. Dolores vitae tempora sequi magni voluptatibus. Dolorum consequatur excepturi et laborum et laudantium rerum. Rerum nostrum quaerat dolores recusandae. Quaerat veritatis consequatur sed deserunt voluptatem nesciunt necessitatibus est.<p><br/><img src=\"http://placeimg.com/640/360/any\" style=\"width: 100%; float: none;\"></p><br/>Quia consequatur hic ut nihil nesciunt dolor. Vel blanditiis optio ut quia ipsam laboriosam. Cupiditate ad in aspernatur quis. Commodi eius qui tempora atque dolores. Fugit voluptate minima aspernatur vitae. Quidem tempora accusamus odio fuga adipisci consequatur. Qui placeat molestias aperiam sit. Odio omnis aliquid ea. Amet porro ratione harum dolor. Mollitia corporis laboriosam modi dolorem iste quibusdam. Fuga blanditiis earum qui consequuntur ex maxime. Est laboriosam deserunt aut iure distinctio. Voluptas vero similique a sed ea. Rerum eos est aut nostrum sed.', '0.000000', NULL, 388, 0, 1, NULL, 'non-saepe-dolorem-vero-eos-quam-et-quibusdam', 9, 1, NULL, '2022-03-09 15:33:25', '2022-03-12 15:33:25');

-- --------------------------------------------------------

--
-- Structură tabel pentru tabel `refunds`
--

CREATE TABLE `refunds` (
  `id` bigint UNSIGNED NOT NULL,
  `shop_id` int UNSIGNED DEFAULT NULL,
  `order_id` bigint UNSIGNED NOT NULL,
  `order_fulfilled` tinyint(1) DEFAULT NULL,
  `return_goods` tinyint(1) DEFAULT NULL,
  `amount` decimal(20,6) NOT NULL DEFAULT '0.000000',
  `description` longtext COLLATE utf8_unicode_ci,
  `status` int UNSIGNED NOT NULL DEFAULT '1',
  `created_at` timestamp NULL DEFAULT NULL,
  `updated_at` timestamp NULL DEFAULT NULL
) ENGINE=InnoDB DEFAULT CHARSET=utf8mb3 COLLATE=utf8_unicode_ci;

-- --------------------------------------------------------

--
-- Structură tabel pentru tabel `replies`
--

CREATE TABLE `replies` (
  `id` bigint UNSIGNED NOT NULL,
  `reply` longtext COLLATE utf8_unicode_ci,
  `user_id` bigint UNSIGNED DEFAULT NULL,
  `customer_id` bigint UNSIGNED DEFAULT NULL,
  `read` tinyint(1) DEFAULT NULL,
  `repliable_id` bigint UNSIGNED NOT NULL,
  `repliable_type` varchar(255) COLLATE utf8_unicode_ci NOT NULL,
  `created_at` timestamp NULL DEFAULT NULL,
  `updated_at` timestamp NULL DEFAULT NULL
) ENGINE=InnoDB DEFAULT CHARSET=utf8mb3 COLLATE=utf8_unicode_ci;

--
-- Eliminarea datelor din tabel `replies`
--

INSERT INTO `replies` (`id`, `reply`, `user_id`, `customer_id`, `read`, `repliable_id`, `repliable_type`, `created_at`, `updated_at`) VALUES
(1, 'Eaque corrupti rem eum natus ut aut adipisci. Praesentium odio reprehenderit praesentium aut reprehenderit velit. Quasi molestias voluptatem iste voluptatum.', 2, NULL, 0, 5, 'App\\Models\\Message', '2022-03-02 15:33:38', '2022-03-06 15:33:38'),
(2, 'Nesciunt qui et eaque sequi repellendus qui. Nam id laborum voluptatem. Eos aut voluptatem quia. Exercitationem esse inventore corrupti voluptas voluptatum error. Voluptatem voluptatibus aliquid fugiat sapiente laboriosam nam et quas.', 2, NULL, 0, 5, 'App\\Models\\Ticket', '2022-03-04 15:33:38', '2022-03-04 15:33:38'),
(3, 'Facilis laboriosam illum beatae unde delectus architecto dicta. Suscipit fugit et quia. Corporis voluptatibus ipsam soluta ea sequi earum eius. Ut voluptate iste similique.', 5, NULL, 1, 4, 'App\\Models\\Message', '2022-02-27 15:33:38', '2022-03-14 15:33:38'),
(4, 'Fuga magnam in provident assumenda nihil non. Distinctio voluptas qui nihil voluptatem a. Possimus cumque ea explicabo et ullam libero in. Ut molestias repellat magnam corporis distinctio.', 7, NULL, 1, 3, 'App\\Models\\Message', '2022-03-09 15:33:38', '2022-03-07 15:33:38'),
(5, 'Et voluptatibus maiores consectetur ea id ab eaque. Ducimus aliquid voluptatum perspiciatis fuga. Quis nulla eum et qui ad magni.', 5, NULL, 0, 2, 'App\\Models\\Ticket', '2022-03-14 15:33:38', '2022-02-28 15:33:38'),
(6, 'Et commodi asperiores rerum. Quia deleniti molestias cupiditate unde omnis repellat veniam. Excepturi dicta quia libero ipsa.', 2, NULL, 1, 1, 'App\\Models\\Ticket', '2022-03-01 15:33:38', '2022-03-12 15:33:38'),
(7, 'Odio maiores aut sequi. Voluptatem et enim iusto tenetur eveniet quasi incidunt. Tempora quo expedita sit.', 5, NULL, 0, 5, 'App\\Models\\Ticket', '2022-03-12 15:33:38', '2022-03-12 15:33:38'),
(8, 'Accusantium est est enim tempore quaerat. Aliquam impedit quasi molestiae dignissimos assumenda. Eligendi maiores sunt quia repellendus atque sed. Numquam voluptas qui sit consectetur eveniet aspernatur. Voluptas ea aperiam minus expedita ab aut quaerat.', 5, NULL, 1, 1, 'App\\Models\\Ticket', '2022-02-28 15:33:38', '2022-03-11 15:33:38'),
(9, 'Est cupiditate aut consequatur amet pariatur deleniti enim. Dolorem assumenda quam incidunt aperiam et. Explicabo corrupti dolor est eius qui adipisci.', 6, NULL, 0, 1, 'App\\Models\\Ticket', '2022-03-12 15:33:38', '2022-03-10 15:33:38'),
(10, 'Rerum ipsa enim delectus. Rerum tenetur eveniet vel consectetur. Iste quidem ipsam autem eum neque omnis.', 5, NULL, 0, 3, 'App\\Models\\Message', '2022-03-08 15:33:38', '2022-03-02 15:33:38'),
(11, 'Facere quas itaque sit impedit velit. Laborum fugiat iusto dolor saepe ea minus rerum. Error quod reiciendis adipisci.', 7, NULL, 0, 2, 'App\\Models\\Message', '2022-03-04 15:33:38', '2022-03-09 15:33:38'),
(12, 'Qui dolore voluptas dolor repudiandae. Perferendis dolor sit culpa maiores vitae ut distinctio. Consequatur ut consectetur corporis at at fuga.', 5, NULL, 1, 4, 'App\\Models\\Message', '2022-03-09 15:33:38', '2022-03-08 15:33:38'),
(13, 'Aut nemo numquam aut et. Maiores in voluptate libero tempore. Provident eaque sunt rem quasi qui dolores.', 4, NULL, 1, 5, 'App\\Models\\Ticket', '2022-03-09 15:33:38', '2022-03-12 15:33:38'),
(14, 'Et facilis sunt nihil. Autem esse quam quo quo provident sit. Enim sed omnis magnam non quae quisquam. Et mollitia at illo ratione eos tenetur nisi.', 5, NULL, 0, 2, 'App\\Models\\Ticket', '2022-03-01 15:33:38', '2022-03-13 15:33:38'),
(15, 'Cupiditate veniam amet enim suscipit quo magnam esse. Minima quia dicta eos commodi. Provident placeat neque eum accusamus adipisci architecto expedita.', 4, NULL, 0, 1, 'App\\Models\\Ticket', '2022-02-27 15:33:38', '2022-03-01 15:33:38'),
(16, 'Sit consequuntur ea ab debitis. At esse ab ullam aut libero inventore. Molestias velit cum maiores deserunt vel quod. Quis ratione ut eligendi cum.', 4, NULL, 1, 1, 'App\\Models\\Message', '2022-03-12 15:33:38', '2022-03-10 15:33:38'),
(17, 'Sequi minima dolorem quasi et iste nulla. Optio est rerum cupiditate vel impedit. Hic tempora recusandae repellendus quas dolorem dolorum et aperiam.', 7, NULL, 0, 5, 'App\\Models\\Message', '2022-02-27 15:33:38', '2022-03-11 15:33:38'),
(18, 'Suscipit impedit voluptatem quo dolores neque minus saepe. Et corporis voluptatem magnam molestias est consequatur et. Quia veritatis mollitia veritatis veritatis qui.', 2, NULL, 1, 1, 'App\\Models\\Message', '2022-03-08 15:33:38', '2022-03-14 15:33:38'),
(19, 'Consequuntur quo ullam asperiores alias. Molestiae eius assumenda impedit. Qui corporis et quo consequatur eveniet optio sed.', 4, NULL, 0, 1, 'App\\Models\\Message', '2022-03-11 15:33:38', '2022-02-28 15:33:38'),
(20, 'Vel totam possimus aut sint. Adipisci inventore eaque est. Officia culpa et et debitis sequi.', 3, NULL, 0, 5, 'App\\Models\\Ticket', '2022-03-03 15:33:38', '2022-03-10 15:33:38'),
(21, 'Voluptatibus atque esse exercitationem voluptas praesentium magni. Similique aut voluptatibus non. Nam consequatur quaerat quidem sunt cum incidunt.', 1, NULL, 0, 3, 'App\\Models\\Message', '2022-03-14 15:33:38', '2022-03-11 15:33:38'),
(22, 'Laboriosam natus sed est vitae et eligendi ratione perferendis. Illo et sapiente fugiat perspiciatis culpa.', 6, NULL, 1, 1, 'App\\Models\\Message', '2022-03-12 15:33:38', '2022-03-01 15:33:38'),
(23, 'Commodi perferendis totam debitis dolorem. Quia repellendus sunt ratione et aperiam porro dolorem.', 7, NULL, 1, 4, 'App\\Models\\Message', '2022-03-08 15:33:38', '2022-03-03 15:33:38'),
(24, 'Debitis asperiores neque repudiandae nobis quis magni cum. Saepe placeat consequatur repellendus ducimus qui qui sint. Rerum consectetur non ab pariatur. Id aut sint veritatis vel.', 5, NULL, 0, 4, 'App\\Models\\Ticket', '2022-03-01 15:33:38', '2022-03-05 15:33:38'),
(25, 'Sed molestias beatae amet reprehenderit blanditiis assumenda. Pariatur non nihil doloremque et mollitia veniam laborum aut. Unde iure maxime sint pariatur sed sint earum quia. Accusantium quasi ut aut sit.', 2, NULL, 1, 3, 'App\\Models\\Ticket', '2022-02-28 15:33:38', '2022-03-09 15:33:38'),
(26, 'Laborum corrupti aut aut molestiae dicta. Sequi dignissimos non consequatur porro. Sunt quo nesciunt ad officia.', 4, NULL, 0, 5, 'App\\Models\\Ticket', '2022-03-12 15:33:38', '2022-03-04 15:33:38'),
(27, 'Esse reprehenderit repellat sapiente eaque numquam. Id aliquam voluptatem mollitia magnam dignissimos. Totam qui explicabo nihil necessitatibus minus.', 6, NULL, 0, 2, 'App\\Models\\Ticket', '2022-03-06 15:33:38', '2022-03-12 15:33:38'),
(28, 'Vel aut impedit possimus molestiae ut ducimus. Pariatur maiores illo molestiae quia aut asperiores nemo. Cupiditate ut id nobis qui ut necessitatibus.', 1, NULL, 0, 5, 'App\\Models\\Message', '2022-03-05 15:33:38', '2022-03-12 15:33:38'),
(29, 'Quia libero enim blanditiis laboriosam. Quo totam provident aut modi qui facilis veniam nisi.', 2, NULL, 0, 5, 'App\\Models\\Ticket', '2022-03-06 15:33:38', '2022-03-07 15:33:38'),
(30, 'Illo adipisci explicabo voluptas odit illo sunt earum deserunt. Omnis incidunt ab ut similique facilis. Quas perferendis omnis dignissimos consequatur sit eum. Quidem quis doloremque et voluptas dicta voluptatem doloribus sint.', 7, NULL, 0, 3, 'App\\Models\\Message', '2022-03-01 15:33:38', '2022-03-01 15:33:38');

-- --------------------------------------------------------

--
-- Structură tabel pentru tabel `roles`
--

CREATE TABLE `roles` (
  `id` int UNSIGNED NOT NULL,
  `shop_id` int UNSIGNED DEFAULT NULL,
  `name` varchar(255) COLLATE utf8_unicode_ci NOT NULL,
  `description` text COLLATE utf8_unicode_ci,
  `public` tinyint(1) DEFAULT NULL,
  `level` int UNSIGNED DEFAULT NULL,
  `deleted_at` timestamp NULL DEFAULT NULL,
  `created_at` timestamp NULL DEFAULT NULL,
  `updated_at` timestamp NULL DEFAULT NULL
) ENGINE=InnoDB DEFAULT CHARSET=utf8mb3 COLLATE=utf8_unicode_ci;

--
-- Eliminarea datelor din tabel `roles`
--

INSERT INTO `roles` (`id`, `shop_id`, `name`, `description`, `public`, `level`, `deleted_at`, `created_at`, `updated_at`) VALUES
(1, NULL, 'Super Admin', 'Super Admin can do anything over the application.', 0, 1, NULL, '2022-03-14 15:33:13', '2022-03-14 15:33:13'),
(2, NULL, 'Admin', 'Admins can do anything over the application. Just cant access Super Admin and other Admins information.', 0, 2, NULL, '2022-03-14 15:33:13', '2022-03-14 15:33:13'),
(3, NULL, 'Merchant', 'The owner of a shop. A merchant can control all contents under his/her shop.', 0, 3, NULL, '2022-03-14 15:33:13', '2022-03-14 15:33:13'),
(4, NULL, 'Modaretor', 'Can access all information except the shop settings in under his/her shop.', 1, 4, NULL, '2022-03-14 15:33:13', '2022-03-14 15:33:13'),
(5, NULL, 'Order Handler', 'Only can access order information under his/her shop.', 1, 5, NULL, '2022-03-14 15:33:13', '2022-03-14 15:33:13');

-- --------------------------------------------------------

--
-- Structură tabel pentru tabel `shipping_rates`
--

CREATE TABLE `shipping_rates` (
  `id` int UNSIGNED NOT NULL,
  `name` varchar(255) COLLATE utf8_unicode_ci NOT NULL,
  `shipping_zone_id` int UNSIGNED NOT NULL,
  `carrier_id` int UNSIGNED DEFAULT NULL,
  `based_on` enum('price','weight') COLLATE utf8_unicode_ci NOT NULL DEFAULT 'price',
  `minimum` decimal(20,6) DEFAULT NULL,
  `maximum` decimal(20,6) DEFAULT NULL,
  `rate` decimal(20,6) DEFAULT NULL,
  `delivery_takes` varchar(255) COLLATE utf8_unicode_ci DEFAULT NULL,
  `created_at` timestamp NULL DEFAULT NULL,
  `updated_at` timestamp NULL DEFAULT NULL
) ENGINE=InnoDB DEFAULT CHARSET=utf8mb3 COLLATE=utf8_unicode_ci;

--
-- Eliminarea datelor din tabel `shipping_rates`
--

INSERT INTO `shipping_rates` (`id`, `name`, `shipping_zone_id`, `carrier_id`, `based_on`, `minimum`, `maximum`, `rate`, `delivery_takes`, `created_at`, `updated_at`) VALUES
(1, 'tenetur', 1, 1, 'weight', '0.000000', '2000.000000', '12.000000', '10-11 days', '2022-03-14 15:33:30', '2022-03-14 15:33:30'),
(2, 'provident', 1, 5, 'weight', '0.000000', '2000.000000', '2.000000', '1-7 days', '2022-03-14 15:33:30', '2022-03-14 15:33:30'),
(3, 'mollitia', 1, 4, 'price', '0.000000', NULL, '12.000000', '12-24 days', '2022-03-14 15:33:30', '2022-03-14 15:33:30'),
(4, 'ea', 1, 2, 'price', '0.000000', NULL, '12.000000', '4-17 days', '2022-03-14 15:33:30', '2022-03-14 15:33:30'),
(5, 'vel', 1, 1, 'price', '0.000000', NULL, '8.000000', '19-23 days', '2022-03-14 15:33:30', '2022-03-14 15:33:30'),
(6, 'quos', 2, 3, 'weight', '0.000000', '2000.000000', '16.000000', '12-27 days', '2022-03-14 15:33:30', '2022-03-14 15:33:30'),
(7, 'maxime', 2, 5, 'price', '0.000000', NULL, '15.000000', '4-5 days', '2022-03-14 15:33:30', '2022-03-14 15:33:30'),
(8, 'eligendi', 2, 1, 'weight', '0.000000', '2000.000000', '19.000000', '11-12 days', '2022-03-14 15:33:30', '2022-03-14 15:33:30'),
(9, 'laudantium', 2, 1, 'price', '0.000000', NULL, '3.000000', '7-9 days', '2022-03-14 15:33:30', '2022-03-14 15:33:30'),
(10, 'temporibus', 2, 5, 'price', '0.000000', NULL, '1.000000', '17-37 days', '2022-03-14 15:33:30', '2022-03-14 15:33:30'),
(11, 'cumque', 3, 4, 'price', '0.000000', NULL, '5.000000', '5-9 days', '2022-03-14 15:33:30', '2022-03-14 15:33:30'),
(12, 'quae', 3, 3, 'weight', '0.000000', '2000.000000', '2.000000', '4-15 days', '2022-03-14 15:33:30', '2022-03-14 15:33:30'),
(13, 'rerum', 3, 4, 'weight', '0.000000', '2000.000000', '1.000000', '6-11 days', '2022-03-14 15:33:30', '2022-03-14 15:33:30'),
(14, 'nam', 3, 5, 'price', '0.000000', NULL, '5.000000', '9-27 days', '2022-03-14 15:33:30', '2022-03-14 15:33:30'),
(15, 'laboriosam', 3, 3, 'weight', '0.000000', '2000.000000', '10.000000', '3-12 days', '2022-03-14 15:33:30', '2022-03-14 15:33:30'),
(16, 'et', 4, 3, 'weight', '0.000000', '2000.000000', '10.000000', '9-25 days', '2022-03-14 15:33:30', '2022-03-14 15:33:30'),
(17, 'ipsam', 4, 5, 'weight', '0.000000', '2000.000000', '14.000000', '11-23 days', '2022-03-14 15:33:30', '2022-03-14 15:33:30'),
(18, 'recusandae', 4, 2, 'price', '0.000000', NULL, '5.000000', '13-33 days', '2022-03-14 15:33:30', '2022-03-14 15:33:30'),
(19, 'incidunt', 4, 2, 'weight', '0.000000', '2000.000000', '12.000000', '8-9 days', '2022-03-14 15:33:30', '2022-03-14 15:33:30'),
(20, 'et', 4, 5, 'price', '0.000000', NULL, '8.000000', '10-14 days', '2022-03-14 15:33:30', '2022-03-14 15:33:30'),
(21, 'quia', 5, 5, 'weight', '0.000000', '2000.000000', '20.000000', '2-10 days', '2022-03-14 15:33:30', '2022-03-14 15:33:30'),
(22, 'incidunt', 5, 1, 'price', '0.000000', NULL, '18.000000', '20-31 days', '2022-03-14 15:33:30', '2022-03-14 15:33:30'),
(23, 'qui', 5, 3, 'price', '0.000000', NULL, '2.000000', '18-20 days', '2022-03-14 15:33:30', '2022-03-14 15:33:30'),
(24, 'quis', 5, 3, 'weight', '0.000000', '2000.000000', '9.000000', '2-21 days', '2022-03-14 15:33:30', '2022-03-14 15:33:30'),
(25, 'perspiciatis', 5, 1, 'weight', '0.000000', '2000.000000', '11.000000', '10-29 days', '2022-03-14 15:33:30', '2022-03-14 15:33:30'),
(26, 'alias', 6, 4, 'price', '0.000000', NULL, '15.000000', '19-20 days', '2022-03-14 15:33:30', '2022-03-14 15:33:30'),
(27, 'voluptatum', 6, 4, 'weight', '0.000000', '2000.000000', '20.000000', '1-7 days', '2022-03-14 15:33:30', '2022-03-14 15:33:30'),
(28, 'aperiam', 6, 1, 'price', '0.000000', NULL, '7.000000', '18-37 days', '2022-03-14 15:33:30', '2022-03-14 15:33:30'),
(29, 'quaerat', 6, 3, 'weight', '0.000000', '2000.000000', '12.000000', '9-21 days', '2022-03-14 15:33:30', '2022-03-14 15:33:30'),
(30, 'nostrum', 6, 2, 'weight', '0.000000', '2000.000000', '18.000000', '13-21 days', '2022-03-14 15:33:30', '2022-03-14 15:33:30'),
(31, 'recusandae', 7, 1, 'weight', '0.000000', '2000.000000', '11.000000', '18-32 days', '2022-03-14 15:33:30', '2022-03-14 15:33:30'),
(32, 'similique', 7, 2, 'price', '0.000000', NULL, '4.000000', '12-25 days', '2022-03-14 15:33:30', '2022-03-14 15:33:30'),
(33, 'velit', 7, 4, 'price', '0.000000', NULL, '6.000000', '13-18 days', '2022-03-14 15:33:30', '2022-03-14 15:33:30'),
(34, 'quis', 7, 1, 'price', '0.000000', NULL, '4.000000', '12-16 days', '2022-03-14 15:33:30', '2022-03-14 15:33:30'),
(35, 'harum', 7, 4, 'weight', '0.000000', '2000.000000', '10.000000', '15-18 days', '2022-03-14 15:33:30', '2022-03-14 15:33:30'),
(36, 'fugiat', 8, 4, 'price', '0.000000', NULL, '14.000000', '5-12 days', '2022-03-14 15:33:30', '2022-03-14 15:33:30'),
(37, 'nam', 8, 3, 'weight', '0.000000', '2000.000000', '15.000000', '20-32 days', '2022-03-14 15:33:30', '2022-03-14 15:33:30'),
(38, 'quo', 8, 4, 'weight', '0.000000', '2000.000000', '13.000000', '13-20 days', '2022-03-14 15:33:30', '2022-03-14 15:33:30'),
(39, 'odit', 8, 5, 'price', '0.000000', NULL, '0.000000', '5-14 days', '2022-03-14 15:33:30', '2022-03-14 15:33:30'),
(40, 'et', 8, 4, 'price', '0.000000', NULL, '4.000000', '2-13 days', '2022-03-14 15:33:30', '2022-03-14 15:33:30'),
(41, 'laborum', 9, 5, 'price', '0.000000', NULL, '3.000000', '7-25 days', '2022-03-14 15:33:30', '2022-03-14 15:33:30'),
(42, 'non', 9, 4, 'price', '0.000000', NULL, '14.000000', '1-12 days', '2022-03-14 15:33:30', '2022-03-14 15:33:30'),
(43, 'nihil', 9, 2, 'price', '0.000000', NULL, '16.000000', '10-22 days', '2022-03-14 15:33:30', '2022-03-14 15:33:30'),
(44, 'reprehenderit', 9, 2, 'weight', '0.000000', '2000.000000', '6.000000', '3-4 days', '2022-03-14 15:33:30', '2022-03-14 15:33:30'),
(45, 'enim', 9, 2, 'weight', '0.000000', '2000.000000', '2.000000', '7-27 days', '2022-03-14 15:33:30', '2022-03-14 15:33:30'),
(46, 'molestiae', 10, 2, 'weight', '0.000000', '2000.000000', '12.000000', '2-8 days', '2022-03-14 15:33:30', '2022-03-14 15:33:30'),
(47, 'consectetur', 10, 5, 'price', '0.000000', NULL, '9.000000', '13-23 days', '2022-03-14 15:33:30', '2022-03-14 15:33:30'),
(48, 'cupiditate', 10, 1, 'weight', '0.000000', '2000.000000', '4.000000', '7-19 days', '2022-03-14 15:33:30', '2022-03-14 15:33:30'),
(49, 'adipisci', 10, 2, 'weight', '0.000000', '2000.000000', '3.000000', '15-20 days', '2022-03-14 15:33:30', '2022-03-14 15:33:30'),
(50, 'voluptatem', 10, 2, 'price', '0.000000', NULL, '17.000000', '5-24 days', '2022-03-14 15:33:30', '2022-03-14 15:33:30');

-- --------------------------------------------------------

--
-- Structură tabel pentru tabel `shipping_zones`
--

CREATE TABLE `shipping_zones` (
  `id` int UNSIGNED NOT NULL,
  `shop_id` int UNSIGNED DEFAULT NULL,
  `name` varchar(255) COLLATE utf8_unicode_ci NOT NULL,
  `tax_id` int UNSIGNED DEFAULT NULL,
  `country_ids` text COLLATE utf8_unicode_ci,
  `state_ids` longtext COLLATE utf8_unicode_ci,
  `rest_of_the_world` tinyint(1) NOT NULL DEFAULT '0',
  `active` tinyint(1) NOT NULL DEFAULT '1',
  `created_at` timestamp NULL DEFAULT NULL,
  `updated_at` timestamp NULL DEFAULT NULL
) ENGINE=InnoDB DEFAULT CHARSET=utf8mb3 COLLATE=utf8_unicode_ci;

--
-- Eliminarea datelor din tabel `shipping_zones`
--

INSERT INTO `shipping_zones` (`id`, `shop_id`, `name`, `tax_id`, `country_ids`, `state_ids`, `rest_of_the_world`, `active`, `created_at`, `updated_at`) VALUES
(1, 1, 'Domestic', 1, 'a:2:{i:0;i:50;i:1;i:840;}', 'a:67:{i:0;i:64;i:1;i:65;i:2;i:66;i:3;i:67;i:4;i:68;i:5;i:69;i:6;i:70;i:7;i:71;i:8;i:1371;i:9;i:1372;i:10;i:1373;i:11;i:1374;i:12;i:1375;i:13;i:1376;i:14;i:1377;i:15;i:1378;i:16;i:1379;i:17;i:1380;i:18;i:1381;i:19;i:1382;i:20;i:1383;i:21;i:1384;i:22;i:1385;i:23;i:1386;i:24;i:1387;i:25;i:1388;i:26;i:1389;i:27;i:1390;i:28;i:1391;i:29;i:1392;i:30;i:1393;i:31;i:1394;i:32;i:1395;i:33;i:1396;i:34;i:1397;i:35;i:1398;i:36;i:1399;i:37;i:1400;i:38;i:1401;i:39;i:1402;i:40;i:1403;i:41;i:1404;i:42;i:1405;i:43;i:1406;i:44;i:1407;i:45;i:1408;i:46;i:1409;i:47;i:1410;i:48;i:1411;i:49;i:1412;i:50;i:1413;i:51;i:1414;i:52;i:1415;i:53;i:1416;i:54;i:1417;i:55;i:1418;i:56;i:1419;i:57;i:1420;i:58;i:1421;i:59;i:1422;i:60;i:1423;i:61;i:1424;i:62;i:1425;i:63;i:1426;i:64;i:1427;i:65;i:1428;i:66;i:1429;}', 0, 1, '2022-03-14 15:33:22', '2022-03-14 15:33:22'),
(2, 1, 'Worldwide', 1, NULL, NULL, 1, 1, '2022-03-14 15:33:22', '2022-03-14 15:33:22'),
(3, 2, 'Domestic', 1, 'a:2:{i:0;i:50;i:1;i:840;}', 'a:67:{i:0;i:64;i:1;i:65;i:2;i:66;i:3;i:67;i:4;i:68;i:5;i:69;i:6;i:70;i:7;i:71;i:8;i:1371;i:9;i:1372;i:10;i:1373;i:11;i:1374;i:12;i:1375;i:13;i:1376;i:14;i:1377;i:15;i:1378;i:16;i:1379;i:17;i:1380;i:18;i:1381;i:19;i:1382;i:20;i:1383;i:21;i:1384;i:22;i:1385;i:23;i:1386;i:24;i:1387;i:25;i:1388;i:26;i:1389;i:27;i:1390;i:28;i:1391;i:29;i:1392;i:30;i:1393;i:31;i:1394;i:32;i:1395;i:33;i:1396;i:34;i:1397;i:35;i:1398;i:36;i:1399;i:37;i:1400;i:38;i:1401;i:39;i:1402;i:40;i:1403;i:41;i:1404;i:42;i:1405;i:43;i:1406;i:44;i:1407;i:45;i:1408;i:46;i:1409;i:47;i:1410;i:48;i:1411;i:49;i:1412;i:50;i:1413;i:51;i:1414;i:52;i:1415;i:53;i:1416;i:54;i:1417;i:55;i:1418;i:56;i:1419;i:57;i:1420;i:58;i:1421;i:59;i:1422;i:60;i:1423;i:61;i:1424;i:62;i:1425;i:63;i:1426;i:64;i:1427;i:65;i:1428;i:66;i:1429;}', 0, 1, '2022-03-14 15:33:22', '2022-03-14 15:33:22'),
(4, 2, 'Worldwide', 1, NULL, NULL, 1, 1, '2022-03-14 15:33:22', '2022-03-14 15:33:22'),
(5, 3, 'Domestic', 1, 'a:2:{i:0;i:50;i:1;i:840;}', 'a:67:{i:0;i:64;i:1;i:65;i:2;i:66;i:3;i:67;i:4;i:68;i:5;i:69;i:6;i:70;i:7;i:71;i:8;i:1371;i:9;i:1372;i:10;i:1373;i:11;i:1374;i:12;i:1375;i:13;i:1376;i:14;i:1377;i:15;i:1378;i:16;i:1379;i:17;i:1380;i:18;i:1381;i:19;i:1382;i:20;i:1383;i:21;i:1384;i:22;i:1385;i:23;i:1386;i:24;i:1387;i:25;i:1388;i:26;i:1389;i:27;i:1390;i:28;i:1391;i:29;i:1392;i:30;i:1393;i:31;i:1394;i:32;i:1395;i:33;i:1396;i:34;i:1397;i:35;i:1398;i:36;i:1399;i:37;i:1400;i:38;i:1401;i:39;i:1402;i:40;i:1403;i:41;i:1404;i:42;i:1405;i:43;i:1406;i:44;i:1407;i:45;i:1408;i:46;i:1409;i:47;i:1410;i:48;i:1411;i:49;i:1412;i:50;i:1413;i:51;i:1414;i:52;i:1415;i:53;i:1416;i:54;i:1417;i:55;i:1418;i:56;i:1419;i:57;i:1420;i:58;i:1421;i:59;i:1422;i:60;i:1423;i:61;i:1424;i:62;i:1425;i:63;i:1426;i:64;i:1427;i:65;i:1428;i:66;i:1429;}', 0, 1, '2022-03-14 15:33:22', '2022-03-14 15:33:22'),
(6, 3, 'Worldwide', 1, NULL, NULL, 1, 1, '2022-03-14 15:33:22', '2022-03-14 15:33:22'),
(7, 4, 'Domestic', 1, 'a:2:{i:0;i:50;i:1;i:840;}', 'a:67:{i:0;i:64;i:1;i:65;i:2;i:66;i:3;i:67;i:4;i:68;i:5;i:69;i:6;i:70;i:7;i:71;i:8;i:1371;i:9;i:1372;i:10;i:1373;i:11;i:1374;i:12;i:1375;i:13;i:1376;i:14;i:1377;i:15;i:1378;i:16;i:1379;i:17;i:1380;i:18;i:1381;i:19;i:1382;i:20;i:1383;i:21;i:1384;i:22;i:1385;i:23;i:1386;i:24;i:1387;i:25;i:1388;i:26;i:1389;i:27;i:1390;i:28;i:1391;i:29;i:1392;i:30;i:1393;i:31;i:1394;i:32;i:1395;i:33;i:1396;i:34;i:1397;i:35;i:1398;i:36;i:1399;i:37;i:1400;i:38;i:1401;i:39;i:1402;i:40;i:1403;i:41;i:1404;i:42;i:1405;i:43;i:1406;i:44;i:1407;i:45;i:1408;i:46;i:1409;i:47;i:1410;i:48;i:1411;i:49;i:1412;i:50;i:1413;i:51;i:1414;i:52;i:1415;i:53;i:1416;i:54;i:1417;i:55;i:1418;i:56;i:1419;i:57;i:1420;i:58;i:1421;i:59;i:1422;i:60;i:1423;i:61;i:1424;i:62;i:1425;i:63;i:1426;i:64;i:1427;i:65;i:1428;i:66;i:1429;}', 0, 1, '2022-03-14 15:33:22', '2022-03-14 15:33:22'),
(8, 4, 'Worldwide', 1, NULL, NULL, 1, 1, '2022-03-14 15:33:22', '2022-03-14 15:33:22'),
(9, 5, 'Domestic', 1, 'a:2:{i:0;i:50;i:1;i:840;}', 'a:67:{i:0;i:64;i:1;i:65;i:2;i:66;i:3;i:67;i:4;i:68;i:5;i:69;i:6;i:70;i:7;i:71;i:8;i:1371;i:9;i:1372;i:10;i:1373;i:11;i:1374;i:12;i:1375;i:13;i:1376;i:14;i:1377;i:15;i:1378;i:16;i:1379;i:17;i:1380;i:18;i:1381;i:19;i:1382;i:20;i:1383;i:21;i:1384;i:22;i:1385;i:23;i:1386;i:24;i:1387;i:25;i:1388;i:26;i:1389;i:27;i:1390;i:28;i:1391;i:29;i:1392;i:30;i:1393;i:31;i:1394;i:32;i:1395;i:33;i:1396;i:34;i:1397;i:35;i:1398;i:36;i:1399;i:37;i:1400;i:38;i:1401;i:39;i:1402;i:40;i:1403;i:41;i:1404;i:42;i:1405;i:43;i:1406;i:44;i:1407;i:45;i:1408;i:46;i:1409;i:47;i:1410;i:48;i:1411;i:49;i:1412;i:50;i:1413;i:51;i:1414;i:52;i:1415;i:53;i:1416;i:54;i:1417;i:55;i:1418;i:56;i:1419;i:57;i:1420;i:58;i:1421;i:59;i:1422;i:60;i:1423;i:61;i:1424;i:62;i:1425;i:63;i:1426;i:64;i:1427;i:65;i:1428;i:66;i:1429;}', 0, 1, '2022-03-14 15:33:22', '2022-03-14 15:33:22'),
(10, 5, 'Worldwide', 1, NULL, NULL, 1, 1, '2022-03-14 15:33:22', '2022-03-14 15:33:22');

-- --------------------------------------------------------

--
-- Structură tabel pentru tabel `shops`
--

CREATE TABLE `shops` (
  `id` int UNSIGNED NOT NULL,
  `owner_id` bigint UNSIGNED NOT NULL,
  `name` text COLLATE utf8_unicode_ci,
  `legal_name` text COLLATE utf8_unicode_ci,
  `slug` varchar(200) COLLATE utf8_unicode_ci NOT NULL,
  `email` varchar(255) COLLATE utf8_unicode_ci NOT NULL,
  `description` longtext COLLATE utf8_unicode_ci,
  `external_url` varchar(255) COLLATE utf8_unicode_ci DEFAULT NULL,
  `timezone_id` int DEFAULT NULL,
  `current_billing_plan` varchar(255) COLLATE utf8_unicode_ci DEFAULT NULL,
  `stripe_id` varchar(255) COLLATE utf8_unicode_ci DEFAULT NULL,
  `card_holder_name` text COLLATE utf8_unicode_ci,
  `pm_type` varchar(255) COLLATE utf8_unicode_ci DEFAULT NULL,
  `pm_last_four` varchar(255) COLLATE utf8_unicode_ci DEFAULT NULL,
  `trial_ends_at` timestamp NULL DEFAULT NULL,
  `hide_trial_notice` tinyint(1) DEFAULT NULL,
  `active` tinyint(1) DEFAULT '0',
  `current_sale_amount` decimal(64,6) NOT NULL DEFAULT '0.000000',
  `payment_verified` tinyint(1) DEFAULT NULL,
  `id_verified` tinyint(1) DEFAULT NULL,
  `phone_verified` tinyint(1) DEFAULT NULL,
  `address_verified` tinyint(1) DEFAULT NULL,
  `deleted_at` timestamp NULL DEFAULT NULL,
  `created_at` timestamp NULL DEFAULT NULL,
  `updated_at` timestamp NULL DEFAULT NULL
) ENGINE=InnoDB DEFAULT CHARSET=utf8mb3 COLLATE=utf8_unicode_ci;

--
-- Eliminarea datelor din tabel `shops`
--

INSERT INTO `shops` (`id`, `owner_id`, `name`, `legal_name`, `slug`, `email`, `description`, `external_url`, `timezone_id`, `current_billing_plan`, `stripe_id`, `card_holder_name`, `pm_type`, `pm_last_four`, `trial_ends_at`, `hide_trial_notice`, `active`, `current_sale_amount`, `payment_verified`, `id_verified`, `phone_verified`, `address_verified`, `deleted_at`, `created_at`, `updated_at`) VALUES
(1, 3, 'Big Shop', 'Big Shop Ltd.', 'big-shop', 'shop3@demo.com', 'Lorem ipsum dolor sit amet, consectetur adipisicing elit, sed do eiusmod tempor incididunt ut labore et dolore magna aliqua. Ut enim ad minim veniam, quis nostrud exercitation ullamco laboris nisi ut aliquip ex ea commodo consequat. Duis aute irure dolor in reprehenderit in voluptate velit esse cillum dolore eu fugiat nulla pariatur. Excepteur sint occaecat cupidatat non proident, sunt in culpa qui officia deserunt mollit anim id est laborum.', NULL, 73, NULL, NULL, NULL, NULL, NULL, NULL, NULL, 1, '0.000000', 1, 1, 1, 1, NULL, '2022-03-14 15:33:22', '2022-03-14 15:33:22'),
(2, 4, 'Amz Mart', 'Amz Mart Ltd.', 'amz-mart', 'shop4@demo.com', 'Lorem ipsum dolor sit amet, consectetur adipisicing elit, sed do eiusmod tempor incididunt ut labore et dolore magna aliqua. Ut enim ad minim veniam, quis nostrud exercitation ullamco laboris nisi ut aliquip ex ea commodo consequat. Duis aute irure dolor in reprehenderit in voluptate velit esse cillum dolore eu fugiat nulla pariatur. Excepteur sint occaecat cupidatat non proident, sunt in culpa qui officia deserunt mollit anim id est laborum.', NULL, 73, NULL, NULL, NULL, NULL, NULL, NULL, NULL, 1, '0.000000', 1, 1, 1, 1, NULL, '2022-03-14 15:33:22', '2022-03-14 15:33:22'),
(3, 5, 'Peda Ting Ting', 'Peda Ting Ting Ltd.', 'peda-ting-ting', 'shop5@demo.com', 'Lorem ipsum dolor sit amet, consectetur adipisicing elit, sed do eiusmod tempor incididunt ut labore et dolore magna aliqua. Ut enim ad minim veniam, quis nostrud exercitation ullamco laboris nisi ut aliquip ex ea commodo consequat. Duis aute irure dolor in reprehenderit in voluptate velit esse cillum dolore eu fugiat nulla pariatur. Excepteur sint occaecat cupidatat non proident, sunt in culpa qui officia deserunt mollit anim id est laborum.', NULL, 73, NULL, NULL, NULL, NULL, NULL, NULL, NULL, 1, '0.000000', 1, 1, 1, 1, NULL, '2022-03-14 15:33:22', '2022-03-14 15:33:22'),
(4, 6, 'Phuket Retailer', 'Phuket Retailer Ltd.', 'phuket-retailer', 'shop6@demo.com', 'Lorem ipsum dolor sit amet, consectetur adipisicing elit, sed do eiusmod tempor incididunt ut labore et dolore magna aliqua. Ut enim ad minim veniam, quis nostrud exercitation ullamco laboris nisi ut aliquip ex ea commodo consequat. Duis aute irure dolor in reprehenderit in voluptate velit esse cillum dolore eu fugiat nulla pariatur. Excepteur sint occaecat cupidatat non proident, sunt in culpa qui officia deserunt mollit anim id est laborum.', NULL, 73, NULL, NULL, NULL, NULL, NULL, NULL, NULL, 1, '0.000000', 1, 1, 1, 1, NULL, '2022-03-14 15:33:22', '2022-03-14 15:33:22'),
(5, 7, 'Tindu Gears', 'Tindu Gears Ltd.', 'tindu-gears', 'shop7@demo.com', 'Lorem ipsum dolor sit amet, consectetur adipisicing elit, sed do eiusmod tempor incididunt ut labore et dolore magna aliqua. Ut enim ad minim veniam, quis nostrud exercitation ullamco laboris nisi ut aliquip ex ea commodo consequat. Duis aute irure dolor in reprehenderit in voluptate velit esse cillum dolore eu fugiat nulla pariatur. Excepteur sint occaecat cupidatat non proident, sunt in culpa qui officia deserunt mollit anim id est laborum.', NULL, 73, NULL, NULL, NULL, NULL, NULL, NULL, NULL, 1, '0.000000', 1, 1, 1, 1, NULL, '2022-03-14 15:33:22', '2022-03-14 15:33:22');

-- --------------------------------------------------------

--
-- Structură tabel pentru tabel `shop_payment_methods`
--

CREATE TABLE `shop_payment_methods` (
  `payment_method_id` int UNSIGNED NOT NULL,
  `shop_id` int UNSIGNED NOT NULL,
  `created_at` timestamp NULL DEFAULT NULL,
  `updated_at` timestamp NULL DEFAULT NULL
) ENGINE=InnoDB DEFAULT CHARSET=utf8mb3 COLLATE=utf8_unicode_ci;

--
-- Eliminarea datelor din tabel `shop_payment_methods`
--

INSERT INTO `shop_payment_methods` (`payment_method_id`, `shop_id`, `created_at`, `updated_at`) VALUES
(6, 1, '2022-03-14 15:33:20', '2022-03-14 15:33:20'),
(7, 1, '2022-03-14 15:33:20', '2022-03-14 15:33:20'),
(6, 2, '2022-03-14 15:33:20', '2022-03-14 15:33:20'),
(7, 2, '2022-03-14 15:33:20', '2022-03-14 15:33:20'),
(6, 3, '2022-03-14 15:33:20', '2022-03-14 15:33:20'),
(7, 3, '2022-03-14 15:33:20', '2022-03-14 15:33:20'),
(6, 4, '2022-03-14 15:33:20', '2022-03-14 15:33:20'),
(7, 4, '2022-03-14 15:33:20', '2022-03-14 15:33:20'),
(6, 5, '2022-03-14 15:33:20', '2022-03-14 15:33:20'),
(7, 5, '2022-03-14 15:33:20', '2022-03-14 15:33:20');

-- --------------------------------------------------------

--
-- Structură tabel pentru tabel `sliders`
--

CREATE TABLE `sliders` (
  `id` int UNSIGNED NOT NULL,
  `title` varchar(255) COLLATE utf8_unicode_ci DEFAULT NULL,
  `title_color` varchar(20) COLLATE utf8_unicode_ci DEFAULT '#333E48',
  `sub_title` varchar(255) COLLATE utf8_unicode_ci DEFAULT NULL,
  `sub_title_color` varchar(20) COLLATE utf8_unicode_ci DEFAULT '#333E48',
  `description` varchar(255) COLLATE utf8_unicode_ci DEFAULT NULL,
  `description_color` varchar(20) COLLATE utf8_unicode_ci NOT NULL DEFAULT '#868E8E',
  `alt_color` varchar(20) COLLATE utf8_unicode_ci NOT NULL DEFAULT '#FED700',
  `link` text COLLATE utf8_unicode_ci,
  `order` int NOT NULL DEFAULT '100',
  `text_position` varchar(10) COLLATE utf8_unicode_ci NOT NULL DEFAULT 'right',
  `created_at` timestamp NULL DEFAULT NULL,
  `updated_at` timestamp NULL DEFAULT NULL
) ENGINE=InnoDB DEFAULT CHARSET=utf8mb3 COLLATE=utf8_unicode_ci;

--
-- Eliminarea datelor din tabel `sliders`
--

INSERT INTO `sliders` (`id`, `title`, `title_color`, `sub_title`, `sub_title_color`, `description`, `description_color`, `alt_color`, `link`, `order`, `text_position`, `created_at`, `updated_at`) VALUES
(1, 'Slider title', '#333E48', 'Sub title <span>with color</span>', '#333E48', 'Description with a text', '#868E8E', '#FED700', '/category/quidem-natus-vitae-cum-eos-et', 1, 'left', '2022-03-14 15:33:38', '2022-03-14 15:33:38'),
(2, 'Wireless <span>Earbuds</span>', '#333E48', 'Slider subtitle with love', '#333E48', 'Description with <span>span</span> and color', '#868E8E', '#FED700', '/category/ut-enim-eveniet-iste-blanditiis-incidunt-natus', 2, 'right', '2022-03-14 15:33:38', '2022-03-14 15:33:38'),
(3, 'Slider Title', '#333E48', 'Without span subtitle', '#333E48', 'Slider description without span', '#868E8E', '#FED700', '/category/mobile', 3, 'left', '2022-03-14 15:33:38', '2022-03-14 15:33:38'),
(4, '', '#333E48', '', '#333E48', '', '#868E8E', '#FED700', '', 4, 'right', '2022-03-14 15:33:38', '2022-03-14 15:33:38');

-- --------------------------------------------------------

--
-- Structură tabel pentru tabel `states`
--

CREATE TABLE `states` (
  `id` int UNSIGNED NOT NULL,
  `country_id` int UNSIGNED NOT NULL,
  `iso_code` varchar(255) COLLATE utf8_unicode_ci NOT NULL,
  `iso_numeric` varchar(255) COLLATE utf8_unicode_ci DEFAULT NULL,
  `name` varchar(255) COLLATE utf8_unicode_ci DEFAULT NULL,
  `calling_code` varchar(5) COLLATE utf8_unicode_ci DEFAULT NULL,
  `active` tinyint(1) DEFAULT '1',
  `created_at` timestamp NULL DEFAULT NULL,
  `updated_at` timestamp NULL DEFAULT NULL
) ENGINE=InnoDB DEFAULT CHARSET=utf8mb3 COLLATE=utf8_unicode_ci;

--
-- Eliminarea datelor din tabel `states`
--

INSERT INTO `states` (`id`, `country_id`, `iso_code`, `iso_numeric`, `name`, `calling_code`, `active`, `created_at`, `updated_at`) VALUES
(1, 784, 'AZ', NULL, 'Abū Ȥaby[Abu Dhabi]', NULL, 1, '2022-03-14 15:33:13', '2022-03-14 15:33:13'),
(2, 784, 'AJ', NULL, 'Ajman', NULL, 1, '2022-03-14 15:33:13', '2022-03-14 15:33:13'),
(3, 784, 'FU', NULL, 'Al Fujayrah', NULL, 1, '2022-03-14 15:33:13', '2022-03-14 15:33:13'),
(4, 784, 'SH', NULL, 'Ash Shāriqah [Sharjah]', NULL, 1, '2022-03-14 15:33:13', '2022-03-14 15:33:13'),
(5, 784, 'DU', NULL, 'Dubayy [Dubai]', NULL, 1, '2022-03-14 15:33:13', '2022-03-14 15:33:13'),
(6, 784, 'RK', NULL, 'Rā\'s al Khaymah', NULL, 1, '2022-03-14 15:33:13', '2022-03-14 15:33:13'),
(7, 784, 'UQ', NULL, 'Umm al Qaywayn', NULL, 1, '2022-03-14 15:33:13', '2022-03-14 15:33:13'),
(8, 51, 'AG', NULL, 'Aragaçotn', NULL, 1, '2022-03-14 15:33:13', '2022-03-14 15:33:13'),
(9, 51, 'AR', NULL, 'Ararat', NULL, 1, '2022-03-14 15:33:13', '2022-03-14 15:33:13'),
(10, 51, 'AV', NULL, 'Armavir', NULL, 1, '2022-03-14 15:33:13', '2022-03-14 15:33:13'),
(11, 51, 'ER', NULL, 'Erevan', NULL, 1, '2022-03-14 15:33:13', '2022-03-14 15:33:13'),
(12, 51, 'GR', NULL, 'Geġark\'unik\'', NULL, 1, '2022-03-14 15:33:13', '2022-03-14 15:33:13'),
(13, 51, 'KT', NULL, 'Kotayk\'', NULL, 1, '2022-03-14 15:33:13', '2022-03-14 15:33:13'),
(14, 51, 'LO', NULL, 'Loṙy', NULL, 1, '2022-03-14 15:33:13', '2022-03-14 15:33:13'),
(15, 51, 'SU', NULL, 'Syunik\'', NULL, 1, '2022-03-14 15:33:13', '2022-03-14 15:33:13'),
(16, 51, 'TV', NULL, 'Tavuš', NULL, 1, '2022-03-14 15:33:13', '2022-03-14 15:33:13'),
(17, 51, 'VD', NULL, 'Vayoć Jor', NULL, 1, '2022-03-14 15:33:13', '2022-03-14 15:33:13'),
(18, 51, 'SH', NULL, 'Širak', NULL, 1, '2022-03-14 15:33:13', '2022-03-14 15:33:13'),
(19, 32, 'B', NULL, 'Buenos Aires', NULL, 1, '2022-03-14 15:33:13', '2022-03-14 15:33:13'),
(20, 32, 'K', NULL, 'Catamarca ', NULL, 1, '2022-03-14 15:33:13', '2022-03-14 15:33:13'),
(21, 32, 'H', NULL, 'Chaco ', NULL, 1, '2022-03-14 15:33:13', '2022-03-14 15:33:13'),
(22, 32, 'U', NULL, 'Chubut', NULL, 1, '2022-03-14 15:33:13', '2022-03-14 15:33:13'),
(23, 32, 'C', NULL, 'Ciudad Autónoma de Buenos Aires', NULL, 1, '2022-03-14 15:33:13', '2022-03-14 15:33:13'),
(24, 32, 'W', NULL, 'Corrientes', NULL, 1, '2022-03-14 15:33:13', '2022-03-14 15:33:13'),
(25, 32, 'X', NULL, 'Córdoba ', NULL, 1, '2022-03-14 15:33:13', '2022-03-14 15:33:13'),
(26, 32, 'E', NULL, 'Entre Ríos', NULL, 1, '2022-03-14 15:33:13', '2022-03-14 15:33:13'),
(27, 32, 'P', NULL, 'Formosa ', NULL, 1, '2022-03-14 15:33:13', '2022-03-14 15:33:13'),
(28, 32, 'Y', NULL, 'Jujuy ', NULL, 1, '2022-03-14 15:33:13', '2022-03-14 15:33:13'),
(29, 32, 'L', NULL, 'La Pampa', NULL, 1, '2022-03-14 15:33:13', '2022-03-14 15:33:13'),
(30, 32, 'F', NULL, 'La Rioja', NULL, 1, '2022-03-14 15:33:13', '2022-03-14 15:33:13'),
(31, 32, 'M', NULL, 'Mendoza ', NULL, 1, '2022-03-14 15:33:13', '2022-03-14 15:33:13'),
(32, 32, 'N', NULL, 'Misiones', NULL, 1, '2022-03-14 15:33:13', '2022-03-14 15:33:13'),
(33, 32, 'Q', NULL, 'Neuquén ', NULL, 1, '2022-03-14 15:33:13', '2022-03-14 15:33:13'),
(34, 32, 'R', NULL, 'Río Negro ', NULL, 1, '2022-03-14 15:33:13', '2022-03-14 15:33:13'),
(35, 32, 'A', NULL, 'Salta ', NULL, 1, '2022-03-14 15:33:13', '2022-03-14 15:33:13'),
(36, 32, 'J', NULL, 'San Juan', NULL, 1, '2022-03-14 15:33:13', '2022-03-14 15:33:13'),
(37, 32, 'D', NULL, 'San Luis', NULL, 1, '2022-03-14 15:33:13', '2022-03-14 15:33:13'),
(38, 32, 'Z', NULL, 'Santa Cruz', NULL, 1, '2022-03-14 15:33:13', '2022-03-14 15:33:13'),
(39, 32, 'S', NULL, 'Santa Fe', NULL, 1, '2022-03-14 15:33:13', '2022-03-14 15:33:13'),
(40, 32, 'G', NULL, 'Santiago del Estero ', NULL, 1, '2022-03-14 15:33:13', '2022-03-14 15:33:13'),
(41, 32, 'V', NULL, 'Tierra del Fuego', NULL, 1, '2022-03-14 15:33:13', '2022-03-14 15:33:13'),
(42, 32, 'T', NULL, 'Tucumán ', NULL, 1, '2022-03-14 15:33:13', '2022-03-14 15:33:13'),
(43, 40, '1', NULL, 'Burgenland', NULL, 1, '2022-03-14 15:33:13', '2022-03-14 15:33:13'),
(44, 40, '2', NULL, 'Kärnten', NULL, 1, '2022-03-14 15:33:13', '2022-03-14 15:33:13'),
(45, 40, '3', NULL, 'Niederösterreich', NULL, 1, '2022-03-14 15:33:13', '2022-03-14 15:33:13'),
(46, 40, '4', NULL, 'Oberösterreich', NULL, 1, '2022-03-14 15:33:13', '2022-03-14 15:33:13'),
(47, 40, '5', NULL, 'Salzburg', NULL, 1, '2022-03-14 15:33:13', '2022-03-14 15:33:13'),
(48, 40, '6', NULL, 'Steiermark', NULL, 1, '2022-03-14 15:33:13', '2022-03-14 15:33:13'),
(49, 40, '7', NULL, 'Tirol', NULL, 1, '2022-03-14 15:33:13', '2022-03-14 15:33:13'),
(50, 40, '8', NULL, 'Vorarlberg', NULL, 1, '2022-03-14 15:33:13', '2022-03-14 15:33:13'),
(51, 40, '9', NULL, 'Wien', NULL, 1, '2022-03-14 15:33:13', '2022-03-14 15:33:13'),
(52, 36, 'ACT', NULL, 'Australian Capital Territory', NULL, 1, '2022-03-14 15:33:13', '2022-03-14 15:33:13'),
(53, 36, 'CX', NULL, 'Christmas Island', NULL, 1, '2022-03-14 15:33:13', '2022-03-14 15:33:13'),
(54, 36, 'CC', NULL, 'Cocos Islands', NULL, 1, '2022-03-14 15:33:13', '2022-03-14 15:33:13'),
(55, 36, 'HM', NULL, 'Heard Island and McDonald Islands', NULL, 1, '2022-03-14 15:33:13', '2022-03-14 15:33:13'),
(56, 36, 'NSW', NULL, 'New South Wales', NULL, 1, '2022-03-14 15:33:13', '2022-03-14 15:33:13'),
(57, 36, 'NF', NULL, 'Norfolk Island', NULL, 1, '2022-03-14 15:33:13', '2022-03-14 15:33:13'),
(58, 36, 'NT', NULL, 'Northern Territory', NULL, 1, '2022-03-14 15:33:13', '2022-03-14 15:33:13'),
(59, 36, 'QLD', NULL, 'Queensland', NULL, 1, '2022-03-14 15:33:13', '2022-03-14 15:33:13'),
(60, 36, 'SA', NULL, 'South Australia', NULL, 1, '2022-03-14 15:33:13', '2022-03-14 15:33:13'),
(61, 36, 'TAS', NULL, 'Tasmania', NULL, 1, '2022-03-14 15:33:13', '2022-03-14 15:33:13'),
(62, 36, 'VIC', NULL, 'Victoria', NULL, 1, '2022-03-14 15:33:13', '2022-03-14 15:33:13'),
(63, 36, 'WA', NULL, 'Western Australia', NULL, 1, '2022-03-14 15:33:13', '2022-03-14 15:33:13'),
(64, 50, 'A', NULL, 'Barisal', NULL, 1, '2022-03-14 15:33:13', '2022-03-14 15:33:13'),
(65, 50, 'B', NULL, 'Chittagong', NULL, 1, '2022-03-14 15:33:13', '2022-03-14 15:33:13'),
(66, 50, 'C', NULL, 'Dhaka', NULL, 1, '2022-03-14 15:33:13', '2022-03-14 15:33:13'),
(67, 50, 'D', NULL, 'Khulna', NULL, 1, '2022-03-14 15:33:13', '2022-03-14 15:33:13'),
(68, 50, 'H', NULL, 'Mymensingh', NULL, 1, '2022-03-14 15:33:13', '2022-03-14 15:33:13'),
(69, 50, 'E', NULL, 'Rajshahi', NULL, 1, '2022-03-14 15:33:13', '2022-03-14 15:33:13'),
(70, 50, 'F', NULL, 'Rangpur', NULL, 1, '2022-03-14 15:33:13', '2022-03-14 15:33:13'),
(71, 50, 'G', NULL, 'Sylhet', NULL, 1, '2022-03-14 15:33:13', '2022-03-14 15:33:13'),
(72, 56, 'VAN', NULL, 'Antwerpen', NULL, 1, '2022-03-14 15:33:13', '2022-03-14 15:33:13'),
(73, 56, 'WBR', NULL, 'Brabant wallon', NULL, 1, '2022-03-14 15:33:13', '2022-03-14 15:33:13'),
(74, 56, 'WHT', NULL, 'Hainaut', NULL, 1, '2022-03-14 15:33:13', '2022-03-14 15:33:13'),
(75, 56, 'VLI', NULL, 'Limburg', NULL, 1, '2022-03-14 15:33:13', '2022-03-14 15:33:13'),
(76, 56, 'WLG', NULL, 'Luik', NULL, 1, '2022-03-14 15:33:13', '2022-03-14 15:33:13'),
(77, 56, 'WLX', NULL, 'Luxemburg', NULL, 1, '2022-03-14 15:33:13', '2022-03-14 15:33:13'),
(78, 56, 'WNA', NULL, 'Namur', NULL, 1, '2022-03-14 15:33:13', '2022-03-14 15:33:13'),
(79, 56, 'VOV', NULL, 'Oost-Vlaanderen', NULL, 1, '2022-03-14 15:33:13', '2022-03-14 15:33:13'),
(80, 56, 'VBR', NULL, 'Vlaams-Brabant', NULL, 1, '2022-03-14 15:33:13', '2022-03-14 15:33:13'),
(81, 56, 'VWV', NULL, 'West-Vlaanderen', NULL, 1, '2022-03-14 15:33:13', '2022-03-14 15:33:13'),
(82, 48, '14', NULL, 'Al Janūbīyah', NULL, 1, '2022-03-14 15:33:13', '2022-03-14 15:33:13'),
(83, 48, '13', NULL, 'Al Manāmah', NULL, 1, '2022-03-14 15:33:13', '2022-03-14 15:33:13'),
(84, 48, '15', NULL, 'Al Muḩarraq', NULL, 1, '2022-03-14 15:33:13', '2022-03-14 15:33:13'),
(85, 48, '16', NULL, 'Al Wusţá', NULL, 1, '2022-03-14 15:33:13', '2022-03-14 15:33:13'),
(86, 48, '17', NULL, 'Ash Shamālīyah ', NULL, 1, '2022-03-14 15:33:13', '2022-03-14 15:33:13'),
(87, 204, 'AL', NULL, 'Alibori', NULL, 1, '2022-03-14 15:33:13', '2022-03-14 15:33:13'),
(88, 204, 'AK', NULL, 'Atakora', NULL, 1, '2022-03-14 15:33:13', '2022-03-14 15:33:13'),
(89, 204, 'AQ', NULL, 'Atlantique', NULL, 1, '2022-03-14 15:33:13', '2022-03-14 15:33:13'),
(90, 204, 'BO', NULL, 'Borgou', NULL, 1, '2022-03-14 15:33:13', '2022-03-14 15:33:13'),
(91, 204, 'CO', NULL, 'Collines', NULL, 1, '2022-03-14 15:33:13', '2022-03-14 15:33:13'),
(92, 204, 'DO', NULL, 'Donga', NULL, 1, '2022-03-14 15:33:13', '2022-03-14 15:33:13'),
(93, 204, 'KO', NULL, 'Kouffo', NULL, 1, '2022-03-14 15:33:13', '2022-03-14 15:33:13'),
(94, 204, 'LI', NULL, 'Littoral', NULL, 1, '2022-03-14 15:33:13', '2022-03-14 15:33:13'),
(95, 204, 'MO', NULL, 'Mono', NULL, 1, '2022-03-14 15:33:13', '2022-03-14 15:33:13'),
(96, 204, 'OU', NULL, 'Ouémé', NULL, 1, '2022-03-14 15:33:13', '2022-03-14 15:33:13'),
(97, 204, 'PL', NULL, 'Plateau', NULL, 1, '2022-03-14 15:33:13', '2022-03-14 15:33:13'),
(98, 204, 'ZO', NULL, 'Zou', NULL, 1, '2022-03-14 15:33:13', '2022-03-14 15:33:13'),
(99, 68, 'H', NULL, 'Chuquisaca', NULL, 1, '2022-03-14 15:33:13', '2022-03-14 15:33:13'),
(100, 68, 'C', NULL, 'Cochabamba', NULL, 1, '2022-03-14 15:33:13', '2022-03-14 15:33:13'),
(101, 68, 'B', NULL, 'El Beni', NULL, 1, '2022-03-14 15:33:13', '2022-03-14 15:33:13'),
(102, 68, 'L', NULL, 'La Paz', NULL, 1, '2022-03-14 15:33:13', '2022-03-14 15:33:13'),
(103, 68, 'O', NULL, 'Oruro', NULL, 1, '2022-03-14 15:33:13', '2022-03-14 15:33:13'),
(104, 68, 'N', NULL, 'Pando', NULL, 1, '2022-03-14 15:33:13', '2022-03-14 15:33:13'),
(105, 68, 'P', NULL, 'Potosí', NULL, 1, '2022-03-14 15:33:13', '2022-03-14 15:33:13'),
(106, 68, 'S', NULL, 'Santa Cruz', NULL, 1, '2022-03-14 15:33:13', '2022-03-14 15:33:13'),
(107, 68, 'T', NULL, 'Tarija', NULL, 1, '2022-03-14 15:33:13', '2022-03-14 15:33:13'),
(108, 76, 'AC', NULL, 'Acre', NULL, 1, '2022-03-14 15:33:13', '2022-03-14 15:33:13'),
(109, 76, 'AL', NULL, 'Alagoas', NULL, 1, '2022-03-14 15:33:13', '2022-03-14 15:33:13'),
(110, 76, 'AP', NULL, 'Amapá', NULL, 1, '2022-03-14 15:33:13', '2022-03-14 15:33:13'),
(111, 76, 'AM', NULL, 'Amazonas', NULL, 1, '2022-03-14 15:33:13', '2022-03-14 15:33:13'),
(112, 76, 'BA', NULL, 'Bahia', NULL, 1, '2022-03-14 15:33:13', '2022-03-14 15:33:13'),
(113, 76, 'CE', NULL, 'Ceará', NULL, 1, '2022-03-14 15:33:13', '2022-03-14 15:33:13'),
(114, 76, 'DF', NULL, 'Distrito Federal', NULL, 1, '2022-03-14 15:33:13', '2022-03-14 15:33:13'),
(115, 76, 'ES', NULL, 'Espírito Santo', NULL, 1, '2022-03-14 15:33:13', '2022-03-14 15:33:13'),
(116, 76, 'GO', NULL, 'Goiás', NULL, 1, '2022-03-14 15:33:13', '2022-03-14 15:33:13'),
(117, 76, 'MA', NULL, 'Maranhão', NULL, 1, '2022-03-14 15:33:13', '2022-03-14 15:33:13'),
(118, 76, 'MT', NULL, 'Mato Grosso', NULL, 1, '2022-03-14 15:33:13', '2022-03-14 15:33:13'),
(119, 76, 'MS', NULL, 'Mato Grosso do Sul', NULL, 1, '2022-03-14 15:33:13', '2022-03-14 15:33:13'),
(120, 76, 'MG', NULL, 'Minas Gerais', NULL, 1, '2022-03-14 15:33:13', '2022-03-14 15:33:13'),
(121, 76, 'PR', NULL, 'Paraná', NULL, 1, '2022-03-14 15:33:13', '2022-03-14 15:33:13'),
(122, 76, 'PB', NULL, 'Paraíba', NULL, 1, '2022-03-14 15:33:13', '2022-03-14 15:33:13'),
(123, 76, 'PA', NULL, 'Pará', NULL, 1, '2022-03-14 15:33:13', '2022-03-14 15:33:13'),
(124, 76, 'PE', NULL, 'Pernambuco', NULL, 1, '2022-03-14 15:33:13', '2022-03-14 15:33:13'),
(125, 76, 'PI', NULL, 'Piauí', NULL, 1, '2022-03-14 15:33:13', '2022-03-14 15:33:13'),
(126, 76, 'RN', NULL, 'Rio Grande do Norte', NULL, 1, '2022-03-14 15:33:13', '2022-03-14 15:33:13'),
(127, 76, 'RS', NULL, 'Rio Grande do Sul', NULL, 1, '2022-03-14 15:33:13', '2022-03-14 15:33:13'),
(128, 76, 'RJ', NULL, 'Rio de Janeiro', NULL, 1, '2022-03-14 15:33:13', '2022-03-14 15:33:13'),
(129, 76, 'RO', NULL, 'Rondônia', NULL, 1, '2022-03-14 15:33:13', '2022-03-14 15:33:13'),
(130, 76, 'RR', NULL, 'Roraima', NULL, 1, '2022-03-14 15:33:13', '2022-03-14 15:33:13'),
(131, 76, 'SC', NULL, 'Santa Catarina', NULL, 1, '2022-03-14 15:33:13', '2022-03-14 15:33:13'),
(132, 76, 'SE', NULL, 'Sergipe', NULL, 1, '2022-03-14 15:33:13', '2022-03-14 15:33:13'),
(133, 76, 'SP', NULL, 'São Paulo', NULL, 1, '2022-03-14 15:33:13', '2022-03-14 15:33:13'),
(134, 76, 'TO', NULL, 'Tocantins', NULL, 1, '2022-03-14 15:33:13', '2022-03-14 15:33:13'),
(135, 124, 'AB', NULL, 'Alberta', NULL, 1, '2022-03-14 15:33:13', '2022-03-14 15:33:13'),
(136, 124, 'BC', NULL, 'British Columbia', NULL, 1, '2022-03-14 15:33:13', '2022-03-14 15:33:13'),
(137, 124, 'MB', NULL, 'Manitoba', NULL, 1, '2022-03-14 15:33:13', '2022-03-14 15:33:13'),
(138, 124, 'NB', NULL, 'New Brunswick', NULL, 1, '2022-03-14 15:33:13', '2022-03-14 15:33:13'),
(139, 124, 'NL', NULL, 'Newfoundland and Labrador', NULL, 1, '2022-03-14 15:33:13', '2022-03-14 15:33:13'),
(140, 124, 'NT', NULL, 'Northwest Territories', NULL, 1, '2022-03-14 15:33:13', '2022-03-14 15:33:13'),
(141, 124, 'NS', NULL, 'Nova Scotia', NULL, 1, '2022-03-14 15:33:13', '2022-03-14 15:33:13'),
(142, 124, 'NU', NULL, 'Nunavut', NULL, 1, '2022-03-14 15:33:13', '2022-03-14 15:33:13'),
(143, 124, 'ON', NULL, 'Ontario', NULL, 1, '2022-03-14 15:33:13', '2022-03-14 15:33:13'),
(144, 124, 'PE', NULL, 'Prince Edward Island', NULL, 1, '2022-03-14 15:33:13', '2022-03-14 15:33:13'),
(145, 124, 'QC', NULL, 'Quebec', NULL, 1, '2022-03-14 15:33:13', '2022-03-14 15:33:13'),
(146, 124, 'SK', NULL, 'Saskatchewan', NULL, 1, '2022-03-14 15:33:13', '2022-03-14 15:33:13'),
(147, 124, 'YT', NULL, 'Yukon', NULL, 1, '2022-03-14 15:33:13', '2022-03-14 15:33:13'),
(148, 152, 'AI', NULL, 'Aisén del General Carlos Ibáñez del Campo', NULL, 1, '2022-03-14 15:33:13', '2022-03-14 15:33:13'),
(149, 152, 'AN', NULL, 'Antofagasta', NULL, 1, '2022-03-14 15:33:13', '2022-03-14 15:33:13'),
(150, 152, 'AR', NULL, 'Araucanía', NULL, 1, '2022-03-14 15:33:13', '2022-03-14 15:33:13'),
(151, 152, 'AP', NULL, 'Arica y Parinacota', NULL, 1, '2022-03-14 15:33:13', '2022-03-14 15:33:13'),
(152, 152, 'AT', NULL, 'Atacama', NULL, 1, '2022-03-14 15:33:13', '2022-03-14 15:33:13'),
(153, 152, 'BI', NULL, 'Bío-Bío', NULL, 1, '2022-03-14 15:33:13', '2022-03-14 15:33:13'),
(154, 152, 'CO', NULL, 'Coquimbo', NULL, 1, '2022-03-14 15:33:13', '2022-03-14 15:33:13'),
(155, 152, 'LI', NULL, 'Libertador General Bernardo O\'Higgins', NULL, 1, '2022-03-14 15:33:13', '2022-03-14 15:33:13'),
(156, 152, 'LL', NULL, 'Los Lagos', NULL, 1, '2022-03-14 15:33:13', '2022-03-14 15:33:13'),
(157, 152, 'LR', NULL, 'Los Ríos', NULL, 1, '2022-03-14 15:33:13', '2022-03-14 15:33:13'),
(158, 152, 'MA', NULL, 'Magallanes', NULL, 1, '2022-03-14 15:33:13', '2022-03-14 15:33:13'),
(159, 152, 'ML', NULL, 'Maule', NULL, 1, '2022-03-14 15:33:13', '2022-03-14 15:33:13'),
(160, 152, 'RM', NULL, 'Región Metropolitana de Santiago', NULL, 1, '2022-03-14 15:33:13', '2022-03-14 15:33:13'),
(161, 152, 'TA', NULL, 'Tarapacá', NULL, 1, '2022-03-14 15:33:13', '2022-03-14 15:33:13'),
(162, 152, 'VS', NULL, 'Valparaíso', NULL, 1, '2022-03-14 15:33:13', '2022-03-14 15:33:13'),
(163, 120, 'AD', NULL, 'Adamaoua', NULL, 1, '2022-03-14 15:33:13', '2022-03-14 15:33:13'),
(164, 120, 'CE', NULL, 'Centre', NULL, 1, '2022-03-14 15:33:13', '2022-03-14 15:33:13'),
(165, 120, 'ES', NULL, 'East', NULL, 1, '2022-03-14 15:33:13', '2022-03-14 15:33:13'),
(166, 120, 'EN', NULL, 'Far North', NULL, 1, '2022-03-14 15:33:13', '2022-03-14 15:33:13'),
(167, 120, 'LT', NULL, 'Littoral', NULL, 1, '2022-03-14 15:33:13', '2022-03-14 15:33:13'),
(168, 120, 'NO', NULL, 'North', NULL, 1, '2022-03-14 15:33:13', '2022-03-14 15:33:13'),
(169, 120, 'NW', NULL, 'North-West', NULL, 1, '2022-03-14 15:33:13', '2022-03-14 15:33:13'),
(170, 120, 'SU', NULL, 'South', NULL, 1, '2022-03-14 15:33:13', '2022-03-14 15:33:13'),
(171, 120, 'SW', NULL, 'South-West', NULL, 1, '2022-03-14 15:33:13', '2022-03-14 15:33:13'),
(172, 120, 'OU', NULL, 'West', NULL, 1, '2022-03-14 15:33:13', '2022-03-14 15:33:13'),
(173, 156, '沪', NULL, '上海', NULL, 1, '2022-03-14 15:33:13', '2022-03-14 15:33:13'),
(174, 156, '滇', NULL, '云南', NULL, 1, '2022-03-14 15:33:13', '2022-03-14 15:33:13'),
(175, 156, '蒙', NULL, '内蒙古', NULL, 1, '2022-03-14 15:33:13', '2022-03-14 15:33:13'),
(176, 156, '京', NULL, '北京', NULL, 1, '2022-03-14 15:33:13', '2022-03-14 15:33:13'),
(177, 156, '台', NULL, '台湾', NULL, 1, '2022-03-14 15:33:13', '2022-03-14 15:33:13'),
(178, 156, '吉', NULL, '吉林', NULL, 1, '2022-03-14 15:33:13', '2022-03-14 15:33:13'),
(179, 156, '川', NULL, '四川', NULL, 1, '2022-03-14 15:33:13', '2022-03-14 15:33:13'),
(180, 156, '津', NULL, '天津', NULL, 1, '2022-03-14 15:33:13', '2022-03-14 15:33:13'),
(181, 156, '宁', NULL, '宁夏', NULL, 1, '2022-03-14 15:33:13', '2022-03-14 15:33:13'),
(182, 156, '皖', NULL, '安徽', NULL, 1, '2022-03-14 15:33:13', '2022-03-14 15:33:13'),
(183, 156, '鲁', NULL, '山东', NULL, 1, '2022-03-14 15:33:13', '2022-03-14 15:33:13'),
(184, 156, '晋', NULL, '山西', NULL, 1, '2022-03-14 15:33:13', '2022-03-14 15:33:13'),
(185, 156, '粤', NULL, '广东', NULL, 1, '2022-03-14 15:33:13', '2022-03-14 15:33:13'),
(186, 156, '桂', NULL, '广西', NULL, 1, '2022-03-14 15:33:13', '2022-03-14 15:33:13'),
(187, 156, '新', NULL, '新疆', NULL, 1, '2022-03-14 15:33:13', '2022-03-14 15:33:13'),
(188, 156, '苏', NULL, '江苏', NULL, 1, '2022-03-14 15:33:13', '2022-03-14 15:33:13'),
(189, 156, '赣', NULL, '江西', NULL, 1, '2022-03-14 15:33:13', '2022-03-14 15:33:13'),
(190, 156, '冀', NULL, '河北', NULL, 1, '2022-03-14 15:33:13', '2022-03-14 15:33:13'),
(191, 156, '豫', NULL, '河南', NULL, 1, '2022-03-14 15:33:13', '2022-03-14 15:33:13'),
(192, 156, '浙', NULL, '浙江', NULL, 1, '2022-03-14 15:33:13', '2022-03-14 15:33:13'),
(193, 156, '琼', NULL, '海南', NULL, 1, '2022-03-14 15:33:13', '2022-03-14 15:33:13'),
(194, 156, '鄂', NULL, '湖北', NULL, 1, '2022-03-14 15:33:13', '2022-03-14 15:33:13'),
(195, 156, '湘', NULL, '湖南', NULL, 1, '2022-03-14 15:33:13', '2022-03-14 15:33:13'),
(196, 156, '澳', NULL, '澳门', NULL, 1, '2022-03-14 15:33:13', '2022-03-14 15:33:13'),
(197, 156, '甘', NULL, '甘肃', NULL, 1, '2022-03-14 15:33:13', '2022-03-14 15:33:13'),
(198, 156, '闽', NULL, '福建', NULL, 1, '2022-03-14 15:33:13', '2022-03-14 15:33:13'),
(199, 156, '藏', NULL, '西藏', NULL, 1, '2022-03-14 15:33:13', '2022-03-14 15:33:13'),
(200, 156, '黔', NULL, '贵州', NULL, 1, '2022-03-14 15:33:13', '2022-03-14 15:33:13'),
(201, 156, '辽', NULL, '辽宁', NULL, 1, '2022-03-14 15:33:13', '2022-03-14 15:33:13'),
(202, 156, '渝', NULL, '重庆', NULL, 1, '2022-03-14 15:33:13', '2022-03-14 15:33:13'),
(203, 156, '陕', NULL, '陕西', NULL, 1, '2022-03-14 15:33:13', '2022-03-14 15:33:13'),
(204, 156, '青', NULL, '青海', NULL, 1, '2022-03-14 15:33:13', '2022-03-14 15:33:13'),
(205, 156, '港', NULL, '香港', NULL, 1, '2022-03-14 15:33:13', '2022-03-14 15:33:13'),
(206, 156, '黑', NULL, '黑龙江', NULL, 1, '2022-03-14 15:33:13', '2022-03-14 15:33:13'),
(207, 188, 'A', NULL, 'Alajuela Province', NULL, 1, '2022-03-14 15:33:13', '2022-03-14 15:33:13'),
(208, 188, 'C', NULL, 'Cartago Province', NULL, 1, '2022-03-14 15:33:13', '2022-03-14 15:33:13'),
(209, 188, 'G', NULL, 'Guanacaste Province', NULL, 1, '2022-03-14 15:33:13', '2022-03-14 15:33:13'),
(210, 188, 'H', NULL, 'Heredia Province', NULL, 1, '2022-03-14 15:33:13', '2022-03-14 15:33:13'),
(211, 188, 'L', NULL, 'Limón Province', NULL, 1, '2022-03-14 15:33:13', '2022-03-14 15:33:13'),
(212, 188, 'P', NULL, 'Puntarenas Province', NULL, 1, '2022-03-14 15:33:13', '2022-03-14 15:33:13'),
(213, 188, 'SJ', NULL, 'San José', NULL, 1, '2022-03-14 15:33:13', '2022-03-14 15:33:13'),
(214, 276, 'BW', NULL, 'Baden-Württemberg', NULL, 1, '2022-03-14 15:33:13', '2022-03-14 15:33:13'),
(215, 276, 'BY', NULL, 'Bayern', NULL, 1, '2022-03-14 15:33:13', '2022-03-14 15:33:13'),
(216, 276, 'BE', NULL, 'Berlin', NULL, 1, '2022-03-14 15:33:13', '2022-03-14 15:33:13'),
(217, 276, 'BB', NULL, 'Brandenburg', NULL, 1, '2022-03-14 15:33:13', '2022-03-14 15:33:13'),
(218, 276, 'HB', NULL, 'Bremen', NULL, 1, '2022-03-14 15:33:13', '2022-03-14 15:33:13'),
(219, 276, 'HH', NULL, 'Hamburg', NULL, 1, '2022-03-14 15:33:13', '2022-03-14 15:33:13'),
(220, 276, 'HE', NULL, 'Hessen', NULL, 1, '2022-03-14 15:33:13', '2022-03-14 15:33:13'),
(221, 276, 'MV', NULL, 'Mecklenburg-Vorpommern', NULL, 1, '2022-03-14 15:33:13', '2022-03-14 15:33:13'),
(222, 276, 'NI', NULL, 'Niedersachsen', NULL, 1, '2022-03-14 15:33:13', '2022-03-14 15:33:13'),
(223, 276, 'NW', NULL, 'Nordrhein-Westfalen', NULL, 1, '2022-03-14 15:33:13', '2022-03-14 15:33:13'),
(224, 276, 'RP', NULL, 'Rheinland-Pfalz', NULL, 1, '2022-03-14 15:33:13', '2022-03-14 15:33:13'),
(225, 276, 'SL', NULL, 'Saarland', NULL, 1, '2022-03-14 15:33:13', '2022-03-14 15:33:13'),
(226, 276, 'SN', NULL, 'Sachsen', NULL, 1, '2022-03-14 15:33:13', '2022-03-14 15:33:13'),
(227, 276, 'ST', NULL, 'Sachsen-Anhalt', NULL, 1, '2022-03-14 15:33:13', '2022-03-14 15:33:13'),
(228, 276, 'SH', NULL, 'Schleswig-Holstein', NULL, 1, '2022-03-14 15:33:13', '2022-03-14 15:33:13'),
(229, 276, 'TH', NULL, 'Thüringen', NULL, 1, '2022-03-14 15:33:13', '2022-03-14 15:33:13'),
(230, 208, '84', NULL, 'Hovedstaden', NULL, 1, '2022-03-14 15:33:13', '2022-03-14 15:33:13'),
(231, 208, '82', NULL, 'Midtjylland', NULL, 1, '2022-03-14 15:33:13', '2022-03-14 15:33:13'),
(232, 208, '81', NULL, 'Nordjylland', NULL, 1, '2022-03-14 15:33:13', '2022-03-14 15:33:13'),
(233, 208, '85', NULL, 'Sjælland', NULL, 1, '2022-03-14 15:33:13', '2022-03-14 15:33:13'),
(234, 208, '83', NULL, 'Syddanmark', NULL, 1, '2022-03-14 15:33:13', '2022-03-14 15:33:13'),
(235, 818, 'DK', NULL, 'Ad Daqahlīyah', NULL, 1, '2022-03-14 15:33:13', '2022-03-14 15:33:13'),
(236, 818, 'BA', NULL, 'Al Baḩr al Aḩmar', NULL, 1, '2022-03-14 15:33:13', '2022-03-14 15:33:13'),
(237, 818, 'BH', NULL, 'Al Buḩayrah', NULL, 1, '2022-03-14 15:33:13', '2022-03-14 15:33:13'),
(238, 818, 'FYM', NULL, 'Al Fayyūm', NULL, 1, '2022-03-14 15:33:13', '2022-03-14 15:33:13'),
(239, 818, 'GH', NULL, 'Al Gharbīyah', NULL, 1, '2022-03-14 15:33:13', '2022-03-14 15:33:13'),
(240, 818, 'ALX', NULL, 'Al Iskandarīyah', NULL, 1, '2022-03-14 15:33:13', '2022-03-14 15:33:13'),
(241, 818, 'IS', NULL, 'Al Ismā\'īlīyah', NULL, 1, '2022-03-14 15:33:13', '2022-03-14 15:33:13'),
(242, 818, 'GZ', NULL, 'Al Jīzah', NULL, 1, '2022-03-14 15:33:13', '2022-03-14 15:33:13'),
(243, 818, 'MN', NULL, 'Al Minyā', NULL, 1, '2022-03-14 15:33:13', '2022-03-14 15:33:13'),
(244, 818, 'MNF', NULL, 'Al Minūfīyah', NULL, 1, '2022-03-14 15:33:13', '2022-03-14 15:33:13'),
(245, 818, 'KB', NULL, 'Al Qalyūbīyah', NULL, 1, '2022-03-14 15:33:13', '2022-03-14 15:33:13'),
(246, 818, 'C', NULL, 'Al Qāhirah', NULL, 1, '2022-03-14 15:33:13', '2022-03-14 15:33:13'),
(247, 818, 'LX', NULL, 'Al Uqşur', NULL, 1, '2022-03-14 15:33:13', '2022-03-14 15:33:13'),
(248, 818, 'WAD', NULL, 'Al Wādī al Jadīd', NULL, 1, '2022-03-14 15:33:13', '2022-03-14 15:33:13'),
(249, 818, 'SUZ ', NULL, 'As Suways', NULL, 1, '2022-03-14 15:33:13', '2022-03-14 15:33:13'),
(250, 818, 'SU', NULL, 'As Sādis min Uktūbar', NULL, 1, '2022-03-14 15:33:13', '2022-03-14 15:33:13'),
(251, 818, 'SHR', NULL, 'Ash Sharqīyah', NULL, 1, '2022-03-14 15:33:13', '2022-03-14 15:33:13'),
(252, 818, 'ASN', NULL, 'Aswān', NULL, 1, '2022-03-14 15:33:13', '2022-03-14 15:33:13'),
(253, 818, 'AST', NULL, 'Asyūţ', NULL, 1, '2022-03-14 15:33:13', '2022-03-14 15:33:13'),
(254, 818, 'BNS', NULL, 'Banī Suwayf', NULL, 1, '2022-03-14 15:33:13', '2022-03-14 15:33:13'),
(255, 818, 'PTS', NULL, 'Būr Sa‘īd', NULL, 1, '2022-03-14 15:33:13', '2022-03-14 15:33:13'),
(256, 818, 'DT', NULL, 'Dumyāţ', NULL, 1, '2022-03-14 15:33:13', '2022-03-14 15:33:13'),
(257, 818, 'JS', NULL, 'Janūb Sīnā\'', NULL, 1, '2022-03-14 15:33:13', '2022-03-14 15:33:13'),
(258, 818, 'KFS', NULL, 'Kafr ash Shaykh', NULL, 1, '2022-03-14 15:33:13', '2022-03-14 15:33:13'),
(259, 818, 'MT', NULL, 'Maţrūḩ', NULL, 1, '2022-03-14 15:33:13', '2022-03-14 15:33:13'),
(260, 818, 'KN', NULL, 'Qinā', NULL, 1, '2022-03-14 15:33:13', '2022-03-14 15:33:13'),
(261, 818, 'SIN', NULL, 'Shamāl Sīnā\'', NULL, 1, '2022-03-14 15:33:13', '2022-03-14 15:33:13'),
(262, 818, 'SHG', NULL, 'Sūhāj', NULL, 1, '2022-03-14 15:33:13', '2022-03-14 15:33:13'),
(263, 818, 'HU', NULL, 'Ḩulwān', NULL, 1, '2022-03-14 15:33:13', '2022-03-14 15:33:13'),
(264, 724, 'AB', NULL, 'Albacete', NULL, 1, '2022-03-14 15:33:13', '2022-03-14 15:33:13'),
(265, 724, 'A', NULL, 'Alicante', NULL, 1, '2022-03-14 15:33:13', '2022-03-14 15:33:13'),
(266, 724, 'AL', NULL, 'Almeria', NULL, 1, '2022-03-14 15:33:13', '2022-03-14 15:33:13'),
(267, 724, 'BA', NULL, 'Badajoz', NULL, 1, '2022-03-14 15:33:13', '2022-03-14 15:33:13'),
(268, 724, 'B', NULL, 'Barcelona', NULL, 1, '2022-03-14 15:33:13', '2022-03-14 15:33:13'),
(269, 724, 'BU', NULL, 'Burgos', NULL, 1, '2022-03-14 15:33:13', '2022-03-14 15:33:13'),
(270, 724, 'CS', NULL, 'Castellón', NULL, 1, '2022-03-14 15:33:13', '2022-03-14 15:33:13'),
(271, 724, 'CR', NULL, 'Ciudad Real', NULL, 1, '2022-03-14 15:33:13', '2022-03-14 15:33:13'),
(272, 724, 'CU', NULL, 'Cuenca', NULL, 1, '2022-03-14 15:33:13', '2022-03-14 15:33:13'),
(273, 724, 'CC', NULL, 'Cáceres', NULL, 1, '2022-03-14 15:33:13', '2022-03-14 15:33:13'),
(274, 724, 'CA', NULL, 'Cádiz', NULL, 1, '2022-03-14 15:33:13', '2022-03-14 15:33:13'),
(275, 724, 'CO', NULL, 'Córdoba', NULL, 1, '2022-03-14 15:33:13', '2022-03-14 15:33:13'),
(276, 724, 'GI', NULL, 'Gerona', NULL, 1, '2022-03-14 15:33:13', '2022-03-14 15:33:13'),
(277, 724, 'GR', NULL, 'Granada', NULL, 1, '2022-03-14 15:33:13', '2022-03-14 15:33:13'),
(278, 724, 'GU', NULL, 'Guadalajara', NULL, 1, '2022-03-14 15:33:13', '2022-03-14 15:33:13'),
(279, 724, 'SS', NULL, 'Guipúzcoa', NULL, 1, '2022-03-14 15:33:13', '2022-03-14 15:33:13'),
(280, 724, 'H', NULL, 'Huelva', NULL, 1, '2022-03-14 15:33:13', '2022-03-14 15:33:13'),
(281, 724, 'HU', NULL, 'Huesca', NULL, 1, '2022-03-14 15:33:13', '2022-03-14 15:33:13'),
(282, 724, 'J', NULL, 'Jaén', NULL, 1, '2022-03-14 15:33:13', '2022-03-14 15:33:13'),
(283, 724, 'C', NULL, 'La Coruña', NULL, 1, '2022-03-14 15:33:13', '2022-03-14 15:33:13'),
(284, 724, 'LO', NULL, 'La Rioja', NULL, 1, '2022-03-14 15:33:13', '2022-03-14 15:33:13'),
(285, 724, 'GC', NULL, 'Las Palmas', NULL, 1, '2022-03-14 15:33:13', '2022-03-14 15:33:13'),
(286, 724, 'LE', NULL, 'León', NULL, 1, '2022-03-14 15:33:13', '2022-03-14 15:33:13'),
(287, 724, 'LU', NULL, 'Lugo', NULL, 1, '2022-03-14 15:33:13', '2022-03-14 15:33:13'),
(288, 724, 'L', NULL, 'Lérida', NULL, 1, '2022-03-14 15:33:13', '2022-03-14 15:33:13'),
(289, 724, 'M', NULL, 'Madrid', NULL, 1, '2022-03-14 15:33:13', '2022-03-14 15:33:13'),
(290, 724, 'MU', NULL, 'Murcia', NULL, 1, '2022-03-14 15:33:13', '2022-03-14 15:33:13'),
(291, 724, 'MA', NULL, 'Málaga', NULL, 1, '2022-03-14 15:33:13', '2022-03-14 15:33:13'),
(292, 724, 'OU', NULL, 'Orense', NULL, 1, '2022-03-14 15:33:13', '2022-03-14 15:33:13'),
(293, 724, 'P', NULL, 'Palencia', NULL, 1, '2022-03-14 15:33:13', '2022-03-14 15:33:13'),
(294, 724, 'PO', NULL, 'Pontevedra', NULL, 1, '2022-03-14 15:33:13', '2022-03-14 15:33:13'),
(295, 724, 'SA', NULL, 'Salamanca', NULL, 1, '2022-03-14 15:33:13', '2022-03-14 15:33:13'),
(296, 724, 'SG', NULL, 'Segovia', NULL, 1, '2022-03-14 15:33:13', '2022-03-14 15:33:13'),
(297, 724, 'SE', NULL, 'Sevilla', NULL, 1, '2022-03-14 15:33:13', '2022-03-14 15:33:13'),
(298, 724, 'SO', NULL, 'Soria', NULL, 1, '2022-03-14 15:33:13', '2022-03-14 15:33:13'),
(299, 724, 'T', NULL, 'Tarragona', NULL, 1, '2022-03-14 15:33:13', '2022-03-14 15:33:13'),
(300, 724, 'TF', NULL, 'Tenerife', NULL, 1, '2022-03-14 15:33:13', '2022-03-14 15:33:13'),
(301, 724, 'TE', NULL, 'Teruel', NULL, 1, '2022-03-14 15:33:13', '2022-03-14 15:33:13'),
(302, 724, 'TO', NULL, 'Toledo', NULL, 1, '2022-03-14 15:33:13', '2022-03-14 15:33:13'),
(303, 724, 'V', NULL, 'Valencia', NULL, 1, '2022-03-14 15:33:13', '2022-03-14 15:33:13'),
(304, 724, 'VA', NULL, 'Valladolid', NULL, 1, '2022-03-14 15:33:13', '2022-03-14 15:33:13'),
(305, 724, 'BI', NULL, 'Vizcaya', NULL, 1, '2022-03-14 15:33:13', '2022-03-14 15:33:13'),
(306, 724, 'ZA', NULL, 'Zamora', NULL, 1, '2022-03-14 15:33:13', '2022-03-14 15:33:13'),
(307, 724, 'Z', NULL, 'Zaragoza', NULL, 1, '2022-03-14 15:33:13', '2022-03-14 15:33:13'),
(308, 724, 'VI', NULL, 'Álava', NULL, 1, '2022-03-14 15:33:13', '2022-03-14 15:33:13'),
(309, 724, 'AV', NULL, 'Ávila', NULL, 1, '2022-03-14 15:33:13', '2022-03-14 15:33:13'),
(310, 250, 'ARA', NULL, 'Auvergne-Rhône-Alpes', NULL, 1, '2022-03-14 15:33:13', '2022-03-14 15:33:13'),
(311, 250, 'BFC', NULL, 'Bourgogne-Franche-Comté', NULL, 1, '2022-03-14 15:33:13', '2022-03-14 15:33:13'),
(312, 250, 'BRE', NULL, 'Bretagne', NULL, 1, '2022-03-14 15:33:13', '2022-03-14 15:33:13'),
(313, 250, 'CVL', NULL, 'Centre-Val de Loire', NULL, 1, '2022-03-14 15:33:13', '2022-03-14 15:33:13'),
(314, 250, 'COR', NULL, 'Corse', NULL, 1, '2022-03-14 15:33:13', '2022-03-14 15:33:13'),
(315, 250, 'GES', NULL, 'Grand-Est', NULL, 1, '2022-03-14 15:33:13', '2022-03-14 15:33:13'),
(316, 250, 'GUA', NULL, 'Guadeloupe', NULL, 1, '2022-03-14 15:33:13', '2022-03-14 15:33:13'),
(317, 250, 'HDF', NULL, 'Hauts-de-France', NULL, 1, '2022-03-14 15:33:13', '2022-03-14 15:33:13'),
(318, 250, 'LRE', NULL, 'La Réunion', NULL, 1, '2022-03-14 15:33:13', '2022-03-14 15:33:13'),
(319, 250, 'MAY', NULL, 'Mayotte', NULL, 1, '2022-03-14 15:33:13', '2022-03-14 15:33:13'),
(320, 250, 'NOR', NULL, 'Normandie', NULL, 1, '2022-03-14 15:33:13', '2022-03-14 15:33:13'),
(321, 250, 'NAQ', NULL, 'Nouvelle-Aquitaine', NULL, 1, '2022-03-14 15:33:13', '2022-03-14 15:33:13'),
(322, 250, 'OCC', NULL, 'Occitanie', NULL, 1, '2022-03-14 15:33:13', '2022-03-14 15:33:13'),
(323, 250, 'PDL', NULL, 'Pays-de-la-Loire', NULL, 1, '2022-03-14 15:33:13', '2022-03-14 15:33:13'),
(324, 250, 'PAC', NULL, 'Provence-Alpes-Côte-d’Azur', NULL, 1, '2022-03-14 15:33:13', '2022-03-14 15:33:13'),
(325, 250, 'IDF', NULL, 'Île-de-France', NULL, 1, '2022-03-14 15:33:13', '2022-03-14 15:33:13'),
(326, 826, 'ABE', NULL, 'Aberdeen City', NULL, 1, '2022-03-14 15:33:13', '2022-03-14 15:33:13'),
(327, 826, 'ABD', NULL, 'Aberdeenshire', NULL, 1, '2022-03-14 15:33:13', '2022-03-14 15:33:13'),
(328, 826, 'ANS', NULL, 'Angus', NULL, 1, '2022-03-14 15:33:13', '2022-03-14 15:33:13'),
(329, 826, 'ANT', NULL, 'Antrim', NULL, 1, '2022-03-14 15:33:13', '2022-03-14 15:33:13'),
(330, 826, 'ARD', NULL, 'Ards', NULL, 1, '2022-03-14 15:33:13', '2022-03-14 15:33:13'),
(331, 826, 'AGB', NULL, 'Argyll and Bute', NULL, 1, '2022-03-14 15:33:13', '2022-03-14 15:33:13'),
(332, 826, 'ARM', NULL, 'Armagh', NULL, 1, '2022-03-14 15:33:13', '2022-03-14 15:33:13'),
(333, 826, 'BLA', NULL, 'Ballymena', NULL, 1, '2022-03-14 15:33:13', '2022-03-14 15:33:13'),
(334, 826, 'BLY', NULL, 'Ballymoney', NULL, 1, '2022-03-14 15:33:13', '2022-03-14 15:33:13'),
(335, 826, 'BNB', NULL, 'Banbridge', NULL, 1, '2022-03-14 15:33:13', '2022-03-14 15:33:13'),
(336, 826, 'BDG', NULL, 'Barking and Dagenham', NULL, 1, '2022-03-14 15:33:13', '2022-03-14 15:33:13'),
(337, 826, 'BNE', NULL, 'Barnet', NULL, 1, '2022-03-14 15:33:13', '2022-03-14 15:33:13'),
(338, 826, 'BNS', NULL, 'Barnsley', NULL, 1, '2022-03-14 15:33:13', '2022-03-14 15:33:13'),
(339, 826, 'BAS', NULL, 'Bath and North East Somerset', NULL, 1, '2022-03-14 15:33:13', '2022-03-14 15:33:13'),
(340, 826, 'BDF', NULL, 'Bedfordshire', NULL, 1, '2022-03-14 15:33:13', '2022-03-14 15:33:13'),
(341, 826, 'BFS', NULL, 'Belfast', NULL, 1, '2022-03-14 15:33:13', '2022-03-14 15:33:13'),
(342, 826, 'BEX', NULL, 'Bexley', NULL, 1, '2022-03-14 15:33:13', '2022-03-14 15:33:13'),
(343, 826, 'BIR', NULL, 'Birmingham', NULL, 1, '2022-03-14 15:33:13', '2022-03-14 15:33:13'),
(344, 826, 'BBD', NULL, 'Blackburn with Darwen', NULL, 1, '2022-03-14 15:33:13', '2022-03-14 15:33:13'),
(345, 826, 'BPL', NULL, 'Blackpool', NULL, 1, '2022-03-14 15:33:13', '2022-03-14 15:33:13'),
(346, 826, 'BGW', NULL, 'Blaenau Gwent', NULL, 1, '2022-03-14 15:33:13', '2022-03-14 15:33:13'),
(347, 826, 'BOL', NULL, 'Bolton', NULL, 1, '2022-03-14 15:33:13', '2022-03-14 15:33:13'),
(348, 826, 'BMH', NULL, 'Bournemouth', NULL, 1, '2022-03-14 15:33:13', '2022-03-14 15:33:13'),
(349, 826, 'BRC', NULL, 'Bracknell Forest', NULL, 1, '2022-03-14 15:33:13', '2022-03-14 15:33:13'),
(350, 826, 'BRD', NULL, 'Bradford', NULL, 1, '2022-03-14 15:33:13', '2022-03-14 15:33:13'),
(351, 826, 'BEN', NULL, 'Brent', NULL, 1, '2022-03-14 15:33:13', '2022-03-14 15:33:13'),
(352, 826, 'BGE', NULL, 'Bridgend [Pen-y-bont ar Ogwr GB-POG]', NULL, 1, '2022-03-14 15:33:13', '2022-03-14 15:33:13'),
(353, 826, 'BNH', NULL, 'Brighton and Hove', NULL, 1, '2022-03-14 15:33:13', '2022-03-14 15:33:13'),
(354, 826, 'BST', NULL, 'Bristol, City of', NULL, 1, '2022-03-14 15:33:13', '2022-03-14 15:33:13'),
(355, 826, 'BRY', NULL, 'Bromley', NULL, 1, '2022-03-14 15:33:13', '2022-03-14 15:33:13'),
(356, 826, 'BKM', NULL, 'Buckinghamshire', NULL, 1, '2022-03-14 15:33:13', '2022-03-14 15:33:13'),
(357, 826, 'BUR', NULL, 'Bury', NULL, 1, '2022-03-14 15:33:13', '2022-03-14 15:33:13'),
(358, 826, 'CAY', NULL, 'Caerphilly [Caerffili GB-CAF]', NULL, 1, '2022-03-14 15:33:13', '2022-03-14 15:33:13'),
(359, 826, 'CLD', NULL, 'Calderdale', NULL, 1, '2022-03-14 15:33:13', '2022-03-14 15:33:13'),
(360, 826, 'CAM', NULL, 'Cambridgeshire', NULL, 1, '2022-03-14 15:33:13', '2022-03-14 15:33:13'),
(361, 826, 'CMD', NULL, 'Camden', NULL, 1, '2022-03-14 15:33:13', '2022-03-14 15:33:13'),
(362, 826, 'CRF', NULL, 'Cardiff [Caerdydd GB-CRD]', NULL, 1, '2022-03-14 15:33:13', '2022-03-14 15:33:13'),
(363, 826, 'CMN', NULL, 'Carmarthenshire [Sir Gaerfyrddin GB-GFY]', NULL, 1, '2022-03-14 15:33:13', '2022-03-14 15:33:13'),
(364, 826, 'CKF', NULL, 'Carrickfergus', NULL, 1, '2022-03-14 15:33:13', '2022-03-14 15:33:13'),
(365, 826, 'CSR', NULL, 'Castlereagh', NULL, 1, '2022-03-14 15:33:13', '2022-03-14 15:33:13'),
(366, 826, 'CBF', NULL, 'Central Bedfordshire', NULL, 1, '2022-03-14 15:33:13', '2022-03-14 15:33:13'),
(367, 826, 'CGN', NULL, 'Ceredigion [Sir Ceredigion]', NULL, 1, '2022-03-14 15:33:13', '2022-03-14 15:33:13'),
(368, 826, 'CHE', NULL, 'Cheshire East', NULL, 1, '2022-03-14 15:33:13', '2022-03-14 15:33:13'),
(369, 826, 'CHW', NULL, 'Cheshire West and Chester', NULL, 1, '2022-03-14 15:33:13', '2022-03-14 15:33:13'),
(370, 826, 'CLK', NULL, 'Clackmannanshire', NULL, 1, '2022-03-14 15:33:13', '2022-03-14 15:33:13'),
(371, 826, 'CLR', NULL, 'Coleraine', NULL, 1, '2022-03-14 15:33:13', '2022-03-14 15:33:13'),
(372, 826, 'CWY', NULL, 'Conwy', NULL, 1, '2022-03-14 15:33:13', '2022-03-14 15:33:13'),
(373, 826, 'CKT', NULL, 'Cookstown', NULL, 1, '2022-03-14 15:33:13', '2022-03-14 15:33:13'),
(374, 826, 'CON', NULL, 'Cornwall', NULL, 1, '2022-03-14 15:33:13', '2022-03-14 15:33:13'),
(375, 826, 'COV', NULL, 'Coventry', NULL, 1, '2022-03-14 15:33:13', '2022-03-14 15:33:13'),
(376, 826, 'CGV', NULL, 'Craigavon', NULL, 1, '2022-03-14 15:33:13', '2022-03-14 15:33:13'),
(377, 826, 'CRY', NULL, 'Croydon', NULL, 1, '2022-03-14 15:33:13', '2022-03-14 15:33:13'),
(378, 826, 'CMA', NULL, 'Cumbria', NULL, 1, '2022-03-14 15:33:13', '2022-03-14 15:33:13'),
(379, 826, 'DAL', NULL, 'Darlington', NULL, 1, '2022-03-14 15:33:13', '2022-03-14 15:33:13'),
(380, 826, 'DEN', NULL, 'Denbighshire [Sir Ddinbych GB-DDB]', NULL, 1, '2022-03-14 15:33:13', '2022-03-14 15:33:13'),
(381, 826, 'DER', NULL, 'Derby', NULL, 1, '2022-03-14 15:33:13', '2022-03-14 15:33:13'),
(382, 826, 'DBY', NULL, 'Derbyshire', NULL, 1, '2022-03-14 15:33:13', '2022-03-14 15:33:13'),
(383, 826, 'DRY', NULL, 'Derry', NULL, 1, '2022-03-14 15:33:13', '2022-03-14 15:33:13'),
(384, 826, 'DEV', NULL, 'Devon', NULL, 1, '2022-03-14 15:33:13', '2022-03-14 15:33:13'),
(385, 826, 'DNC', NULL, 'Doncaster', NULL, 1, '2022-03-14 15:33:13', '2022-03-14 15:33:13'),
(386, 826, 'DOR', NULL, 'Dorset', NULL, 1, '2022-03-14 15:33:13', '2022-03-14 15:33:13'),
(387, 826, 'DOW', NULL, 'Down', NULL, 1, '2022-03-14 15:33:13', '2022-03-14 15:33:13'),
(388, 826, 'DUD', NULL, 'Dudley', NULL, 1, '2022-03-14 15:33:13', '2022-03-14 15:33:13'),
(389, 826, 'DGY', NULL, 'Dumfries and Galloway', NULL, 1, '2022-03-14 15:33:13', '2022-03-14 15:33:13'),
(390, 826, 'DND', NULL, 'Dundee City', NULL, 1, '2022-03-14 15:33:13', '2022-03-14 15:33:13'),
(391, 826, 'DGN', NULL, 'Dungannon', NULL, 1, '2022-03-14 15:33:13', '2022-03-14 15:33:13'),
(392, 826, 'DUR', NULL, 'Durham', NULL, 1, '2022-03-14 15:33:13', '2022-03-14 15:33:13'),
(393, 826, 'EAL', NULL, 'Ealing', NULL, 1, '2022-03-14 15:33:13', '2022-03-14 15:33:13'),
(394, 826, 'EAY', NULL, 'East Ayrshire', NULL, 1, '2022-03-14 15:33:13', '2022-03-14 15:33:13'),
(395, 826, 'EDU', NULL, 'East Dunbartonshire', NULL, 1, '2022-03-14 15:33:13', '2022-03-14 15:33:13'),
(396, 826, 'ELN', NULL, 'East Lothian', NULL, 1, '2022-03-14 15:33:13', '2022-03-14 15:33:13'),
(397, 826, 'ERW', NULL, 'East Renfrewshire', NULL, 1, '2022-03-14 15:33:13', '2022-03-14 15:33:13'),
(398, 826, 'ERY', NULL, 'East Riding of Yorkshire', NULL, 1, '2022-03-14 15:33:13', '2022-03-14 15:33:13'),
(399, 826, 'ESX', NULL, 'East Sussex', NULL, 1, '2022-03-14 15:33:13', '2022-03-14 15:33:13'),
(400, 826, 'EDH', NULL, 'Edinburgh, City of', NULL, 1, '2022-03-14 15:33:13', '2022-03-14 15:33:13'),
(401, 826, 'ELS', NULL, 'Eilean Siar', NULL, 1, '2022-03-14 15:33:13', '2022-03-14 15:33:13'),
(402, 826, 'ENF', NULL, 'Enfield', NULL, 1, '2022-03-14 15:33:13', '2022-03-14 15:33:13'),
(403, 826, 'ESS', NULL, 'Essex', NULL, 1, '2022-03-14 15:33:13', '2022-03-14 15:33:13'),
(404, 826, 'FAL', NULL, 'Falkirk', NULL, 1, '2022-03-14 15:33:13', '2022-03-14 15:33:13'),
(405, 826, 'FER', NULL, 'Fermanagh', NULL, 1, '2022-03-14 15:33:13', '2022-03-14 15:33:13'),
(406, 826, 'FIF', NULL, 'Fife', NULL, 1, '2022-03-14 15:33:13', '2022-03-14 15:33:13'),
(407, 826, 'FLN', NULL, 'Flintshire [Sir y Fflint GB-FFL]', NULL, 1, '2022-03-14 15:33:13', '2022-03-14 15:33:13'),
(408, 826, 'GAT', NULL, 'Gateshead', NULL, 1, '2022-03-14 15:33:13', '2022-03-14 15:33:13'),
(409, 826, 'GLG', NULL, 'Glasgow City', NULL, 1, '2022-03-14 15:33:13', '2022-03-14 15:33:13'),
(410, 826, 'GLS', NULL, 'Gloucestershire', NULL, 1, '2022-03-14 15:33:13', '2022-03-14 15:33:13'),
(411, 826, 'GRE', NULL, 'Greenwich', NULL, 1, '2022-03-14 15:33:13', '2022-03-14 15:33:13'),
(412, 826, 'GWN', NULL, 'Gwynedd', NULL, 1, '2022-03-14 15:33:13', '2022-03-14 15:33:13'),
(413, 826, 'HCK', NULL, 'Hackney', NULL, 1, '2022-03-14 15:33:13', '2022-03-14 15:33:13'),
(414, 826, 'HAL', NULL, 'Halton', NULL, 1, '2022-03-14 15:33:13', '2022-03-14 15:33:13'),
(415, 826, 'HMF', NULL, 'Hammersmith and Fulham', NULL, 1, '2022-03-14 15:33:13', '2022-03-14 15:33:13'),
(416, 826, 'HAM', NULL, 'Hampshire', NULL, 1, '2022-03-14 15:33:13', '2022-03-14 15:33:13'),
(417, 826, 'HRY', NULL, 'Haringey', NULL, 1, '2022-03-14 15:33:13', '2022-03-14 15:33:13'),
(418, 826, 'HRW', NULL, 'Harrow', NULL, 1, '2022-03-14 15:33:13', '2022-03-14 15:33:13'),
(419, 826, 'HPL', NULL, 'Hartlepool', NULL, 1, '2022-03-14 15:33:13', '2022-03-14 15:33:13'),
(420, 826, 'HAV', NULL, 'Havering', NULL, 1, '2022-03-14 15:33:13', '2022-03-14 15:33:13'),
(421, 826, 'HEF', NULL, 'Herefordshire, County of', NULL, 1, '2022-03-14 15:33:13', '2022-03-14 15:33:13'),
(422, 826, 'HRT', NULL, 'Hertfordshire', NULL, 1, '2022-03-14 15:33:13', '2022-03-14 15:33:13'),
(423, 826, 'HLD', NULL, 'Highland', NULL, 1, '2022-03-14 15:33:13', '2022-03-14 15:33:13'),
(424, 826, 'HIL', NULL, 'Hillingdon', NULL, 1, '2022-03-14 15:33:13', '2022-03-14 15:33:13'),
(425, 826, 'HNS', NULL, 'Hounslow', NULL, 1, '2022-03-14 15:33:13', '2022-03-14 15:33:13'),
(426, 826, 'IVC', NULL, 'Inverclyde', NULL, 1, '2022-03-14 15:33:13', '2022-03-14 15:33:13'),
(427, 826, 'AGY', NULL, 'Isle of Anglesey [Sir Ynys Môn GB-YNM]', NULL, 1, '2022-03-14 15:33:13', '2022-03-14 15:33:13'),
(428, 826, 'IOW', NULL, 'Isle of Wight', NULL, 1, '2022-03-14 15:33:13', '2022-03-14 15:33:13'),
(429, 826, 'ISL', NULL, 'Islington', NULL, 1, '2022-03-14 15:33:13', '2022-03-14 15:33:13'),
(430, 826, 'KEC', NULL, 'Kensington and Chelsea', NULL, 1, '2022-03-14 15:33:13', '2022-03-14 15:33:13'),
(431, 826, 'KEN', NULL, 'Kent', NULL, 1, '2022-03-14 15:33:13', '2022-03-14 15:33:13'),
(432, 826, 'KHL', NULL, 'Kingston upon Hull, City of', NULL, 1, '2022-03-14 15:33:13', '2022-03-14 15:33:13'),
(433, 826, 'KTT', NULL, 'Kingston upon Thames', NULL, 1, '2022-03-14 15:33:13', '2022-03-14 15:33:13'),
(434, 826, 'KIR', NULL, 'Kirklees', NULL, 1, '2022-03-14 15:33:13', '2022-03-14 15:33:13'),
(435, 826, 'KWL', NULL, 'Knowsley', NULL, 1, '2022-03-14 15:33:13', '2022-03-14 15:33:13'),
(436, 826, 'LBH', NULL, 'Lambeth', NULL, 1, '2022-03-14 15:33:13', '2022-03-14 15:33:13'),
(437, 826, 'LAN', NULL, 'Lancashire', NULL, 1, '2022-03-14 15:33:13', '2022-03-14 15:33:13'),
(438, 826, 'LRN', NULL, 'Larne', NULL, 1, '2022-03-14 15:33:13', '2022-03-14 15:33:13'),
(439, 826, 'LDS', NULL, 'Leeds', NULL, 1, '2022-03-14 15:33:13', '2022-03-14 15:33:13'),
(440, 826, 'LCE', NULL, 'Leicester', NULL, 1, '2022-03-14 15:33:13', '2022-03-14 15:33:13'),
(441, 826, 'LEC', NULL, 'Leicestershire', NULL, 1, '2022-03-14 15:33:13', '2022-03-14 15:33:13'),
(442, 826, 'LEW', NULL, 'Lewisham', NULL, 1, '2022-03-14 15:33:13', '2022-03-14 15:33:13'),
(443, 826, 'LMV', NULL, 'Limavady', NULL, 1, '2022-03-14 15:33:13', '2022-03-14 15:33:13'),
(444, 826, 'LIN', NULL, 'Lincolnshire', NULL, 1, '2022-03-14 15:33:13', '2022-03-14 15:33:13'),
(445, 826, 'LSB', NULL, 'Lisburn', NULL, 1, '2022-03-14 15:33:13', '2022-03-14 15:33:13'),
(446, 826, 'LIV', NULL, 'Liverpool', NULL, 1, '2022-03-14 15:33:13', '2022-03-14 15:33:13'),
(447, 826, 'LND', NULL, 'London, City of', NULL, 1, '2022-03-14 15:33:13', '2022-03-14 15:33:13'),
(448, 826, 'LUT', NULL, 'Luton', NULL, 1, '2022-03-14 15:33:13', '2022-03-14 15:33:13'),
(449, 826, 'MFT', NULL, 'Magherafelt', NULL, 1, '2022-03-14 15:33:13', '2022-03-14 15:33:13'),
(450, 826, 'MAN', NULL, 'Manchester', NULL, 1, '2022-03-14 15:33:13', '2022-03-14 15:33:13'),
(451, 826, 'MDW', NULL, 'Medway', NULL, 1, '2022-03-14 15:33:13', '2022-03-14 15:33:13'),
(452, 826, 'MTY', NULL, 'Merthyr Tydfil [Merthyr Tudful GB-MTU]', NULL, 1, '2022-03-14 15:33:13', '2022-03-14 15:33:13'),
(453, 826, 'MRT', NULL, 'Merton', NULL, 1, '2022-03-14 15:33:13', '2022-03-14 15:33:13'),
(454, 826, 'MDB', NULL, 'Middlesbrough', NULL, 1, '2022-03-14 15:33:13', '2022-03-14 15:33:13'),
(455, 826, 'MLN', NULL, 'Midlothian', NULL, 1, '2022-03-14 15:33:13', '2022-03-14 15:33:13'),
(456, 826, 'MIK', NULL, 'Milton Keynes', NULL, 1, '2022-03-14 15:33:13', '2022-03-14 15:33:13'),
(457, 826, 'MON', NULL, 'Monmouthshire [Sir Fynwy GB-FYN]', NULL, 1, '2022-03-14 15:33:13', '2022-03-14 15:33:13'),
(458, 826, 'MRY', NULL, 'Moray', NULL, 1, '2022-03-14 15:33:13', '2022-03-14 15:33:13'),
(459, 826, 'MYL', NULL, 'Moyle', NULL, 1, '2022-03-14 15:33:13', '2022-03-14 15:33:13'),
(460, 826, 'NTL', NULL, 'Neath Port Talbot [Castell-nedd Port Talbot GB-CTL]', NULL, 1, '2022-03-14 15:33:13', '2022-03-14 15:33:13'),
(461, 826, 'NET', NULL, 'Newcastle upon Tyne', NULL, 1, '2022-03-14 15:33:13', '2022-03-14 15:33:13'),
(462, 826, 'NWM', NULL, 'Newham', NULL, 1, '2022-03-14 15:33:13', '2022-03-14 15:33:13'),
(463, 826, 'NWP', NULL, 'Newport [Casnewydd GB-CNW]', NULL, 1, '2022-03-14 15:33:13', '2022-03-14 15:33:13'),
(464, 826, 'NYM', NULL, 'Newry and Mourne', NULL, 1, '2022-03-14 15:33:13', '2022-03-14 15:33:13'),
(465, 826, 'NTA', NULL, 'Newtownabbey', NULL, 1, '2022-03-14 15:33:13', '2022-03-14 15:33:13'),
(466, 826, 'NFK', NULL, 'Norfolk', NULL, 1, '2022-03-14 15:33:13', '2022-03-14 15:33:13'),
(467, 826, 'NAY', NULL, 'North Ayrshire', NULL, 1, '2022-03-14 15:33:13', '2022-03-14 15:33:13'),
(468, 826, 'NDN', NULL, 'North Down', NULL, 1, '2022-03-14 15:33:13', '2022-03-14 15:33:13'),
(469, 826, 'NEL', NULL, 'North East Lincolnshire', NULL, 1, '2022-03-14 15:33:13', '2022-03-14 15:33:13'),
(470, 826, 'NLK', NULL, 'North Lanarkshire', NULL, 1, '2022-03-14 15:33:13', '2022-03-14 15:33:13'),
(471, 826, 'NLN', NULL, 'North Lincolnshire', NULL, 1, '2022-03-14 15:33:13', '2022-03-14 15:33:13'),
(472, 826, 'NSM', NULL, 'North Somerset', NULL, 1, '2022-03-14 15:33:13', '2022-03-14 15:33:13'),
(473, 826, 'NTY', NULL, 'North Tyneside', NULL, 1, '2022-03-14 15:33:13', '2022-03-14 15:33:13'),
(474, 826, 'NYK', NULL, 'North Yorkshire', NULL, 1, '2022-03-14 15:33:13', '2022-03-14 15:33:13'),
(475, 826, 'NTH', NULL, 'Northamptonshire', NULL, 1, '2022-03-14 15:33:13', '2022-03-14 15:33:13'),
(476, 826, 'NBL', NULL, 'Northumberland', NULL, 1, '2022-03-14 15:33:13', '2022-03-14 15:33:13'),
(477, 826, 'NGM', NULL, 'Nottingham', NULL, 1, '2022-03-14 15:33:13', '2022-03-14 15:33:13'),
(478, 826, 'NTT', NULL, 'Nottinghamshire', NULL, 1, '2022-03-14 15:33:13', '2022-03-14 15:33:13'),
(479, 826, 'OLD', NULL, 'Oldham', NULL, 1, '2022-03-14 15:33:13', '2022-03-14 15:33:13'),
(480, 826, 'OMH', NULL, 'Omagh', NULL, 1, '2022-03-14 15:33:13', '2022-03-14 15:33:13'),
(481, 826, 'ORK', NULL, 'Orkney Islands', NULL, 1, '2022-03-14 15:33:13', '2022-03-14 15:33:13'),
(482, 826, 'OXF', NULL, 'Oxfordshire', NULL, 1, '2022-03-14 15:33:13', '2022-03-14 15:33:13'),
(483, 826, 'PEM', NULL, 'Pembrokeshire [Sir Benfro GB-BNF]', NULL, 1, '2022-03-14 15:33:13', '2022-03-14 15:33:13'),
(484, 826, 'PKN', NULL, 'Perth and Kinross', NULL, 1, '2022-03-14 15:33:13', '2022-03-14 15:33:13'),
(485, 826, 'PTE', NULL, 'Peterborough', NULL, 1, '2022-03-14 15:33:13', '2022-03-14 15:33:13'),
(486, 826, 'PLY', NULL, 'Plymouth', NULL, 1, '2022-03-14 15:33:13', '2022-03-14 15:33:13'),
(487, 826, 'POL', NULL, 'Poole', NULL, 1, '2022-03-14 15:33:13', '2022-03-14 15:33:13'),
(488, 826, 'POR', NULL, 'Portsmouth', NULL, 1, '2022-03-14 15:33:13', '2022-03-14 15:33:13'),
(489, 826, 'POW', NULL, 'Powys', NULL, 1, '2022-03-14 15:33:13', '2022-03-14 15:33:13'),
(490, 826, 'RDG', NULL, 'Reading', NULL, 1, '2022-03-14 15:33:13', '2022-03-14 15:33:13'),
(491, 826, 'RDB', NULL, 'Redbridge', NULL, 1, '2022-03-14 15:33:13', '2022-03-14 15:33:13'),
(492, 826, 'RCC', NULL, 'Redcar and Cleveland', NULL, 1, '2022-03-14 15:33:13', '2022-03-14 15:33:13'),
(493, 826, 'RFW', NULL, 'Renfrewshire', NULL, 1, '2022-03-14 15:33:13', '2022-03-14 15:33:13'),
(494, 826, 'RCT', NULL, 'Rhondda, Cynon, Taff [Rhondda, Cynon,Taf]', NULL, 1, '2022-03-14 15:33:13', '2022-03-14 15:33:13'),
(495, 826, 'RIC', NULL, 'Richmond upon Thames', NULL, 1, '2022-03-14 15:33:13', '2022-03-14 15:33:13'),
(496, 826, 'RCH', NULL, 'Rochdale', NULL, 1, '2022-03-14 15:33:13', '2022-03-14 15:33:13'),
(497, 826, 'ROT', NULL, 'Rotherham', NULL, 1, '2022-03-14 15:33:13', '2022-03-14 15:33:13'),
(498, 826, 'RUT', NULL, 'Rutland', NULL, 1, '2022-03-14 15:33:13', '2022-03-14 15:33:13'),
(499, 826, 'SLF', NULL, 'Salford', NULL, 1, '2022-03-14 15:33:13', '2022-03-14 15:33:13'),
(500, 826, 'SAW', NULL, 'Sandwell', NULL, 1, '2022-03-14 15:33:13', '2022-03-14 15:33:13'),
(501, 826, 'SCB', NULL, 'Scottish Borders, The', NULL, 1, '2022-03-14 15:33:13', '2022-03-14 15:33:13'),
(502, 826, 'SFT', NULL, 'Sefton', NULL, 1, '2022-03-14 15:33:13', '2022-03-14 15:33:13'),
(503, 826, 'SHF', NULL, 'Sheffield', NULL, 1, '2022-03-14 15:33:13', '2022-03-14 15:33:13'),
(504, 826, 'ZET', NULL, 'Shetland Islands', NULL, 1, '2022-03-14 15:33:13', '2022-03-14 15:33:13'),
(505, 826, 'SHR', NULL, 'Shropshire', NULL, 1, '2022-03-14 15:33:13', '2022-03-14 15:33:13'),
(506, 826, 'SLG', NULL, 'Slough', NULL, 1, '2022-03-14 15:33:13', '2022-03-14 15:33:13'),
(507, 826, 'SOL', NULL, 'Solihull', NULL, 1, '2022-03-14 15:33:13', '2022-03-14 15:33:13'),
(508, 826, 'SOM', NULL, 'Somerset', NULL, 1, '2022-03-14 15:33:13', '2022-03-14 15:33:13'),
(509, 826, 'SAY', NULL, 'South Ayrshire', NULL, 1, '2022-03-14 15:33:13', '2022-03-14 15:33:13'),
(510, 826, 'SGC', NULL, 'South Gloucestershire', NULL, 1, '2022-03-14 15:33:13', '2022-03-14 15:33:13'),
(511, 826, 'SLK', NULL, 'South Lanarkshire', NULL, 1, '2022-03-14 15:33:13', '2022-03-14 15:33:13'),
(512, 826, 'STY', NULL, 'South Tyneside', NULL, 1, '2022-03-14 15:33:13', '2022-03-14 15:33:13'),
(513, 826, 'STH', NULL, 'Southampton', NULL, 1, '2022-03-14 15:33:13', '2022-03-14 15:33:13'),
(514, 826, 'SOS', NULL, 'Southend-on-Sea', NULL, 1, '2022-03-14 15:33:13', '2022-03-14 15:33:13'),
(515, 826, 'SWK', NULL, 'Southwark', NULL, 1, '2022-03-14 15:33:13', '2022-03-14 15:33:13'),
(516, 826, 'SHN', NULL, 'St. Helens', NULL, 1, '2022-03-14 15:33:13', '2022-03-14 15:33:13'),
(517, 826, 'STS', NULL, 'Staffordshire', NULL, 1, '2022-03-14 15:33:13', '2022-03-14 15:33:13'),
(518, 826, 'STG', NULL, 'Stirling', NULL, 1, '2022-03-14 15:33:13', '2022-03-14 15:33:13'),
(519, 826, 'SKP', NULL, 'Stockport', NULL, 1, '2022-03-14 15:33:13', '2022-03-14 15:33:13'),
(520, 826, 'STT', NULL, 'Stockton-on-Tees', NULL, 1, '2022-03-14 15:33:13', '2022-03-14 15:33:13'),
(521, 826, 'STE', NULL, 'Stoke-on-Trent', NULL, 1, '2022-03-14 15:33:13', '2022-03-14 15:33:13'),
(522, 826, 'STB', NULL, 'Strabane', NULL, 1, '2022-03-14 15:33:13', '2022-03-14 15:33:13'),
(523, 826, 'SFK', NULL, 'Suffolk', NULL, 1, '2022-03-14 15:33:13', '2022-03-14 15:33:13'),
(524, 826, 'SND', NULL, 'Sunderland', NULL, 1, '2022-03-14 15:33:13', '2022-03-14 15:33:13'),
(525, 826, 'SRY', NULL, 'Surrey', NULL, 1, '2022-03-14 15:33:13', '2022-03-14 15:33:13'),
(526, 826, 'STN', NULL, 'Sutton', NULL, 1, '2022-03-14 15:33:13', '2022-03-14 15:33:13'),
(527, 826, 'SWA', NULL, 'Swansea [Abertawe GB-ATA]', NULL, 1, '2022-03-14 15:33:13', '2022-03-14 15:33:13'),
(528, 826, 'SWD', NULL, 'Swindon', NULL, 1, '2022-03-14 15:33:13', '2022-03-14 15:33:13'),
(529, 826, 'TAM', NULL, 'Tameside', NULL, 1, '2022-03-14 15:33:13', '2022-03-14 15:33:13'),
(530, 826, 'TFW', NULL, 'Telford and Wrekin', NULL, 1, '2022-03-14 15:33:13', '2022-03-14 15:33:13'),
(531, 826, 'THR', NULL, 'Thurrock', NULL, 1, '2022-03-14 15:33:13', '2022-03-14 15:33:13'),
(532, 826, 'TOB', NULL, 'Torbay', NULL, 1, '2022-03-14 15:33:13', '2022-03-14 15:33:13'),
(533, 826, 'TOF', NULL, 'Torfaen [Tor-faen]', NULL, 1, '2022-03-14 15:33:13', '2022-03-14 15:33:13'),
(534, 826, 'TWH', NULL, 'Tower Hamlets', NULL, 1, '2022-03-14 15:33:13', '2022-03-14 15:33:13'),
(535, 826, 'TRF', NULL, 'Trafford', NULL, 1, '2022-03-14 15:33:13', '2022-03-14 15:33:13'),
(536, 826, 'VGL', NULL, 'Vale of Glamorgan, The [Bro Morgannwg GB-BMG]', NULL, 1, '2022-03-14 15:33:13', '2022-03-14 15:33:13'),
(537, 826, 'WKF', NULL, 'Wakefield', NULL, 1, '2022-03-14 15:33:13', '2022-03-14 15:33:13'),
(538, 826, 'WLL', NULL, 'Walsall', NULL, 1, '2022-03-14 15:33:13', '2022-03-14 15:33:13'),
(539, 826, 'WFT', NULL, 'Waltham Forest', NULL, 1, '2022-03-14 15:33:13', '2022-03-14 15:33:13'),
(540, 826, 'WND', NULL, 'Wandsworth', NULL, 1, '2022-03-14 15:33:13', '2022-03-14 15:33:13'),
(541, 826, 'WRT', NULL, 'Warrington', NULL, 1, '2022-03-14 15:33:13', '2022-03-14 15:33:13'),
(542, 826, 'WAR', NULL, 'Warwickshire', NULL, 1, '2022-03-14 15:33:13', '2022-03-14 15:33:13'),
(543, 826, 'WBK', NULL, 'West Berkshire', NULL, 1, '2022-03-14 15:33:13', '2022-03-14 15:33:13'),
(544, 826, 'WDU', NULL, 'West Dunbartonshire', NULL, 1, '2022-03-14 15:33:13', '2022-03-14 15:33:13');
INSERT INTO `states` (`id`, `country_id`, `iso_code`, `iso_numeric`, `name`, `calling_code`, `active`, `created_at`, `updated_at`) VALUES
(545, 826, 'WLN', NULL, 'West Lothian', NULL, 1, '2022-03-14 15:33:13', '2022-03-14 15:33:13'),
(546, 826, 'WSX', NULL, 'West Sussex', NULL, 1, '2022-03-14 15:33:13', '2022-03-14 15:33:13'),
(547, 826, 'WSM', NULL, 'Westminster', NULL, 1, '2022-03-14 15:33:13', '2022-03-14 15:33:13'),
(548, 826, 'WGN', NULL, 'Wigan', NULL, 1, '2022-03-14 15:33:13', '2022-03-14 15:33:13'),
(549, 826, 'WIL', NULL, 'Wiltshire', NULL, 1, '2022-03-14 15:33:13', '2022-03-14 15:33:13'),
(550, 826, 'WNM', NULL, 'Windsor and Maidenhead', NULL, 1, '2022-03-14 15:33:13', '2022-03-14 15:33:13'),
(551, 826, 'WRL', NULL, 'Wirral', NULL, 1, '2022-03-14 15:33:13', '2022-03-14 15:33:13'),
(552, 826, 'WOK', NULL, 'Wokingham', NULL, 1, '2022-03-14 15:33:13', '2022-03-14 15:33:13'),
(553, 826, 'WLV', NULL, 'Wolverhampton', NULL, 1, '2022-03-14 15:33:13', '2022-03-14 15:33:13'),
(554, 826, 'WOR', NULL, 'Worcestershire', NULL, 1, '2022-03-14 15:33:13', '2022-03-14 15:33:13'),
(555, 826, 'WRX', NULL, 'Wrexham [Wrecsam GB-WRC]', NULL, 1, '2022-03-14 15:33:13', '2022-03-14 15:33:13'),
(556, 826, 'YOR', NULL, 'York', NULL, 1, '2022-03-14 15:33:13', '2022-03-14 15:33:13'),
(557, 268, 'AB', NULL, 'Abkhazia', NULL, 1, '2022-03-14 15:33:13', '2022-03-14 15:33:13'),
(558, 268, 'AJ', NULL, 'Ajaria', NULL, 1, '2022-03-14 15:33:13', '2022-03-14 15:33:13'),
(559, 268, 'GU', NULL, 'Guria', NULL, 1, '2022-03-14 15:33:13', '2022-03-14 15:33:13'),
(560, 268, 'IM', NULL, 'Imeret\'i', NULL, 1, '2022-03-14 15:33:13', '2022-03-14 15:33:13'),
(561, 268, 'KK', NULL, 'K\'vemo K\'art\'li', NULL, 1, '2022-03-14 15:33:13', '2022-03-14 15:33:13'),
(562, 268, 'KA', NULL, 'Kakhet\'i', NULL, 1, '2022-03-14 15:33:13', '2022-03-14 15:33:13'),
(563, 268, 'MM', NULL, 'Mts\'khet\'a-Mt\'ianet\'i', NULL, 1, '2022-03-14 15:33:13', '2022-03-14 15:33:13'),
(564, 268, 'RL', NULL, 'Racha-Lech\'khumi-K\'vemo Svanet\'i', NULL, 1, '2022-03-14 15:33:13', '2022-03-14 15:33:13'),
(565, 268, 'SZ', NULL, 'Samegrelo-Zemo Svanet\'i', NULL, 1, '2022-03-14 15:33:13', '2022-03-14 15:33:13'),
(566, 268, 'SJ', NULL, 'Samts\'khe-Javakhet\'i', NULL, 1, '2022-03-14 15:33:13', '2022-03-14 15:33:13'),
(567, 268, 'SK', NULL, 'Shida K\'art\'li', NULL, 1, '2022-03-14 15:33:13', '2022-03-14 15:33:13'),
(568, 268, 'TB', NULL, 'T\'bilisi', NULL, 1, '2022-03-14 15:33:13', '2022-03-14 15:33:13'),
(569, 288, 'AH', NULL, 'Ashanti', NULL, 1, '2022-03-14 15:33:13', '2022-03-14 15:33:13'),
(570, 288, 'BA', NULL, 'Brong-Ahafo', NULL, 1, '2022-03-14 15:33:13', '2022-03-14 15:33:13'),
(571, 288, 'CP', NULL, 'Central', NULL, 1, '2022-03-14 15:33:13', '2022-03-14 15:33:13'),
(572, 288, 'EP', NULL, 'Eastern', NULL, 1, '2022-03-14 15:33:13', '2022-03-14 15:33:13'),
(573, 288, 'AA', NULL, 'Greater Accra', NULL, 1, '2022-03-14 15:33:13', '2022-03-14 15:33:13'),
(574, 288, 'NP', NULL, 'Northern', NULL, 1, '2022-03-14 15:33:13', '2022-03-14 15:33:13'),
(575, 288, 'UE', NULL, 'Upper East', NULL, 1, '2022-03-14 15:33:13', '2022-03-14 15:33:13'),
(576, 288, 'UW', NULL, 'Upper West', NULL, 1, '2022-03-14 15:33:13', '2022-03-14 15:33:13'),
(577, 288, 'TV', NULL, 'Volta', NULL, 1, '2022-03-14 15:33:13', '2022-03-14 15:33:13'),
(578, 288, 'WP', NULL, 'Western', NULL, 1, '2022-03-14 15:33:13', '2022-03-14 15:33:13'),
(579, 360, 'BA', NULL, 'Bali', NULL, 1, '2022-03-14 15:33:13', '2022-03-14 15:33:13'),
(580, 360, 'BB', NULL, 'Bangka–Belitung Islands', NULL, 1, '2022-03-14 15:33:13', '2022-03-14 15:33:13'),
(581, 360, 'BT', NULL, 'Banten', NULL, 1, '2022-03-14 15:33:13', '2022-03-14 15:33:13'),
(582, 360, 'BE', NULL, 'Bengkulu', NULL, 1, '2022-03-14 15:33:13', '2022-03-14 15:33:13'),
(583, 360, 'JT', NULL, 'Central Java', NULL, 1, '2022-03-14 15:33:13', '2022-03-14 15:33:13'),
(584, 360, 'KT', NULL, 'Central Kalimantan', NULL, 1, '2022-03-14 15:33:13', '2022-03-14 15:33:13'),
(585, 360, 'ST', NULL, 'Central Sulawesi', NULL, 1, '2022-03-14 15:33:13', '2022-03-14 15:33:13'),
(586, 360, 'JI', NULL, 'East Java', NULL, 1, '2022-03-14 15:33:13', '2022-03-14 15:33:13'),
(587, 360, 'KI', NULL, 'East Kalimantan', NULL, 1, '2022-03-14 15:33:13', '2022-03-14 15:33:13'),
(588, 360, 'NT', NULL, 'East Nusa Tenggara', NULL, 1, '2022-03-14 15:33:13', '2022-03-14 15:33:13'),
(589, 360, 'GO', NULL, 'Gorontalo', NULL, 1, '2022-03-14 15:33:13', '2022-03-14 15:33:13'),
(590, 360, 'JK', NULL, 'Jakarta Special Capital Region', NULL, 1, '2022-03-14 15:33:13', '2022-03-14 15:33:13'),
(591, 360, 'JA', NULL, 'Jambi', NULL, 1, '2022-03-14 15:33:13', '2022-03-14 15:33:13'),
(592, 360, 'LA', NULL, 'Lampung', NULL, 1, '2022-03-14 15:33:13', '2022-03-14 15:33:13'),
(593, 360, 'MA', NULL, 'Maluku', NULL, 1, '2022-03-14 15:33:13', '2022-03-14 15:33:13'),
(594, 360, 'KU', NULL, 'North Kalimantan', NULL, 1, '2022-03-14 15:33:13', '2022-03-14 15:33:13'),
(595, 360, 'MU', NULL, 'North Maluku', NULL, 1, '2022-03-14 15:33:13', '2022-03-14 15:33:13'),
(596, 360, 'SA', NULL, 'North Sulawesi', NULL, 1, '2022-03-14 15:33:13', '2022-03-14 15:33:13'),
(597, 360, 'SU', NULL, 'North Sumatra', NULL, 1, '2022-03-14 15:33:13', '2022-03-14 15:33:13'),
(598, 360, 'RI', NULL, 'Riau', NULL, 1, '2022-03-14 15:33:13', '2022-03-14 15:33:13'),
(599, 360, 'KR', NULL, 'Riau Islands', NULL, 1, '2022-03-14 15:33:13', '2022-03-14 15:33:13'),
(600, 360, 'KS', NULL, 'South Kalimantan', NULL, 1, '2022-03-14 15:33:13', '2022-03-14 15:33:13'),
(601, 360, 'SN', NULL, 'South Sulawesi', NULL, 1, '2022-03-14 15:33:13', '2022-03-14 15:33:13'),
(602, 360, 'SS', NULL, 'South Sumatra', NULL, 1, '2022-03-14 15:33:13', '2022-03-14 15:33:13'),
(603, 360, 'SG', NULL, 'Southeast Sulawesi', NULL, 1, '2022-03-14 15:33:13', '2022-03-14 15:33:13'),
(604, 360, 'AC', NULL, 'Special Region of Aceh', NULL, 1, '2022-03-14 15:33:13', '2022-03-14 15:33:13'),
(605, 360, 'PA', NULL, 'Special Region of Papua', NULL, 1, '2022-03-14 15:33:13', '2022-03-14 15:33:13'),
(606, 360, 'PB', NULL, 'Special Region of West Papua', NULL, 1, '2022-03-14 15:33:13', '2022-03-14 15:33:13'),
(607, 360, 'JB', NULL, 'West Java', NULL, 1, '2022-03-14 15:33:13', '2022-03-14 15:33:13'),
(608, 360, 'KB', NULL, 'West Kalimantan', NULL, 1, '2022-03-14 15:33:13', '2022-03-14 15:33:13'),
(609, 360, 'NB', NULL, 'West Nusa Tenggara', NULL, 1, '2022-03-14 15:33:13', '2022-03-14 15:33:13'),
(610, 360, 'SR', NULL, 'West Sulawesi', NULL, 1, '2022-03-14 15:33:13', '2022-03-14 15:33:13'),
(611, 360, 'SB', NULL, 'West Sumatra', NULL, 1, '2022-03-14 15:33:13', '2022-03-14 15:33:13'),
(612, 360, 'YO', NULL, 'Yogyakarta', NULL, 1, '2022-03-14 15:33:13', '2022-03-14 15:33:13'),
(613, 376, 'JM', NULL, 'Al Quds / Yerushalayim', NULL, 1, '2022-03-14 15:33:13', '2022-03-14 15:33:13'),
(614, 376, 'D', NULL, 'El Janūbī / HaDarom', NULL, 1, '2022-03-14 15:33:13', '2022-03-14 15:33:13'),
(615, 376, 'Z', NULL, 'Esh Shamālī / Ha Ẕafon', NULL, 1, '2022-03-14 15:33:13', '2022-03-14 15:33:13'),
(616, 376, 'M', NULL, 'HaDarom / HaMerkaz', NULL, 1, '2022-03-14 15:33:13', '2022-03-14 15:33:13'),
(617, 376, 'YOUR', NULL, 'Tell Abīb / Tel Aviv', NULL, 1, '2022-03-14 15:33:13', '2022-03-14 15:33:13'),
(618, 376, 'HA', NULL, 'Ḥeifā / H̱efa', NULL, 1, '2022-03-14 15:33:13', '2022-03-14 15:33:13'),
(619, 356, 'AN', NULL, 'Andaman and Nicobar Islands', NULL, 1, '2022-03-14 15:33:13', '2022-03-14 15:33:13'),
(620, 356, 'AP', NULL, 'Andhra Pradesh', NULL, 1, '2022-03-14 15:33:13', '2022-03-14 15:33:13'),
(621, 356, 'AR', NULL, 'Arunachal Pradesh', NULL, 1, '2022-03-14 15:33:13', '2022-03-14 15:33:13'),
(622, 356, 'AS', NULL, 'Assam', NULL, 1, '2022-03-14 15:33:13', '2022-03-14 15:33:13'),
(623, 356, 'BR', NULL, 'Bihar', NULL, 1, '2022-03-14 15:33:13', '2022-03-14 15:33:13'),
(624, 356, 'CH', NULL, 'Chandigarh', NULL, 1, '2022-03-14 15:33:13', '2022-03-14 15:33:13'),
(625, 356, 'CT', NULL, 'Chhattisgarh', NULL, 1, '2022-03-14 15:33:13', '2022-03-14 15:33:13'),
(626, 356, 'DN', NULL, 'Dadra and Nagar Haveli', NULL, 1, '2022-03-14 15:33:13', '2022-03-14 15:33:13'),
(627, 356, 'DD', NULL, 'Daman and Diu', NULL, 1, '2022-03-14 15:33:13', '2022-03-14 15:33:13'),
(628, 356, 'GA', NULL, 'Goa', NULL, 1, '2022-03-14 15:33:13', '2022-03-14 15:33:13'),
(629, 356, 'GJ', NULL, 'Gujarat', NULL, 1, '2022-03-14 15:33:13', '2022-03-14 15:33:13'),
(630, 356, 'HR', NULL, 'Haryana', NULL, 1, '2022-03-14 15:33:13', '2022-03-14 15:33:13'),
(631, 356, 'HP', NULL, 'Himachal Pradesh', NULL, 1, '2022-03-14 15:33:13', '2022-03-14 15:33:13'),
(632, 356, 'JK', NULL, 'Jammu and Kashmir', NULL, 1, '2022-03-14 15:33:13', '2022-03-14 15:33:13'),
(633, 356, 'JH', NULL, 'Jharkhand', NULL, 1, '2022-03-14 15:33:13', '2022-03-14 15:33:13'),
(634, 356, 'KA', NULL, 'Karnataka', NULL, 1, '2022-03-14 15:33:13', '2022-03-14 15:33:13'),
(635, 356, 'KL', NULL, 'Kerala', NULL, 1, '2022-03-14 15:33:13', '2022-03-14 15:33:13'),
(636, 356, 'LD', NULL, 'Lakshadweep', NULL, 1, '2022-03-14 15:33:13', '2022-03-14 15:33:13'),
(637, 356, 'MP', NULL, 'Madhya Pradesh', NULL, 1, '2022-03-14 15:33:13', '2022-03-14 15:33:13'),
(638, 356, 'MH', NULL, 'Maharashtra', NULL, 1, '2022-03-14 15:33:13', '2022-03-14 15:33:13'),
(639, 356, 'MN', NULL, 'Manipur', NULL, 1, '2022-03-14 15:33:13', '2022-03-14 15:33:13'),
(640, 356, 'ML', NULL, 'Meghalaya', NULL, 1, '2022-03-14 15:33:13', '2022-03-14 15:33:13'),
(641, 356, 'MZ', NULL, 'Mizoram', NULL, 1, '2022-03-14 15:33:13', '2022-03-14 15:33:13'),
(642, 356, 'NL', NULL, 'Nagaland', NULL, 1, '2022-03-14 15:33:13', '2022-03-14 15:33:13'),
(643, 356, 'DL', NULL, 'National Capital Territory of Delhi', NULL, 1, '2022-03-14 15:33:13', '2022-03-14 15:33:13'),
(644, 356, 'OR', NULL, 'Odisha', NULL, 1, '2022-03-14 15:33:13', '2022-03-14 15:33:13'),
(645, 356, 'PY', NULL, 'Puducherry', NULL, 1, '2022-03-14 15:33:13', '2022-03-14 15:33:13'),
(646, 356, 'PB', NULL, 'Punjab', NULL, 1, '2022-03-14 15:33:13', '2022-03-14 15:33:13'),
(647, 356, 'RJ', NULL, 'Rajasthan', NULL, 1, '2022-03-14 15:33:13', '2022-03-14 15:33:13'),
(648, 356, 'SK', NULL, 'Sikkim', NULL, 1, '2022-03-14 15:33:13', '2022-03-14 15:33:13'),
(649, 356, 'TN', NULL, 'Tamil Nadu', NULL, 1, '2022-03-14 15:33:13', '2022-03-14 15:33:13'),
(650, 356, 'TG', NULL, 'Telangana', NULL, 1, '2022-03-14 15:33:13', '2022-03-14 15:33:13'),
(651, 356, 'TR', NULL, 'Tripura', NULL, 1, '2022-03-14 15:33:13', '2022-03-14 15:33:13'),
(652, 356, 'UP', NULL, 'Uttar Pradesh', NULL, 1, '2022-03-14 15:33:13', '2022-03-14 15:33:13'),
(653, 356, 'UT', NULL, 'Uttarakhand', NULL, 1, '2022-03-14 15:33:13', '2022-03-14 15:33:13'),
(654, 356, 'WB', NULL, 'West Bengal', NULL, 1, '2022-03-14 15:33:13', '2022-03-14 15:33:13'),
(655, 380, '65', NULL, 'Abruzzo', NULL, 1, '2022-03-14 15:33:13', '2022-03-14 15:33:13'),
(656, 380, '23', NULL, 'Aosta Valley', NULL, 1, '2022-03-14 15:33:13', '2022-03-14 15:33:13'),
(657, 380, '75', NULL, 'Apulia', NULL, 1, '2022-03-14 15:33:13', '2022-03-14 15:33:13'),
(658, 380, '77', NULL, 'Basilicata', NULL, 1, '2022-03-14 15:33:13', '2022-03-14 15:33:13'),
(659, 380, '78', NULL, 'Calabria', NULL, 1, '2022-03-14 15:33:13', '2022-03-14 15:33:13'),
(660, 380, '72', NULL, 'Campania', NULL, 1, '2022-03-14 15:33:13', '2022-03-14 15:33:13'),
(661, 380, '45', NULL, 'Emilia-Romagna', NULL, 1, '2022-03-14 15:33:13', '2022-03-14 15:33:13'),
(662, 380, '36', NULL, 'Friuli Venezia Giulia', NULL, 1, '2022-03-14 15:33:13', '2022-03-14 15:33:13'),
(663, 380, '62', NULL, 'Lazio', NULL, 1, '2022-03-14 15:33:13', '2022-03-14 15:33:13'),
(664, 380, '42', NULL, 'Liguria', NULL, 1, '2022-03-14 15:33:13', '2022-03-14 15:33:13'),
(665, 380, '25', NULL, 'Lombardy', NULL, 1, '2022-03-14 15:33:13', '2022-03-14 15:33:13'),
(666, 380, '57', NULL, 'Marche', NULL, 1, '2022-03-14 15:33:13', '2022-03-14 15:33:13'),
(667, 380, '67', NULL, 'Molise', NULL, 1, '2022-03-14 15:33:13', '2022-03-14 15:33:13'),
(668, 380, '21', NULL, 'Piedmont', NULL, 1, '2022-03-14 15:33:13', '2022-03-14 15:33:13'),
(669, 380, '88', NULL, 'Sardinia', NULL, 1, '2022-03-14 15:33:13', '2022-03-14 15:33:13'),
(670, 380, '82', NULL, 'Sicily', NULL, 1, '2022-03-14 15:33:13', '2022-03-14 15:33:13'),
(671, 380, '32', NULL, 'Trentino-South Tyrol', NULL, 1, '2022-03-14 15:33:13', '2022-03-14 15:33:13'),
(672, 380, '52', NULL, 'Tuscany', NULL, 1, '2022-03-14 15:33:13', '2022-03-14 15:33:13'),
(673, 380, '55', NULL, 'Umbria', NULL, 1, '2022-03-14 15:33:13', '2022-03-14 15:33:13'),
(674, 380, '34', NULL, 'Veneto', NULL, 1, '2022-03-14 15:33:13', '2022-03-14 15:33:13'),
(675, 392, '23', NULL, 'Aiti', NULL, 1, '2022-03-14 15:33:13', '2022-03-14 15:33:13'),
(676, 392, '05', NULL, 'Akita', NULL, 1, '2022-03-14 15:33:13', '2022-03-14 15:33:13'),
(677, 392, '02', NULL, 'Aomori', NULL, 1, '2022-03-14 15:33:13', '2022-03-14 15:33:13'),
(678, 392, '38', NULL, 'Ehime', NULL, 1, '2022-03-14 15:33:13', '2022-03-14 15:33:13'),
(679, 392, '21', NULL, 'Gihu', NULL, 1, '2022-03-14 15:33:13', '2022-03-14 15:33:13'),
(680, 392, '10', NULL, 'Gunma', NULL, 1, '2022-03-14 15:33:13', '2022-03-14 15:33:13'),
(681, 392, '34', NULL, 'Hirosima', NULL, 1, '2022-03-14 15:33:13', '2022-03-14 15:33:13'),
(682, 392, '01', NULL, 'Hokkaidô', NULL, 1, '2022-03-14 15:33:13', '2022-03-14 15:33:13'),
(683, 392, '18', NULL, 'Hukui', NULL, 1, '2022-03-14 15:33:13', '2022-03-14 15:33:13'),
(684, 392, '40', NULL, 'Hukuoka', NULL, 1, '2022-03-14 15:33:13', '2022-03-14 15:33:13'),
(685, 392, '07', NULL, 'Hukusima', NULL, 1, '2022-03-14 15:33:13', '2022-03-14 15:33:13'),
(686, 392, '28', NULL, 'Hyôgo', NULL, 1, '2022-03-14 15:33:13', '2022-03-14 15:33:13'),
(687, 392, '08', NULL, 'Ibaraki', NULL, 1, '2022-03-14 15:33:13', '2022-03-14 15:33:13'),
(688, 392, '17', NULL, 'Isikawa', NULL, 1, '2022-03-14 15:33:13', '2022-03-14 15:33:13'),
(689, 392, '03', NULL, 'Iwate', NULL, 1, '2022-03-14 15:33:13', '2022-03-14 15:33:13'),
(690, 392, '37', NULL, 'Kagawa', NULL, 1, '2022-03-14 15:33:13', '2022-03-14 15:33:13'),
(691, 392, '46', NULL, 'Kagosima', NULL, 1, '2022-03-14 15:33:13', '2022-03-14 15:33:13'),
(692, 392, '14', NULL, 'Kanagawa ', NULL, 1, '2022-03-14 15:33:13', '2022-03-14 15:33:13'),
(693, 392, '43', NULL, 'Kumamoto ', NULL, 1, '2022-03-14 15:33:13', '2022-03-14 15:33:13'),
(694, 392, '26', NULL, 'Kyôto', NULL, 1, '2022-03-14 15:33:13', '2022-03-14 15:33:13'),
(695, 392, '39', NULL, 'Kôti', NULL, 1, '2022-03-14 15:33:13', '2022-03-14 15:33:13'),
(696, 392, '24', NULL, 'Mie', NULL, 1, '2022-03-14 15:33:13', '2022-03-14 15:33:13'),
(697, 392, '04', NULL, 'Miyagi', NULL, 1, '2022-03-14 15:33:13', '2022-03-14 15:33:13'),
(698, 392, '45', NULL, 'Miyazaki', NULL, 1, '2022-03-14 15:33:13', '2022-03-14 15:33:13'),
(699, 392, '20', NULL, 'Nagano', NULL, 1, '2022-03-14 15:33:13', '2022-03-14 15:33:13'),
(700, 392, '42', NULL, 'Nagasaki', NULL, 1, '2022-03-14 15:33:13', '2022-03-14 15:33:13'),
(701, 392, '29', NULL, 'Nara', NULL, 1, '2022-03-14 15:33:13', '2022-03-14 15:33:13'),
(702, 392, '15', NULL, 'Niigata', NULL, 1, '2022-03-14 15:33:13', '2022-03-14 15:33:13'),
(703, 392, '33', NULL, 'Okayama', NULL, 1, '2022-03-14 15:33:13', '2022-03-14 15:33:13'),
(704, 392, '47', NULL, 'Okinawa', NULL, 1, '2022-03-14 15:33:13', '2022-03-14 15:33:13'),
(705, 392, '41', NULL, 'Saga', NULL, 1, '2022-03-14 15:33:13', '2022-03-14 15:33:13'),
(706, 392, '11', NULL, 'Saitama', NULL, 1, '2022-03-14 15:33:13', '2022-03-14 15:33:13'),
(707, 392, '25', NULL, 'Siga', NULL, 1, '2022-03-14 15:33:13', '2022-03-14 15:33:13'),
(708, 392, '32', NULL, 'Simane', NULL, 1, '2022-03-14 15:33:13', '2022-03-14 15:33:13'),
(709, 392, '22', NULL, 'Sizuoka', NULL, 1, '2022-03-14 15:33:13', '2022-03-14 15:33:13'),
(710, 392, '12', NULL, 'Tiba', NULL, 1, '2022-03-14 15:33:13', '2022-03-14 15:33:13'),
(711, 392, '36', NULL, 'Tokusima', NULL, 1, '2022-03-14 15:33:13', '2022-03-14 15:33:13'),
(712, 392, '09', NULL, 'Totigi', NULL, 1, '2022-03-14 15:33:13', '2022-03-14 15:33:13'),
(713, 392, '31', NULL, 'Tottori', NULL, 1, '2022-03-14 15:33:13', '2022-03-14 15:33:13'),
(714, 392, '16', NULL, 'Toyama', NULL, 1, '2022-03-14 15:33:13', '2022-03-14 15:33:13'),
(715, 392, '13', NULL, 'Tôkyô', NULL, 1, '2022-03-14 15:33:13', '2022-03-14 15:33:13'),
(716, 392, '30', NULL, 'Wakayama', NULL, 1, '2022-03-14 15:33:13', '2022-03-14 15:33:13'),
(717, 392, '06', NULL, 'Yamagata', NULL, 1, '2022-03-14 15:33:13', '2022-03-14 15:33:13'),
(718, 392, '35', NULL, 'Yamaguti', NULL, 1, '2022-03-14 15:33:13', '2022-03-14 15:33:13'),
(719, 392, '19', NULL, 'Yamanasi', NULL, 1, '2022-03-14 15:33:13', '2022-03-14 15:33:13'),
(720, 392, '44', NULL, 'Ôita', NULL, 1, '2022-03-14 15:33:13', '2022-03-14 15:33:13'),
(721, 392, '27', NULL, 'Ôsaka', NULL, 1, '2022-03-14 15:33:13', '2022-03-14 15:33:13'),
(722, 404, '200', NULL, 'Central', NULL, 1, '2022-03-14 15:33:13', '2022-03-14 15:33:13'),
(723, 404, '300', NULL, 'Coast', NULL, 1, '2022-03-14 15:33:13', '2022-03-14 15:33:13'),
(724, 404, '400', NULL, 'Eastern', NULL, 1, '2022-03-14 15:33:13', '2022-03-14 15:33:13'),
(725, 404, '110', NULL, 'Nairobi', NULL, 1, '2022-03-14 15:33:13', '2022-03-14 15:33:13'),
(726, 404, '500', NULL, 'North-Eastern', NULL, 1, '2022-03-14 15:33:13', '2022-03-14 15:33:13'),
(727, 404, '600', NULL, 'Nyanza', NULL, 1, '2022-03-14 15:33:13', '2022-03-14 15:33:13'),
(728, 404, '700', NULL, 'Rift Valley', NULL, 1, '2022-03-14 15:33:13', '2022-03-14 15:33:13'),
(729, 404, '800', NULL, 'Western', NULL, 1, '2022-03-14 15:33:13', '2022-03-14 15:33:13'),
(730, 116, '2', NULL, 'Baat Dambang', NULL, 1, '2022-03-14 15:33:13', '2022-03-14 15:33:13'),
(731, 116, '1', NULL, 'Banteay Mean Chey', NULL, 1, '2022-03-14 15:33:13', '2022-03-14 15:33:13'),
(732, 116, '3', NULL, 'Kampong Chaam', NULL, 1, '2022-03-14 15:33:13', '2022-03-14 15:33:13'),
(733, 116, '4', NULL, 'Kampong Chhnang', NULL, 1, '2022-03-14 15:33:13', '2022-03-14 15:33:13'),
(734, 116, '5', NULL, 'Kampong Spueu', NULL, 1, '2022-03-14 15:33:13', '2022-03-14 15:33:13'),
(735, 116, '6', NULL, 'Kampong Thum', NULL, 1, '2022-03-14 15:33:13', '2022-03-14 15:33:13'),
(736, 116, '7', NULL, 'Kampot', NULL, 1, '2022-03-14 15:33:13', '2022-03-14 15:33:13'),
(737, 116, '8', NULL, 'Kandaal', NULL, 1, '2022-03-14 15:33:13', '2022-03-14 15:33:13'),
(738, 116, '9', NULL, 'Kaoh Kong', NULL, 1, '2022-03-14 15:33:13', '2022-03-14 15:33:13'),
(739, 116, '10', NULL, 'Kracheh', NULL, 1, '2022-03-14 15:33:13', '2022-03-14 15:33:13'),
(740, 116, '23', NULL, 'Krong Kaeb', NULL, 1, '2022-03-14 15:33:13', '2022-03-14 15:33:13'),
(741, 116, '24', NULL, 'Krong Pailin', NULL, 1, '2022-03-14 15:33:13', '2022-03-14 15:33:13'),
(742, 116, '18', NULL, 'Krong Preah Sihanouk', NULL, 1, '2022-03-14 15:33:13', '2022-03-14 15:33:13'),
(743, 116, '11', NULL, 'Mondol Kiri', NULL, 1, '2022-03-14 15:33:13', '2022-03-14 15:33:13'),
(744, 116, '22', NULL, 'Otdar Mean Chey', NULL, 1, '2022-03-14 15:33:13', '2022-03-14 15:33:13'),
(745, 116, '12', NULL, 'Phnom Penh', NULL, 1, '2022-03-14 15:33:13', '2022-03-14 15:33:13'),
(746, 116, '15', NULL, 'Pousaat', NULL, 1, '2022-03-14 15:33:13', '2022-03-14 15:33:13'),
(747, 116, '13', NULL, 'Preah Vihear', NULL, 1, '2022-03-14 15:33:13', '2022-03-14 15:33:13'),
(748, 116, '14', NULL, 'Prey Veaeng', NULL, 1, '2022-03-14 15:33:13', '2022-03-14 15:33:13'),
(749, 116, '16', NULL, 'Rotanak Kiri', NULL, 1, '2022-03-14 15:33:13', '2022-03-14 15:33:13'),
(750, 116, '17', NULL, 'Siem Reab', NULL, 1, '2022-03-14 15:33:13', '2022-03-14 15:33:13'),
(751, 116, '19', NULL, 'Stueng Traeng', NULL, 1, '2022-03-14 15:33:13', '2022-03-14 15:33:13'),
(752, 116, '20', NULL, 'Svaay Rieng', NULL, 1, '2022-03-14 15:33:13', '2022-03-14 15:33:13'),
(753, 116, '21', NULL, 'Taakaev', NULL, 1, '2022-03-14 15:33:13', '2022-03-14 15:33:13'),
(754, 116, '25', NULL, 'Tbong Khmum', NULL, 1, '2022-03-14 15:33:13', '2022-03-14 15:33:13'),
(755, 414, 'AH', NULL, 'Al Aḩmadī', NULL, 1, '2022-03-14 15:33:13', '2022-03-14 15:33:13'),
(756, 414, 'FA', NULL, 'Al Farwānīyah', NULL, 1, '2022-03-14 15:33:13', '2022-03-14 15:33:13'),
(757, 414, 'JA', NULL, 'Al Jahrā’', NULL, 1, '2022-03-14 15:33:13', '2022-03-14 15:33:13'),
(758, 414, 'KU', NULL, 'Al Kuwayt (Al ‘Āşimah)', NULL, 1, '2022-03-14 15:33:13', '2022-03-14 15:33:13'),
(759, 414, 'MU', NULL, 'Mubārak al Kabīr', NULL, 1, '2022-03-14 15:33:13', '2022-03-14 15:33:13'),
(760, 414, 'HA', NULL, 'Ḩawallī', NULL, 1, '2022-03-14 15:33:13', '2022-03-14 15:33:13'),
(761, 422, 'AK', NULL, 'Aakkârâli', NULL, 1, '2022-03-14 15:33:13', '2022-03-14 15:33:13'),
(762, 422, 'BH', NULL, 'Baalbek-Hermel', NULL, 1, '2022-03-14 15:33:13', '2022-03-14 15:33:13'),
(763, 422, 'BA', NULL, 'Beyrouth', NULL, 1, '2022-03-14 15:33:13', '2022-03-14 15:33:13'),
(764, 422, 'BI', NULL, 'Béqaa', NULL, 1, '2022-03-14 15:33:13', '2022-03-14 15:33:13'),
(765, 422, 'AS', NULL, 'Liban-Nordâli', NULL, 1, '2022-03-14 15:33:13', '2022-03-14 15:33:13'),
(766, 422, 'JA', NULL, 'Liban-Sudûbi', NULL, 1, '2022-03-14 15:33:13', '2022-03-14 15:33:13'),
(767, 422, 'JL', NULL, 'Mont-Liban', NULL, 1, '2022-03-14 15:33:13', '2022-03-14 15:33:13'),
(768, 422, 'NA', NULL, 'Nabatîyé', NULL, 1, '2022-03-14 15:33:13', '2022-03-14 15:33:13'),
(769, 144, '52', NULL, 'Ampāra', NULL, 1, '2022-03-14 15:33:13', '2022-03-14 15:33:13'),
(770, 144, '71', NULL, 'Anurādhapura', NULL, 1, '2022-03-14 15:33:13', '2022-03-14 15:33:13'),
(771, 144, '81', NULL, 'Badulla', NULL, 1, '2022-03-14 15:33:13', '2022-03-14 15:33:13'),
(772, 144, '1', NULL, 'Basnāhira paḷāta', NULL, 1, '2022-03-14 15:33:13', '2022-03-14 15:33:13'),
(773, 144, '3', NULL, 'Dakuṇu paḷāta', NULL, 1, '2022-03-14 15:33:13', '2022-03-14 15:33:13'),
(774, 144, '12', NULL, 'Gampaha', NULL, 1, '2022-03-14 15:33:13', '2022-03-14 15:33:13'),
(775, 144, '31', NULL, 'Gālla', NULL, 1, '2022-03-14 15:33:13', '2022-03-14 15:33:13'),
(776, 144, '33', NULL, 'Hambantŏṭa', NULL, 1, '2022-03-14 15:33:13', '2022-03-14 15:33:13'),
(777, 144, '13', NULL, 'Kaḷutara', NULL, 1, '2022-03-14 15:33:13', '2022-03-14 15:33:13'),
(778, 144, '42', NULL, 'Kilinŏchchi', NULL, 1, '2022-03-14 15:33:13', '2022-03-14 15:33:13'),
(779, 144, '61', NULL, 'Kuruṇægala', NULL, 1, '2022-03-14 15:33:13', '2022-03-14 15:33:13'),
(780, 144, '92', NULL, 'Kægalla', NULL, 1, '2022-03-14 15:33:13', '2022-03-14 15:33:13'),
(781, 144, '11', NULL, 'Kŏḷamba', NULL, 1, '2022-03-14 15:33:13', '2022-03-14 15:33:13'),
(782, 144, '2', NULL, 'Madhyama paḷāta', NULL, 1, '2022-03-14 15:33:13', '2022-03-14 15:33:13'),
(783, 144, '21', NULL, 'Mahanuvara', NULL, 1, '2022-03-14 15:33:13', '2022-03-14 15:33:13'),
(784, 144, '43', NULL, 'Mannārama', NULL, 1, '2022-03-14 15:33:13', '2022-03-14 15:33:13'),
(785, 144, '51', NULL, 'Maḍakalapuva', NULL, 1, '2022-03-14 15:33:13', '2022-03-14 15:33:13'),
(786, 144, '45', NULL, 'Mulativ', NULL, 1, '2022-03-14 15:33:13', '2022-03-14 15:33:13'),
(787, 144, '22', NULL, 'Mātale', NULL, 1, '2022-03-14 15:33:13', '2022-03-14 15:33:13'),
(788, 144, '32', NULL, 'Mātara', NULL, 1, '2022-03-14 15:33:13', '2022-03-14 15:33:13'),
(789, 144, '82', NULL, 'Mŏṇarāgala', NULL, 1, '2022-03-14 15:33:13', '2022-03-14 15:33:13'),
(790, 144, '23', NULL, 'Nuvara Ĕliya', NULL, 1, '2022-03-14 15:33:13', '2022-03-14 15:33:13'),
(791, 144, '5', NULL, 'Næ̆gĕnahira paḷāta', NULL, 1, '2022-03-14 15:33:13', '2022-03-14 15:33:13'),
(792, 144, '62', NULL, 'Puttalama', NULL, 1, '2022-03-14 15:33:13', '2022-03-14 15:33:13'),
(793, 144, '72', NULL, 'Pŏḷŏnnaruva', NULL, 1, '2022-03-14 15:33:13', '2022-03-14 15:33:13'),
(794, 144, '91', NULL, 'Ratnapura', NULL, 1, '2022-03-14 15:33:13', '2022-03-14 15:33:13'),
(795, 144, '9', NULL, 'Sabaragamuva paḷāta', NULL, 1, '2022-03-14 15:33:13', '2022-03-14 15:33:13'),
(796, 144, '53', NULL, 'Trikuṇāmalaya', NULL, 1, '2022-03-14 15:33:13', '2022-03-14 15:33:13'),
(797, 144, '4', NULL, 'Uturu paḷāta', NULL, 1, '2022-03-14 15:33:13', '2022-03-14 15:33:13'),
(798, 144, '7', NULL, 'Uturumæ̆da paḷāta', NULL, 1, '2022-03-14 15:33:13', '2022-03-14 15:33:13'),
(799, 144, '44', NULL, 'Vavuniyāva', NULL, 1, '2022-03-14 15:33:13', '2022-03-14 15:33:13'),
(800, 144, '6', NULL, 'Vayamba paḷāta', NULL, 1, '2022-03-14 15:33:13', '2022-03-14 15:33:13'),
(801, 144, '41', NULL, 'Yāpanaya', NULL, 1, '2022-03-14 15:33:13', '2022-03-14 15:33:13'),
(802, 144, '8', NULL, 'Ūva paḷāta', NULL, 1, '2022-03-14 15:33:13', '2022-03-14 15:33:13'),
(803, 484, 'AG', NULL, 'Aguascalientes', NULL, 1, '2022-03-14 15:33:13', '2022-03-14 15:33:13'),
(804, 484, 'BC', NULL, 'Baja California', NULL, 1, '2022-03-14 15:33:13', '2022-03-14 15:33:13'),
(805, 484, 'BS', NULL, 'Baja California Sur', NULL, 1, '2022-03-14 15:33:13', '2022-03-14 15:33:13'),
(806, 484, 'CM', NULL, 'Campeche', NULL, 1, '2022-03-14 15:33:13', '2022-03-14 15:33:13'),
(807, 484, 'CS', NULL, 'Chiapas', NULL, 1, '2022-03-14 15:33:13', '2022-03-14 15:33:13'),
(808, 484, 'CH', NULL, 'Chihuahua', NULL, 1, '2022-03-14 15:33:13', '2022-03-14 15:33:13'),
(809, 484, 'MX', NULL, 'Coahuila', NULL, 1, '2022-03-14 15:33:13', '2022-03-14 15:33:13'),
(810, 484, 'CL', NULL, 'Colima', NULL, 1, '2022-03-14 15:33:13', '2022-03-14 15:33:13'),
(811, 484, 'DG', NULL, 'Durango', NULL, 1, '2022-03-14 15:33:13', '2022-03-14 15:33:13'),
(812, 484, 'DF', NULL, 'Federal District', NULL, 1, '2022-03-14 15:33:13', '2022-03-14 15:33:13'),
(813, 484, 'GT', NULL, 'Guanajuato', NULL, 1, '2022-03-14 15:33:13', '2022-03-14 15:33:13'),
(814, 484, 'GR', NULL, 'Guerrero', NULL, 1, '2022-03-14 15:33:13', '2022-03-14 15:33:13'),
(815, 484, 'HG', NULL, 'Hidalgo', NULL, 1, '2022-03-14 15:33:13', '2022-03-14 15:33:13'),
(816, 484, 'JA', NULL, 'Jalisco', NULL, 1, '2022-03-14 15:33:13', '2022-03-14 15:33:13'),
(817, 484, 'ME', NULL, 'Mexico', NULL, 1, '2022-03-14 15:33:13', '2022-03-14 15:33:13'),
(818, 484, 'MI', NULL, 'Michoacán', NULL, 1, '2022-03-14 15:33:13', '2022-03-14 15:33:13'),
(819, 484, 'MO', NULL, 'Morelos', NULL, 1, '2022-03-14 15:33:13', '2022-03-14 15:33:13'),
(820, 484, 'NA', NULL, 'Nayarit', NULL, 1, '2022-03-14 15:33:13', '2022-03-14 15:33:13'),
(821, 484, 'NL', NULL, 'Nuevo León', NULL, 1, '2022-03-14 15:33:13', '2022-03-14 15:33:13'),
(822, 484, 'OA', NULL, 'Oaxaca', NULL, 1, '2022-03-14 15:33:13', '2022-03-14 15:33:13'),
(823, 484, 'PU', NULL, 'Puebla', NULL, 1, '2022-03-14 15:33:13', '2022-03-14 15:33:13'),
(824, 484, 'QE', NULL, 'Querétaro', NULL, 1, '2022-03-14 15:33:13', '2022-03-14 15:33:13'),
(825, 484, 'QR', NULL, 'Quintana Roo', NULL, 1, '2022-03-14 15:33:13', '2022-03-14 15:33:13'),
(826, 484, 'SL', NULL, 'San Luis Potosí', NULL, 1, '2022-03-14 15:33:13', '2022-03-14 15:33:13'),
(827, 484, 'SI', NULL, 'Sinaloa', NULL, 1, '2022-03-14 15:33:13', '2022-03-14 15:33:13'),
(828, 484, 'SO', NULL, 'Sonora', NULL, 1, '2022-03-14 15:33:13', '2022-03-14 15:33:13'),
(829, 484, 'TB', NULL, 'Tabasco', NULL, 1, '2022-03-14 15:33:13', '2022-03-14 15:33:13'),
(830, 484, 'TM', NULL, 'Tamaulipas', NULL, 1, '2022-03-14 15:33:13', '2022-03-14 15:33:13'),
(831, 484, 'TL', NULL, 'Tlaxcala', NULL, 1, '2022-03-14 15:33:13', '2022-03-14 15:33:13'),
(832, 484, 'VE', NULL, 'Veracruz', NULL, 1, '2022-03-14 15:33:13', '2022-03-14 15:33:13'),
(833, 484, 'YU', NULL, 'Yucatán', NULL, 1, '2022-03-14 15:33:13', '2022-03-14 15:33:13'),
(834, 484, 'ZA', NULL, 'Zacatecas', NULL, 1, '2022-03-14 15:33:13', '2022-03-14 15:33:13'),
(835, 458, '01', NULL, 'Johor', NULL, 1, '2022-03-14 15:33:13', '2022-03-14 15:33:13'),
(836, 458, '02', NULL, 'Kedah', NULL, 1, '2022-03-14 15:33:13', '2022-03-14 15:33:13'),
(837, 458, '03', NULL, 'Kelantan', NULL, 1, '2022-03-14 15:33:13', '2022-03-14 15:33:13'),
(838, 458, '04', NULL, 'Melaka', NULL, 1, '2022-03-14 15:33:13', '2022-03-14 15:33:13'),
(839, 458, '05', NULL, 'Negeri Sembilan', NULL, 1, '2022-03-14 15:33:13', '2022-03-14 15:33:13'),
(840, 458, '06', NULL, 'Pahang', NULL, 1, '2022-03-14 15:33:13', '2022-03-14 15:33:13'),
(841, 458, '08', NULL, 'Perak', NULL, 1, '2022-03-14 15:33:13', '2022-03-14 15:33:13'),
(842, 458, '09', NULL, 'Perlis', NULL, 1, '2022-03-14 15:33:13', '2022-03-14 15:33:13'),
(843, 458, '07', NULL, 'Pulau Pinang', NULL, 1, '2022-03-14 15:33:13', '2022-03-14 15:33:13'),
(844, 458, '12', NULL, 'Sabah', NULL, 1, '2022-03-14 15:33:13', '2022-03-14 15:33:13'),
(845, 458, '13', NULL, 'Sarawak', NULL, 1, '2022-03-14 15:33:13', '2022-03-14 15:33:13'),
(846, 458, '10', NULL, 'Selangor', NULL, 1, '2022-03-14 15:33:13', '2022-03-14 15:33:13'),
(847, 458, '11', NULL, 'Terengganu', NULL, 1, '2022-03-14 15:33:13', '2022-03-14 15:33:13'),
(848, 458, '14', NULL, 'Wilayah Persekutuan Kuala Lumpur', NULL, 1, '2022-03-14 15:33:13', '2022-03-14 15:33:13'),
(849, 458, '15', NULL, 'Wilayah Persekutuan Labuan', NULL, 1, '2022-03-14 15:33:13', '2022-03-14 15:33:13'),
(850, 458, '16', NULL, 'Wilayah Persekutuan Putrajaya', NULL, 1, '2022-03-14 15:33:13', '2022-03-14 15:33:13'),
(851, 562, '1', NULL, 'Agadez', NULL, 1, '2022-03-14 15:33:13', '2022-03-14 15:33:13'),
(852, 562, '2', NULL, 'Diffa', NULL, 1, '2022-03-14 15:33:13', '2022-03-14 15:33:13'),
(853, 562, '3', NULL, 'Dosso', NULL, 1, '2022-03-14 15:33:13', '2022-03-14 15:33:13'),
(854, 562, '4', NULL, 'Maradi', NULL, 1, '2022-03-14 15:33:13', '2022-03-14 15:33:13'),
(855, 562, '8', NULL, 'Niamey', NULL, 1, '2022-03-14 15:33:13', '2022-03-14 15:33:13'),
(856, 562, '5', NULL, 'Tahoua', NULL, 1, '2022-03-14 15:33:13', '2022-03-14 15:33:13'),
(857, 562, '6', NULL, 'Tillabéri', NULL, 1, '2022-03-14 15:33:13', '2022-03-14 15:33:13'),
(858, 562, '7', NULL, 'Zinder', NULL, 1, '2022-03-14 15:33:13', '2022-03-14 15:33:13'),
(859, 566, 'AB', NULL, 'Abia', NULL, 1, '2022-03-14 15:33:13', '2022-03-14 15:33:13'),
(860, 566, 'FC', NULL, 'Abuja Capital Territory', NULL, 1, '2022-03-14 15:33:13', '2022-03-14 15:33:13'),
(861, 566, 'AD', NULL, 'Adamawa', NULL, 1, '2022-03-14 15:33:13', '2022-03-14 15:33:13'),
(862, 566, 'AK', NULL, 'Akwa Ibom', NULL, 1, '2022-03-14 15:33:13', '2022-03-14 15:33:13'),
(863, 566, 'AN', NULL, 'Anambra', NULL, 1, '2022-03-14 15:33:13', '2022-03-14 15:33:13'),
(864, 566, 'BA', NULL, 'Bauchi', NULL, 1, '2022-03-14 15:33:13', '2022-03-14 15:33:13'),
(865, 566, 'BY', NULL, 'Bayelsa', NULL, 1, '2022-03-14 15:33:13', '2022-03-14 15:33:13'),
(866, 566, 'BE', NULL, 'Benue', NULL, 1, '2022-03-14 15:33:13', '2022-03-14 15:33:13'),
(867, 566, 'BO', NULL, 'Borno', NULL, 1, '2022-03-14 15:33:13', '2022-03-14 15:33:13'),
(868, 566, 'CR', NULL, 'Cross River', NULL, 1, '2022-03-14 15:33:13', '2022-03-14 15:33:13'),
(869, 566, 'DE', NULL, 'Delta', NULL, 1, '2022-03-14 15:33:13', '2022-03-14 15:33:13'),
(870, 566, 'EB', NULL, 'Ebonyi', NULL, 1, '2022-03-14 15:33:13', '2022-03-14 15:33:13'),
(871, 566, 'ED', NULL, 'Edo', NULL, 1, '2022-03-14 15:33:13', '2022-03-14 15:33:13'),
(872, 566, 'EK', NULL, 'Ekiti', NULL, 1, '2022-03-14 15:33:13', '2022-03-14 15:33:13'),
(873, 566, 'EN', NULL, 'Enugu', NULL, 1, '2022-03-14 15:33:13', '2022-03-14 15:33:13'),
(874, 566, 'GO', NULL, 'Gombe', NULL, 1, '2022-03-14 15:33:13', '2022-03-14 15:33:13'),
(875, 566, 'IM', NULL, 'Imo', NULL, 1, '2022-03-14 15:33:13', '2022-03-14 15:33:13'),
(876, 566, 'JI', NULL, 'Jigawa', NULL, 1, '2022-03-14 15:33:13', '2022-03-14 15:33:13'),
(877, 566, 'KD', NULL, 'Kaduna', NULL, 1, '2022-03-14 15:33:13', '2022-03-14 15:33:13'),
(878, 566, 'KN', NULL, 'Kano', NULL, 1, '2022-03-14 15:33:13', '2022-03-14 15:33:13'),
(879, 566, 'KT', NULL, 'Katsina', NULL, 1, '2022-03-14 15:33:13', '2022-03-14 15:33:13'),
(880, 566, 'KE', NULL, 'Kebbi', NULL, 1, '2022-03-14 15:33:13', '2022-03-14 15:33:13'),
(881, 566, 'KO', NULL, 'Kogi', NULL, 1, '2022-03-14 15:33:13', '2022-03-14 15:33:13'),
(882, 566, 'KW', NULL, 'Kwara', NULL, 1, '2022-03-14 15:33:13', '2022-03-14 15:33:13'),
(883, 566, 'LA', NULL, 'Lagos', NULL, 1, '2022-03-14 15:33:13', '2022-03-14 15:33:13'),
(884, 566, 'NA', NULL, 'Nassarawa', NULL, 1, '2022-03-14 15:33:13', '2022-03-14 15:33:13'),
(885, 566, 'NI', NULL, 'Niger', NULL, 1, '2022-03-14 15:33:13', '2022-03-14 15:33:13'),
(886, 566, 'OG', NULL, 'Ogun', NULL, 1, '2022-03-14 15:33:13', '2022-03-14 15:33:13'),
(887, 566, 'ON', NULL, 'Ondo', NULL, 1, '2022-03-14 15:33:13', '2022-03-14 15:33:13'),
(888, 566, 'OS', NULL, 'Osun', NULL, 1, '2022-03-14 15:33:13', '2022-03-14 15:33:13'),
(889, 566, 'OY', NULL, 'Oyo', NULL, 1, '2022-03-14 15:33:13', '2022-03-14 15:33:13'),
(890, 566, 'PL', NULL, 'Plateau', NULL, 1, '2022-03-14 15:33:13', '2022-03-14 15:33:13'),
(891, 566, 'RI', NULL, 'Rivers', NULL, 1, '2022-03-14 15:33:13', '2022-03-14 15:33:13'),
(892, 566, 'SO', NULL, 'Sokoto', NULL, 1, '2022-03-14 15:33:13', '2022-03-14 15:33:13'),
(893, 566, 'TA', NULL, 'Taraba', NULL, 1, '2022-03-14 15:33:13', '2022-03-14 15:33:13'),
(894, 566, 'YO', NULL, 'Yobe', NULL, 1, '2022-03-14 15:33:13', '2022-03-14 15:33:13'),
(895, 566, 'ZA', NULL, 'Zamfara', NULL, 1, '2022-03-14 15:33:13', '2022-03-14 15:33:13'),
(896, 528, 'AW', NULL, 'Aruba', NULL, 1, '2022-03-14 15:33:13', '2022-03-14 15:33:13'),
(897, 528, 'BQ', NULL, 'Bonaire', NULL, 1, '2022-03-14 15:33:13', '2022-03-14 15:33:13'),
(898, 528, 'CW', NULL, 'Curaçao', NULL, 1, '2022-03-14 15:33:13', '2022-03-14 15:33:13'),
(899, 528, 'DR', NULL, 'Drenthe', NULL, 1, '2022-03-14 15:33:13', '2022-03-14 15:33:13'),
(900, 528, 'FL', NULL, 'Flevoland', NULL, 1, '2022-03-14 15:33:13', '2022-03-14 15:33:13'),
(901, 528, 'FR', NULL, 'Friesland', NULL, 1, '2022-03-14 15:33:13', '2022-03-14 15:33:13'),
(902, 528, 'GD', NULL, 'Gelderland', NULL, 1, '2022-03-14 15:33:13', '2022-03-14 15:33:13'),
(903, 528, 'GR', NULL, 'Groningen', NULL, 1, '2022-03-14 15:33:13', '2022-03-14 15:33:13'),
(904, 528, 'LB', NULL, 'Limburg', NULL, 1, '2022-03-14 15:33:13', '2022-03-14 15:33:13'),
(905, 528, 'NB', NULL, 'Noord-Brabant', NULL, 1, '2022-03-14 15:33:13', '2022-03-14 15:33:13'),
(906, 528, 'NH', NULL, 'Noord-Holland', NULL, 1, '2022-03-14 15:33:13', '2022-03-14 15:33:13'),
(907, 528, 'OV', NULL, 'Overijssel', NULL, 1, '2022-03-14 15:33:13', '2022-03-14 15:33:13'),
(908, 528, 'SX', NULL, 'Sint Maarten', NULL, 1, '2022-03-14 15:33:13', '2022-03-14 15:33:13'),
(909, 528, 'UT', NULL, 'Utrecht', NULL, 1, '2022-03-14 15:33:13', '2022-03-14 15:33:13'),
(910, 528, 'ZL', NULL, 'Zeeland', NULL, 1, '2022-03-14 15:33:13', '2022-03-14 15:33:13'),
(911, 528, 'ZH', NULL, 'Zuid-Holland', NULL, 1, '2022-03-14 15:33:13', '2022-03-14 15:33:13'),
(912, 524, 'BA', NULL, 'Bagmati', NULL, 1, '2022-03-14 15:33:13', '2022-03-14 15:33:13'),
(913, 524, 'BH', NULL, 'Bheri', NULL, 1, '2022-03-14 15:33:13', '2022-03-14 15:33:13'),
(914, 524, 'DH', NULL, 'Dhawalagiri', NULL, 1, '2022-03-14 15:33:13', '2022-03-14 15:33:13'),
(915, 524, 'GA', NULL, 'Gandaki', NULL, 1, '2022-03-14 15:33:13', '2022-03-14 15:33:13'),
(916, 524, 'JA', NULL, 'Janakpur', NULL, 1, '2022-03-14 15:33:13', '2022-03-14 15:33:13'),
(917, 524, 'KA', NULL, 'Karnali', NULL, 1, '2022-03-14 15:33:13', '2022-03-14 15:33:13'),
(918, 524, 'KO', NULL, 'Kosi [Koshi]', NULL, 1, '2022-03-14 15:33:13', '2022-03-14 15:33:13'),
(919, 524, 'LU', NULL, 'Lumbini', NULL, 1, '2022-03-14 15:33:13', '2022-03-14 15:33:13'),
(920, 524, '2', NULL, 'Madhya Pashchimanchal', NULL, 1, '2022-03-14 15:33:13', '2022-03-14 15:33:13'),
(921, 524, '1', NULL, 'Madhyamanchal', NULL, 1, '2022-03-14 15:33:13', '2022-03-14 15:33:13'),
(922, 524, 'MA', NULL, 'Mahakali', NULL, 1, '2022-03-14 15:33:13', '2022-03-14 15:33:13'),
(923, 524, 'ME', NULL, 'Mechi', NULL, 1, '2022-03-14 15:33:13', '2022-03-14 15:33:13'),
(924, 524, 'NA', NULL, 'Narayani', NULL, 1, '2022-03-14 15:33:13', '2022-03-14 15:33:13'),
(925, 524, '3', NULL, 'Pashchimanchal', NULL, 1, '2022-03-14 15:33:13', '2022-03-14 15:33:13'),
(926, 524, '4', NULL, 'Purwanchal', NULL, 1, '2022-03-14 15:33:13', '2022-03-14 15:33:13'),
(927, 524, 'RA', NULL, 'Rapti', NULL, 1, '2022-03-14 15:33:13', '2022-03-14 15:33:13'),
(928, 524, 'SA', NULL, 'Sagarmatha', NULL, 1, '2022-03-14 15:33:13', '2022-03-14 15:33:13'),
(929, 524, 'SE', NULL, 'Seti', NULL, 1, '2022-03-14 15:33:13', '2022-03-14 15:33:13'),
(930, 524, '5', NULL, 'Sudur Pashchimanchal', NULL, 1, '2022-03-14 15:33:13', '2022-03-14 15:33:13'),
(931, 554, 'AUK', NULL, 'Auckland', NULL, 1, '2022-03-14 15:33:13', '2022-03-14 15:33:13'),
(932, 554, 'BOP', NULL, 'Bay of Plenty', NULL, 1, '2022-03-14 15:33:13', '2022-03-14 15:33:13'),
(933, 554, 'CAN', NULL, 'Canterbury', NULL, 1, '2022-03-14 15:33:13', '2022-03-14 15:33:13'),
(934, 554, 'CIT', NULL, 'Chatham Islands Territory', NULL, 1, '2022-03-14 15:33:13', '2022-03-14 15:33:13'),
(935, 554, 'GIS', NULL, 'Gisborne District', NULL, 1, '2022-03-14 15:33:13', '2022-03-14 15:33:13'),
(936, 554, 'HKB', NULL, 'Hawkes\'s Bay', NULL, 1, '2022-03-14 15:33:13', '2022-03-14 15:33:13'),
(937, 554, 'MWT', NULL, 'Manawatu-Wanganui', NULL, 1, '2022-03-14 15:33:13', '2022-03-14 15:33:13'),
(938, 554, 'MBH', NULL, 'Marlborough District', NULL, 1, '2022-03-14 15:33:13', '2022-03-14 15:33:13'),
(939, 554, 'NSN', NULL, 'Nelson City', NULL, 1, '2022-03-14 15:33:13', '2022-03-14 15:33:13'),
(940, 554, 'NTL', NULL, 'Northland', NULL, 1, '2022-03-14 15:33:13', '2022-03-14 15:33:13'),
(941, 554, 'OTA', NULL, 'Otago', NULL, 1, '2022-03-14 15:33:13', '2022-03-14 15:33:13'),
(942, 554, 'STL', NULL, 'Southland', NULL, 1, '2022-03-14 15:33:13', '2022-03-14 15:33:13'),
(943, 554, 'TKI', NULL, 'Taranaki', NULL, 1, '2022-03-14 15:33:13', '2022-03-14 15:33:13'),
(944, 554, 'TAS', NULL, 'Tasman District', NULL, 1, '2022-03-14 15:33:13', '2022-03-14 15:33:13'),
(945, 554, 'WKO', NULL, 'Waikato', NULL, 1, '2022-03-14 15:33:13', '2022-03-14 15:33:13'),
(946, 554, 'WGN', NULL, 'Wellington', NULL, 1, '2022-03-14 15:33:13', '2022-03-14 15:33:13'),
(947, 554, 'WTC', NULL, 'West Coast', NULL, 1, '2022-03-14 15:33:13', '2022-03-14 15:33:13'),
(948, 512, 'DA', NULL, 'Ad Dākhilīyah', NULL, 1, '2022-03-14 15:33:13', '2022-03-14 15:33:13'),
(949, 512, 'BU', NULL, 'Al Buraymī', NULL, 1, '2022-03-14 15:33:13', '2022-03-14 15:33:13'),
(950, 512, 'BA', NULL, 'Al Bāţinah', NULL, 1, '2022-03-14 15:33:13', '2022-03-14 15:33:13'),
(951, 512, 'WU', NULL, 'Al Wusţá', NULL, 1, '2022-03-14 15:33:13', '2022-03-14 15:33:13'),
(952, 512, 'SH', NULL, 'Ash Sharqīyah', NULL, 1, '2022-03-14 15:33:13', '2022-03-14 15:33:13'),
(953, 512, 'ZA', NULL, 'Aȥ Ȥāhirah', NULL, 1, '2022-03-14 15:33:13', '2022-03-14 15:33:13'),
(954, 512, 'MA', NULL, 'Masqaţ', NULL, 1, '2022-03-14 15:33:13', '2022-03-14 15:33:13'),
(955, 512, 'MU', NULL, 'Musandam', NULL, 1, '2022-03-14 15:33:13', '2022-03-14 15:33:13'),
(956, 512, 'ZU', NULL, 'Z̧ufār', NULL, 1, '2022-03-14 15:33:13', '2022-03-14 15:33:13'),
(957, 604, 'AMA', NULL, 'Amazonas', NULL, 1, '2022-03-14 15:33:13', '2022-03-14 15:33:13'),
(958, 604, 'ANC', NULL, 'Ancash', NULL, 1, '2022-03-14 15:33:13', '2022-03-14 15:33:13'),
(959, 604, 'APU', NULL, 'Apurímac', NULL, 1, '2022-03-14 15:33:13', '2022-03-14 15:33:13'),
(960, 604, 'ARE', NULL, 'Arequipa', NULL, 1, '2022-03-14 15:33:13', '2022-03-14 15:33:13'),
(961, 604, 'AYA', NULL, 'Ayacucho', NULL, 1, '2022-03-14 15:33:13', '2022-03-14 15:33:13'),
(962, 604, 'CAJ', NULL, 'Cajamarca', NULL, 1, '2022-03-14 15:33:13', '2022-03-14 15:33:13'),
(963, 604, 'CUS', NULL, 'Cusco', NULL, 1, '2022-03-14 15:33:13', '2022-03-14 15:33:13'),
(964, 604, 'CAL', NULL, 'El Callao', NULL, 1, '2022-03-14 15:33:13', '2022-03-14 15:33:13'),
(965, 604, 'HUV', NULL, 'Huancavelica', NULL, 1, '2022-03-14 15:33:13', '2022-03-14 15:33:13'),
(966, 604, 'HUC', NULL, 'Huánuco', NULL, 1, '2022-03-14 15:33:13', '2022-03-14 15:33:13'),
(967, 604, 'ICA', NULL, 'Ica', NULL, 1, '2022-03-14 15:33:13', '2022-03-14 15:33:13'),
(968, 604, 'JUN', NULL, 'Junín', NULL, 1, '2022-03-14 15:33:13', '2022-03-14 15:33:13'),
(969, 604, 'LAL', NULL, 'La Libertad', NULL, 1, '2022-03-14 15:33:13', '2022-03-14 15:33:13'),
(970, 604, 'LAM', NULL, 'Lambayeque', NULL, 1, '2022-03-14 15:33:13', '2022-03-14 15:33:13'),
(971, 604, 'LIM', NULL, 'Lima', NULL, 1, '2022-03-14 15:33:13', '2022-03-14 15:33:13'),
(972, 604, 'LOR', NULL, 'Loreto', NULL, 1, '2022-03-14 15:33:13', '2022-03-14 15:33:13'),
(973, 604, 'MDD', NULL, 'Madre de Dios', NULL, 1, '2022-03-14 15:33:13', '2022-03-14 15:33:13'),
(974, 604, 'MOQ', NULL, 'Moquegua', NULL, 1, '2022-03-14 15:33:13', '2022-03-14 15:33:13'),
(975, 604, 'LMA', NULL, 'Municipalidad Metropolitana de Lima', NULL, 1, '2022-03-14 15:33:13', '2022-03-14 15:33:13'),
(976, 604, 'PAS', NULL, 'Pasco', NULL, 1, '2022-03-14 15:33:13', '2022-03-14 15:33:13'),
(977, 604, 'PIU', NULL, 'Piura', NULL, 1, '2022-03-14 15:33:13', '2022-03-14 15:33:13'),
(978, 604, 'PUN', NULL, 'Puno', NULL, 1, '2022-03-14 15:33:13', '2022-03-14 15:33:13'),
(979, 604, 'SAM', NULL, 'San Martín', NULL, 1, '2022-03-14 15:33:13', '2022-03-14 15:33:13'),
(980, 604, 'TAC', NULL, 'Tacna', NULL, 1, '2022-03-14 15:33:13', '2022-03-14 15:33:13'),
(981, 604, 'TUM', NULL, 'Tumbes', NULL, 1, '2022-03-14 15:33:13', '2022-03-14 15:33:13'),
(982, 604, 'UCA', NULL, 'Ucayali', NULL, 1, '2022-03-14 15:33:13', '2022-03-14 15:33:13'),
(983, 608, 'ABR', NULL, 'Abra', NULL, 1, '2022-03-14 15:33:13', '2022-03-14 15:33:13'),
(984, 608, 'AGN', NULL, 'Agusan del Norte', NULL, 1, '2022-03-14 15:33:13', '2022-03-14 15:33:13'),
(985, 608, 'AGS', NULL, 'Agusan del Sur', NULL, 1, '2022-03-14 15:33:13', '2022-03-14 15:33:13'),
(986, 608, 'AKL', NULL, 'Aklan', NULL, 1, '2022-03-14 15:33:13', '2022-03-14 15:33:13'),
(987, 608, 'ALB', NULL, 'Albay', NULL, 1, '2022-03-14 15:33:13', '2022-03-14 15:33:13'),
(988, 608, 'ANT', NULL, 'Antique', NULL, 1, '2022-03-14 15:33:13', '2022-03-14 15:33:13'),
(989, 608, 'APA', NULL, 'Apayao', NULL, 1, '2022-03-14 15:33:13', '2022-03-14 15:33:13'),
(990, 608, 'AUR', NULL, 'Aurora', NULL, 1, '2022-03-14 15:33:13', '2022-03-14 15:33:13'),
(991, 608, 'BAS', NULL, 'Basilan', NULL, 1, '2022-03-14 15:33:13', '2022-03-14 15:33:13'),
(992, 608, 'BAN', NULL, 'Bataan', NULL, 1, '2022-03-14 15:33:13', '2022-03-14 15:33:13'),
(993, 608, 'BTN', NULL, 'Batanes', NULL, 1, '2022-03-14 15:33:13', '2022-03-14 15:33:13'),
(994, 608, 'BTG', NULL, 'Batangas', NULL, 1, '2022-03-14 15:33:13', '2022-03-14 15:33:13'),
(995, 608, 'BEN', NULL, 'Benguet', NULL, 1, '2022-03-14 15:33:13', '2022-03-14 15:33:13'),
(996, 608, 'BIL', NULL, 'Biliran', NULL, 1, '2022-03-14 15:33:13', '2022-03-14 15:33:13'),
(997, 608, 'BOH', NULL, 'Bohol', NULL, 1, '2022-03-14 15:33:13', '2022-03-14 15:33:13'),
(998, 608, 'BUK', NULL, 'Bukidnon', NULL, 1, '2022-03-14 15:33:13', '2022-03-14 15:33:13'),
(999, 608, 'BUL', NULL, 'Bulacan', NULL, 1, '2022-03-14 15:33:13', '2022-03-14 15:33:13'),
(1000, 608, 'CAG', NULL, 'Cagayan', NULL, 1, '2022-03-14 15:33:13', '2022-03-14 15:33:13'),
(1001, 608, 'CAN', NULL, 'Camarines Norte', NULL, 1, '2022-03-14 15:33:13', '2022-03-14 15:33:13'),
(1002, 608, 'CAS', NULL, 'Camarines Sur', NULL, 1, '2022-03-14 15:33:13', '2022-03-14 15:33:13'),
(1003, 608, 'CAM', NULL, 'Camiguin', NULL, 1, '2022-03-14 15:33:13', '2022-03-14 15:33:13'),
(1004, 608, 'CAP', NULL, 'Capiz', NULL, 1, '2022-03-14 15:33:13', '2022-03-14 15:33:13'),
(1005, 608, 'CAT', NULL, 'Catanduanes', NULL, 1, '2022-03-14 15:33:13', '2022-03-14 15:33:13'),
(1006, 608, 'CAV', NULL, 'Cavite', NULL, 1, '2022-03-14 15:33:13', '2022-03-14 15:33:13'),
(1007, 608, 'CEB', NULL, 'Cebu', NULL, 1, '2022-03-14 15:33:13', '2022-03-14 15:33:13'),
(1008, 608, 'COM', NULL, 'Compostela Valley', NULL, 1, '2022-03-14 15:33:13', '2022-03-14 15:33:13'),
(1009, 608, 'DAV', NULL, 'Davao', NULL, 1, '2022-03-14 15:33:13', '2022-03-14 15:33:13'),
(1010, 608, 'DAO', NULL, 'Davao Oriental', NULL, 1, '2022-03-14 15:33:13', '2022-03-14 15:33:13'),
(1011, 608, 'DAS', NULL, 'Davao del Sur', NULL, 1, '2022-03-14 15:33:13', '2022-03-14 15:33:13'),
(1012, 608, 'DIN', NULL, 'Dinagat Islands', NULL, 1, '2022-03-14 15:33:13', '2022-03-14 15:33:13'),
(1013, 608, 'EAS', NULL, 'Eastern Samar', NULL, 1, '2022-03-14 15:33:13', '2022-03-14 15:33:13'),
(1014, 608, 'GUI', NULL, 'Guimaras', NULL, 1, '2022-03-14 15:33:13', '2022-03-14 15:33:13'),
(1015, 608, 'IFU', NULL, 'Ifugao', NULL, 1, '2022-03-14 15:33:13', '2022-03-14 15:33:13'),
(1016, 608, 'ILS', NULL, 'Ilocoq Sur', NULL, 1, '2022-03-14 15:33:13', '2022-03-14 15:33:13'),
(1017, 608, 'ILN', NULL, 'Ilocos Norte', NULL, 1, '2022-03-14 15:33:13', '2022-03-14 15:33:13'),
(1018, 608, 'ILI', NULL, 'Iloilo', NULL, 1, '2022-03-14 15:33:13', '2022-03-14 15:33:13'),
(1019, 608, 'ISA', NULL, 'Isabela', NULL, 1, '2022-03-14 15:33:13', '2022-03-14 15:33:13'),
(1020, 608, 'KAL', NULL, 'Kalinga-Apayao', NULL, 1, '2022-03-14 15:33:13', '2022-03-14 15:33:13'),
(1021, 608, 'LUN', NULL, 'La Union', NULL, 1, '2022-03-14 15:33:13', '2022-03-14 15:33:13'),
(1022, 608, 'LAG', NULL, 'Laguna', NULL, 1, '2022-03-14 15:33:13', '2022-03-14 15:33:13'),
(1023, 608, 'LAN', NULL, 'Lanao del Norte', NULL, 1, '2022-03-14 15:33:13', '2022-03-14 15:33:13'),
(1024, 608, 'LAS', NULL, 'Lanao del Sur', NULL, 1, '2022-03-14 15:33:13', '2022-03-14 15:33:13'),
(1025, 608, 'LEY', NULL, 'Leyte', NULL, 1, '2022-03-14 15:33:13', '2022-03-14 15:33:13'),
(1026, 608, 'MAG', NULL, 'Maguindanao', NULL, 1, '2022-03-14 15:33:13', '2022-03-14 15:33:13'),
(1027, 608, 'MAD', NULL, 'Marinduque', NULL, 1, '2022-03-14 15:33:13', '2022-03-14 15:33:13'),
(1028, 608, 'MAS', NULL, 'Masbate', NULL, 1, '2022-03-14 15:33:13', '2022-03-14 15:33:13'),
(1029, 608, 'MDC', NULL, 'Mindoro Occidental', NULL, 1, '2022-03-14 15:33:13', '2022-03-14 15:33:13'),
(1030, 608, 'MDR', NULL, 'Mindoro Oriental', NULL, 1, '2022-03-14 15:33:13', '2022-03-14 15:33:13'),
(1031, 608, 'MSC', NULL, 'Misamis Occidental', NULL, 1, '2022-03-14 15:33:13', '2022-03-14 15:33:13'),
(1032, 608, 'MSR', NULL, 'Misamis Oriental', NULL, 1, '2022-03-14 15:33:13', '2022-03-14 15:33:13'),
(1033, 608, 'MOU', NULL, 'Mountain', NULL, 1, '2022-03-14 15:33:13', '2022-03-14 15:33:13'),
(1034, 608, 'NEC', NULL, 'Negros occidental', NULL, 1, '2022-03-14 15:33:13', '2022-03-14 15:33:13'),
(1035, 608, 'NER', NULL, 'Negros oriental', NULL, 1, '2022-03-14 15:33:13', '2022-03-14 15:33:13'),
(1036, 608, 'NCO', NULL, 'North Cotabato', NULL, 1, '2022-03-14 15:33:13', '2022-03-14 15:33:13'),
(1037, 608, 'NSA', NULL, 'Northern Samar', NULL, 1, '2022-03-14 15:33:13', '2022-03-14 15:33:13'),
(1038, 608, 'NUE', NULL, 'Nueva Ecija', NULL, 1, '2022-03-14 15:33:13', '2022-03-14 15:33:13'),
(1039, 608, 'NUV', NULL, 'Nueva Vizcaya', NULL, 1, '2022-03-14 15:33:13', '2022-03-14 15:33:13'),
(1040, 608, 'PLW', NULL, 'Palawan', NULL, 1, '2022-03-14 15:33:13', '2022-03-14 15:33:13'),
(1041, 608, 'PAM', NULL, 'Pampanga', NULL, 1, '2022-03-14 15:33:13', '2022-03-14 15:33:13'),
(1042, 608, 'PAN', NULL, 'Pangasinan', NULL, 1, '2022-03-14 15:33:13', '2022-03-14 15:33:13'),
(1043, 608, 'QUE', NULL, 'Quezon', NULL, 1, '2022-03-14 15:33:13', '2022-03-14 15:33:13'),
(1044, 608, 'QUI', NULL, 'Quirino', NULL, 1, '2022-03-14 15:33:13', '2022-03-14 15:33:13'),
(1045, 608, 'RIZ', NULL, 'Rizal', NULL, 1, '2022-03-14 15:33:13', '2022-03-14 15:33:13'),
(1046, 608, 'ROM', NULL, 'Romblon', NULL, 1, '2022-03-14 15:33:13', '2022-03-14 15:33:13'),
(1047, 608, 'SAR', NULL, 'Sarangani', NULL, 1, '2022-03-14 15:33:13', '2022-03-14 15:33:13'),
(1048, 608, 'SIG', NULL, 'Siquijor', NULL, 1, '2022-03-14 15:33:13', '2022-03-14 15:33:13'),
(1049, 608, 'SOR', NULL, 'Sorsogon', NULL, 1, '2022-03-14 15:33:13', '2022-03-14 15:33:13'),
(1050, 608, 'SCO', NULL, 'South Cotabato', NULL, 1, '2022-03-14 15:33:13', '2022-03-14 15:33:13'),
(1051, 608, 'SLE', NULL, 'Southern Leyte', NULL, 1, '2022-03-14 15:33:13', '2022-03-14 15:33:13'),
(1052, 608, 'SUK', NULL, 'Sultan Kudarat', NULL, 1, '2022-03-14 15:33:13', '2022-03-14 15:33:13'),
(1053, 608, 'SLU', NULL, 'Sulu', NULL, 1, '2022-03-14 15:33:13', '2022-03-14 15:33:13'),
(1054, 608, 'SUN', NULL, 'Surigao del Norte', NULL, 1, '2022-03-14 15:33:13', '2022-03-14 15:33:13'),
(1055, 608, 'SUR', NULL, 'Surigao del Sur', NULL, 1, '2022-03-14 15:33:13', '2022-03-14 15:33:13'),
(1056, 608, 'TAR', NULL, 'Tarlac', NULL, 1, '2022-03-14 15:33:13', '2022-03-14 15:33:13'),
(1057, 608, 'TAW', NULL, 'Tawi-Tawi', NULL, 1, '2022-03-14 15:33:13', '2022-03-14 15:33:13'),
(1058, 608, 'WSA', NULL, 'Western Samar', NULL, 1, '2022-03-14 15:33:13', '2022-03-14 15:33:13'),
(1059, 608, 'ZMB', NULL, 'Zambales', NULL, 1, '2022-03-14 15:33:13', '2022-03-14 15:33:13'),
(1060, 608, 'ZSI', NULL, 'Zamboanga Sibuguey', NULL, 1, '2022-03-14 15:33:13', '2022-03-14 15:33:13'),
(1061, 608, 'ZAN', NULL, 'Zamboanga del Norte', NULL, 1, '2022-03-14 15:33:13', '2022-03-14 15:33:13'),
(1062, 608, 'ZAS', NULL, 'Zamboanga del Sur', NULL, 1, '2022-03-14 15:33:13', '2022-03-14 15:33:13'),
(1063, 586, 'JK', NULL, 'Azad Kashmir', NULL, 1, '2022-03-14 15:33:13', '2022-03-14 15:33:13'),
(1064, 586, 'BA', NULL, 'Baluchistan', NULL, 1, '2022-03-14 15:33:13', '2022-03-14 15:33:13'),
(1065, 586, 'TA', NULL, 'Federally Administered Tribal Area', NULL, 1, '2022-03-14 15:33:13', '2022-03-14 15:33:13'),
(1066, 586, 'GB', NULL, 'Gilgit-Baltistan', NULL, 1, '2022-03-14 15:33:13', '2022-03-14 15:33:13'),
(1067, 586, 'IS', NULL, 'Islamabad', NULL, 1, '2022-03-14 15:33:13', '2022-03-14 15:33:13'),
(1068, 586, 'KP', NULL, 'Khyber Pakhtunkhwa', NULL, 1, '2022-03-14 15:33:13', '2022-03-14 15:33:13'),
(1069, 586, 'PB', NULL, 'Punjab', NULL, 1, '2022-03-14 15:33:13', '2022-03-14 15:33:13'),
(1070, 586, 'SD', NULL, 'Sind', NULL, 1, '2022-03-14 15:33:13', '2022-03-14 15:33:13'),
(1071, 634, 'DA', NULL, 'Ad Dawḩah', NULL, 1, '2022-03-14 15:33:13', '2022-03-14 15:33:13'),
(1072, 634, 'KH', NULL, 'Al Khawr wa adh Dhakhīrah', NULL, 1, '2022-03-14 15:33:13', '2022-03-14 15:33:13'),
(1073, 634, 'WA', NULL, 'Al Wakrah', NULL, 1, '2022-03-14 15:33:13', '2022-03-14 15:33:13'),
(1074, 634, 'RA', NULL, 'Ar Rayyān', NULL, 1, '2022-03-14 15:33:13', '2022-03-14 15:33:13'),
(1075, 634, 'MS', NULL, 'Ash Shamāl', NULL, 1, '2022-03-14 15:33:13', '2022-03-14 15:33:13'),
(1076, 634, 'ZA', NULL, 'Az̧ Z̧a‘āyin', NULL, 1, '2022-03-14 15:33:13', '2022-03-14 15:33:13'),
(1077, 634, 'US', NULL, 'Umm Şalāl', NULL, 1, '2022-03-14 15:33:13', '2022-03-14 15:33:13'),
(1078, 643, 'ALT', NULL, 'Altayskiy kray', NULL, 1, '2022-03-14 15:33:13', '2022-03-14 15:33:13'),
(1079, 643, 'AMU', NULL, 'Amurskaya oblast\'', NULL, 1, '2022-03-14 15:33:13', '2022-03-14 15:33:13'),
(1080, 643, 'ARK', NULL, 'Arkhangel\'skaya oblast', NULL, 1, '2022-03-14 15:33:13', '2022-03-14 15:33:13'),
(1081, 643, 'AST', NULL, 'Astrakhanskaya oblast\'', NULL, 1, '2022-03-14 15:33:13', '2022-03-14 15:33:13'),
(1082, 643, 'BEL', NULL, 'Belgorodskaya oblast\'', NULL, 1, '2022-03-14 15:33:13', '2022-03-14 15:33:13'),
(1083, 643, 'BRY', NULL, 'Bryanskaya oblast\'', NULL, 1, '2022-03-14 15:33:13', '2022-03-14 15:33:13'),
(1084, 643, 'CHE', NULL, 'Chelyabinskaya oblast\'', NULL, 1, '2022-03-14 15:33:13', '2022-03-14 15:33:13'),
(1085, 643, 'CHU', NULL, 'Chukotskiy avtonomnyy okrug', NULL, 1, '2022-03-14 15:33:13', '2022-03-14 15:33:13'),
(1086, 643, 'IRK', NULL, 'Irkutskaya oblast\'', NULL, 1, '2022-03-14 15:33:13', '2022-03-14 15:33:13'),
(1087, 643, 'IVA', NULL, 'Ivanovskaya oblast\'', NULL, 1, '2022-03-14 15:33:13', '2022-03-14 15:33:13'),
(1088, 643, 'KGD', NULL, 'Kaliningradskaya oblast', NULL, 1, '2022-03-14 15:33:13', '2022-03-14 15:33:13');
INSERT INTO `states` (`id`, `country_id`, `iso_code`, `iso_numeric`, `name`, `calling_code`, `active`, `created_at`, `updated_at`) VALUES
(1089, 643, 'KLU', NULL, 'Kaluzhskaya oblast\'', NULL, 1, '2022-03-14 15:33:13', '2022-03-14 15:33:13'),
(1090, 643, 'KAM', NULL, 'Kamchatskiy kray', NULL, 1, '2022-03-14 15:33:13', '2022-03-14 15:33:13'),
(1091, 643, 'KEM', NULL, 'Kemerovskaya oblast\'', NULL, 1, '2022-03-14 15:33:13', '2022-03-14 15:33:13'),
(1092, 643, 'KHA', NULL, 'Khabarovskiy kray', NULL, 1, '2022-03-14 15:33:13', '2022-03-14 15:33:13'),
(1093, 643, 'KHM', NULL, 'Khanty-Mansiyskiy avtonomnyy okrug-Yugra', NULL, 1, '2022-03-14 15:33:13', '2022-03-14 15:33:13'),
(1094, 643, 'KIR', NULL, 'Kirovskaya oblast\'', NULL, 1, '2022-03-14 15:33:13', '2022-03-14 15:33:13'),
(1095, 643, 'KOS', NULL, 'Kostromskaya oblast\'', NULL, 1, '2022-03-14 15:33:13', '2022-03-14 15:33:13'),
(1096, 643, 'KDA', NULL, 'Krasnodarskiy kray', NULL, 1, '2022-03-14 15:33:13', '2022-03-14 15:33:13'),
(1097, 643, 'KYA', NULL, 'Krasnoyarskiy kray', NULL, 1, '2022-03-14 15:33:13', '2022-03-14 15:33:13'),
(1098, 643, 'KGN', NULL, 'Kurganskaya oblast\'', NULL, 1, '2022-03-14 15:33:13', '2022-03-14 15:33:13'),
(1099, 643, 'KRS', NULL, 'Kurskaya oblast\'', NULL, 1, '2022-03-14 15:33:13', '2022-03-14 15:33:13'),
(1100, 643, 'LEN', NULL, 'Leningradskaya oblast\'', NULL, 1, '2022-03-14 15:33:13', '2022-03-14 15:33:13'),
(1101, 643, 'LIP', NULL, 'Lipetskaya oblast\'', NULL, 1, '2022-03-14 15:33:13', '2022-03-14 15:33:13'),
(1102, 643, 'MAG', NULL, 'Magadanskaya oblast\'', NULL, 1, '2022-03-14 15:33:13', '2022-03-14 15:33:13'),
(1103, 643, 'MOS', NULL, 'Moskovskaya oblast\'', NULL, 1, '2022-03-14 15:33:13', '2022-03-14 15:33:13'),
(1104, 643, 'MOW', NULL, 'Moskva', NULL, 1, '2022-03-14 15:33:13', '2022-03-14 15:33:13'),
(1105, 643, 'MUR', NULL, 'Murmanskaya oblast\'', NULL, 1, '2022-03-14 15:33:13', '2022-03-14 15:33:13'),
(1106, 643, 'NEN', NULL, 'Nenetskiy avtonomnyy okrug', NULL, 1, '2022-03-14 15:33:13', '2022-03-14 15:33:13'),
(1107, 643, 'NIZ', NULL, 'Nizbegorodskaya oblast', NULL, 1, '2022-03-14 15:33:13', '2022-03-14 15:33:13'),
(1108, 643, 'NGR', NULL, 'Novgorodskaya oblast\'', NULL, 1, '2022-03-14 15:33:13', '2022-03-14 15:33:13'),
(1109, 643, 'NVS', NULL, 'Novosibirskaya oblast\'', NULL, 1, '2022-03-14 15:33:13', '2022-03-14 15:33:13'),
(1110, 643, 'OMS', NULL, 'Omskaya oblast\'', NULL, 1, '2022-03-14 15:33:13', '2022-03-14 15:33:13'),
(1111, 643, 'ORE', NULL, 'Orenburgskaya oblast\'', NULL, 1, '2022-03-14 15:33:13', '2022-03-14 15:33:13'),
(1112, 643, 'ORL', NULL, 'Orlovskaya oblast\'', NULL, 1, '2022-03-14 15:33:13', '2022-03-14 15:33:13'),
(1113, 643, 'PNZ', NULL, 'Penzenskaya oblast\'', NULL, 1, '2022-03-14 15:33:13', '2022-03-14 15:33:13'),
(1114, 643, 'PER', NULL, 'Permskiy kray', NULL, 1, '2022-03-14 15:33:13', '2022-03-14 15:33:13'),
(1115, 643, 'PRI', NULL, 'Primorskiy kray', NULL, 1, '2022-03-14 15:33:13', '2022-03-14 15:33:13'),
(1116, 643, 'PSK', NULL, 'Pskovskaya oblast\'', NULL, 1, '2022-03-14 15:33:13', '2022-03-14 15:33:13'),
(1117, 643, 'ROS', NULL, 'Rostovskaya oblast\'', NULL, 1, '2022-03-14 15:33:13', '2022-03-14 15:33:13'),
(1118, 643, 'RYA', NULL, 'Ryazanskaya oblast\'', NULL, 1, '2022-03-14 15:33:13', '2022-03-14 15:33:13'),
(1119, 643, 'SAK', NULL, 'Sakhalinskaya oblast\'', NULL, 1, '2022-03-14 15:33:13', '2022-03-14 15:33:13'),
(1120, 643, 'SAM', NULL, 'Samarskaya oblast\'', NULL, 1, '2022-03-14 15:33:13', '2022-03-14 15:33:13'),
(1121, 643, 'SPE', NULL, 'Sankt-Peterburg', NULL, 1, '2022-03-14 15:33:13', '2022-03-14 15:33:13'),
(1122, 643, 'SAR', NULL, 'Saratovskaya oblast\'', NULL, 1, '2022-03-14 15:33:13', '2022-03-14 15:33:13'),
(1123, 643, 'SMO', NULL, 'Smolenskaya oblast\'', NULL, 1, '2022-03-14 15:33:13', '2022-03-14 15:33:13'),
(1124, 643, 'STA', NULL, 'Stavropol\'skiy kray', NULL, 1, '2022-03-14 15:33:13', '2022-03-14 15:33:13'),
(1125, 643, 'SVE', NULL, 'Sverdlovskaya oblast\'', NULL, 1, '2022-03-14 15:33:13', '2022-03-14 15:33:13'),
(1126, 643, 'TAM', NULL, 'Tambovskaya oblast\'', NULL, 1, '2022-03-14 15:33:13', '2022-03-14 15:33:13'),
(1127, 643, 'TOM', NULL, 'Tomskaya oblast\'', NULL, 1, '2022-03-14 15:33:13', '2022-03-14 15:33:13'),
(1128, 643, 'TUL', NULL, 'Tul\'skaya oblast\'', NULL, 1, '2022-03-14 15:33:13', '2022-03-14 15:33:13'),
(1129, 643, 'TVE', NULL, 'Tverskaya oblast\'', NULL, 1, '2022-03-14 15:33:13', '2022-03-14 15:33:13'),
(1130, 643, 'TYU', NULL, 'Tyumenskaya oblast\'', NULL, 1, '2022-03-14 15:33:13', '2022-03-14 15:33:13'),
(1131, 643, 'ULY', NULL, 'Ul\'yanovskaya oblast\'', NULL, 1, '2022-03-14 15:33:13', '2022-03-14 15:33:13'),
(1132, 643, 'VLA', NULL, 'Vladimirskaya oblast\'', NULL, 1, '2022-03-14 15:33:13', '2022-03-14 15:33:13'),
(1133, 643, 'VGG', NULL, 'Volgogradskaya oblast\'', NULL, 1, '2022-03-14 15:33:13', '2022-03-14 15:33:13'),
(1134, 643, 'VLG', NULL, 'Vologodskaya oblast\'', NULL, 1, '2022-03-14 15:33:13', '2022-03-14 15:33:13'),
(1135, 643, 'VOR', NULL, 'Voronezhskaya oblast\'', NULL, 1, '2022-03-14 15:33:13', '2022-03-14 15:33:13'),
(1136, 643, 'YAN', NULL, 'Yamalo-Nenetskiy avtonomnyy okrug', NULL, 1, '2022-03-14 15:33:13', '2022-03-14 15:33:13'),
(1137, 643, 'YAR', NULL, 'Yaroslavskaya oblast\'', NULL, 1, '2022-03-14 15:33:13', '2022-03-14 15:33:13'),
(1138, 643, 'YEV', NULL, 'Yevreyskaya avtonomnaya oblast\'ug', NULL, 1, '2022-03-14 15:33:13', '2022-03-14 15:33:13'),
(1139, 643, 'ZAB', NULL, 'Zabaykal\'skiy kray', NULL, 1, '2022-03-14 15:33:13', '2022-03-14 15:33:13'),
(1140, 682, '12', NULL, 'AI Jawf', NULL, 1, '2022-03-14 15:33:13', '2022-03-14 15:33:13'),
(1141, 682, '11', NULL, 'Al Bāḩah', NULL, 1, '2022-03-14 15:33:13', '2022-03-14 15:33:13'),
(1142, 682, '3', NULL, 'Al Madīnah', NULL, 1, '2022-03-14 15:33:13', '2022-03-14 15:33:13'),
(1143, 682, '5', NULL, 'Al Qaşīm', NULL, 1, '2022-03-14 15:33:13', '2022-03-14 15:33:13'),
(1144, 682, '8', NULL, 'Al Ḩudūd ash Shamālīyah', NULL, 1, '2022-03-14 15:33:13', '2022-03-14 15:33:13'),
(1145, 682, '1', NULL, 'Ar Riyāḑ', NULL, 1, '2022-03-14 15:33:13', '2022-03-14 15:33:13'),
(1146, 682, '4', NULL, 'Ash Sharqīyah', NULL, 1, '2022-03-14 15:33:13', '2022-03-14 15:33:13'),
(1147, 682, '14', NULL, 'Asīr', NULL, 1, '2022-03-14 15:33:13', '2022-03-14 15:33:13'),
(1148, 682, '9', NULL, 'Jīzān', NULL, 1, '2022-03-14 15:33:13', '2022-03-14 15:33:13'),
(1149, 682, '2', NULL, 'Makkah', NULL, 1, '2022-03-14 15:33:13', '2022-03-14 15:33:13'),
(1150, 682, '10', NULL, 'Najrān', NULL, 1, '2022-03-14 15:33:13', '2022-03-14 15:33:13'),
(1151, 682, '7', NULL, 'Tabūk', NULL, 1, '2022-03-14 15:33:13', '2022-03-14 15:33:13'),
(1152, 682, '6', NULL, 'Ḩā\'il', NULL, 1, '2022-03-14 15:33:13', '2022-03-14 15:33:13'),
(1153, 690, '02', NULL, 'Anse Boileau', NULL, 1, '2022-03-14 15:33:13', '2022-03-14 15:33:13'),
(1154, 690, '05', NULL, 'Anse Royale', NULL, 1, '2022-03-14 15:33:13', '2022-03-14 15:33:13'),
(1155, 690, '01', NULL, 'Anse aux Pins', NULL, 1, '2022-03-14 15:33:13', '2022-03-14 15:33:13'),
(1156, 690, '03', NULL, 'Anse Étoile', NULL, 1, '2022-03-14 15:33:13', '2022-03-14 15:33:13'),
(1157, 690, '04', NULL, 'Au Cap', NULL, 1, '2022-03-14 15:33:13', '2022-03-14 15:33:13'),
(1158, 690, '06', NULL, 'Baie Lazare', NULL, 1, '2022-03-14 15:33:13', '2022-03-14 15:33:13'),
(1159, 690, '07', NULL, 'Baie Sainte-Anne', NULL, 1, '2022-03-14 15:33:13', '2022-03-14 15:33:13'),
(1160, 690, '08', NULL, 'Beau Vallon', NULL, 1, '2022-03-14 15:33:13', '2022-03-14 15:33:13'),
(1161, 690, '09', NULL, 'Bel Air', NULL, 1, '2022-03-14 15:33:13', '2022-03-14 15:33:13'),
(1162, 690, '10', NULL, 'Bel Ombre', NULL, 1, '2022-03-14 15:33:13', '2022-03-14 15:33:13'),
(1163, 690, '11', NULL, 'Cascade', NULL, 1, '2022-03-14 15:33:13', '2022-03-14 15:33:13'),
(1164, 690, '12', NULL, 'Glacis', NULL, 1, '2022-03-14 15:33:13', '2022-03-14 15:33:13'),
(1165, 690, '13', NULL, 'Grand\' Anse Mahé', NULL, 1, '2022-03-14 15:33:13', '2022-03-14 15:33:13'),
(1166, 690, '14', NULL, 'Grand\' Anse Praslin', NULL, 1, '2022-03-14 15:33:13', '2022-03-14 15:33:13'),
(1167, 690, '15', NULL, 'La Digue', NULL, 1, '2022-03-14 15:33:13', '2022-03-14 15:33:13'),
(1168, 690, '16', NULL, 'La Rivière Anglaise', NULL, 1, '2022-03-14 15:33:13', '2022-03-14 15:33:13'),
(1169, 690, '24', NULL, 'Les Mamelles', NULL, 1, '2022-03-14 15:33:13', '2022-03-14 15:33:13'),
(1170, 690, '17', NULL, 'Mont Buxton', NULL, 1, '2022-03-14 15:33:13', '2022-03-14 15:33:13'),
(1171, 690, '18', NULL, 'Mont Fleuri', NULL, 1, '2022-03-14 15:33:13', '2022-03-14 15:33:13'),
(1172, 690, '19', NULL, 'Plaisance', NULL, 1, '2022-03-14 15:33:13', '2022-03-14 15:33:13'),
(1173, 690, '20', NULL, 'Pointe La Rue', NULL, 1, '2022-03-14 15:33:13', '2022-03-14 15:33:13'),
(1174, 690, '21', NULL, 'Port Glaud', NULL, 1, '2022-03-14 15:33:13', '2022-03-14 15:33:13'),
(1175, 690, '25', NULL, 'Roche Caïman', NULL, 1, '2022-03-14 15:33:13', '2022-03-14 15:33:13'),
(1176, 690, '22', NULL, 'Saint Louis', NULL, 1, '2022-03-14 15:33:13', '2022-03-14 15:33:13'),
(1177, 690, '23', NULL, 'Takamaka', NULL, 1, '2022-03-14 15:33:13', '2022-03-14 15:33:13'),
(1178, 702, '01', NULL, 'Central Singapore', NULL, 1, '2022-03-14 15:33:13', '2022-03-14 15:33:13'),
(1179, 702, '02', NULL, 'North East', NULL, 1, '2022-03-14 15:33:13', '2022-03-14 15:33:13'),
(1180, 702, '03', NULL, 'North West', NULL, 1, '2022-03-14 15:33:13', '2022-03-14 15:33:13'),
(1181, 702, '04', NULL, 'South East', NULL, 1, '2022-03-14 15:33:13', '2022-03-14 15:33:13'),
(1182, 702, '05', NULL, 'South West', NULL, 1, '2022-03-14 15:33:13', '2022-03-14 15:33:13'),
(1183, 764, '37', NULL, 'Amnat Charoen', NULL, 1, '2022-03-14 15:33:13', '2022-03-14 15:33:13'),
(1184, 764, '15', NULL, 'Ang Thong', NULL, 1, '2022-03-14 15:33:13', '2022-03-14 15:33:13'),
(1185, 764, '38', NULL, 'Bueng Kan', NULL, 1, '2022-03-14 15:33:13', '2022-03-14 15:33:13'),
(1186, 764, '31', NULL, 'Buri Ram', NULL, 1, '2022-03-14 15:33:13', '2022-03-14 15:33:13'),
(1187, 764, '24', NULL, 'Chachoengsao', NULL, 1, '2022-03-14 15:33:13', '2022-03-14 15:33:13'),
(1188, 764, '18', NULL, 'Chai Nat', NULL, 1, '2022-03-14 15:33:13', '2022-03-14 15:33:13'),
(1189, 764, '36', NULL, 'Chaiyaphum', NULL, 1, '2022-03-14 15:33:13', '2022-03-14 15:33:13'),
(1190, 764, '22', NULL, 'Chanthaburi', NULL, 1, '2022-03-14 15:33:13', '2022-03-14 15:33:13'),
(1191, 764, '50', NULL, 'Chiang Mai', NULL, 1, '2022-03-14 15:33:13', '2022-03-14 15:33:13'),
(1192, 764, '57', NULL, 'Chiang Rai', NULL, 1, '2022-03-14 15:33:13', '2022-03-14 15:33:13'),
(1193, 764, '20', NULL, 'Chon Buri', NULL, 1, '2022-03-14 15:33:13', '2022-03-14 15:33:13'),
(1194, 764, '86', NULL, 'Chumphon', NULL, 1, '2022-03-14 15:33:13', '2022-03-14 15:33:13'),
(1195, 764, '46', NULL, 'Kalasin', NULL, 1, '2022-03-14 15:33:13', '2022-03-14 15:33:13'),
(1196, 764, '62', NULL, 'Kamphaeng Phet', NULL, 1, '2022-03-14 15:33:13', '2022-03-14 15:33:13'),
(1197, 764, '71', NULL, 'Kanchanaburi', NULL, 1, '2022-03-14 15:33:13', '2022-03-14 15:33:13'),
(1198, 764, '40', NULL, 'Khon Kaen', NULL, 1, '2022-03-14 15:33:13', '2022-03-14 15:33:13'),
(1199, 764, '81', NULL, 'Krabi', NULL, 1, '2022-03-14 15:33:13', '2022-03-14 15:33:13'),
(1200, 764, '52', NULL, 'Lampang', NULL, 1, '2022-03-14 15:33:13', '2022-03-14 15:33:13'),
(1201, 764, '51', NULL, 'Lamphun', NULL, 1, '2022-03-14 15:33:13', '2022-03-14 15:33:13'),
(1202, 764, '42', NULL, 'Loei', NULL, 1, '2022-03-14 15:33:13', '2022-03-14 15:33:13'),
(1203, 764, '16', NULL, 'Lop Buri', NULL, 1, '2022-03-14 15:33:13', '2022-03-14 15:33:13'),
(1204, 764, '58', NULL, 'Mae Hong Son', NULL, 1, '2022-03-14 15:33:13', '2022-03-14 15:33:13'),
(1205, 764, '44', NULL, 'Maha Sarakham', NULL, 1, '2022-03-14 15:33:13', '2022-03-14 15:33:13'),
(1206, 764, '49', NULL, 'Mukdahan', NULL, 1, '2022-03-14 15:33:13', '2022-03-14 15:33:13'),
(1207, 764, '26', NULL, 'Nakhon Nayok', NULL, 1, '2022-03-14 15:33:13', '2022-03-14 15:33:13'),
(1208, 764, '73', NULL, 'Nakhon Pathom', NULL, 1, '2022-03-14 15:33:13', '2022-03-14 15:33:13'),
(1209, 764, '48', NULL, 'Nakhon Phanom', NULL, 1, '2022-03-14 15:33:13', '2022-03-14 15:33:13'),
(1210, 764, '30', NULL, 'Nakhon Ratchasima', NULL, 1, '2022-03-14 15:33:13', '2022-03-14 15:33:13'),
(1211, 764, '60', NULL, 'Nakhon Sawan', NULL, 1, '2022-03-14 15:33:13', '2022-03-14 15:33:13'),
(1212, 764, '80', NULL, 'Nakhon Si Thammarat', NULL, 1, '2022-03-14 15:33:13', '2022-03-14 15:33:13'),
(1213, 764, '55', NULL, 'Nan', NULL, 1, '2022-03-14 15:33:13', '2022-03-14 15:33:13'),
(1214, 764, '96', NULL, 'Narathiwat', NULL, 1, '2022-03-14 15:33:13', '2022-03-14 15:33:13'),
(1215, 764, '39', NULL, 'Nong Bua Lam Phu', NULL, 1, '2022-03-14 15:33:13', '2022-03-14 15:33:13'),
(1216, 764, '43', NULL, 'Nong Khai', NULL, 1, '2022-03-14 15:33:13', '2022-03-14 15:33:13'),
(1217, 764, '12', NULL, 'Nonthaburi', NULL, 1, '2022-03-14 15:33:13', '2022-03-14 15:33:13'),
(1218, 764, '13', NULL, 'Pathum Thani', NULL, 1, '2022-03-14 15:33:13', '2022-03-14 15:33:13'),
(1219, 764, '94', NULL, 'Pattani', NULL, 1, '2022-03-14 15:33:13', '2022-03-14 15:33:13'),
(1220, 764, '82', NULL, 'Phangnga', NULL, 1, '2022-03-14 15:33:13', '2022-03-14 15:33:13'),
(1221, 764, '93', NULL, 'Phatthalung', NULL, 1, '2022-03-14 15:33:13', '2022-03-14 15:33:13'),
(1222, 764, '56', NULL, 'Phayao', NULL, 1, '2022-03-14 15:33:13', '2022-03-14 15:33:13'),
(1223, 764, '67', NULL, 'Phetchabun', NULL, 1, '2022-03-14 15:33:13', '2022-03-14 15:33:13'),
(1224, 764, '76', NULL, 'Phetchaburi', NULL, 1, '2022-03-14 15:33:13', '2022-03-14 15:33:13'),
(1225, 764, '66', NULL, 'Phichit', NULL, 1, '2022-03-14 15:33:13', '2022-03-14 15:33:13'),
(1226, 764, '65', NULL, 'Phitsanulok', NULL, 1, '2022-03-14 15:33:13', '2022-03-14 15:33:13'),
(1227, 764, '14', NULL, 'Phra Nakhon Si Ayutthaya', NULL, 1, '2022-03-14 15:33:13', '2022-03-14 15:33:13'),
(1228, 764, '54', NULL, 'Phrae', NULL, 1, '2022-03-14 15:33:13', '2022-03-14 15:33:13'),
(1229, 764, '83', NULL, 'Phuket', NULL, 1, '2022-03-14 15:33:13', '2022-03-14 15:33:13'),
(1230, 764, '25', NULL, 'Prachin Buri', NULL, 1, '2022-03-14 15:33:13', '2022-03-14 15:33:13'),
(1231, 764, '77', NULL, 'Prachuap Khiri Khan', NULL, 1, '2022-03-14 15:33:13', '2022-03-14 15:33:13'),
(1232, 764, '85', NULL, 'Ranong', NULL, 1, '2022-03-14 15:33:13', '2022-03-14 15:33:13'),
(1233, 764, '70', NULL, 'Ratchaburi', NULL, 1, '2022-03-14 15:33:13', '2022-03-14 15:33:13'),
(1234, 764, '21', NULL, 'Rayong', NULL, 1, '2022-03-14 15:33:13', '2022-03-14 15:33:13'),
(1235, 764, '45', NULL, 'Roi Et', NULL, 1, '2022-03-14 15:33:13', '2022-03-14 15:33:13'),
(1236, 764, '27', NULL, 'Sa Kaeo', NULL, 1, '2022-03-14 15:33:13', '2022-03-14 15:33:13'),
(1237, 764, '47', NULL, 'Sakon Nakhon', NULL, 1, '2022-03-14 15:33:13', '2022-03-14 15:33:13'),
(1238, 764, '11', NULL, 'Samut Prakan', NULL, 1, '2022-03-14 15:33:13', '2022-03-14 15:33:13'),
(1239, 764, '74', NULL, 'Samut Sakhon', NULL, 1, '2022-03-14 15:33:13', '2022-03-14 15:33:13'),
(1240, 764, '75', NULL, 'Samut Songkhram', NULL, 1, '2022-03-14 15:33:13', '2022-03-14 15:33:13'),
(1241, 764, '19', NULL, 'Saraburi', NULL, 1, '2022-03-14 15:33:13', '2022-03-14 15:33:13'),
(1242, 764, '91', NULL, 'Satun', NULL, 1, '2022-03-14 15:33:13', '2022-03-14 15:33:13'),
(1243, 764, '33', NULL, 'Si Sa Ket', NULL, 1, '2022-03-14 15:33:13', '2022-03-14 15:33:13'),
(1244, 764, '17', NULL, 'Sing Buri', NULL, 1, '2022-03-14 15:33:13', '2022-03-14 15:33:13'),
(1245, 764, '90', NULL, 'Songkhla', NULL, 1, '2022-03-14 15:33:13', '2022-03-14 15:33:13'),
(1246, 764, '64', NULL, 'Sukhothai', NULL, 1, '2022-03-14 15:33:13', '2022-03-14 15:33:13'),
(1247, 764, '72', NULL, 'Suphan Buri', NULL, 1, '2022-03-14 15:33:13', '2022-03-14 15:33:13'),
(1248, 764, '84', NULL, 'Surat Thani', NULL, 1, '2022-03-14 15:33:13', '2022-03-14 15:33:13'),
(1249, 764, '32', NULL, 'Surin', NULL, 1, '2022-03-14 15:33:13', '2022-03-14 15:33:13'),
(1250, 764, '63', NULL, 'Tak', NULL, 1, '2022-03-14 15:33:13', '2022-03-14 15:33:13'),
(1251, 764, '92', NULL, 'Trang', NULL, 1, '2022-03-14 15:33:13', '2022-03-14 15:33:13'),
(1252, 764, '23', NULL, 'Trat', NULL, 1, '2022-03-14 15:33:13', '2022-03-14 15:33:13'),
(1253, 764, '34', NULL, 'Ubon Ratchathani', NULL, 1, '2022-03-14 15:33:13', '2022-03-14 15:33:13'),
(1254, 764, '41', NULL, 'Udon Thani', NULL, 1, '2022-03-14 15:33:13', '2022-03-14 15:33:13'),
(1255, 764, '61', NULL, 'Uthai Thani', NULL, 1, '2022-03-14 15:33:13', '2022-03-14 15:33:13'),
(1256, 764, '53', NULL, 'Uttaradit', NULL, 1, '2022-03-14 15:33:13', '2022-03-14 15:33:13'),
(1257, 764, '95', NULL, 'Yala', NULL, 1, '2022-03-14 15:33:13', '2022-03-14 15:33:13'),
(1258, 764, '35', NULL, 'Yasothon', NULL, 1, '2022-03-14 15:33:13', '2022-03-14 15:33:13'),
(1259, 792, '1', NULL, 'Adana', NULL, 1, '2022-03-14 15:33:13', '2022-03-14 15:33:13'),
(1260, 792, '2', NULL, 'Adiyaman', NULL, 1, '2022-03-14 15:33:13', '2022-03-14 15:33:13'),
(1261, 792, '3', NULL, 'Afyon', NULL, 1, '2022-03-14 15:33:13', '2022-03-14 15:33:13'),
(1262, 792, '68', NULL, 'Aksaray', NULL, 1, '2022-03-14 15:33:13', '2022-03-14 15:33:13'),
(1263, 792, '5', NULL, 'Amasya', NULL, 1, '2022-03-14 15:33:13', '2022-03-14 15:33:13'),
(1264, 792, '6', NULL, 'Ankara', NULL, 1, '2022-03-14 15:33:13', '2022-03-14 15:33:13'),
(1265, 792, '7', NULL, 'Antalya', NULL, 1, '2022-03-14 15:33:13', '2022-03-14 15:33:13'),
(1266, 792, '75', NULL, 'Ardahan', NULL, 1, '2022-03-14 15:33:13', '2022-03-14 15:33:13'),
(1267, 792, '8', NULL, 'Artvin', NULL, 1, '2022-03-14 15:33:13', '2022-03-14 15:33:13'),
(1268, 792, '9', NULL, 'Aydin', NULL, 1, '2022-03-14 15:33:13', '2022-03-14 15:33:13'),
(1269, 792, '4', NULL, 'Ağrı', NULL, 1, '2022-03-14 15:33:13', '2022-03-14 15:33:13'),
(1270, 792, '10', NULL, 'Balikesir', NULL, 1, '2022-03-14 15:33:13', '2022-03-14 15:33:13'),
(1271, 792, '74', NULL, 'Bartin', NULL, 1, '2022-03-14 15:33:13', '2022-03-14 15:33:13'),
(1272, 792, '72', NULL, 'Batman', NULL, 1, '2022-03-14 15:33:13', '2022-03-14 15:33:13'),
(1273, 792, '69', NULL, 'Bayburt', NULL, 1, '2022-03-14 15:33:13', '2022-03-14 15:33:13'),
(1274, 792, '11', NULL, 'Bilecik', NULL, 1, '2022-03-14 15:33:13', '2022-03-14 15:33:13'),
(1275, 792, '12', NULL, 'Bingöl', NULL, 1, '2022-03-14 15:33:13', '2022-03-14 15:33:13'),
(1276, 792, '13', NULL, 'Bitlis', NULL, 1, '2022-03-14 15:33:13', '2022-03-14 15:33:13'),
(1277, 792, '14', NULL, 'Bolu', NULL, 1, '2022-03-14 15:33:13', '2022-03-14 15:33:13'),
(1278, 792, '15', NULL, 'Burdur', NULL, 1, '2022-03-14 15:33:13', '2022-03-14 15:33:13'),
(1279, 792, '16', NULL, 'Bursa', NULL, 1, '2022-03-14 15:33:13', '2022-03-14 15:33:13'),
(1280, 792, '20', NULL, 'Denizli', NULL, 1, '2022-03-14 15:33:13', '2022-03-14 15:33:13'),
(1281, 792, '21', NULL, 'Diyarbakir', NULL, 1, '2022-03-14 15:33:13', '2022-03-14 15:33:13'),
(1282, 792, '81', NULL, 'Düzce', NULL, 1, '2022-03-14 15:33:13', '2022-03-14 15:33:13'),
(1283, 792, '22', NULL, 'Edirne', NULL, 1, '2022-03-14 15:33:13', '2022-03-14 15:33:13'),
(1284, 792, '23', NULL, 'Elazığ', NULL, 1, '2022-03-14 15:33:13', '2022-03-14 15:33:13'),
(1285, 792, '24', NULL, 'Erzincan', NULL, 1, '2022-03-14 15:33:13', '2022-03-14 15:33:13'),
(1286, 792, '25', NULL, 'Erzurum', NULL, 1, '2022-03-14 15:33:13', '2022-03-14 15:33:13'),
(1287, 792, '26', NULL, 'Eskişehir', NULL, 1, '2022-03-14 15:33:13', '2022-03-14 15:33:13'),
(1288, 792, '27', NULL, 'Gaziantep', NULL, 1, '2022-03-14 15:33:13', '2022-03-14 15:33:13'),
(1289, 792, '28', NULL, 'Giresun', NULL, 1, '2022-03-14 15:33:13', '2022-03-14 15:33:13'),
(1290, 792, '29', NULL, 'Gümüşhane', NULL, 1, '2022-03-14 15:33:13', '2022-03-14 15:33:13'),
(1291, 792, '30', NULL, 'Hakkâri', NULL, 1, '2022-03-14 15:33:13', '2022-03-14 15:33:13'),
(1292, 792, '31', NULL, 'Hatay', NULL, 1, '2022-03-14 15:33:13', '2022-03-14 15:33:13'),
(1293, 792, '33', NULL, 'Icel', NULL, 1, '2022-03-14 15:33:13', '2022-03-14 15:33:13'),
(1294, 792, '32', NULL, 'Isparta', NULL, 1, '2022-03-14 15:33:13', '2022-03-14 15:33:13'),
(1295, 792, '34', NULL, 'Istanbul', NULL, 1, '2022-03-14 15:33:13', '2022-03-14 15:33:13'),
(1296, 792, '35', NULL, 'Izmir', NULL, 1, '2022-03-14 15:33:13', '2022-03-14 15:33:13'),
(1297, 792, '76', NULL, 'Iğdır', NULL, 1, '2022-03-14 15:33:13', '2022-03-14 15:33:13'),
(1298, 792, '46', NULL, 'Kahramanmaraş', NULL, 1, '2022-03-14 15:33:13', '2022-03-14 15:33:13'),
(1299, 792, '78', NULL, 'Karabük', NULL, 1, '2022-03-14 15:33:13', '2022-03-14 15:33:13'),
(1300, 792, '70', NULL, 'Karaman', NULL, 1, '2022-03-14 15:33:13', '2022-03-14 15:33:13'),
(1301, 792, '36', NULL, 'Kars', NULL, 1, '2022-03-14 15:33:13', '2022-03-14 15:33:13'),
(1302, 792, '37', NULL, 'Kastamonu', NULL, 1, '2022-03-14 15:33:13', '2022-03-14 15:33:13'),
(1303, 792, '38', NULL, 'Kayseri', NULL, 1, '2022-03-14 15:33:13', '2022-03-14 15:33:13'),
(1304, 792, '79', NULL, 'Kilis', NULL, 1, '2022-03-14 15:33:13', '2022-03-14 15:33:13'),
(1305, 792, '71', NULL, 'Kirkkale', NULL, 1, '2022-03-14 15:33:13', '2022-03-14 15:33:13'),
(1306, 792, '39', NULL, 'Kirklareli', NULL, 1, '2022-03-14 15:33:13', '2022-03-14 15:33:13'),
(1307, 792, '41', NULL, 'Kocaeli', NULL, 1, '2022-03-14 15:33:13', '2022-03-14 15:33:13'),
(1308, 792, '42', NULL, 'Konya', NULL, 1, '2022-03-14 15:33:13', '2022-03-14 15:33:13'),
(1309, 792, '43', NULL, 'Kütahya', NULL, 1, '2022-03-14 15:33:13', '2022-03-14 15:33:13'),
(1310, 792, '40', NULL, 'Kırşehir', NULL, 1, '2022-03-14 15:33:13', '2022-03-14 15:33:13'),
(1311, 792, '44', NULL, 'Malatya', NULL, 1, '2022-03-14 15:33:13', '2022-03-14 15:33:13'),
(1312, 792, '45', NULL, 'Manisa', NULL, 1, '2022-03-14 15:33:13', '2022-03-14 15:33:13'),
(1313, 792, '47', NULL, 'Mardin', NULL, 1, '2022-03-14 15:33:13', '2022-03-14 15:33:13'),
(1314, 792, '48', NULL, 'Muğla', NULL, 1, '2022-03-14 15:33:13', '2022-03-14 15:33:13'),
(1315, 792, '49', NULL, 'Muş', NULL, 1, '2022-03-14 15:33:13', '2022-03-14 15:33:13'),
(1316, 792, '50', NULL, 'Nevşehir', NULL, 1, '2022-03-14 15:33:13', '2022-03-14 15:33:13'),
(1317, 792, '51', NULL, 'Niğde', NULL, 1, '2022-03-14 15:33:13', '2022-03-14 15:33:13'),
(1318, 792, '52', NULL, 'Ordu', NULL, 1, '2022-03-14 15:33:13', '2022-03-14 15:33:13'),
(1319, 792, '80', NULL, 'Osmaniye', NULL, 1, '2022-03-14 15:33:13', '2022-03-14 15:33:13'),
(1320, 792, '53', NULL, 'Rize', NULL, 1, '2022-03-14 15:33:13', '2022-03-14 15:33:13'),
(1321, 792, '54', NULL, 'Sakarya', NULL, 1, '2022-03-14 15:33:13', '2022-03-14 15:33:13'),
(1322, 792, '55', NULL, 'Samsun', NULL, 1, '2022-03-14 15:33:13', '2022-03-14 15:33:13'),
(1323, 792, '56', NULL, 'Siirt', NULL, 1, '2022-03-14 15:33:13', '2022-03-14 15:33:13'),
(1324, 792, '57', NULL, 'Sinop', NULL, 1, '2022-03-14 15:33:13', '2022-03-14 15:33:13'),
(1325, 792, '58', NULL, 'Sivas', NULL, 1, '2022-03-14 15:33:13', '2022-03-14 15:33:13'),
(1326, 792, '59', NULL, 'Tekirdağ', NULL, 1, '2022-03-14 15:33:13', '2022-03-14 15:33:13'),
(1327, 792, '60', NULL, 'Tokat', NULL, 1, '2022-03-14 15:33:13', '2022-03-14 15:33:13'),
(1328, 792, '61', NULL, 'Trabzon', NULL, 1, '2022-03-14 15:33:13', '2022-03-14 15:33:13'),
(1329, 792, '62', NULL, 'Tunceli', NULL, 1, '2022-03-14 15:33:13', '2022-03-14 15:33:13'),
(1330, 792, '64', NULL, 'Uşak', NULL, 1, '2022-03-14 15:33:13', '2022-03-14 15:33:13'),
(1331, 792, '65', NULL, 'Van', NULL, 1, '2022-03-14 15:33:13', '2022-03-14 15:33:13'),
(1332, 792, '77', NULL, 'Yalova', NULL, 1, '2022-03-14 15:33:13', '2022-03-14 15:33:13'),
(1333, 792, '66', NULL, 'Yozgat', NULL, 1, '2022-03-14 15:33:13', '2022-03-14 15:33:13'),
(1334, 792, '67', NULL, 'Zonguldak', NULL, 1, '2022-03-14 15:33:13', '2022-03-14 15:33:13'),
(1335, 792, '17', NULL, 'Çanakkale', NULL, 1, '2022-03-14 15:33:13', '2022-03-14 15:33:13'),
(1336, 792, '18', NULL, 'Çankırı', NULL, 1, '2022-03-14 15:33:13', '2022-03-14 15:33:13'),
(1337, 792, '19', NULL, 'Çorum', NULL, 1, '2022-03-14 15:33:13', '2022-03-14 15:33:13'),
(1338, 792, '63', NULL, 'Şanlıurfa', NULL, 1, '2022-03-14 15:33:13', '2022-03-14 15:33:13'),
(1339, 792, '73', NULL, 'Şırnak', NULL, 1, '2022-03-14 15:33:13', '2022-03-14 15:33:13'),
(1340, 834, '01', NULL, 'Arusha', NULL, 1, '2022-03-14 15:33:13', '2022-03-14 15:33:13'),
(1341, 834, '02', NULL, 'Dar es Salaam', NULL, 1, '2022-03-14 15:33:13', '2022-03-14 15:33:13'),
(1342, 834, '03', NULL, 'Dodoma', NULL, 1, '2022-03-14 15:33:13', '2022-03-14 15:33:13'),
(1343, 834, '27', NULL, 'Geita', NULL, 1, '2022-03-14 15:33:13', '2022-03-14 15:33:13'),
(1344, 834, '04', NULL, 'Iringa', NULL, 1, '2022-03-14 15:33:13', '2022-03-14 15:33:13'),
(1345, 834, '05', NULL, 'Kagera', NULL, 1, '2022-03-14 15:33:13', '2022-03-14 15:33:13'),
(1346, 834, '06', NULL, 'Kaskazini Pemba', NULL, 1, '2022-03-14 15:33:13', '2022-03-14 15:33:13'),
(1347, 834, '07', NULL, 'Kaskazini Unguja', NULL, 1, '2022-03-14 15:33:13', '2022-03-14 15:33:13'),
(1348, 834, '28', NULL, 'Katavi', NULL, 1, '2022-03-14 15:33:13', '2022-03-14 15:33:13'),
(1349, 834, '08', NULL, 'Kigoma', NULL, 1, '2022-03-14 15:33:13', '2022-03-14 15:33:13'),
(1350, 834, '09', NULL, 'Kilimanjaro', NULL, 1, '2022-03-14 15:33:13', '2022-03-14 15:33:13'),
(1351, 834, '10', NULL, 'Kusini Pemba', NULL, 1, '2022-03-14 15:33:13', '2022-03-14 15:33:13'),
(1352, 834, '11', NULL, 'Kusini Unguja', NULL, 1, '2022-03-14 15:33:13', '2022-03-14 15:33:13'),
(1353, 834, '12', NULL, 'Lindi', NULL, 1, '2022-03-14 15:33:13', '2022-03-14 15:33:13'),
(1354, 834, '26', NULL, 'Manyara', NULL, 1, '2022-03-14 15:33:13', '2022-03-14 15:33:13'),
(1355, 834, '13', NULL, 'Mara', NULL, 1, '2022-03-14 15:33:13', '2022-03-14 15:33:13'),
(1356, 834, '14', NULL, 'Mbeya', NULL, 1, '2022-03-14 15:33:13', '2022-03-14 15:33:13'),
(1357, 834, '15', NULL, 'Mjini Magharibi', NULL, 1, '2022-03-14 15:33:13', '2022-03-14 15:33:13'),
(1358, 834, '16', NULL, 'Morogoro', NULL, 1, '2022-03-14 15:33:13', '2022-03-14 15:33:13'),
(1359, 834, '17', NULL, 'Mtwara', NULL, 1, '2022-03-14 15:33:13', '2022-03-14 15:33:13'),
(1360, 834, '18', NULL, 'Mwanza', NULL, 1, '2022-03-14 15:33:13', '2022-03-14 15:33:13'),
(1361, 834, '29', NULL, 'Njombe', NULL, 1, '2022-03-14 15:33:13', '2022-03-14 15:33:13'),
(1362, 834, '19', NULL, 'Pwani Coast', NULL, 1, '2022-03-14 15:33:13', '2022-03-14 15:33:13'),
(1363, 834, '20', NULL, 'Rukwa', NULL, 1, '2022-03-14 15:33:13', '2022-03-14 15:33:13'),
(1364, 834, '21', NULL, 'Ruvuma', NULL, 1, '2022-03-14 15:33:13', '2022-03-14 15:33:13'),
(1365, 834, '22', NULL, 'Shinyanga', NULL, 1, '2022-03-14 15:33:13', '2022-03-14 15:33:13'),
(1366, 834, '30', NULL, 'Simiyu', NULL, 1, '2022-03-14 15:33:13', '2022-03-14 15:33:13'),
(1367, 834, '23', NULL, 'Singida', NULL, 1, '2022-03-14 15:33:13', '2022-03-14 15:33:13'),
(1368, 834, '31', NULL, 'Songwe', NULL, 1, '2022-03-14 15:33:13', '2022-03-14 15:33:13'),
(1369, 834, '24', NULL, 'Tabora', NULL, 1, '2022-03-14 15:33:13', '2022-03-14 15:33:13'),
(1370, 834, '25', NULL, 'Tanga', NULL, 1, '2022-03-14 15:33:13', '2022-03-14 15:33:13'),
(1371, 840, 'AL', NULL, 'Alabama', NULL, 1, '2022-03-14 15:33:13', '2022-03-14 15:33:13'),
(1372, 840, 'AK', NULL, 'Alaska', NULL, 1, '2022-03-14 15:33:13', '2022-03-14 15:33:13'),
(1373, 840, 'AS', NULL, 'American Samoa', NULL, 1, '2022-03-14 15:33:13', '2022-03-14 15:33:13'),
(1374, 840, 'AZ', NULL, 'Arizona', NULL, 1, '2022-03-14 15:33:13', '2022-03-14 15:33:13'),
(1375, 840, 'AR', NULL, 'Arkansas', NULL, 1, '2022-03-14 15:33:13', '2022-03-14 15:33:13'),
(1376, 840, 'CA', NULL, 'California', NULL, 1, '2022-03-14 15:33:13', '2022-03-14 15:33:13'),
(1377, 840, 'CO', NULL, 'Colorado', NULL, 1, '2022-03-14 15:33:13', '2022-03-14 15:33:13'),
(1378, 840, 'CT', NULL, 'Connecticut', NULL, 1, '2022-03-14 15:33:13', '2022-03-14 15:33:13'),
(1379, 840, 'DE', NULL, 'Delaware', NULL, 1, '2022-03-14 15:33:13', '2022-03-14 15:33:13'),
(1380, 840, 'DC', NULL, 'District Of Columbia', NULL, 1, '2022-03-14 15:33:13', '2022-03-14 15:33:13'),
(1381, 840, 'FM', NULL, 'Federated States Of Micronesia', NULL, 1, '2022-03-14 15:33:13', '2022-03-14 15:33:13'),
(1382, 840, 'FL', NULL, 'Florida', NULL, 1, '2022-03-14 15:33:13', '2022-03-14 15:33:13'),
(1383, 840, 'GA', NULL, 'Georgia', NULL, 1, '2022-03-14 15:33:13', '2022-03-14 15:33:13'),
(1384, 840, 'GU', NULL, 'Guam', NULL, 1, '2022-03-14 15:33:13', '2022-03-14 15:33:13'),
(1385, 840, 'HI', NULL, 'Hawaii', NULL, 1, '2022-03-14 15:33:13', '2022-03-14 15:33:13'),
(1386, 840, 'ID', NULL, 'Idaho', NULL, 1, '2022-03-14 15:33:13', '2022-03-14 15:33:13'),
(1387, 840, 'IL', NULL, 'Illinois', NULL, 1, '2022-03-14 15:33:13', '2022-03-14 15:33:13'),
(1388, 840, 'IN', NULL, 'Indiana', NULL, 1, '2022-03-14 15:33:13', '2022-03-14 15:33:13'),
(1389, 840, 'IA', NULL, 'Iowa', NULL, 1, '2022-03-14 15:33:13', '2022-03-14 15:33:13'),
(1390, 840, 'KS', NULL, 'Kansas', NULL, 1, '2022-03-14 15:33:13', '2022-03-14 15:33:13'),
(1391, 840, 'KY', NULL, 'Kentucky', NULL, 1, '2022-03-14 15:33:13', '2022-03-14 15:33:13'),
(1392, 840, 'LA', NULL, 'Louisiana', NULL, 1, '2022-03-14 15:33:13', '2022-03-14 15:33:13'),
(1393, 840, 'ME', NULL, 'Maine', NULL, 1, '2022-03-14 15:33:13', '2022-03-14 15:33:13'),
(1394, 840, 'MH', NULL, 'Marshall Islands', NULL, 1, '2022-03-14 15:33:13', '2022-03-14 15:33:13'),
(1395, 840, 'MD', NULL, 'Maryland', NULL, 1, '2022-03-14 15:33:13', '2022-03-14 15:33:13'),
(1396, 840, 'MA', NULL, 'Massachusetts', NULL, 1, '2022-03-14 15:33:13', '2022-03-14 15:33:13'),
(1397, 840, 'MI', NULL, 'Michigan', NULL, 1, '2022-03-14 15:33:13', '2022-03-14 15:33:13'),
(1398, 840, 'MN', NULL, 'Minnesota', NULL, 1, '2022-03-14 15:33:13', '2022-03-14 15:33:13'),
(1399, 840, 'MS', NULL, 'Mississippi', NULL, 1, '2022-03-14 15:33:13', '2022-03-14 15:33:13'),
(1400, 840, 'MO', NULL, 'Missouri', NULL, 1, '2022-03-14 15:33:13', '2022-03-14 15:33:13'),
(1401, 840, 'MT', NULL, 'Montana', NULL, 1, '2022-03-14 15:33:13', '2022-03-14 15:33:13'),
(1402, 840, 'NE', NULL, 'Nebraska', NULL, 1, '2022-03-14 15:33:13', '2022-03-14 15:33:13'),
(1403, 840, 'NV', NULL, 'Nevada', NULL, 1, '2022-03-14 15:33:13', '2022-03-14 15:33:13'),
(1404, 840, 'NH', NULL, 'New Hampshire', NULL, 1, '2022-03-14 15:33:13', '2022-03-14 15:33:13'),
(1405, 840, 'NJ', NULL, 'New Jersey', NULL, 1, '2022-03-14 15:33:13', '2022-03-14 15:33:13'),
(1406, 840, 'NM', NULL, 'New Mexico', NULL, 1, '2022-03-14 15:33:13', '2022-03-14 15:33:13'),
(1407, 840, 'NY', NULL, 'New York', NULL, 1, '2022-03-14 15:33:13', '2022-03-14 15:33:13'),
(1408, 840, 'NC', NULL, 'North Carolina', NULL, 1, '2022-03-14 15:33:13', '2022-03-14 15:33:13'),
(1409, 840, 'ND', NULL, 'North Dakota', NULL, 1, '2022-03-14 15:33:13', '2022-03-14 15:33:13'),
(1410, 840, 'MP', NULL, 'Northern Mariana Islands', NULL, 1, '2022-03-14 15:33:13', '2022-03-14 15:33:13'),
(1411, 840, 'OH', NULL, 'Ohio', NULL, 1, '2022-03-14 15:33:13', '2022-03-14 15:33:13'),
(1412, 840, 'OK', NULL, 'Oklahoma', NULL, 1, '2022-03-14 15:33:13', '2022-03-14 15:33:13'),
(1413, 840, 'OR', NULL, 'Oregon', NULL, 1, '2022-03-14 15:33:13', '2022-03-14 15:33:13'),
(1414, 840, 'PW', NULL, 'Palau', NULL, 1, '2022-03-14 15:33:13', '2022-03-14 15:33:13'),
(1415, 840, 'PA', NULL, 'Pennsylvania', NULL, 1, '2022-03-14 15:33:13', '2022-03-14 15:33:13'),
(1416, 840, 'PR', NULL, 'Puerto Rico', NULL, 1, '2022-03-14 15:33:13', '2022-03-14 15:33:13'),
(1417, 840, 'RI', NULL, 'Rhode Island', NULL, 1, '2022-03-14 15:33:13', '2022-03-14 15:33:13'),
(1418, 840, 'SC', NULL, 'South Carolina', NULL, 1, '2022-03-14 15:33:13', '2022-03-14 15:33:13'),
(1419, 840, 'SD', NULL, 'South Dakota', NULL, 1, '2022-03-14 15:33:13', '2022-03-14 15:33:13'),
(1420, 840, 'TN', NULL, 'Tennessee', NULL, 1, '2022-03-14 15:33:13', '2022-03-14 15:33:13'),
(1421, 840, 'TX', NULL, 'Texas', NULL, 1, '2022-03-14 15:33:13', '2022-03-14 15:33:13'),
(1422, 840, 'UT', NULL, 'Utah', NULL, 1, '2022-03-14 15:33:13', '2022-03-14 15:33:13'),
(1423, 840, 'VT', NULL, 'Vermont', NULL, 1, '2022-03-14 15:33:13', '2022-03-14 15:33:13'),
(1424, 840, 'VI', NULL, 'Virgin Islands', NULL, 1, '2022-03-14 15:33:13', '2022-03-14 15:33:13'),
(1425, 840, 'VA', NULL, 'Virginia', NULL, 1, '2022-03-14 15:33:13', '2022-03-14 15:33:13'),
(1426, 840, 'WA', NULL, 'Washington', NULL, 1, '2022-03-14 15:33:13', '2022-03-14 15:33:13'),
(1427, 840, 'WV', NULL, 'West Virginia', NULL, 1, '2022-03-14 15:33:13', '2022-03-14 15:33:13'),
(1428, 840, 'WI', NULL, 'Wisconsin', NULL, 1, '2022-03-14 15:33:13', '2022-03-14 15:33:13'),
(1429, 840, 'WY', NULL, 'Wyoming', NULL, 1, '2022-03-14 15:33:13', '2022-03-14 15:33:13'),
(1430, 704, '44', NULL, 'An Giang', NULL, 1, '2022-03-14 15:33:13', '2022-03-14 15:33:13'),
(1431, 704, '43', NULL, 'Ba Ria - Vung Tau', NULL, 1, '2022-03-14 15:33:13', '2022-03-14 15:33:13'),
(1432, 704, '53', NULL, 'Bac Can', NULL, 1, '2022-03-14 15:33:13', '2022-03-14 15:33:13'),
(1433, 704, '54', NULL, 'Bac Giang', NULL, 1, '2022-03-14 15:33:13', '2022-03-14 15:33:13'),
(1434, 704, '55', NULL, 'Bac Lieu', NULL, 1, '2022-03-14 15:33:13', '2022-03-14 15:33:13'),
(1435, 704, '56', NULL, 'Bac Ninh', NULL, 1, '2022-03-14 15:33:13', '2022-03-14 15:33:13'),
(1436, 704, '50', NULL, 'Ben Tre', NULL, 1, '2022-03-14 15:33:13', '2022-03-14 15:33:13'),
(1437, 704, '31', NULL, 'Binh Dinh', NULL, 1, '2022-03-14 15:33:13', '2022-03-14 15:33:13'),
(1438, 704, '57', NULL, 'Binh Duong', NULL, 1, '2022-03-14 15:33:13', '2022-03-14 15:33:13'),
(1439, 704, '58', NULL, 'Binh Phuoc', NULL, 1, '2022-03-14 15:33:13', '2022-03-14 15:33:13'),
(1440, 704, '40', NULL, 'Binh Thuan', NULL, 1, '2022-03-14 15:33:13', '2022-03-14 15:33:13'),
(1441, 704, '59', NULL, 'Ca Mau', NULL, 1, '2022-03-14 15:33:13', '2022-03-14 15:33:13'),
(1442, 704, 'CT', NULL, 'Can Tho', NULL, 1, '2022-03-14 15:33:13', '2022-03-14 15:33:13'),
(1443, 704, '4', NULL, 'Cao Bang', NULL, 1, '2022-03-14 15:33:13', '2022-03-14 15:33:13'),
(1444, 704, 'DN', NULL, 'Da Nang', NULL, 1, '2022-03-14 15:33:13', '2022-03-14 15:33:13'),
(1445, 704, '60', NULL, 'Da Nang, thanh pho', NULL, 1, '2022-03-14 15:33:13', '2022-03-14 15:33:13'),
(1446, 704, '33', NULL, 'Dac Lac', NULL, 1, '2022-03-14 15:33:13', '2022-03-14 15:33:13'),
(1447, 704, '72', NULL, 'Dak Nong', NULL, 1, '2022-03-14 15:33:13', '2022-03-14 15:33:13'),
(1448, 704, '71', NULL, 'Dien Bien', NULL, 1, '2022-03-14 15:33:13', '2022-03-14 15:33:13'),
(1449, 704, '39', NULL, 'Dong Nai', NULL, 1, '2022-03-14 15:33:13', '2022-03-14 15:33:13'),
(1450, 704, '45', NULL, 'Dong Thap', NULL, 1, '2022-03-14 15:33:13', '2022-03-14 15:33:13'),
(1451, 704, '30', NULL, 'Gia Lai', NULL, 1, '2022-03-14 15:33:13', '2022-03-14 15:33:13'),
(1452, 704, '3', NULL, 'Ha Giang', NULL, 1, '2022-03-14 15:33:13', '2022-03-14 15:33:13'),
(1453, 704, '63', NULL, 'Ha Nam', NULL, 1, '2022-03-14 15:33:13', '2022-03-14 15:33:13'),
(1454, 704, 'HN', NULL, 'Ha Noi', NULL, 1, '2022-03-14 15:33:13', '2022-03-14 15:33:13'),
(1455, 704, '15', NULL, 'Ha Tay', NULL, 1, '2022-03-14 15:33:13', '2022-03-14 15:33:13'),
(1456, 704, '23', NULL, 'Ha Tinh', NULL, 1, '2022-03-14 15:33:13', '2022-03-14 15:33:13'),
(1457, 704, '61', NULL, 'Hai Duong', NULL, 1, '2022-03-14 15:33:13', '2022-03-14 15:33:13'),
(1458, 704, 'HP', NULL, 'Hai Phong', NULL, 1, '2022-03-14 15:33:13', '2022-03-14 15:33:13'),
(1459, 704, '62', NULL, 'Hai Phong, thanh pho', NULL, 1, '2022-03-14 15:33:13', '2022-03-14 15:33:13'),
(1460, 704, '73', NULL, 'Hau Giang', NULL, 1, '2022-03-14 15:33:13', '2022-03-14 15:33:13'),
(1461, 704, 'SG', NULL, 'Ho Chi Minh', NULL, 1, '2022-03-14 15:33:13', '2022-03-14 15:33:13'),
(1462, 704, '14', NULL, 'Hoa Binh', NULL, 1, '2022-03-14 15:33:13', '2022-03-14 15:33:13'),
(1463, 704, '66', NULL, 'Hung Yen', NULL, 1, '2022-03-14 15:33:13', '2022-03-14 15:33:13'),
(1464, 704, '34', NULL, 'Khanh Hoa', NULL, 1, '2022-03-14 15:33:13', '2022-03-14 15:33:13'),
(1465, 704, '47', NULL, 'Kien Giang', NULL, 1, '2022-03-14 15:33:13', '2022-03-14 15:33:13'),
(1466, 704, '28', NULL, 'Kon Tum', NULL, 1, '2022-03-14 15:33:13', '2022-03-14 15:33:13'),
(1467, 704, '1', NULL, 'Lai Chau', NULL, 1, '2022-03-14 15:33:13', '2022-03-14 15:33:13'),
(1468, 704, '35', NULL, 'Lam Dong', NULL, 1, '2022-03-14 15:33:13', '2022-03-14 15:33:13'),
(1469, 704, '9', NULL, 'Lang Son', NULL, 1, '2022-03-14 15:33:13', '2022-03-14 15:33:13'),
(1470, 704, '2', NULL, 'Lao Cai', NULL, 1, '2022-03-14 15:33:13', '2022-03-14 15:33:13'),
(1471, 704, '41', NULL, 'Long An', NULL, 1, '2022-03-14 15:33:13', '2022-03-14 15:33:13'),
(1472, 704, '67', NULL, 'Nam Dinh', NULL, 1, '2022-03-14 15:33:13', '2022-03-14 15:33:13'),
(1473, 704, '22', NULL, 'Nghe An', NULL, 1, '2022-03-14 15:33:13', '2022-03-14 15:33:13'),
(1474, 704, '18', NULL, 'Ninh Binh', NULL, 1, '2022-03-14 15:33:13', '2022-03-14 15:33:13'),
(1475, 704, '36', NULL, 'Ninh Thuan', NULL, 1, '2022-03-14 15:33:13', '2022-03-14 15:33:13'),
(1476, 704, '68', NULL, 'Phu Tho', NULL, 1, '2022-03-14 15:33:13', '2022-03-14 15:33:13'),
(1477, 704, '32', NULL, 'Phu Yen', NULL, 1, '2022-03-14 15:33:13', '2022-03-14 15:33:13'),
(1478, 704, '24', NULL, 'Quang Binh', NULL, 1, '2022-03-14 15:33:13', '2022-03-14 15:33:13'),
(1479, 704, '27', NULL, 'Quang Nam', NULL, 1, '2022-03-14 15:33:13', '2022-03-14 15:33:13'),
(1480, 704, '29', NULL, 'Quang Ngai', NULL, 1, '2022-03-14 15:33:13', '2022-03-14 15:33:13'),
(1481, 704, '13', NULL, 'Quang Ninh', NULL, 1, '2022-03-14 15:33:13', '2022-03-14 15:33:13'),
(1482, 704, '25', NULL, 'Quang Tri', NULL, 1, '2022-03-14 15:33:13', '2022-03-14 15:33:13'),
(1483, 704, '52', NULL, 'Soc Trang', NULL, 1, '2022-03-14 15:33:13', '2022-03-14 15:33:13'),
(1484, 704, '5', NULL, 'Son La', NULL, 1, '2022-03-14 15:33:13', '2022-03-14 15:33:13'),
(1485, 704, '37', NULL, 'Tay Ninh', NULL, 1, '2022-03-14 15:33:13', '2022-03-14 15:33:13'),
(1486, 704, '20', NULL, 'Thai Binh', NULL, 1, '2022-03-14 15:33:13', '2022-03-14 15:33:13'),
(1487, 704, '69', NULL, 'Thai Nguyen', NULL, 1, '2022-03-14 15:33:13', '2022-03-14 15:33:13'),
(1488, 704, '21', NULL, 'Thanh Hoa', NULL, 1, '2022-03-14 15:33:13', '2022-03-14 15:33:13'),
(1489, 704, '26', NULL, 'Thua Thien-Hue', NULL, 1, '2022-03-14 15:33:13', '2022-03-14 15:33:13'),
(1490, 704, '46', NULL, 'Tien Giang', NULL, 1, '2022-03-14 15:33:13', '2022-03-14 15:33:13'),
(1491, 704, '51', NULL, 'Tra Vinh', NULL, 1, '2022-03-14 15:33:13', '2022-03-14 15:33:13'),
(1492, 704, '7', NULL, 'Tuyen Quang', NULL, 1, '2022-03-14 15:33:13', '2022-03-14 15:33:13'),
(1493, 704, '49', NULL, 'Vinh Long', NULL, 1, '2022-03-14 15:33:13', '2022-03-14 15:33:13'),
(1494, 704, '70', NULL, 'Vinh Yen', NULL, 1, '2022-03-14 15:33:13', '2022-03-14 15:33:13'),
(1495, 704, '6', NULL, 'Yen Bai', NULL, 1, '2022-03-14 15:33:13', '2022-03-14 15:33:13'),
(1496, 887, 'AD', NULL, '\'Adan', NULL, 1, '2022-03-14 15:33:13', '2022-03-14 15:33:13'),
(1497, 887, 'AM', NULL, '\'Amrān', NULL, 1, '2022-03-14 15:33:13', '2022-03-14 15:33:13'),
(1498, 887, 'AB', NULL, 'Abyan', NULL, 1, '2022-03-14 15:33:13', '2022-03-14 15:33:13'),
(1499, 887, 'BA', NULL, 'Al Bayḑā\'', NULL, 1, '2022-03-14 15:33:13', '2022-03-14 15:33:13'),
(1500, 887, 'JA', NULL, 'Al Jawf', NULL, 1, '2022-03-14 15:33:13', '2022-03-14 15:33:13'),
(1501, 887, 'MR', NULL, 'Al Mahrah', NULL, 1, '2022-03-14 15:33:13', '2022-03-14 15:33:13'),
(1502, 887, 'MW', NULL, 'Al Maḩwīt', NULL, 1, '2022-03-14 15:33:13', '2022-03-14 15:33:13'),
(1503, 887, 'HU', NULL, 'Al Ḩudaydah', NULL, 1, '2022-03-14 15:33:13', '2022-03-14 15:33:13'),
(1504, 887, 'DA', NULL, 'Aḑ Ḑāli\'', NULL, 1, '2022-03-14 15:33:13', '2022-03-14 15:33:13'),
(1505, 887, 'DH', NULL, 'Dhamār', NULL, 1, '2022-03-14 15:33:13', '2022-03-14 15:33:13'),
(1506, 887, 'IB', NULL, 'Ibb', NULL, 1, '2022-03-14 15:33:13', '2022-03-14 15:33:13'),
(1507, 887, 'LA', NULL, 'Laḩij', NULL, 1, '2022-03-14 15:33:13', '2022-03-14 15:33:13'),
(1508, 887, 'MA', NULL, 'Ma\'rib', NULL, 1, '2022-03-14 15:33:13', '2022-03-14 15:33:13'),
(1509, 887, 'RA', NULL, 'Raymah', NULL, 1, '2022-03-14 15:33:13', '2022-03-14 15:33:13'),
(1510, 887, 'SH', NULL, 'Shabwah', NULL, 1, '2022-03-14 15:33:13', '2022-03-14 15:33:13'),
(1511, 887, 'TA', NULL, 'Tāʻizz', NULL, 1, '2022-03-14 15:33:13', '2022-03-14 15:33:13'),
(1512, 887, 'SN', NULL, 'Şanʻā\'', NULL, 1, '2022-03-14 15:33:13', '2022-03-14 15:33:13'),
(1513, 887, 'SA', NULL, 'Şanʻā\'', NULL, 1, '2022-03-14 15:33:13', '2022-03-14 15:33:13'),
(1514, 887, 'SD', NULL, 'Şāʻdah', NULL, 1, '2022-03-14 15:33:13', '2022-03-14 15:33:13'),
(1515, 887, 'HJ', NULL, 'Ḩajjah', NULL, 1, '2022-03-14 15:33:13', '2022-03-14 15:33:13'),
(1516, 887, 'HD', NULL, 'Ḩaḑramawt', NULL, 1, '2022-03-14 15:33:13', '2022-03-14 15:33:13');

-- --------------------------------------------------------

--
-- Structură tabel pentru tabel `subscriptions`
--

CREATE TABLE `subscriptions` (
  `id` int UNSIGNED NOT NULL,
  `shop_id` int UNSIGNED NOT NULL,
  `name` varchar(255) COLLATE utf8_unicode_ci NOT NULL,
  `stripe_id` varchar(255) COLLATE utf8_unicode_ci DEFAULT NULL,
  `stripe_status` varchar(255) COLLATE utf8_unicode_ci DEFAULT NULL,
  `stripe_price` varchar(255) COLLATE utf8_unicode_ci DEFAULT NULL,
  `quantity` int DEFAULT '1',
  `trial_ends_at` timestamp NULL DEFAULT NULL,
  `ends_at` timestamp NULL DEFAULT NULL,
  `notification_sent_at` timestamp NULL DEFAULT NULL,
  `created_at` timestamp NULL DEFAULT NULL,
  `updated_at` timestamp NULL DEFAULT NULL
) ENGINE=InnoDB DEFAULT CHARSET=utf8mb3 COLLATE=utf8_unicode_ci;

--
-- Eliminarea datelor din tabel `subscriptions`
--

INSERT INTO `subscriptions` (`id`, `shop_id`, `name`, `stripe_id`, `stripe_status`, `stripe_price`, `quantity`, `trial_ends_at`, `ends_at`, `notification_sent_at`, `created_at`, `updated_at`) VALUES
(1, 1, 'Business', NULL, NULL, NULL, 1, NULL, NULL, NULL, '2022-03-14 15:33:22', '2022-03-14 15:33:22'),
(2, 2, 'Business', NULL, NULL, NULL, 1, NULL, NULL, NULL, '2022-03-14 15:33:22', '2022-03-14 15:33:22'),
(3, 3, 'Business', NULL, NULL, NULL, 1, NULL, NULL, NULL, '2022-03-14 15:33:22', '2022-03-14 15:33:22'),
(4, 4, 'Business', NULL, NULL, NULL, 1, NULL, NULL, NULL, '2022-03-14 15:33:22', '2022-03-14 15:33:22'),
(5, 5, 'Business', NULL, NULL, NULL, 1, NULL, NULL, NULL, '2022-03-14 15:33:22', '2022-03-14 15:33:22');

-- --------------------------------------------------------

--
-- Structură tabel pentru tabel `subscription_items`
--

CREATE TABLE `subscription_items` (
  `id` bigint UNSIGNED NOT NULL,
  `subscription_id` bigint UNSIGNED NOT NULL,
  `stripe_id` varchar(255) COLLATE utf8_unicode_ci NOT NULL,
  `stripe_product` varchar(255) COLLATE utf8_unicode_ci DEFAULT NULL,
  `stripe_price` varchar(255) COLLATE utf8_unicode_ci NOT NULL,
  `quantity` int DEFAULT NULL,
  `created_at` timestamp NULL DEFAULT NULL,
  `updated_at` timestamp NULL DEFAULT NULL
) ENGINE=InnoDB DEFAULT CHARSET=utf8mb3 COLLATE=utf8_unicode_ci;

-- --------------------------------------------------------

--
-- Structură tabel pentru tabel `subscription_plans`
--

CREATE TABLE `subscription_plans` (
  `name` varchar(255) COLLATE utf8_unicode_ci NOT NULL,
  `plan_id` varchar(255) COLLATE utf8_unicode_ci NOT NULL,
  `best_for` varchar(255) COLLATE utf8_unicode_ci DEFAULT NULL,
  `cost` decimal(8,2) NOT NULL DEFAULT '0.00',
  `transaction_fee` decimal(8,2) NOT NULL DEFAULT '0.00',
  `marketplace_commission` decimal(8,2) NOT NULL DEFAULT '0.00',
  `order_per_month` int DEFAULT NULL,
  `revenue_per_month` int DEFAULT NULL,
  `team_size` int NOT NULL DEFAULT '1',
  `inventory_limit` int NOT NULL DEFAULT '0',
  `featured` tinyint(1) NOT NULL DEFAULT '0',
  `order` int DEFAULT NULL,
  `deleted_at` timestamp NULL DEFAULT NULL,
  `created_at` timestamp NULL DEFAULT NULL,
  `updated_at` timestamp NULL DEFAULT NULL
) ENGINE=InnoDB DEFAULT CHARSET=utf8mb3 COLLATE=utf8_unicode_ci;

--
-- Eliminarea datelor din tabel `subscription_plans`
--

INSERT INTO `subscription_plans` (`name`, `plan_id`, `best_for`, `cost`, `transaction_fee`, `marketplace_commission`, `order_per_month`, `revenue_per_month`, `team_size`, `inventory_limit`, `featured`, `order`, `deleted_at`, `created_at`, `updated_at`) VALUES
('Business', 'price_1GyyRyJewI4n8wVFSRWlMSHy', NULL, '29.00', '1.90', '2.50', NULL, NULL, 5, 200, 1, 2, NULL, '2022-03-14 15:33:15', '2022-03-14 15:33:15'),
('Individual', 'price_1H1HUQJewI4n8wVFTnjx77Ws', NULL, '9.00', '2.50', '3.00', NULL, NULL, 1, 20, 0, 1, NULL, '2022-03-14 15:33:15', '2022-03-14 15:33:15'),
('Professional', 'price_1H1HW7JewI4n8wVFl8Ukknoz', NULL, '49.00', '1.00', '1.50', NULL, NULL, 10, 500, 0, 3, NULL, '2022-03-14 15:33:15', '2022-03-14 15:33:15');

-- --------------------------------------------------------

--
-- Structură tabel pentru tabel `suppliers`
--

CREATE TABLE `suppliers` (
  `id` int UNSIGNED NOT NULL,
  `shop_id` int UNSIGNED DEFAULT NULL,
  `name` varchar(255) COLLATE utf8_unicode_ci NOT NULL,
  `email` varchar(255) COLLATE utf8_unicode_ci DEFAULT NULL,
  `contact_person` varchar(255) COLLATE utf8_unicode_ci DEFAULT NULL,
  `url` text COLLATE utf8_unicode_ci,
  `description` longtext COLLATE utf8_unicode_ci,
  `active` tinyint(1) NOT NULL DEFAULT '1',
  `deleted_at` timestamp NULL DEFAULT NULL,
  `created_at` timestamp NULL DEFAULT NULL,
  `updated_at` timestamp NULL DEFAULT NULL
) ENGINE=InnoDB DEFAULT CHARSET=utf8mb3 COLLATE=utf8_unicode_ci;

--
-- Eliminarea datelor din tabel `suppliers`
--

INSERT INTO `suppliers` (`id`, `shop_id`, `name`, `email`, `contact_person`, `url`, `description`, `active`, `deleted_at`, `created_at`, `updated_at`) VALUES
(1, 1, 'Schuppe-Miller', 'howell82@yahoo.com', 'Michel Mayer I', 'https://hessel.com/voluptatum-explicabo-et-assumenda-excepturi.html', 'Et earum architecto omnis distinctio aut. Ullam consequuntur molestiae nulla rerum alias nihil. Quam autem nostrum sequi ducimus facilis. Doloribus amet ipsa sit id est. Dolorem quia nobis dolor eos. Ut sed id ab cum numquam repellendus. Omnis saepe ea sequi facere beatae voluptas. Enim doloremque magni suscipit quisquam et. Animi quos dolores assumenda voluptas sint et. Veritatis quaerat libero et et earum aut.', 1, NULL, '2022-03-14 15:33:25', '2022-03-14 15:33:25'),
(2, 5, 'Schaden Ltd', 'lorenza.towne@schamberger.info', 'Eloisa Klein', 'http://hauck.org/quidem-est-voluptatem-ullam-corrupti', 'Quaerat doloribus non at eum laboriosam. Voluptas et veniam neque dolorum dolorem ducimus. Non eaque sed architecto. Velit suscipit magni tempore eaque omnis qui est. Recusandae occaecati perspiciatis cupiditate a nemo. Molestias alias odit ipsum in beatae dolore nobis. Dolorum occaecati voluptas maiores eum voluptatem necessitatibus voluptas. Consequatur occaecati animi perferendis porro amet omnis quisquam.', 1, NULL, '2022-03-14 15:33:25', '2022-03-14 15:33:25'),
(3, 1, 'Kessler, Botsford and Dooley', 'reynold.oconnell@gmail.com', 'Garret Frami', 'https://kautzer.com/adipisci-numquam-ut-autem-molestiae-delectus-omnis.html', 'Sit cum molestiae consequuntur in doloribus non. Non praesentium commodi voluptatum et beatae. Voluptatem odio necessitatibus aut qui deleniti sint velit. Quae sit laudantium omnis quia ut eligendi. Quam sunt at dicta sequi qui reprehenderit ut. Iure sit rerum laborum ut ab accusantium. Itaque iure adipisci et ratione ea blanditiis. Maxime harum iure maxime corrupti voluptas error dolorum.', 1, NULL, '2022-03-14 15:33:25', '2022-03-14 15:33:25'),
(4, 1, 'Torphy-Bosco', 'stella.lebsack@reynolds.org', 'Elias Jenkins', 'https://www.schoen.com/atque-veritatis-hic-omnis-nulla-impedit-quis-aliquid', 'Impedit veniam quia nobis possimus amet mollitia non excepturi. Deleniti sint pariatur omnis provident accusantium expedita deserunt. Atque laudantium adipisci sequi error repudiandae. Quia nam pariatur voluptate saepe. Cum sapiente voluptas consectetur recusandae. Quo fuga ad voluptas. Aut molestiae corrupti assumenda quo placeat et quibusdam accusamus. Eveniet molestiae facere dolorem voluptates.', 1, NULL, '2022-03-14 15:33:25', '2022-03-14 15:33:25'),
(5, 5, 'Lesch LLC', 'wisozk.antonietta@lubowitz.com', 'Armani Sanford', 'http://bergstrom.com/dolor-ad-facilis-a-repellendus.html', 'Quae sed aliquam magni minus natus ullam voluptatem. Inventore deleniti molestiae hic eos nesciunt aut. Aut et totam officia quis qui nulla accusamus. Dolor laudantium nostrum deserunt quo beatae a suscipit vero. Commodi velit autem eum ut quia fuga. Sit porro voluptas similique modi. Occaecati optio beatae maiores sed nesciunt in velit. Dolores cupiditate enim consequuntur dignissimos tempora debitis voluptates. Perferendis ipsam qui cum tempore consectetur officiis odio.', 1, NULL, '2022-03-14 15:33:25', '2022-03-14 15:33:25');

-- --------------------------------------------------------

--
-- Structură tabel pentru tabel `systems`
--

CREATE TABLE `systems` (
  `id` int UNSIGNED NOT NULL,
  `maintenance_mode` tinyint(1) DEFAULT NULL,
  `install_verion` varchar(255) COLLATE utf8_unicode_ci DEFAULT NULL,
  `name` varchar(255) COLLATE utf8_unicode_ci NOT NULL DEFAULT 'Marketplace',
  `slogan` text COLLATE utf8_unicode_ci,
  `legal_name` text COLLATE utf8_unicode_ci,
  `email` varchar(255) COLLATE utf8_unicode_ci DEFAULT NULL,
  `worldwide_business_area` tinyint(1) DEFAULT '1',
  `timezone_id` int NOT NULL DEFAULT '35',
  `currency_id` int NOT NULL DEFAULT '148',
  `default_language` varchar(3) COLLATE utf8_unicode_ci NOT NULL DEFAULT 'en',
  `vendor_can_view_customer_info` tinyint(1) DEFAULT '0',
  `can_use_own_catalog_only` tinyint(1) DEFAULT '0',
  `google_analytic_report` tinyint(1) DEFAULT '0',
  `required_card_upfront` tinyint(1) DEFAULT '1',
  `vendor_needs_approval` tinyint(1) DEFAULT '1',
  `vendor_order_cancellation_fee` decimal(20,2) DEFAULT '0.00',
  `show_merchant_info_as_vendor` tinyint(1) NOT NULL DEFAULT '0',
  `trial_days` int DEFAULT NULL,
  `ask_customer_for_email_subscription` tinyint(1) DEFAULT '1',
  `can_cancel_order_within` int DEFAULT '0',
  `support_phone` varchar(255) COLLATE utf8_unicode_ci DEFAULT NULL,
  `support_phone_toll_free` varchar(255) COLLATE utf8_unicode_ci DEFAULT NULL,
  `support_email` varchar(255) COLLATE utf8_unicode_ci NOT NULL,
  `default_sender_email_address` varchar(255) COLLATE utf8_unicode_ci DEFAULT NULL,
  `default_email_sender_name` varchar(255) COLLATE utf8_unicode_ci DEFAULT NULL,
  `facebook_link` varchar(255) COLLATE utf8_unicode_ci DEFAULT NULL,
  `google_plus_link` varchar(255) COLLATE utf8_unicode_ci DEFAULT NULL,
  `twitter_link` varchar(255) COLLATE utf8_unicode_ci DEFAULT NULL,
  `pinterest_link` varchar(255) COLLATE utf8_unicode_ci DEFAULT NULL,
  `instagram_link` varchar(255) COLLATE utf8_unicode_ci DEFAULT NULL,
  `youtube_link` varchar(255) COLLATE utf8_unicode_ci DEFAULT NULL,
  `social_auth` tinyint(1) NOT NULL DEFAULT '1',
  `length_unit` varchar(255) COLLATE utf8_unicode_ci NOT NULL DEFAULT 'meter',
  `weight_unit` varchar(255) COLLATE utf8_unicode_ci NOT NULL DEFAULT 'g',
  `valume_unit` varchar(255) COLLATE utf8_unicode_ci NOT NULL DEFAULT 'liter',
  `decimals` enum('0','2','3','4','5','6') COLLATE utf8_unicode_ci NOT NULL DEFAULT '2',
  `show_currency_symbol` tinyint(1) NOT NULL DEFAULT '1',
  `show_space_after_symbol` tinyint(1) NOT NULL DEFAULT '1',
  `coupon_code_size` int NOT NULL DEFAULT '8',
  `gift_card_serial_number_size` int NOT NULL DEFAULT '13',
  `gift_card_pin_size` int NOT NULL DEFAULT '10',
  `active_theme` varchar(255) COLLATE utf8_unicode_ci NOT NULL DEFAULT 'default',
  `selling_theme` varchar(255) COLLATE utf8_unicode_ci NOT NULL DEFAULT 'default',
  `pagination` int UNSIGNED NOT NULL DEFAULT '10',
  `show_seo_info_to_frontend` tinyint(1) DEFAULT '1',
  `max_img_size_limit_kb` int NOT NULL DEFAULT '5000',
  `max_number_of_inventory_imgs` int UNSIGNED NOT NULL DEFAULT '10',
  `show_item_conditions` tinyint(1) DEFAULT '1',
  `address_default_country` int DEFAULT NULL,
  `address_default_state` int DEFAULT NULL,
  `show_address_title` tinyint(1) DEFAULT NULL,
  `address_show_country` tinyint(1) DEFAULT NULL,
  `address_show_map` tinyint(1) DEFAULT NULL,
  `allow_guest_checkout` tinyint(1) DEFAULT '1',
  `auto_approve_order` tinyint(1) DEFAULT '0',
  `notify_when_vendor_registered` tinyint(1) DEFAULT '1',
  `notify_when_dispute_appealed` tinyint(1) DEFAULT '1',
  `notify_new_message` tinyint(1) DEFAULT NULL,
  `notify_new_ticket` tinyint(1) DEFAULT '1',
  `enable_chat` tinyint(1) DEFAULT '1',
  `digital_goods_only` tinyint(1) DEFAULT '0',
  `is_multi_vendor` tinyint(1) DEFAULT '1',
  `max_role_level` int UNSIGNED NOT NULL DEFAULT '99',
  `created_at` timestamp NULL DEFAULT NULL,
  `updated_at` timestamp NULL DEFAULT NULL
) ENGINE=InnoDB DEFAULT CHARSET=utf8mb3 COLLATE=utf8_unicode_ci;

--
-- Eliminarea datelor din tabel `systems`
--

INSERT INTO `systems` (`id`, `maintenance_mode`, `install_verion`, `name`, `slogan`, `legal_name`, `email`, `worldwide_business_area`, `timezone_id`, `currency_id`, `default_language`, `vendor_can_view_customer_info`, `can_use_own_catalog_only`, `google_analytic_report`, `required_card_upfront`, `vendor_needs_approval`, `vendor_order_cancellation_fee`, `show_merchant_info_as_vendor`, `trial_days`, `ask_customer_for_email_subscription`, `can_cancel_order_within`, `support_phone`, `support_phone_toll_free`, `support_email`, `default_sender_email_address`, `default_email_sender_name`, `facebook_link`, `google_plus_link`, `twitter_link`, `pinterest_link`, `instagram_link`, `youtube_link`, `social_auth`, `length_unit`, `weight_unit`, `valume_unit`, `decimals`, `show_currency_symbol`, `show_space_after_symbol`, `coupon_code_size`, `gift_card_serial_number_size`, `gift_card_pin_size`, `active_theme`, `selling_theme`, `pagination`, `show_seo_info_to_frontend`, `max_img_size_limit_kb`, `max_number_of_inventory_imgs`, `show_item_conditions`, `address_default_country`, `address_default_state`, `show_address_title`, `address_show_country`, `address_show_map`, `allow_guest_checkout`, `auto_approve_order`, `notify_when_vendor_registered`, `notify_when_dispute_appealed`, `notify_new_message`, `notify_new_ticket`, `enable_chat`, `digital_goods_only`, `is_multi_vendor`, `max_role_level`, `created_at`, `updated_at`) VALUES
(1, NULL, '2.5.1', 'zCart', NULL, 'Zcart Inc.', 'notify@demo.com', 1, 35, 148, 'en', 0, 0, 0, NULL, 1, '0.00', 0, 13, 1, 0, NULL, NULL, 'support@demo.com', NULL, NULL, 'https://www.facebook.com/', 'https://plus.google.com/', 'https://twitter.com/', 'https://www.pinterest.com/', 'https://www.instagram.com/', 'https://www.youtube.com/', 1, 'cm', 'gm', 'liter', '2', 1, 0, 8, 13, 10, 'default', 'default', 10, 1, 5000, 10, 1, 840, 453, NULL, 1, 1, 1, 0, 1, 1, NULL, 1, 1, 0, 1, 99, '2022-03-14 15:33:13', '2022-03-14 15:33:13');

-- --------------------------------------------------------

--
-- Structură tabel pentru tabel `taggables`
--

CREATE TABLE `taggables` (
  `tag_id` int UNSIGNED NOT NULL,
  `taggable_id` int UNSIGNED NOT NULL,
  `taggable_type` varchar(255) COLLATE utf8_unicode_ci NOT NULL
) ENGINE=InnoDB DEFAULT CHARSET=utf8mb3 COLLATE=utf8_unicode_ci;

--
-- Eliminarea datelor din tabel `taggables`
--

INSERT INTO `taggables` (`tag_id`, `taggable_id`, `taggable_type`) VALUES
(23, 2, 'App\\Models\\Blog'),
(3, 2, 'App\\Models\\Blog'),
(25, 2, 'App\\Models\\Blog'),
(14, 2, 'App\\Models\\Blog'),
(21, 2, 'App\\Models\\Blog'),
(6, 2, 'App\\Models\\Blog'),
(1, 2, 'App\\Models\\Blog'),
(28, 1, 'App\\Models\\Blog'),
(15, 1, 'App\\Models\\Blog'),
(9, 1, 'App\\Models\\Blog'),
(20, 1, 'App\\Models\\Blog'),
(2, 5, 'App\\Models\\Blog'),
(27, 5, 'App\\Models\\Blog'),
(20, 5, 'App\\Models\\Blog'),
(23, 5, 'App\\Models\\Blog'),
(29, 5, 'App\\Models\\Blog'),
(21, 5, 'App\\Models\\Blog'),
(13, 4, 'App\\Models\\Blog'),
(12, 3, 'App\\Models\\Blog'),
(3, 3, 'App\\Models\\Blog'),
(20, 3, 'App\\Models\\Blog'),
(3, 6, 'App\\Models\\Blog'),
(11, 6, 'App\\Models\\Blog'),
(27, 6, 'App\\Models\\Blog'),
(11, 6, 'App\\Models\\Blog'),
(8, 6, 'App\\Models\\Blog');

-- --------------------------------------------------------

--
-- Structură tabel pentru tabel `tags`
--

CREATE TABLE `tags` (
  `id` int UNSIGNED NOT NULL,
  `name` varchar(255) COLLATE utf8_unicode_ci NOT NULL,
  `created_at` timestamp NULL DEFAULT NULL,
  `updated_at` timestamp NULL DEFAULT NULL
) ENGINE=InnoDB DEFAULT CHARSET=utf8mb3 COLLATE=utf8_unicode_ci;

--
-- Eliminarea datelor din tabel `tags`
--

INSERT INTO `tags` (`id`, `name`, `created_at`, `updated_at`) VALUES
(1, 'ipsa', '2022-03-14 15:33:37', '2022-03-14 15:33:37'),
(2, 'voluptas', '2022-03-14 15:33:37', '2022-03-14 15:33:37'),
(3, 'explicabo', '2022-03-14 15:33:37', '2022-03-14 15:33:37'),
(4, 'et', '2022-03-14 15:33:37', '2022-03-14 15:33:37'),
(5, 'quasi', '2022-03-14 15:33:37', '2022-03-14 15:33:37'),
(6, 'aspernatur', '2022-03-14 15:33:37', '2022-03-14 15:33:37'),
(7, 'quod', '2022-03-14 15:33:37', '2022-03-14 15:33:37'),
(8, 'nobis', '2022-03-14 15:33:37', '2022-03-14 15:33:37'),
(9, 'autem', '2022-03-14 15:33:37', '2022-03-14 15:33:37'),
(10, 'ea', '2022-03-14 15:33:37', '2022-03-14 15:33:37'),
(11, 'fugit', '2022-03-14 15:33:37', '2022-03-14 15:33:37'),
(12, 'dolore', '2022-03-14 15:33:37', '2022-03-14 15:33:37'),
(13, 'nihil', '2022-03-14 15:33:37', '2022-03-14 15:33:37'),
(14, 'est', '2022-03-14 15:33:37', '2022-03-14 15:33:37'),
(15, 'voluptatem', '2022-03-14 15:33:37', '2022-03-14 15:33:37'),
(16, 'rerum', '2022-03-14 15:33:37', '2022-03-14 15:33:37'),
(17, 'dicta', '2022-03-14 15:33:37', '2022-03-14 15:33:37'),
(18, 'neque', '2022-03-14 15:33:37', '2022-03-14 15:33:37'),
(19, 'quos', '2022-03-14 15:33:37', '2022-03-14 15:33:37'),
(20, 'blanditiis', '2022-03-14 15:33:37', '2022-03-14 15:33:37'),
(21, 'in', '2022-03-14 15:33:37', '2022-03-14 15:33:37'),
(22, 'modi', '2022-03-14 15:33:37', '2022-03-14 15:33:37'),
(23, 'minima', '2022-03-14 15:33:37', '2022-03-14 15:33:37'),
(24, 'a', '2022-03-14 15:33:37', '2022-03-14 15:33:37'),
(25, 'fugiat', '2022-03-14 15:33:37', '2022-03-14 15:33:37'),
(26, 'soluta', '2022-03-14 15:33:37', '2022-03-14 15:33:37'),
(27, 'a', '2022-03-14 15:33:37', '2022-03-14 15:33:37'),
(28, 'rerum', '2022-03-14 15:33:37', '2022-03-14 15:33:37'),
(29, 'aliquam', '2022-03-14 15:33:37', '2022-03-14 15:33:37'),
(30, 'quia', '2022-03-14 15:33:37', '2022-03-14 15:33:37');

-- --------------------------------------------------------

--
-- Structură tabel pentru tabel `taxes`
--

CREATE TABLE `taxes` (
  `id` int UNSIGNED NOT NULL,
  `shop_id` int UNSIGNED DEFAULT NULL,
  `name` varchar(255) COLLATE utf8_unicode_ci NOT NULL,
  `taxrate` decimal(20,6) NOT NULL DEFAULT '0.000000',
  `country_id` int UNSIGNED DEFAULT NULL,
  `state_id` int UNSIGNED DEFAULT NULL,
  `public` tinyint(1) DEFAULT NULL,
  `active` tinyint(1) NOT NULL DEFAULT '1',
  `deleted_at` timestamp NULL DEFAULT NULL,
  `created_at` timestamp NULL DEFAULT NULL,
  `updated_at` timestamp NULL DEFAULT NULL
) ENGINE=InnoDB DEFAULT CHARSET=utf8mb3 COLLATE=utf8_unicode_ci;

--
-- Eliminarea datelor din tabel `taxes`
--

INSERT INTO `taxes` (`id`, `shop_id`, `name`, `taxrate`, `country_id`, `state_id`, `public`, `active`, `deleted_at`, `created_at`, `updated_at`) VALUES
(1, NULL, '- No tax -', '0.000000', NULL, NULL, 1, 1, NULL, '2022-03-14 15:33:15', '2022-03-14 15:33:15'),
(2, 5, 'quos 2.35%', '2.347900', 304, NULL, NULL, 1, NULL, '2022-03-14 15:33:30', '2022-03-14 15:33:30'),
(3, 2, 'vitae 5.37%', '5.370000', 50, 67, NULL, 1, NULL, '2022-03-14 15:33:30', '2022-03-14 15:33:30'),
(4, 3, 'non 6%', '6.000000', 702, 1181, NULL, 1, NULL, '2022-03-14 15:33:30', '2022-03-14 15:33:30'),
(5, 2, 'tempora 3.37%', '3.366007', 826, 540, NULL, 1, NULL, '2022-03-14 15:33:30', '2022-03-14 15:33:30'),
(6, 5, 'nihil 3.56%', '3.555319', 598, NULL, NULL, 1, NULL, '2022-03-14 15:33:30', '2022-03-14 15:33:30');

-- --------------------------------------------------------

--
-- Structură tabel pentru tabel `tickets`
--

CREATE TABLE `tickets` (
  `id` bigint UNSIGNED NOT NULL,
  `shop_id` int UNSIGNED DEFAULT NULL,
  `user_id` bigint UNSIGNED DEFAULT NULL,
  `category_id` int UNSIGNED DEFAULT NULL,
  `subject` varchar(255) COLLATE utf8_unicode_ci DEFAULT NULL,
  `message` longtext COLLATE utf8_unicode_ci,
  `assigned_to` bigint UNSIGNED DEFAULT NULL,
  `status` int UNSIGNED NOT NULL DEFAULT '1',
  `priority` int UNSIGNED NOT NULL DEFAULT '1',
  `deleted_at` timestamp NULL DEFAULT NULL,
  `created_at` timestamp NULL DEFAULT NULL,
  `updated_at` timestamp NULL DEFAULT NULL
) ENGINE=InnoDB DEFAULT CHARSET=utf8mb3 COLLATE=utf8_unicode_ci;

--
-- Eliminarea datelor din tabel `tickets`
--

INSERT INTO `tickets` (`id`, `shop_id`, `user_id`, `category_id`, `subject`, `message`, `assigned_to`, `status`, `priority`, `deleted_at`, `created_at`, `updated_at`) VALUES
(1, 3, 3, 4, 'Numquam qui omnis quas modi.', 'Eligendi doloremque qui alias illo. Delectus omnis corrupti delectus.', NULL, 2, 3, NULL, '2022-03-08 15:33:38', '2022-03-14 15:33:38'),
(2, 5, 3, 2, 'Vel asperiores qui debitis numquam dolorem est aut.', 'Excepturi ex suscipit et ut at. Et reprehenderit qui pariatur modi. Perferendis et autem ut aut nihil ut officiis. Nesciunt delectus id reprehenderit adipisci blanditiis pariatur ut.', NULL, 3, 3, NULL, '2022-03-01 15:33:38', '2022-03-14 15:33:38'),
(3, 5, 3, 1, 'Non quibusdam sunt est nesciunt ratione nihil recusandae.', 'Dolor qui laudantium at dolorem praesentium reiciendis. Est distinctio aperiam quaerat. Excepturi voluptatem esse nostrum totam a tenetur in dolor. Non amet sequi magnam excepturi veritatis.', NULL, 5, 1, NULL, '2022-03-11 15:33:38', '2022-03-14 15:33:38'),
(4, 3, 3, 4, 'Corrupti alias sit vel harum harum.', 'Ut consectetur suscipit quia. Sunt sed minus illum illo repellendus ullam. Animi et sunt omnis eos porro veniam.', NULL, 6, 2, NULL, '2022-03-12 15:33:38', '2022-03-14 15:33:38'),
(5, 2, 3, 4, 'Et est aliquid necessitatibus dolores qui ab unde.', 'Qui tempora ut atque et omnis vitae. Nisi quia explicabo perspiciatis eum. Est ratione architecto provident aut voluptatem totam assumenda. Officia corporis optio minus sint.', NULL, 4, 3, NULL, '2022-03-08 15:33:38', '2022-03-14 15:33:38');

-- --------------------------------------------------------

--
-- Structură tabel pentru tabel `ticket_categories`
--

CREATE TABLE `ticket_categories` (
  `id` int UNSIGNED NOT NULL,
  `name` varchar(255) COLLATE utf8_unicode_ci NOT NULL
) ENGINE=InnoDB DEFAULT CHARSET=utf8mb3 COLLATE=utf8_unicode_ci;

--
-- Eliminarea datelor din tabel `ticket_categories`
--

INSERT INTO `ticket_categories` (`id`, `name`) VALUES
(1, 'General query'),
(2, 'Merchant support'),
(3, 'Technical support'),
(4, 'Webmaster');

-- --------------------------------------------------------

--
-- Structură tabel pentru tabel `timezones`
--

CREATE TABLE `timezones` (
  `id` int UNSIGNED NOT NULL,
  `value` varchar(255) COLLATE utf8_unicode_ci DEFAULT NULL,
  `abbr` varchar(255) COLLATE utf8_unicode_ci DEFAULT NULL,
  `offset` int DEFAULT NULL,
  `text` varchar(255) COLLATE utf8_unicode_ci DEFAULT NULL,
  `utc` varchar(255) COLLATE utf8_unicode_ci DEFAULT NULL,
  `dst` tinyint(1) DEFAULT '0',
  `created_at` timestamp NULL DEFAULT NULL,
  `updated_at` timestamp NULL DEFAULT NULL
) ENGINE=InnoDB DEFAULT CHARSET=utf8mb3 COLLATE=utf8_unicode_ci;

--
-- Eliminarea datelor din tabel `timezones`
--

INSERT INTO `timezones` (`id`, `value`, `abbr`, `offset`, `text`, `utc`, `dst`, `created_at`, `updated_at`) VALUES
(1, 'Dateline Standard Time', 'DST', -12, '(UTC-12:00) International Date Line West', 'Etc/GMT+12', 0, '2022-03-14 15:33:12', '2022-03-14 15:33:12'),
(2, 'UTC-11', 'U', -11, '(UTC-11:00) Coordinated Universal Time-11', 'Pacific/Midway', 0, '2022-03-14 15:33:12', '2022-03-14 15:33:12'),
(3, 'Hawaiian Standard Time', 'HST', -10, '(UTC-10:00) Hawaii', 'Pacific/Honolulu', 0, '2022-03-14 15:33:12', '2022-03-14 15:33:12'),
(4, 'Alaskan Standard Time', 'AKDT', -8, '(UTC-09:00) Alaska', 'America/Anchorage', 1, '2022-03-14 15:33:12', '2022-03-14 15:33:12'),
(5, 'Pacific Standard Time (Mexico)', 'PDT', -7, '(UTC-08:00) Baja California', 'America/Santa_Isabel', 1, '2022-03-14 15:33:12', '2022-03-14 15:33:12'),
(6, 'Pacific Standard Time', 'PDT', -7, '(UTC-08:00) Pacific Time (US & Canada)', 'America/Los_Angeles', 1, '2022-03-14 15:33:12', '2022-03-14 15:33:12'),
(7, 'US Mountain Standard Time', 'UMST', -7, '(UTC-07:00) Arizona', 'America/Phoenix', 0, '2022-03-14 15:33:12', '2022-03-14 15:33:12'),
(8, 'Mountain Standard Time (Mexico)', 'MDT', -6, '(UTC-07:00) Chihuahua, La Paz, Mazatlan', 'America/Chihuahua', 1, '2022-03-14 15:33:12', '2022-03-14 15:33:12'),
(9, 'Mountain Standard Time', 'MDT', -6, '(UTC-07:00) Mountain Time (US & Canada)', 'America/Denver', 1, '2022-03-14 15:33:12', '2022-03-14 15:33:12'),
(10, 'Central America Standard Time', 'CAST', -6, '(UTC-06:00) Central America', 'America/Guatemala', 0, '2022-03-14 15:33:12', '2022-03-14 15:33:12'),
(11, 'Central Standard Time', 'CDT', -5, '(UTC-06:00) Central Time (US & Canada)', 'America/Chicago', 1, '2022-03-14 15:33:12', '2022-03-14 15:33:12'),
(12, 'Central Standard Time (Mexico)', 'CDT', -5, '(UTC-06:00) Guadalajara, Mexico City, Monterrey', 'America/Mexico_City', 1, '2022-03-14 15:33:12', '2022-03-14 15:33:12'),
(13, 'Canada Central Standard Time', 'CCST', -6, '(UTC-06:00) Saskatchewan', 'America/Regina', 0, '2022-03-14 15:33:12', '2022-03-14 15:33:12'),
(14, 'SA Pacific Standard Time', 'SPST', -5, '(UTC-05:00) Bogota, Lima, Quito', 'America/Lima', 0, '2022-03-14 15:33:12', '2022-03-14 15:33:12'),
(15, 'Eastern Standard Time', 'EDT', -4, '(UTC-05:00) Eastern Time (US & Canada)', 'America/New_York', 1, '2022-03-14 15:33:12', '2022-03-14 15:33:12'),
(16, 'US Eastern Standard Time', 'UEDT', -4, '(UTC-05:00) Indiana (East)', 'America/Indianapolis', 1, '2022-03-14 15:33:12', '2022-03-14 15:33:12'),
(17, 'Venezuela Standard Time', 'VST', -5, '(UTC-04:30) Caracas', 'America/Caracas', 0, '2022-03-14 15:33:12', '2022-03-14 15:33:12'),
(18, 'Paraguay Standard Time', 'PST', -4, '(UTC-04:00) Asuncion', 'America/Asuncion', 0, '2022-03-14 15:33:12', '2022-03-14 15:33:12'),
(19, 'Atlantic Standard Time', 'ADT', -3, '(UTC-04:00) Atlantic Time (Canada)', 'Atlantic/Bermuda', 1, '2022-03-14 15:33:12', '2022-03-14 15:33:12'),
(20, 'Central Brazilian Standard Time', 'CBST', -4, '(UTC-04:00) Cuiaba', 'America/Cuiaba', 0, '2022-03-14 15:33:12', '2022-03-14 15:33:12'),
(21, 'SA Western Standard Time', 'SWST', -4, '(UTC-04:00) Georgetown, La Paz, Manaus, San Juan', 'America/Aruba', 0, '2022-03-14 15:33:12', '2022-03-14 15:33:12'),
(22, 'Pacific SA Standard Time', 'PSST', -4, '(UTC-04:00) Santiago', 'America/Santiago', 0, '2022-03-14 15:33:12', '2022-03-14 15:33:12'),
(23, 'Newfoundland Standard Time', 'NDT', -3, '(UTC-03:30) Newfoundland', 'America/St_Johns', 1, '2022-03-14 15:33:12', '2022-03-14 15:33:12'),
(24, 'E. South America Standard Time', 'ESAST', -3, '(UTC-03:00) Brasilia', 'America/Sao_Paulo', 0, '2022-03-14 15:33:12', '2022-03-14 15:33:12'),
(25, 'Argentina Standard Time', 'AST', -3, '(UTC-03:00) Buenos Aires', 'America/Buenos_Aires', 0, '2022-03-14 15:33:12', '2022-03-14 15:33:12'),
(26, 'SA Eastern Standard Time', 'SEST', -3, '(UTC-03:00) Cayenne, Fortaleza', 'America/Cayenne', 0, '2022-03-14 15:33:12', '2022-03-14 15:33:12'),
(27, 'Greenland Standard Time', 'GDT', -2, '(UTC-03:00) Greenland', 'America/Godthab', 1, '2022-03-14 15:33:12', '2022-03-14 15:33:12'),
(28, 'Montevideo Standard Time', 'MST', -3, '(UTC-03:00) Montevideo', 'America/Montevideo', 0, '2022-03-14 15:33:12', '2022-03-14 15:33:12'),
(29, 'Bahia Standard Time', 'BST', -3, '(UTC-03:00) Salvador', 'America/Bahia', 0, '2022-03-14 15:33:12', '2022-03-14 15:33:12'),
(30, 'UTC-02', 'U', -2, '(UTC-02:00) Coordinated Universal Time-02', 'America/Noronha', 0, '2022-03-14 15:33:12', '2022-03-14 15:33:12'),
(31, 'Azores Standard Time', 'ADT', 0, '(UTC-01:00) Azores', 'Atlantic/Azores', 1, '2022-03-14 15:33:12', '2022-03-14 15:33:12'),
(32, 'Cape Verde Standard Time', 'CVST', -1, '(UTC-01:00) Cape Verde Is.', 'Atlantic/Cape_Verde', 0, '2022-03-14 15:33:12', '2022-03-14 15:33:12'),
(33, 'Morocco Standard Time', 'MDT', 1, '(UTC) Casablanca', 'Africa/Casablanca', 1, '2022-03-14 15:33:12', '2022-03-14 15:33:12'),
(34, 'UTC', 'CUT', 0, '(UTC) Coordinated Universal Time', 'America/Danmarkshavn', 0, '2022-03-14 15:33:12', '2022-03-14 15:33:12'),
(35, 'GMT Standard Time', 'GDT', 1, '(UTC) Dublin, Edinburgh, Lisbon, London', 'Europe/London', 1, '2022-03-14 15:33:12', '2022-03-14 15:33:12'),
(36, 'Greenwich Standard Time', 'GST', 0, '(UTC) Monrovia, Reykjavik', 'Africa/Monrovia', 0, '2022-03-14 15:33:12', '2022-03-14 15:33:12'),
(37, 'W. Europe Standard Time', 'WEDT', 2, '(UTC+01:00) Amsterdam, Berlin, Bern, Rome, Stockholm, Vienna', 'Europe/Amsterdam', 1, '2022-03-14 15:33:12', '2022-03-14 15:33:12'),
(38, 'Central Europe Standard Time', 'CEDT', 2, '(UTC+01:00) Belgrade, Bratislava, Budapest, Ljubljana, Prague', 'Europe/Budapest', 1, '2022-03-14 15:33:12', '2022-03-14 15:33:12'),
(39, 'Romance Standard Time', 'RDT', 2, '(UTC+01:00) Brussels, Copenhagen, Madrid, Paris', 'Europe/Paris', 1, '2022-03-14 15:33:12', '2022-03-14 15:33:12'),
(40, 'Central European Standard Time', 'CEDT', 2, '(UTC+01:00) Sarajevo, Skopje, Warsaw, Zagreb', 'Europe/Warsaw', 1, '2022-03-14 15:33:12', '2022-03-14 15:33:12'),
(41, 'W. Central Africa Standard Time', 'WCAST', 1, '(UTC+01:00) West Central Africa', 'Africa/Lagos', 0, '2022-03-14 15:33:12', '2022-03-14 15:33:12'),
(42, 'Namibia Standard Time', 'NST', 1, '(UTC+01:00) Windhoek', 'Africa/Windhoek', 0, '2022-03-14 15:33:12', '2022-03-14 15:33:12'),
(43, 'GTB Standard Time', 'GDT', 3, '(UTC+02:00) Athens, Bucharest, Chisinau, Nicosia', 'Europe/Athens', 1, '2022-03-14 15:33:12', '2022-03-14 15:33:12'),
(44, 'Middle East Standard Time', 'MEDT', 3, '(UTC+02:00) Beirut', 'Asia/Beirut', 1, '2022-03-14 15:33:12', '2022-03-14 15:33:12'),
(45, 'Egypt Standard Time', 'EST', 2, '(UTC+02:00) Cairo', 'Africa/Cairo', 0, '2022-03-14 15:33:12', '2022-03-14 15:33:12'),
(46, 'Syria Standard Time', 'SDT', 3, '(UTC+02:00) Damascus', 'Asia/Damascus', 1, '2022-03-14 15:33:12', '2022-03-14 15:33:12'),
(47, 'South Africa Standard Time', 'SAST', 2, '(UTC+02:00) Harare, Pretoria, Johannesburg, Bujumbura', 'Africa/Harare', 0, '2022-03-14 15:33:12', '2022-03-14 15:33:12'),
(48, 'FLE Standard Time', 'FDT', 3, '(UTC+02:00) Helsinki, Kyiv, Riga, Sofia, Tallinn, Vilnius', 'Europe/Helsinki', 1, '2022-03-14 15:33:12', '2022-03-14 15:33:12'),
(49, 'Turkey Standard Time', 'TDT', 3, '(UTC+02:00) Istanbul', 'Europe/Istanbul', 1, '2022-03-14 15:33:12', '2022-03-14 15:33:12'),
(50, 'Israel Standard Time', 'JDT', 3, '(UTC+02:00) Jerusalem', 'Asia/Jerusalem', 1, '2022-03-14 15:33:12', '2022-03-14 15:33:12'),
(51, 'Libya Standard Time', 'LST', 2, '(UTC+02:00) Tripoli', 'Africa/Tripoli', 0, '2022-03-14 15:33:12', '2022-03-14 15:33:12'),
(52, 'Jordan Standard Time', 'JST', 3, '(UTC+03:00) Amman', 'Asia/Amman', 0, '2022-03-14 15:33:12', '2022-03-14 15:33:12'),
(53, 'Arabic Standard Time', 'AST', 3, '(UTC+03:00) Baghdad', 'Asia/Baghdad', 0, '2022-03-14 15:33:12', '2022-03-14 15:33:12'),
(54, 'Kaliningrad Standard Time', 'KST', 3, '(UTC+03:00) Kaliningrad, Minsk', 'Europe/Kaliningrad', 0, '2022-03-14 15:33:12', '2022-03-14 15:33:12'),
(55, 'Arab Standard Time', 'AST', 3, '(UTC+03:00) Aden, Bahrain, Kuwait, Riyadh, Qatar', 'Asia/Qatar', 0, '2022-03-14 15:33:12', '2022-03-14 15:33:12'),
(56, 'E. Africa Standard Time', 'EAST', 3, '(UTC+03:00) Nairobi, Comoro, Juba', 'Africa/Nairobi', 0, '2022-03-14 15:33:12', '2022-03-14 15:33:12'),
(57, 'Iran Standard Time', 'IDT', 5, '(UTC+03:30) Tehran', 'Asia/Tehran', 1, '2022-03-14 15:33:12', '2022-03-14 15:33:12'),
(58, 'Arabian Standard Time', 'AST', 4, '(UTC+04:00) Abu Dhabi, Muscat', 'Asia/Dubai', 0, '2022-03-14 15:33:12', '2022-03-14 15:33:12'),
(59, 'Azerbaijan Standard Time', 'ADT', 5, '(UTC+04:00) Baku', 'Asia/Baku', 1, '2022-03-14 15:33:12', '2022-03-14 15:33:12'),
(60, 'Russian Standard Time', 'RST', 4, '(UTC+04:00) Samara, Moscow, St. Petersburg, Simferopol, Volgograd', 'Europe/Moscow', 0, '2022-03-14 15:33:12', '2022-03-14 15:33:12'),
(61, 'Mauritius Standard Time', 'MST', 4, '(UTC+04:00) Port Louis, Mauritius, Reunion, Mahe', 'Indian/Mauritius', 0, '2022-03-14 15:33:12', '2022-03-14 15:33:12'),
(62, 'Georgian Standard Time', 'GST', 4, '(UTC+04:00) Tbilisi', 'Asia/Tbilisi', 0, '2022-03-14 15:33:12', '2022-03-14 15:33:12'),
(63, 'Caucasus Standard Time', 'CST', 4, '(UTC+04:00) Yerevan', 'Asia/Yerevan', 0, '2022-03-14 15:33:12', '2022-03-14 15:33:12'),
(64, 'Afghanistan Standard Time', 'AST', 5, '(UTC+04:30) Kabul', 'Asia/Kabul', 0, '2022-03-14 15:33:12', '2022-03-14 15:33:12'),
(65, 'West Asia Standard Time', 'WAST', 5, '(UTC+05:00) Ashgabat, Dushanbe, Tashkent, Maldives', 'Asia/Tashkent', 0, '2022-03-14 15:33:12', '2022-03-14 15:33:12'),
(66, 'Pakistan Standard Time', 'PST', 5, '(UTC+05:00) Islamabad, Karachi', 'Asia/Karachi', 0, '2022-03-14 15:33:12', '2022-03-14 15:33:12'),
(67, 'India Standard Time', 'IST', 6, '(UTC+05:30) Chennai, Kolkata, Mumbai, New Delhi', 'Asia/Calcutta', 0, '2022-03-14 15:33:12', '2022-03-14 15:33:12'),
(68, 'Sri Lanka Standard Time', 'SLST', 6, '(UTC+05:30) Sri Jayawardenepura', 'Asia/Colombo', 0, '2022-03-14 15:33:12', '2022-03-14 15:33:12'),
(69, 'Nepal Standard Time', 'NST', 6, '(UTC+05:45) Kathmandu', 'Asia/Katmandu', 0, '2022-03-14 15:33:12', '2022-03-14 15:33:12'),
(70, 'Central Asia Standard Time', 'CAST', 6, '(UTC+06:00) Astana, Dhaka, Thimphu', 'Asia/Dhaka', 0, '2022-03-14 15:33:12', '2022-03-14 15:33:12'),
(71, 'Ekaterinburg Standard Time', 'EST', 6, '(UTC+06:00) Ekaterinburg', 'Asia/Yekaterinburg', 0, '2022-03-14 15:33:12', '2022-03-14 15:33:12'),
(72, 'Myanmar Standard Time', 'MST', 7, '(UTC+06:30) Yangon (Rangoon), Cocos', 'Asia/Rangoon', 0, '2022-03-14 15:33:12', '2022-03-14 15:33:12'),
(73, 'SE Asia Standard Time', 'SAST', 7, '(UTC+07:00) Bangkok, Hanoi, Jakarta, Saigon', 'Asia/Bangkok', 0, '2022-03-14 15:33:12', '2022-03-14 15:33:12'),
(74, 'N. Central Asia Standard Time', 'NCAST', 7, '(UTC+07:00) Novosibirsk', 'Asia/Novosibirsk', 0, '2022-03-14 15:33:12', '2022-03-14 15:33:12'),
(75, 'China Standard Time', 'CST', 8, '(UTC+08:00) Beijing, Chongqing, Hong Kong, Macau, Shanghai, Urumqi', 'Asia/Shanghai', 0, '2022-03-14 15:33:12', '2022-03-14 15:33:12'),
(76, 'North Asia Standard Time', 'NAST', 8, '(UTC+08:00) Krasnoyarsk', 'Asia/Krasnoyarsk', 0, '2022-03-14 15:33:12', '2022-03-14 15:33:12'),
(77, 'Singapore Standard Time', 'MPST', 8, '(UTC+08:00) Kuala Lumpur, Singapore, Brunei, Makassar, Manila', 'Asia/Singapore', 0, '2022-03-14 15:33:12', '2022-03-14 15:33:12'),
(78, 'W. Australia Standard Time', 'WAST', 8, '(UTC+08:00) Perth', 'Australia/Perth', 0, '2022-03-14 15:33:12', '2022-03-14 15:33:12'),
(79, 'Taipei Standard Time', 'TST', 8, '(UTC+08:00) Taipei', 'Asia/Taipei', 0, '2022-03-14 15:33:12', '2022-03-14 15:33:12'),
(80, 'Ulaanbaatar Standard Time', 'UST', 8, '(UTC+08:00) Ulaanbaatar', 'Asia/Ulaanbaatar', 0, '2022-03-14 15:33:12', '2022-03-14 15:33:12'),
(81, 'North Asia East Standard Time', 'NAEST', 9, '(UTC+09:00) Irkutsk', 'Asia/Irkutsk', 0, '2022-03-14 15:33:12', '2022-03-14 15:33:12'),
(82, 'Tokyo Standard Time', 'TST', 9, '(UTC+09:00) Dili, Osaka, Palau, Sapporo, Tokyo', 'Asia/Tokyo', 0, '2022-03-14 15:33:12', '2022-03-14 15:33:12'),
(83, 'Korea Standard Time', 'KST', 9, '(UTC+09:00) Pyongyang, Seoul', 'Asia/Seoul', 0, '2022-03-14 15:33:12', '2022-03-14 15:33:12'),
(84, 'Cen. Australia Standard Time', 'CAST', 10, '(UTC+09:30) Adelaide', 'Australia/Adelaide', 0, '2022-03-14 15:33:12', '2022-03-14 15:33:12'),
(85, 'AUS Central Standard Time', 'ACST', 10, '(UTC+09:30) Darwin', 'Australia/Darwin', 0, '2022-03-14 15:33:12', '2022-03-14 15:33:12'),
(86, 'E. Australia Standard Time', 'EAST', 10, '(UTC+10:00) Brisbane', 'Australia/Brisbane', 0, '2022-03-14 15:33:12', '2022-03-14 15:33:12'),
(87, 'AUS Eastern Standard Time', 'AEST', 10, '(UTC+10:00) Canberra, Melbourne, Sydney', 'Australia/Sydney', 0, '2022-03-14 15:33:12', '2022-03-14 15:33:12'),
(88, 'West Pacific Standard Time', 'WPST', 10, '(UTC+10:00) Guam, Port Moresby', 'Pacific/Guam', 0, '2022-03-14 15:33:12', '2022-03-14 15:33:12'),
(89, 'Tasmania Standard Time', 'TST', 10, '(UTC+10:00) Hobart', 'Australia/Hobart', 0, '2022-03-14 15:33:12', '2022-03-14 15:33:12'),
(90, 'Yakutsk Standard Time', 'YST', 10, '(UTC+10:00) Yakutsk', 'Asia/Yakutsk', 0, '2022-03-14 15:33:12', '2022-03-14 15:33:12'),
(91, 'Central Pacific Standard Time', 'CPST', 11, '(UTC+11:00) Solomon Is., New Caledonia', 'Pacific/Guadalcanal', 0, '2022-03-14 15:33:12', '2022-03-14 15:33:12'),
(92, 'Vladivostok Standard Time', 'VST', 11, '(UTC+11:00) Vladivostok', 'Asia/Vladivostok', 0, '2022-03-14 15:33:12', '2022-03-14 15:33:12'),
(93, 'New Zealand Standard Time', 'NZST', 12, '(UTC+12:00) Auckland, Wellington', 'Antarctica/McMurdo', 0, '2022-03-14 15:33:12', '2022-03-14 15:33:12'),
(94, 'UTC+12', 'U', 12, '(UTC+12:00) Coordinated Universal Time+12', 'Pacific/Tarawa', 0, '2022-03-14 15:33:12', '2022-03-14 15:33:12'),
(95, 'Fiji Standard Time', 'FST', 12, '(UTC+12:00) Fiji', 'Pacific/Fiji', 0, '2022-03-14 15:33:12', '2022-03-14 15:33:12'),
(96, 'Magadan Standard Time', 'MST', 12, '(UTC+12:00) Magadan', 'Asia/Magadan', 0, '2022-03-14 15:33:12', '2022-03-14 15:33:12'),
(97, 'Samoa/Tonga/Kamchatka Standard Time', 'SST', 13, '(UTC+13:00) Samoa, Tongatapu, Fakaofo, Enderbury', 'Pacific/Apia', 0, '2022-03-14 15:33:12', '2022-03-14 15:33:12');

-- --------------------------------------------------------

--
-- Structură tabel pentru tabel `users`
--

CREATE TABLE `users` (
  `id` bigint UNSIGNED NOT NULL,
  `shop_id` int UNSIGNED DEFAULT NULL,
  `role_id` int UNSIGNED NOT NULL DEFAULT '3',
  `name` varchar(255) COLLATE utf8_unicode_ci DEFAULT NULL,
  `nice_name` varchar(255) COLLATE utf8_unicode_ci DEFAULT NULL,
  `email` varchar(255) COLLATE utf8_unicode_ci NOT NULL,
  `password` varchar(60) COLLATE utf8_unicode_ci NOT NULL,
  `dob` date DEFAULT NULL,
  `sex` varchar(255) COLLATE utf8_unicode_ci DEFAULT NULL,
  `description` longtext COLLATE utf8_unicode_ci,
  `last_visited_at` timestamp NULL DEFAULT NULL,
  `last_visited_from` varchar(45) COLLATE utf8_unicode_ci DEFAULT NULL,
  `active` tinyint(1) NOT NULL DEFAULT '1',
  `read_announcements_at` timestamp NULL DEFAULT NULL,
  `verification_token` varchar(100) COLLATE utf8_unicode_ci DEFAULT NULL,
  `email_verified_at` timestamp NULL DEFAULT NULL,
  `remember_token` varchar(100) COLLATE utf8_unicode_ci DEFAULT NULL,
  `deleted_at` timestamp NULL DEFAULT NULL,
  `created_at` timestamp NULL DEFAULT NULL,
  `updated_at` timestamp NULL DEFAULT NULL
) ENGINE=InnoDB DEFAULT CHARSET=utf8mb3 COLLATE=utf8_unicode_ci;

--
-- Eliminarea datelor din tabel `users`
--

INSERT INTO `users` (`id`, `shop_id`, `role_id`, `name`, `nice_name`, `email`, `password`, `dob`, `sex`, `description`, `last_visited_at`, `last_visited_from`, `active`, `read_announcements_at`, `verification_token`, `email_verified_at`, `remember_token`, `deleted_at`, `created_at`, `updated_at`) VALUES
(1, NULL, 1, 'Super Admin', 'SuperAdmin', 'superadmin@demo.com', '$2y$10$errnQrycKh1Eb5AZSyLHKeMViiISJNJnQz9mDr0iHspkt0yGmtKwC', NULL, NULL, NULL, NULL, NULL, 1, NULL, NULL, NULL, NULL, NULL, '2022-03-14 15:33:13', '2022-03-14 15:33:13'),
(2, NULL, 2, 'Admin User', 'Admin', 'admin@demo.com', '$2y$10$DtLbzC0J8Xm4flIsDc2wqeGWnCqS6ZF4HlLPeXemOd/ykkZKDr5FG', '1970-09-21', 'app.female', 'Sint omnis natus porro ad sed cum dolores. Et earum consectetur maxime suscipit. Sed velit sed consequatur est et. Porro ipsum quia quia non repudiandae. Architecto vero qui ipsa nam eum aut. Repellendus veniam a asperiores iste. Vel est vel odio rerum ipsum deleniti omnis. Ratione cumque amet ab. At iste sit corrupti in earum delectus et. Necessitatibus eaque repudiandae officiis.', NULL, NULL, 1, NULL, NULL, NULL, 'CaPOzSSs7P', NULL, '2022-03-10 15:33:21', '2022-03-06 15:33:21'),
(3, 1, 3, 'Casimir Halvorson I', 'Kling', 'merchant@demo.com', '$2y$10$JjH7tXuL3XWYpdpgn2nrrO7ZB7hUnL/dswYGgUtOoHYs7t6jyP82i', '1991-05-13', 'app.male', 'Porro magnam laudantium dolorum. Exercitationem saepe maiores asperiores est voluptatum. Aut ullam aut ullam expedita fugiat. Est iure corrupti quod quis dolores. Voluptatibus et qui velit ut. Provident eaque quaerat et incidunt. Perferendis est alias alias maiores cumque sit ipsam. Dolorum velit minima necessitatibus ut quia est eum. Numquam soluta non modi consequatur provident reprehenderit et libero. Provident animi ut harum consequatur totam voluptas.', NULL, NULL, 1, NULL, NULL, NULL, NULL, NULL, '2022-03-10 15:33:21', '2022-03-10 15:33:21'),
(4, 2, 3, 'Lavina Pacocha', 'Boehm', 'merchant1@demo.com', '$2y$10$MepV7r86fHk8YNINvUyHneTkRzg8HbQ4LM9HVxJO3k0wxCX3JObiO', '1989-05-19', 'app.male', 'Totam recusandae distinctio sequi accusamus id. Sed et quod nobis non. Ullam quia fugit aut dolorem ipsam ut quia. Aut ut consectetur quo dolor eius. Perferendis est et consequatur consequatur accusantium laudantium est. Doloremque error eum officia laborum quod. Sed error qui eum officiis accusantium autem quibusdam doloremque.', NULL, NULL, 1, NULL, NULL, NULL, NULL, NULL, '2022-02-27 15:33:21', '2022-02-27 15:33:21'),
(5, 3, 3, 'Meggie King', 'Mitchell', 'merchant2@demo.com', '$2y$10$uCWvptYp1.euJgx4IrDiuedx6r3inmpQPxKEQPTs0j2s3t63Pncci', '1972-04-11', 'app.male', 'Porro nemo non et et. Veritatis aliquid exercitationem et enim. Pariatur corporis pariatur molestias voluptatem. Quos dolores id odio facilis. Est excepturi et distinctio odio vitae. Tempore consequatur dolore molestiae voluptate. Harum dolores eligendi architecto ex dolore et et. Qui quo dolorum magni ratione ea enim. Maxime sequi ratione fugit ut qui et. Id sit nobis perferendis enim quis nihil aspernatur. Nobis architecto qui voluptatem qui. Voluptatem id velit sed incidunt.', NULL, NULL, 1, NULL, NULL, NULL, NULL, NULL, '2022-03-06 15:33:21', '2022-03-06 15:33:21'),
(6, 4, 3, 'Mr. Ezekiel Wisozk', 'Emmerich', 'merchant3@demo.com', '$2y$10$CBxk0f1RlxlsihSUQrSXx.XXfg2owiJ1xDqlevhk9g6QcqipQT3oa', '1988-04-07', 'app.male', 'Deserunt expedita neque repellat facere esse ducimus aut. Odio impedit consequatur est est dolores laboriosam sapiente. Molestiae ullam nesciunt ut optio. Id dolorem dolores eius repellat maxime ut. Libero voluptatem rerum aut perferendis. Quia voluptatibus dolorum eos id aut ipsam perspiciatis. Quam nulla recusandae et sequi quis. Aut corrupti eos et dolor maxime. Impedit aut quidem optio quis recusandae. Omnis dolorem et eius consectetur incidunt. Quae dolor nesciunt soluta id aut et aut.', NULL, NULL, 1, NULL, NULL, NULL, NULL, NULL, '2022-03-14 15:33:21', '2022-03-14 15:33:21'),
(7, 5, 3, 'Ezra Cassin', 'Macejkovic', 'merchant4@demo.com', '$2y$10$QLnFS.FtDLGKD4E3LXz/7u2sAeU14KKd9Eb1efK1kyTMP/ecr5h/O', '1971-05-22', 'app.female', 'Qui doloribus dolorem in et consequatur. Iure nesciunt ut sit nemo similique. Maiores rerum ea consequuntur omnis explicabo. Optio unde nemo quo voluptas sunt qui qui. Iure maxime eaque libero ex sit. Autem sed aut placeat perspiciatis aut iusto laboriosam. Pariatur amet aut autem omnis. Sit velit facere quis. Sed occaecati fugiat laboriosam unde consequatur autem iure totam. Suscipit explicabo consectetur eligendi distinctio ut voluptatum est.', NULL, NULL, 1, NULL, NULL, NULL, NULL, NULL, '2022-03-02 15:33:21', '2022-03-02 15:33:21');

-- --------------------------------------------------------

--
-- Structură tabel pentru tabel `user_warehouse`
--

CREATE TABLE `user_warehouse` (
  `user_id` bigint UNSIGNED NOT NULL,
  `warehouse_id` int UNSIGNED NOT NULL,
  `created_at` timestamp NULL DEFAULT NULL,
  `updated_at` timestamp NULL DEFAULT NULL
) ENGINE=InnoDB DEFAULT CHARSET=utf8mb3 COLLATE=utf8_unicode_ci;

-- --------------------------------------------------------

--
-- Structură tabel pentru tabel `visitors`
--

CREATE TABLE `visitors` (
  `ip` varchar(45) COLLATE utf8_unicode_ci NOT NULL,
  `mac` varchar(17) COLLATE utf8_unicode_ci DEFAULT NULL,
  `device` varchar(255) COLLATE utf8_unicode_ci DEFAULT NULL,
  `hits` mediumint NOT NULL DEFAULT '0',
  `page_views` bigint DEFAULT NULL,
  `country_code` varchar(2) COLLATE utf8_unicode_ci DEFAULT NULL,
  `info` text COLLATE utf8_unicode_ci,
  `deleted_at` timestamp NULL DEFAULT NULL,
  `created_at` timestamp NULL DEFAULT NULL,
  `updated_at` timestamp NULL DEFAULT NULL
) ENGINE=InnoDB DEFAULT CHARSET=utf8mb3 COLLATE=utf8_unicode_ci;

--
-- Eliminarea datelor din tabel `visitors`
--

INSERT INTO `visitors` (`ip`, `mac`, `device`, `hits`, `page_views`, `country_code`, `info`, `deleted_at`, `created_at`, `updated_at`) VALUES
('114.17.249.28', '46:90:89:5B:AE:1A', NULL, 547, 1310, 'GA', NULL, NULL, '2021-09-14 14:33:40', '2021-09-14 14:33:40'),
('146.87.83.40', '52:69:01:01:DB:60', NULL, 940, 1785, 'DM', NULL, NULL, '2022-03-14 15:33:40', '2022-03-14 15:33:40'),
('15.198.15.31', '90:9C:E9:D7:E3:24', NULL, 55, 273, 'TF', NULL, NULL, '2021-09-14 14:33:40', '2021-09-14 14:33:40'),
('165.26.9.1', '0A:7F:CF:7E:48:59', NULL, 752, 1079, 'AE', NULL, NULL, '2021-11-14 15:33:40', '2021-11-14 15:33:40'),
('174.176.141.62', '27:A6:BD:5C:F5:36', NULL, 839, 1489, 'MT', NULL, NULL, '2021-09-14 14:33:40', '2021-09-14 14:33:40'),
('180.232.36.208', '45:0E:91:F1:F2:C0', NULL, 623, 1282, 'KY', NULL, NULL, '2021-11-14 15:33:40', '2021-11-14 15:33:40'),
('180.243.46.146', 'B1:FB:07:C4:B0:BC', NULL, 320, 624, 'LK', NULL, NULL, '2022-03-14 15:33:40', '2022-03-14 15:33:40'),
('190.123.211.200', 'F8:42:28:A3:7D:27', NULL, 68, 850, 'CC', NULL, NULL, '2022-01-14 15:33:40', '2022-01-14 15:33:40'),
('190.174.166.191', '34:55:86:CD:51:73', NULL, 817, 1784, 'LA', NULL, NULL, '2022-02-14 15:33:40', '2022-02-14 15:33:40'),
('199.229.73.127', 'EA:56:1E:B9:32:9E', NULL, 538, 776, 'GF', NULL, NULL, '2022-01-14 15:33:40', '2022-01-14 15:33:40'),
('203.173.246.98', '3D:BF:98:C4:3D:6A', NULL, 645, 1538, 'BM', NULL, NULL, '2021-12-14 15:33:40', '2021-12-14 15:33:40'),
('221.220.65.32', 'B6:A2:B6:C6:83:6C', NULL, 270, 842, 'GD', NULL, NULL, '2022-01-14 15:33:40', '2022-01-14 15:33:40'),
('231.247.137.144', 'D1:60:B1:8B:0E:F8', NULL, 503, 839, 'ZM', NULL, NULL, '2021-11-14 15:33:40', '2021-11-14 15:33:40'),
('235.221.4.117', '96:87:00:D4:7D:6E', NULL, 611, 1158, 'LU', NULL, NULL, '2022-03-14 15:33:40', '2022-03-14 15:33:40'),
('253.239.244.99', 'D6:00:11:74:DA:2A', NULL, 569, 707, 'KR', NULL, NULL, '2021-10-14 14:33:40', '2021-10-14 14:33:40'),
('254.208.64.207', 'C1:D9:5E:3A:7D:27', NULL, 905, 1474, 'SD', NULL, NULL, '2022-02-14 15:33:40', '2022-02-14 15:33:40'),
('38.154.209.214', '77:BE:3C:0B:30:0A', NULL, 405, 1126, 'TR', NULL, NULL, '2021-09-14 14:33:40', '2021-09-14 14:33:40'),
('39.108.24.241', '8E:35:F8:11:71:53', NULL, 421, 772, 'DM', NULL, NULL, '2022-02-14 15:33:40', '2022-02-14 15:33:40'),
('44.60.35.69', '88:F3:14:1F:C4:7A', NULL, 661, 754, 'CI', NULL, NULL, '2022-03-14 15:33:40', '2022-03-14 15:33:40'),
('50.93.22.142', 'A0:44:D5:72:63:A8', NULL, 722, 1303, 'LT', NULL, NULL, '2021-10-14 14:33:40', '2021-10-14 14:33:40'),
('51.73.178.57', 'E3:1E:A5:81:CE:51', NULL, 497, 600, 'VN', NULL, NULL, '2022-02-14 15:33:40', '2022-02-14 15:33:40'),
('55.205.132.110', '48:94:54:C3:00:99', NULL, 402, 871, 'TH', NULL, NULL, '2021-10-14 14:33:40', '2021-10-14 14:33:40'),
('65.117.115.114', 'CA:1D:93:9D:BA:FA', NULL, 81, 831, 'CU', NULL, NULL, '2022-01-14 15:33:40', '2022-01-14 15:33:40'),
('65.7.241.168', 'DA:A2:D2:06:D7:9B', NULL, 176, 909, 'CM', NULL, NULL, '2021-09-14 14:33:40', '2021-09-14 14:33:40'),
('69.186.56.61', 'DE:CB:54:8C:2D:AE', NULL, 554, 802, 'MK', NULL, NULL, '2021-09-14 14:33:40', '2021-09-14 14:33:40'),
('77.241.112.151', 'D4:96:ED:83:0A:78', NULL, 541, 669, 'RW', NULL, NULL, '2022-03-14 15:33:40', '2022-03-14 15:33:40'),
('80.3.122.112', '2A:88:4D:93:52:C5', NULL, 678, 687, 'SX', NULL, NULL, '2021-12-14 15:33:40', '2021-12-14 15:33:40'),
('9.106.123.45', 'E5:8E:4F:6C:CE:FD', NULL, 264, 338, 'BA', NULL, NULL, '2022-01-14 15:33:40', '2022-01-14 15:33:40'),
('92.158.71.49', 'BE:D4:E4:59:66:8B', NULL, 871, 1060, 'MM', NULL, NULL, '2022-03-14 15:33:40', '2022-03-14 15:33:40'),
('94.210.28.156', 'B9:51:63:EF:66:C2', NULL, 651, 999, 'LS', NULL, NULL, '2021-11-14 15:33:40', '2021-11-14 15:33:40');

-- --------------------------------------------------------

--
-- Structură tabel pentru tabel `warehouses`
--

CREATE TABLE `warehouses` (
  `id` int UNSIGNED NOT NULL,
  `shop_id` int UNSIGNED DEFAULT NULL,
  `name` varchar(255) COLLATE utf8_unicode_ci NOT NULL,
  `email` varchar(255) COLLATE utf8_unicode_ci DEFAULT NULL,
  `incharge` bigint UNSIGNED DEFAULT NULL,
  `description` longtext COLLATE utf8_unicode_ci,
  `opening_time` varchar(20) COLLATE utf8_unicode_ci NOT NULL DEFAULT '0',
  `close_time` varchar(20) COLLATE utf8_unicode_ci NOT NULL DEFAULT '0',
  `business_days` varchar(200) COLLATE utf8_unicode_ci DEFAULT NULL,
  `active` tinyint(1) NOT NULL DEFAULT '1',
  `deleted_at` timestamp NULL DEFAULT NULL,
  `created_at` timestamp NULL DEFAULT NULL,
  `updated_at` timestamp NULL DEFAULT NULL
) ENGINE=InnoDB DEFAULT CHARSET=utf8mb3 COLLATE=utf8_unicode_ci;

--
-- Eliminarea datelor din tabel `warehouses`
--

INSERT INTO `warehouses` (`id`, `shop_id`, `name`, `email`, `incharge`, `description`, `opening_time`, `close_time`, `business_days`, `active`, `deleted_at`, `created_at`, `updated_at`) VALUES
(1, 5, 'Nicolas Inc', 'rogahn.carmine@yahoo.com', 7, 'Quaerat qui ab omnis rerum. Corrupti esse eveniet consequatur deserunt. Quia nostrum ab neque dolores consequatur nulla dolor aliquid. Hic amet sunt dolor optio sint qui et et. Quibusdam sed corrupti molestias labore. Omnis quidem autem occaecati provident sed corporis molestiae perspiciatis. Cumque in minus quia aut quasi reiciendis sit quia. In praesentium quo suscipit id nihil rerum omnis. Nemo deserunt quisquam dicta recusandae itaque.', '0', '0', NULL, 1, NULL, '2022-03-14 15:33:30', '2022-03-14 15:33:30');

-- --------------------------------------------------------

--
-- Structură tabel pentru tabel `wishlists`
--

CREATE TABLE `wishlists` (
  `id` bigint UNSIGNED NOT NULL,
  `inventory_id` bigint UNSIGNED DEFAULT NULL,
  `product_id` bigint UNSIGNED DEFAULT NULL,
  `customer_id` bigint UNSIGNED NOT NULL,
  `created_at` timestamp NULL DEFAULT NULL,
  `updated_at` timestamp NULL DEFAULT NULL
) ENGINE=InnoDB DEFAULT CHARSET=utf8mb3 COLLATE=utf8_unicode_ci;

--
-- Eliminarea datelor din tabel `wishlists`
--

INSERT INTO `wishlists` (`id`, `inventory_id`, `product_id`, `customer_id`, `created_at`, `updated_at`) VALUES
(1, 53, 45, 1, '2022-03-01 15:33:38', '2022-03-01 15:33:38'),
(2, 62, 27, 1, '2022-03-11 15:33:38', '2022-03-11 15:33:38'),
(3, 18, 50, 1, '2022-02-28 15:33:38', '2022-02-28 15:33:38'),
(4, 84, 6, 1, '2022-03-08 15:33:38', '2022-03-08 15:33:38'),
(5, 30, 35, 1, '2022-03-14 15:33:38', '2022-03-14 15:33:38'),
(6, 74, 46, 1, '2022-02-27 15:33:38', '2022-02-27 15:33:38'),
(7, 20, 49, 1, '2022-03-06 15:33:38', '2022-03-06 15:33:38'),
(8, 81, 3, 1, '2022-03-01 15:33:38', '2022-03-01 15:33:38'),
(9, 68, 45, 1, '2022-03-07 15:33:38', '2022-03-07 15:33:38'),
(10, 16, 42, 1, '2022-03-04 15:33:38', '2022-03-04 15:33:38'),
(11, 46, 18, 1, '2022-03-06 15:33:38', '2022-03-06 15:33:38'),
(12, 93, 23, 1, '2022-03-11 15:33:38', '2022-03-11 15:33:38'),
(13, 15, 15, 1, '2022-03-10 15:33:38', '2022-03-10 15:33:38'),
(14, 55, 44, 1, '2022-02-27 15:33:38', '2022-02-27 15:33:38'),
(15, 94, 17, 1, '2022-03-14 15:33:38', '2022-03-14 15:33:38');

--
-- Indexuri pentru tabele eliminate
--

--
-- Indexuri pentru tabele `activity_log`
--
ALTER TABLE `activity_log`
  ADD PRIMARY KEY (`id`),
  ADD KEY `activity_log_log_name_index` (`log_name`);

--
-- Indexuri pentru tabele `addresses`
--
ALTER TABLE `addresses`
  ADD PRIMARY KEY (`id`),
  ADD KEY `addresses_country_id_foreign` (`country_id`);

--
-- Indexuri pentru tabele `address_types`
--
ALTER TABLE `address_types`
  ADD PRIMARY KEY (`id`),
  ADD UNIQUE KEY `address_types_type_unique` (`type`);

--
-- Indexuri pentru tabele `announcements`
--
ALTER TABLE `announcements`
  ADD PRIMARY KEY (`id`);

--
-- Indexuri pentru tabele `attachments`
--
ALTER TABLE `attachments`
  ADD PRIMARY KEY (`id`);

--
-- Indexuri pentru tabele `attributes`
--
ALTER TABLE `attributes`
  ADD PRIMARY KEY (`id`),
  ADD KEY `attributes_attribute_type_id_foreign` (`attribute_type_id`);

--
-- Indexuri pentru tabele `attribute_categories`
--
ALTER TABLE `attribute_categories`
  ADD PRIMARY KEY (`id`),
  ADD KEY `attribute_categories_attribute_id_foreign` (`attribute_id`),
  ADD KEY `attribute_categories_category_id_foreign` (`category_id`);

--
-- Indexuri pentru tabele `attribute_inventory`
--
ALTER TABLE `attribute_inventory`
  ADD KEY `attribute_inventory_attribute_id_index` (`attribute_id`),
  ADD KEY `attribute_inventory_inventory_id_index` (`inventory_id`),
  ADD KEY `attribute_inventory_attribute_value_id_index` (`attribute_value_id`);

--
-- Indexuri pentru tabele `attribute_types`
--
ALTER TABLE `attribute_types`
  ADD PRIMARY KEY (`id`),
  ADD UNIQUE KEY `attribute_types_type_unique` (`type`);

--
-- Indexuri pentru tabele `attribute_values`
--
ALTER TABLE `attribute_values`
  ADD PRIMARY KEY (`id`),
  ADD KEY `attribute_values_attribute_id_foreign` (`attribute_id`);

--
-- Indexuri pentru tabele `avg_feedback`
--
ALTER TABLE `avg_feedback`
  ADD PRIMARY KEY (`id`);

--
-- Indexuri pentru tabele `banners`
--
ALTER TABLE `banners`
  ADD PRIMARY KEY (`id`);

--
-- Indexuri pentru tabele `banner_groups`
--
ALTER TABLE `banner_groups`
  ADD UNIQUE KEY `banner_groups_id_unique` (`id`),
  ADD UNIQUE KEY `banner_groups_name_unique` (`name`);

--
-- Indexuri pentru tabele `blogs`
--
ALTER TABLE `blogs`
  ADD PRIMARY KEY (`id`),
  ADD UNIQUE KEY `blogs_slug_unique` (`slug`),
  ADD KEY `blogs_user_id_foreign` (`user_id`);

--
-- Indexuri pentru tabele `blog_comments`
--
ALTER TABLE `blog_comments`
  ADD PRIMARY KEY (`id`),
  ADD KEY `blog_comments_blog_id_foreign` (`blog_id`),
  ADD KEY `blog_comments_user_id_foreign` (`user_id`);

--
-- Indexuri pentru tabele `cancellations`
--
ALTER TABLE `cancellations`
  ADD PRIMARY KEY (`id`),
  ADD KEY `cancellations_order_id_foreign` (`order_id`),
  ADD KEY `cancellations_customer_id_foreign` (`customer_id`),
  ADD KEY `cancellations_cancellation_reason_id_foreign` (`cancellation_reason_id`);

--
-- Indexuri pentru tabele `cancellation_reasons`
--
ALTER TABLE `cancellation_reasons`
  ADD PRIMARY KEY (`id`),
  ADD UNIQUE KEY `cancellation_reasons_detail_unique` (`detail`);

--
-- Indexuri pentru tabele `carriers`
--
ALTER TABLE `carriers`
  ADD PRIMARY KEY (`id`);

--
-- Indexuri pentru tabele `carts`
--
ALTER TABLE `carts`
  ADD PRIMARY KEY (`id`),
  ADD KEY `carts_shop_id_foreign` (`shop_id`),
  ADD KEY `carts_customer_id_foreign` (`customer_id`);

--
-- Indexuri pentru tabele `cart_items`
--
ALTER TABLE `cart_items`
  ADD KEY `cart_items_cart_id_index` (`cart_id`),
  ADD KEY `cart_items_inventory_id_index` (`inventory_id`);

--
-- Indexuri pentru tabele `categories`
--
ALTER TABLE `categories`
  ADD PRIMARY KEY (`id`),
  ADD UNIQUE KEY `categories_slug_unique` (`slug`),
  ADD KEY `categories_category_sub_group_id_foreign` (`category_sub_group_id`);

--
-- Indexuri pentru tabele `category_groups`
--
ALTER TABLE `category_groups`
  ADD PRIMARY KEY (`id`),
  ADD UNIQUE KEY `category_groups_slug_unique` (`slug`);

--
-- Indexuri pentru tabele `category_product`
--
ALTER TABLE `category_product`
  ADD KEY `category_product_category_id_index` (`category_id`),
  ADD KEY `category_product_product_id_index` (`product_id`);

--
-- Indexuri pentru tabele `category_sub_groups`
--
ALTER TABLE `category_sub_groups`
  ADD PRIMARY KEY (`id`),
  ADD UNIQUE KEY `category_sub_groups_slug_unique` (`slug`),
  ADD KEY `category_sub_groups_category_group_id_foreign` (`category_group_id`);

--
-- Indexuri pentru tabele `chat_conversations`
--
ALTER TABLE `chat_conversations`
  ADD PRIMARY KEY (`id`),
  ADD KEY `chat_conversations_shop_id_foreign` (`shop_id`),
  ADD KEY `chat_conversations_customer_id_foreign` (`customer_id`);

--
-- Indexuri pentru tabele `configs`
--
ALTER TABLE `configs`
  ADD PRIMARY KEY (`shop_id`),
  ADD UNIQUE KEY `configs_shop_id_unique` (`shop_id`);

--
-- Indexuri pentru tabele `config_authorize_net`
--
ALTER TABLE `config_authorize_net`
  ADD PRIMARY KEY (`shop_id`),
  ADD KEY `config_authorize_net_shop_id_index` (`shop_id`);

--
-- Indexuri pentru tabele `config_cybersources`
--
ALTER TABLE `config_cybersources`
  ADD PRIMARY KEY (`shop_id`),
  ADD KEY `config_cybersources_shop_id_index` (`shop_id`);

--
-- Indexuri pentru tabele `config_instamojo`
--
ALTER TABLE `config_instamojo`
  ADD PRIMARY KEY (`shop_id`),
  ADD KEY `config_instamojo_shop_id_index` (`shop_id`);

--
-- Indexuri pentru tabele `config_manual_payments`
--
ALTER TABLE `config_manual_payments`
  ADD KEY `config_manual_payments_shop_id_index` (`shop_id`),
  ADD KEY `config_manual_payments_payment_method_id_index` (`payment_method_id`);

--
-- Indexuri pentru tabele `config_paypal_express`
--
ALTER TABLE `config_paypal_express`
  ADD PRIMARY KEY (`shop_id`),
  ADD KEY `config_paypal_express_shop_id_index` (`shop_id`);

--
-- Indexuri pentru tabele `config_paystacks`
--
ALTER TABLE `config_paystacks`
  ADD PRIMARY KEY (`shop_id`),
  ADD KEY `config_paystacks_shop_id_index` (`shop_id`);

--
-- Indexuri pentru tabele `config_stripes`
--
ALTER TABLE `config_stripes`
  ADD PRIMARY KEY (`shop_id`),
  ADD KEY `config_stripes_shop_id_index` (`shop_id`);

--
-- Indexuri pentru tabele `contact_us`
--
ALTER TABLE `contact_us`
  ADD PRIMARY KEY (`id`);

--
-- Indexuri pentru tabele `countries`
--
ALTER TABLE `countries`
  ADD PRIMARY KEY (`id`),
  ADD KEY `countries_timezone_id_foreign` (`timezone_id`),
  ADD KEY `countries_currency_id_foreign` (`currency_id`);

--
-- Indexuri pentru tabele `coupons`
--
ALTER TABLE `coupons`
  ADD PRIMARY KEY (`id`);

--
-- Indexuri pentru tabele `coupon_customer`
--
ALTER TABLE `coupon_customer`
  ADD KEY `coupon_customer_coupon_id_index` (`coupon_id`),
  ADD KEY `coupon_customer_customer_id_index` (`customer_id`);

--
-- Indexuri pentru tabele `coupon_shipping_zone`
--
ALTER TABLE `coupon_shipping_zone`
  ADD KEY `coupon_shipping_zone_coupon_id_index` (`coupon_id`),
  ADD KEY `coupon_shipping_zone_shipping_zone_id_index` (`shipping_zone_id`);

--
-- Indexuri pentru tabele `currencies`
--
ALTER TABLE `currencies`
  ADD PRIMARY KEY (`id`);

--
-- Indexuri pentru tabele `customers`
--
ALTER TABLE `customers`
  ADD PRIMARY KEY (`id`),
  ADD UNIQUE KEY `customers_email_unique` (`email`),
  ADD UNIQUE KEY `customers_api_token_unique` (`api_token`);

--
-- Indexuri pentru tabele `dashboard_configs`
--
ALTER TABLE `dashboard_configs`
  ADD PRIMARY KEY (`user_id`);

--
-- Indexuri pentru tabele `delivery_boys`
--
ALTER TABLE `delivery_boys`
  ADD PRIMARY KEY (`id`),
  ADD UNIQUE KEY `delivery_boys_email_unique` (`email`),
  ADD UNIQUE KEY `delivery_boys_api_token_unique` (`api_token`),
  ADD KEY `delivery_boys_shop_id_foreign` (`shop_id`);

--
-- Indexuri pentru tabele `disputes`
--
ALTER TABLE `disputes`
  ADD PRIMARY KEY (`id`),
  ADD KEY `disputes_order_id_foreign` (`order_id`),
  ADD KEY `disputes_customer_id_foreign` (`customer_id`),
  ADD KEY `disputes_dispute_type_id_foreign` (`dispute_type_id`);

--
-- Indexuri pentru tabele `dispute_types`
--
ALTER TABLE `dispute_types`
  ADD PRIMARY KEY (`id`),
  ADD UNIQUE KEY `dispute_types_detail_unique` (`detail`);

--
-- Indexuri pentru tabele `email_templates`
--
ALTER TABLE `email_templates`
  ADD PRIMARY KEY (`id`);

--
-- Indexuri pentru tabele `failed_jobs`
--
ALTER TABLE `failed_jobs`
  ADD PRIMARY KEY (`id`),
  ADD UNIQUE KEY `failed_jobs_uuid_unique` (`uuid`);

--
-- Indexuri pentru tabele `faqs`
--
ALTER TABLE `faqs`
  ADD PRIMARY KEY (`id`),
  ADD KEY `faqs_faq_topic_id_foreign` (`faq_topic_id`);

--
-- Indexuri pentru tabele `faq_topics`
--
ALTER TABLE `faq_topics`
  ADD PRIMARY KEY (`id`);

--
-- Indexuri pentru tabele `feedbacks`
--
ALTER TABLE `feedbacks`
  ADD PRIMARY KEY (`id`),
  ADD KEY `feedbacks_customer_id_foreign` (`customer_id`);

--
-- Indexuri pentru tabele `gift_cards`
--
ALTER TABLE `gift_cards`
  ADD PRIMARY KEY (`id`);

--
-- Indexuri pentru tabele `gtin_types`
--
ALTER TABLE `gtin_types`
  ADD PRIMARY KEY (`id`),
  ADD UNIQUE KEY `gtin_types_name_unique` (`name`);

--
-- Indexuri pentru tabele `images`
--
ALTER TABLE `images`
  ADD PRIMARY KEY (`id`);

--
-- Indexuri pentru tabele `inventories`
--
ALTER TABLE `inventories`
  ADD PRIMARY KEY (`id`),
  ADD UNIQUE KEY `inventories_slug_unique` (`slug`),
  ADD KEY `inventories_product_id_foreign` (`product_id`);

--
-- Indexuri pentru tabele `inventory_packaging`
--
ALTER TABLE `inventory_packaging`
  ADD KEY `inventory_packaging_packaging_id_index` (`packaging_id`),
  ADD KEY `inventory_packaging_inventory_id_index` (`inventory_id`);

--
-- Indexuri pentru tabele `invoices`
--
ALTER TABLE `invoices`
  ADD PRIMARY KEY (`id`),
  ADD KEY `invoices_created_at_index` (`created_at`),
  ADD KEY `invoices_user_id_index` (`user_id`),
  ADD KEY `invoices_shop_id_index` (`shop_id`);

--
-- Indexuri pentru tabele `jobs`
--
ALTER TABLE `jobs`
  ADD PRIMARY KEY (`id`),
  ADD KEY `jobs_queue_index` (`queue`);

--
-- Indexuri pentru tabele `languages`
--
ALTER TABLE `languages`
  ADD PRIMARY KEY (`id`),
  ADD UNIQUE KEY `languages_code_unique` (`code`);

--
-- Indexuri pentru tabele `manufacturers`
--
ALTER TABLE `manufacturers`
  ADD PRIMARY KEY (`id`),
  ADD UNIQUE KEY `manufacturers_slug_unique` (`slug`);

--
-- Indexuri pentru tabele `messages`
--
ALTER TABLE `messages`
  ADD PRIMARY KEY (`id`);

--
-- Indexuri pentru tabele `migrations`
--
ALTER TABLE `migrations`
  ADD PRIMARY KEY (`id`);

--
-- Indexuri pentru tabele `modules`
--
ALTER TABLE `modules`
  ADD PRIMARY KEY (`id`);

--
-- Indexuri pentru tabele `notifications`
--
ALTER TABLE `notifications`
  ADD PRIMARY KEY (`id`),
  ADD KEY `notifications_notifiable_type_notifiable_id_index` (`notifiable_type`,`notifiable_id`);

--
-- Indexuri pentru tabele `options`
--
ALTER TABLE `options`
  ADD PRIMARY KEY (`id`);

--
-- Indexuri pentru tabele `orders`
--
ALTER TABLE `orders`
  ADD PRIMARY KEY (`id`),
  ADD KEY `orders_customer_id_foreign` (`customer_id`);

--
-- Indexuri pentru tabele `order_items`
--
ALTER TABLE `order_items`
  ADD KEY `order_items_order_id_index` (`order_id`),
  ADD KEY `order_items_inventory_id_index` (`inventory_id`);

--
-- Indexuri pentru tabele `packages`
--
ALTER TABLE `packages`
  ADD PRIMARY KEY (`id`);

--
-- Indexuri pentru tabele `packagings`
--
ALTER TABLE `packagings`
  ADD PRIMARY KEY (`id`);

--
-- Indexuri pentru tabele `pages`
--
ALTER TABLE `pages`
  ADD PRIMARY KEY (`id`),
  ADD UNIQUE KEY `pages_slug_unique` (`slug`);

--
-- Indexuri pentru tabele `password_resets`
--
ALTER TABLE `password_resets`
  ADD KEY `password_resets_email_index` (`email`),
  ADD KEY `password_resets_token_index` (`token`);

--
-- Indexuri pentru tabele `payment_methods`
--
ALTER TABLE `payment_methods`
  ADD PRIMARY KEY (`id`);

--
-- Indexuri pentru tabele `performance_indicators`
--
ALTER TABLE `performance_indicators`
  ADD PRIMARY KEY (`id`),
  ADD KEY `performance_indicators_created_at_index` (`created_at`);

--
-- Indexuri pentru tabele `permissions`
--
ALTER TABLE `permissions`
  ADD PRIMARY KEY (`id`),
  ADD UNIQUE KEY `permissions_slug_unique` (`slug`),
  ADD KEY `permissions_module_id_index` (`module_id`);

--
-- Indexuri pentru tabele `permission_role`
--
ALTER TABLE `permission_role`
  ADD PRIMARY KEY (`permission_id`,`role_id`),
  ADD KEY `permission_role_permission_id_index` (`permission_id`),
  ADD KEY `permission_role_role_id_index` (`role_id`);

--
-- Indexuri pentru tabele `products`
--
ALTER TABLE `products`
  ADD PRIMARY KEY (`id`),
  ADD UNIQUE KEY `products_slug_unique` (`slug`);

--
-- Indexuri pentru tabele `refunds`
--
ALTER TABLE `refunds`
  ADD PRIMARY KEY (`id`),
  ADD KEY `refunds_order_id_foreign` (`order_id`);

--
-- Indexuri pentru tabele `replies`
--
ALTER TABLE `replies`
  ADD PRIMARY KEY (`id`),
  ADD KEY `replies_user_id_foreign` (`user_id`);

--
-- Indexuri pentru tabele `roles`
--
ALTER TABLE `roles`
  ADD PRIMARY KEY (`id`);

--
-- Indexuri pentru tabele `shipping_rates`
--
ALTER TABLE `shipping_rates`
  ADD PRIMARY KEY (`id`),
  ADD KEY `shipping_rates_shipping_zone_id_index` (`shipping_zone_id`);

--
-- Indexuri pentru tabele `shipping_zones`
--
ALTER TABLE `shipping_zones`
  ADD PRIMARY KEY (`id`);

--
-- Indexuri pentru tabele `shops`
--
ALTER TABLE `shops`
  ADD PRIMARY KEY (`id`),
  ADD UNIQUE KEY `shops_slug_unique` (`slug`),
  ADD UNIQUE KEY `shops_email_unique` (`email`),
  ADD KEY `shops_owner_id_foreign` (`owner_id`);

--
-- Indexuri pentru tabele `shop_payment_methods`
--
ALTER TABLE `shop_payment_methods`
  ADD KEY `shop_payment_methods_payment_method_id_index` (`payment_method_id`),
  ADD KEY `shop_payment_methods_shop_id_index` (`shop_id`);

--
-- Indexuri pentru tabele `sliders`
--
ALTER TABLE `sliders`
  ADD PRIMARY KEY (`id`);

--
-- Indexuri pentru tabele `states`
--
ALTER TABLE `states`
  ADD PRIMARY KEY (`id`),
  ADD KEY `states_country_id_foreign` (`country_id`);

--
-- Indexuri pentru tabele `subscriptions`
--
ALTER TABLE `subscriptions`
  ADD PRIMARY KEY (`id`),
  ADD KEY `subscriptions_shop_id_stripe_status_index` (`shop_id`,`stripe_status`);

--
-- Indexuri pentru tabele `subscription_items`
--
ALTER TABLE `subscription_items`
  ADD PRIMARY KEY (`id`),
  ADD UNIQUE KEY `subscription_items_subscription_id_stripe_price_unique` (`subscription_id`,`stripe_price`),
  ADD KEY `subscription_items_stripe_id_index` (`stripe_id`);

--
-- Indexuri pentru tabele `subscription_plans`
--
ALTER TABLE `subscription_plans`
  ADD PRIMARY KEY (`plan_id`),
  ADD UNIQUE KEY `subscription_plans_name_unique` (`name`);

--
-- Indexuri pentru tabele `suppliers`
--
ALTER TABLE `suppliers`
  ADD PRIMARY KEY (`id`);

--
-- Indexuri pentru tabele `systems`
--
ALTER TABLE `systems`
  ADD PRIMARY KEY (`id`);

--
-- Indexuri pentru tabele `taggables`
--
ALTER TABLE `taggables`
  ADD KEY `taggables_tag_id_foreign` (`tag_id`);

--
-- Indexuri pentru tabele `tags`
--
ALTER TABLE `tags`
  ADD PRIMARY KEY (`id`);

--
-- Indexuri pentru tabele `taxes`
--
ALTER TABLE `taxes`
  ADD PRIMARY KEY (`id`);

--
-- Indexuri pentru tabele `tickets`
--
ALTER TABLE `tickets`
  ADD PRIMARY KEY (`id`),
  ADD KEY `tickets_user_id_foreign` (`user_id`),
  ADD KEY `tickets_category_id_foreign` (`category_id`);

--
-- Indexuri pentru tabele `ticket_categories`
--
ALTER TABLE `ticket_categories`
  ADD PRIMARY KEY (`id`),
  ADD UNIQUE KEY `ticket_categories_name_unique` (`name`);

--
-- Indexuri pentru tabele `timezones`
--
ALTER TABLE `timezones`
  ADD PRIMARY KEY (`id`);

--
-- Indexuri pentru tabele `users`
--
ALTER TABLE `users`
  ADD PRIMARY KEY (`id`),
  ADD UNIQUE KEY `users_email_unique` (`email`);

--
-- Indexuri pentru tabele `user_warehouse`
--
ALTER TABLE `user_warehouse`
  ADD KEY `user_warehouse_user_id_index` (`user_id`),
  ADD KEY `user_warehouse_warehouse_id_index` (`warehouse_id`);

--
-- Indexuri pentru tabele `visitors`
--
ALTER TABLE `visitors`
  ADD PRIMARY KEY (`ip`);

--
-- Indexuri pentru tabele `warehouses`
--
ALTER TABLE `warehouses`
  ADD PRIMARY KEY (`id`),
  ADD KEY `warehouses_shop_id_foreign` (`shop_id`);

--
-- Indexuri pentru tabele `wishlists`
--
ALTER TABLE `wishlists`
  ADD PRIMARY KEY (`id`),
  ADD KEY `wishlists_product_id_foreign` (`product_id`),
  ADD KEY `wishlists_inventory_id_foreign` (`inventory_id`);

--
-- AUTO_INCREMENT pentru tabele eliminate
--

--
-- AUTO_INCREMENT pentru tabele `activity_log`
--
ALTER TABLE `activity_log`
  MODIFY `id` bigint UNSIGNED NOT NULL AUTO_INCREMENT, AUTO_INCREMENT=21;

--
-- AUTO_INCREMENT pentru tabele `addresses`
--
ALTER TABLE `addresses`
  MODIFY `id` bigint UNSIGNED NOT NULL AUTO_INCREMENT, AUTO_INCREMENT=68;

--
-- AUTO_INCREMENT pentru tabele `address_types`
--
ALTER TABLE `address_types`
  MODIFY `id` int UNSIGNED NOT NULL AUTO_INCREMENT, AUTO_INCREMENT=4;

--
-- AUTO_INCREMENT pentru tabele `attachments`
--
ALTER TABLE `attachments`
  MODIFY `id` bigint UNSIGNED NOT NULL AUTO_INCREMENT;

--
-- AUTO_INCREMENT pentru tabele `attributes`
--
ALTER TABLE `attributes`
  MODIFY `id` int UNSIGNED NOT NULL AUTO_INCREMENT, AUTO_INCREMENT=7;

--
-- AUTO_INCREMENT pentru tabele `attribute_categories`
--
ALTER TABLE `attribute_categories`
  MODIFY `id` bigint UNSIGNED NOT NULL AUTO_INCREMENT;

--
-- AUTO_INCREMENT pentru tabele `attribute_types`
--
ALTER TABLE `attribute_types`
  MODIFY `id` int UNSIGNED NOT NULL AUTO_INCREMENT, AUTO_INCREMENT=4;

--
-- AUTO_INCREMENT pentru tabele `attribute_values`
--
ALTER TABLE `attribute_values`
  MODIFY `id` int UNSIGNED NOT NULL AUTO_INCREMENT, AUTO_INCREMENT=31;

--
-- AUTO_INCREMENT pentru tabele `avg_feedback`
--
ALTER TABLE `avg_feedback`
  MODIFY `id` bigint UNSIGNED NOT NULL AUTO_INCREMENT, AUTO_INCREMENT=58;

--
-- AUTO_INCREMENT pentru tabele `banners`
--
ALTER TABLE `banners`
  MODIFY `id` int UNSIGNED NOT NULL AUTO_INCREMENT, AUTO_INCREMENT=11;

--
-- AUTO_INCREMENT pentru tabele `blogs`
--
ALTER TABLE `blogs`
  MODIFY `id` int UNSIGNED NOT NULL AUTO_INCREMENT, AUTO_INCREMENT=7;

--
-- AUTO_INCREMENT pentru tabele `blog_comments`
--
ALTER TABLE `blog_comments`
  MODIFY `id` int UNSIGNED NOT NULL AUTO_INCREMENT, AUTO_INCREMENT=31;

--
-- AUTO_INCREMENT pentru tabele `cancellations`
--
ALTER TABLE `cancellations`
  MODIFY `id` bigint UNSIGNED NOT NULL AUTO_INCREMENT;

--
-- AUTO_INCREMENT pentru tabele `cancellation_reasons`
--
ALTER TABLE `cancellation_reasons`
  MODIFY `id` int UNSIGNED NOT NULL AUTO_INCREMENT, AUTO_INCREMENT=14;

--
-- AUTO_INCREMENT pentru tabele `carriers`
--
ALTER TABLE `carriers`
  MODIFY `id` int UNSIGNED NOT NULL AUTO_INCREMENT, AUTO_INCREMENT=6;

--
-- AUTO_INCREMENT pentru tabele `carts`
--
ALTER TABLE `carts`
  MODIFY `id` bigint UNSIGNED NOT NULL AUTO_INCREMENT;

--
-- AUTO_INCREMENT pentru tabele `categories`
--
ALTER TABLE `categories`
  MODIFY `id` int UNSIGNED NOT NULL AUTO_INCREMENT, AUTO_INCREMENT=41;

--
-- AUTO_INCREMENT pentru tabele `category_groups`
--
ALTER TABLE `category_groups`
  MODIFY `id` int UNSIGNED NOT NULL AUTO_INCREMENT, AUTO_INCREMENT=10;

--
-- AUTO_INCREMENT pentru tabele `category_sub_groups`
--
ALTER TABLE `category_sub_groups`
  MODIFY `id` int UNSIGNED NOT NULL AUTO_INCREMENT, AUTO_INCREMENT=26;

--
-- AUTO_INCREMENT pentru tabele `chat_conversations`
--
ALTER TABLE `chat_conversations`
  MODIFY `id` bigint UNSIGNED NOT NULL AUTO_INCREMENT;

--
-- AUTO_INCREMENT pentru tabele `contact_us`
--
ALTER TABLE `contact_us`
  MODIFY `id` bigint UNSIGNED NOT NULL AUTO_INCREMENT;

--
-- AUTO_INCREMENT pentru tabele `countries`
--
ALTER TABLE `countries`
  MODIFY `id` int UNSIGNED NOT NULL AUTO_INCREMENT, AUTO_INCREMENT=895;

--
-- AUTO_INCREMENT pentru tabele `coupons`
--
ALTER TABLE `coupons`
  MODIFY `id` bigint UNSIGNED NOT NULL AUTO_INCREMENT, AUTO_INCREMENT=16;

--
-- AUTO_INCREMENT pentru tabele `currencies`
--
ALTER TABLE `currencies`
  MODIFY `id` int UNSIGNED NOT NULL AUTO_INCREMENT, AUTO_INCREMENT=178;

--
-- AUTO_INCREMENT pentru tabele `customers`
--
ALTER TABLE `customers`
  MODIFY `id` bigint UNSIGNED NOT NULL AUTO_INCREMENT, AUTO_INCREMENT=17;

--
-- AUTO_INCREMENT pentru tabele `delivery_boys`
--
ALTER TABLE `delivery_boys`
  MODIFY `id` bigint UNSIGNED NOT NULL AUTO_INCREMENT, AUTO_INCREMENT=7;

--
-- AUTO_INCREMENT pentru tabele `disputes`
--
ALTER TABLE `disputes`
  MODIFY `id` bigint UNSIGNED NOT NULL AUTO_INCREMENT, AUTO_INCREMENT=6;

--
-- AUTO_INCREMENT pentru tabele `dispute_types`
--
ALTER TABLE `dispute_types`
  MODIFY `id` int UNSIGNED NOT NULL AUTO_INCREMENT, AUTO_INCREMENT=11;

--
-- AUTO_INCREMENT pentru tabele `email_templates`
--
ALTER TABLE `email_templates`
  MODIFY `id` int UNSIGNED NOT NULL AUTO_INCREMENT, AUTO_INCREMENT=6;

--
-- AUTO_INCREMENT pentru tabele `failed_jobs`
--
ALTER TABLE `failed_jobs`
  MODIFY `id` bigint UNSIGNED NOT NULL AUTO_INCREMENT;

--
-- AUTO_INCREMENT pentru tabele `faqs`
--
ALTER TABLE `faqs`
  MODIFY `id` int UNSIGNED NOT NULL AUTO_INCREMENT, AUTO_INCREMENT=10;

--
-- AUTO_INCREMENT pentru tabele `faq_topics`
--
ALTER TABLE `faq_topics`
  MODIFY `id` int UNSIGNED NOT NULL AUTO_INCREMENT, AUTO_INCREMENT=4;

--
-- AUTO_INCREMENT pentru tabele `feedbacks`
--
ALTER TABLE `feedbacks`
  MODIFY `id` bigint UNSIGNED NOT NULL AUTO_INCREMENT, AUTO_INCREMENT=151;

--
-- AUTO_INCREMENT pentru tabele `gift_cards`
--
ALTER TABLE `gift_cards`
  MODIFY `id` bigint UNSIGNED NOT NULL AUTO_INCREMENT;

--
-- AUTO_INCREMENT pentru tabele `gtin_types`
--
ALTER TABLE `gtin_types`
  MODIFY `id` int UNSIGNED NOT NULL AUTO_INCREMENT, AUTO_INCREMENT=6;

--
-- AUTO_INCREMENT pentru tabele `images`
--
ALTER TABLE `images`
  MODIFY `id` bigint UNSIGNED NOT NULL AUTO_INCREMENT, AUTO_INCREMENT=532;

--
-- AUTO_INCREMENT pentru tabele `inventories`
--
ALTER TABLE `inventories`
  MODIFY `id` bigint UNSIGNED NOT NULL AUTO_INCREMENT, AUTO_INCREMENT=108;

--
-- AUTO_INCREMENT pentru tabele `invoices`
--
ALTER TABLE `invoices`
  MODIFY `id` int UNSIGNED NOT NULL AUTO_INCREMENT;

--
-- AUTO_INCREMENT pentru tabele `jobs`
--
ALTER TABLE `jobs`
  MODIFY `id` bigint UNSIGNED NOT NULL AUTO_INCREMENT;

--
-- AUTO_INCREMENT pentru tabele `languages`
--
ALTER TABLE `languages`
  MODIFY `id` int UNSIGNED NOT NULL AUTO_INCREMENT, AUTO_INCREMENT=24;

--
-- AUTO_INCREMENT pentru tabele `manufacturers`
--
ALTER TABLE `manufacturers`
  MODIFY `id` int UNSIGNED NOT NULL AUTO_INCREMENT, AUTO_INCREMENT=17;

--
-- AUTO_INCREMENT pentru tabele `messages`
--
ALTER TABLE `messages`
  MODIFY `id` bigint UNSIGNED NOT NULL AUTO_INCREMENT, AUTO_INCREMENT=16;

--
-- AUTO_INCREMENT pentru tabele `migrations`
--
ALTER TABLE `migrations`
  MODIFY `id` int UNSIGNED NOT NULL AUTO_INCREMENT, AUTO_INCREMENT=97;

--
-- AUTO_INCREMENT pentru tabele `modules`
--
ALTER TABLE `modules`
  MODIFY `id` int UNSIGNED NOT NULL AUTO_INCREMENT, AUTO_INCREMENT=34;

--
-- AUTO_INCREMENT pentru tabele `options`
--
ALTER TABLE `options`
  MODIFY `id` int UNSIGNED NOT NULL AUTO_INCREMENT, AUTO_INCREMENT=6;

--
-- AUTO_INCREMENT pentru tabele `orders`
--
ALTER TABLE `orders`
  MODIFY `id` bigint UNSIGNED NOT NULL AUTO_INCREMENT, AUTO_INCREMENT=16;

--
-- AUTO_INCREMENT pentru tabele `packages`
--
ALTER TABLE `packages`
  MODIFY `id` int UNSIGNED NOT NULL AUTO_INCREMENT;

--
-- AUTO_INCREMENT pentru tabele `packagings`
--
ALTER TABLE `packagings`
  MODIFY `id` int UNSIGNED NOT NULL AUTO_INCREMENT, AUTO_INCREMENT=7;

--
-- AUTO_INCREMENT pentru tabele `pages`
--
ALTER TABLE `pages`
  MODIFY `id` int UNSIGNED NOT NULL AUTO_INCREMENT, AUTO_INCREMENT=9;

--
-- AUTO_INCREMENT pentru tabele `payment_methods`
--
ALTER TABLE `payment_methods`
  MODIFY `id` int UNSIGNED NOT NULL AUTO_INCREMENT, AUTO_INCREMENT=8;

--
-- AUTO_INCREMENT pentru tabele `performance_indicators`
--
ALTER TABLE `performance_indicators`
  MODIFY `id` int UNSIGNED NOT NULL AUTO_INCREMENT;

--
-- AUTO_INCREMENT pentru tabele `permissions`
--
ALTER TABLE `permissions`
  MODIFY `id` int UNSIGNED NOT NULL AUTO_INCREMENT, AUTO_INCREMENT=115;

--
-- AUTO_INCREMENT pentru tabele `products`
--
ALTER TABLE `products`
  MODIFY `id` bigint UNSIGNED NOT NULL AUTO_INCREMENT, AUTO_INCREMENT=52;

--
-- AUTO_INCREMENT pentru tabele `refunds`
--
ALTER TABLE `refunds`
  MODIFY `id` bigint UNSIGNED NOT NULL AUTO_INCREMENT;

--
-- AUTO_INCREMENT pentru tabele `replies`
--
ALTER TABLE `replies`
  MODIFY `id` bigint UNSIGNED NOT NULL AUTO_INCREMENT, AUTO_INCREMENT=31;

--
-- AUTO_INCREMENT pentru tabele `roles`
--
ALTER TABLE `roles`
  MODIFY `id` int UNSIGNED NOT NULL AUTO_INCREMENT, AUTO_INCREMENT=6;

--
-- AUTO_INCREMENT pentru tabele `shipping_rates`
--
ALTER TABLE `shipping_rates`
  MODIFY `id` int UNSIGNED NOT NULL AUTO_INCREMENT, AUTO_INCREMENT=51;

--
-- AUTO_INCREMENT pentru tabele `shipping_zones`
--
ALTER TABLE `shipping_zones`
  MODIFY `id` int UNSIGNED NOT NULL AUTO_INCREMENT, AUTO_INCREMENT=11;

--
-- AUTO_INCREMENT pentru tabele `shops`
--
ALTER TABLE `shops`
  MODIFY `id` int UNSIGNED NOT NULL AUTO_INCREMENT, AUTO_INCREMENT=6;

--
-- AUTO_INCREMENT pentru tabele `sliders`
--
ALTER TABLE `sliders`
  MODIFY `id` int UNSIGNED NOT NULL AUTO_INCREMENT, AUTO_INCREMENT=5;

--
-- AUTO_INCREMENT pentru tabele `states`
--
ALTER TABLE `states`
  MODIFY `id` int UNSIGNED NOT NULL AUTO_INCREMENT, AUTO_INCREMENT=1517;

--
-- AUTO_INCREMENT pentru tabele `subscriptions`
--
ALTER TABLE `subscriptions`
  MODIFY `id` int UNSIGNED NOT NULL AUTO_INCREMENT, AUTO_INCREMENT=6;

--
-- AUTO_INCREMENT pentru tabele `subscription_items`
--
ALTER TABLE `subscription_items`
  MODIFY `id` bigint UNSIGNED NOT NULL AUTO_INCREMENT;

--
-- AUTO_INCREMENT pentru tabele `suppliers`
--
ALTER TABLE `suppliers`
  MODIFY `id` int UNSIGNED NOT NULL AUTO_INCREMENT, AUTO_INCREMENT=6;

--
-- AUTO_INCREMENT pentru tabele `systems`
--
ALTER TABLE `systems`
  MODIFY `id` int UNSIGNED NOT NULL AUTO_INCREMENT, AUTO_INCREMENT=2;

--
-- AUTO_INCREMENT pentru tabele `tags`
--
ALTER TABLE `tags`
  MODIFY `id` int UNSIGNED NOT NULL AUTO_INCREMENT, AUTO_INCREMENT=31;

--
-- AUTO_INCREMENT pentru tabele `taxes`
--
ALTER TABLE `taxes`
  MODIFY `id` int UNSIGNED NOT NULL AUTO_INCREMENT, AUTO_INCREMENT=7;

--
-- AUTO_INCREMENT pentru tabele `tickets`
--
ALTER TABLE `tickets`
  MODIFY `id` bigint UNSIGNED NOT NULL AUTO_INCREMENT, AUTO_INCREMENT=6;

--
-- AUTO_INCREMENT pentru tabele `ticket_categories`
--
ALTER TABLE `ticket_categories`
  MODIFY `id` int UNSIGNED NOT NULL AUTO_INCREMENT, AUTO_INCREMENT=5;

--
-- AUTO_INCREMENT pentru tabele `timezones`
--
ALTER TABLE `timezones`
  MODIFY `id` int UNSIGNED NOT NULL AUTO_INCREMENT, AUTO_INCREMENT=98;

--
-- AUTO_INCREMENT pentru tabele `users`
--
ALTER TABLE `users`
  MODIFY `id` bigint UNSIGNED NOT NULL AUTO_INCREMENT, AUTO_INCREMENT=8;

--
-- AUTO_INCREMENT pentru tabele `warehouses`
--
ALTER TABLE `warehouses`
  MODIFY `id` int UNSIGNED NOT NULL AUTO_INCREMENT, AUTO_INCREMENT=2;

--
-- AUTO_INCREMENT pentru tabele `wishlists`
--
ALTER TABLE `wishlists`
  MODIFY `id` bigint UNSIGNED NOT NULL AUTO_INCREMENT, AUTO_INCREMENT=16;

--
-- Constrângeri pentru tabele eliminate
--

--
-- Constrângeri pentru tabele `addresses`
--
ALTER TABLE `addresses`
  ADD CONSTRAINT `addresses_country_id_foreign` FOREIGN KEY (`country_id`) REFERENCES `countries` (`id`);

--
-- Constrângeri pentru tabele `attributes`
--
ALTER TABLE `attributes`
  ADD CONSTRAINT `attributes_attribute_type_id_foreign` FOREIGN KEY (`attribute_type_id`) REFERENCES `attribute_types` (`id`) ON DELETE SET NULL;

--
-- Constrângeri pentru tabele `attribute_categories`
--
ALTER TABLE `attribute_categories`
  ADD CONSTRAINT `attribute_categories_attribute_id_foreign` FOREIGN KEY (`attribute_id`) REFERENCES `attributes` (`id`) ON DELETE CASCADE,
  ADD CONSTRAINT `attribute_categories_category_id_foreign` FOREIGN KEY (`category_id`) REFERENCES `categories` (`id`) ON DELETE CASCADE;

--
-- Constrângeri pentru tabele `attribute_inventory`
--
ALTER TABLE `attribute_inventory`
  ADD CONSTRAINT `attribute_inventory_attribute_id_foreign` FOREIGN KEY (`attribute_id`) REFERENCES `attributes` (`id`) ON DELETE CASCADE,
  ADD CONSTRAINT `attribute_inventory_attribute_value_id_foreign` FOREIGN KEY (`attribute_value_id`) REFERENCES `attribute_values` (`id`) ON DELETE CASCADE,
  ADD CONSTRAINT `attribute_inventory_inventory_id_foreign` FOREIGN KEY (`inventory_id`) REFERENCES `inventories` (`id`) ON DELETE CASCADE;

--
-- Constrângeri pentru tabele `attribute_values`
--
ALTER TABLE `attribute_values`
  ADD CONSTRAINT `attribute_values_attribute_id_foreign` FOREIGN KEY (`attribute_id`) REFERENCES `attributes` (`id`) ON DELETE CASCADE;

--
-- Constrângeri pentru tabele `blogs`
--
ALTER TABLE `blogs`
  ADD CONSTRAINT `blogs_user_id_foreign` FOREIGN KEY (`user_id`) REFERENCES `users` (`id`) ON DELETE CASCADE;

--
-- Constrângeri pentru tabele `blog_comments`
--
ALTER TABLE `blog_comments`
  ADD CONSTRAINT `blog_comments_blog_id_foreign` FOREIGN KEY (`blog_id`) REFERENCES `blogs` (`id`) ON DELETE CASCADE,
  ADD CONSTRAINT `blog_comments_user_id_foreign` FOREIGN KEY (`user_id`) REFERENCES `users` (`id`) ON DELETE CASCADE;

--
-- Constrângeri pentru tabele `cancellations`
--
ALTER TABLE `cancellations`
  ADD CONSTRAINT `cancellations_cancellation_reason_id_foreign` FOREIGN KEY (`cancellation_reason_id`) REFERENCES `cancellation_reasons` (`id`) ON DELETE SET NULL,
  ADD CONSTRAINT `cancellations_customer_id_foreign` FOREIGN KEY (`customer_id`) REFERENCES `customers` (`id`) ON DELETE CASCADE,
  ADD CONSTRAINT `cancellations_order_id_foreign` FOREIGN KEY (`order_id`) REFERENCES `orders` (`id`) ON DELETE CASCADE;

--
-- Constrângeri pentru tabele `carts`
--
ALTER TABLE `carts`
  ADD CONSTRAINT `carts_customer_id_foreign` FOREIGN KEY (`customer_id`) REFERENCES `customers` (`id`) ON DELETE SET NULL,
  ADD CONSTRAINT `carts_shop_id_foreign` FOREIGN KEY (`shop_id`) REFERENCES `shops` (`id`) ON DELETE SET NULL;

--
-- Constrângeri pentru tabele `cart_items`
--
ALTER TABLE `cart_items`
  ADD CONSTRAINT `cart_items_cart_id_foreign` FOREIGN KEY (`cart_id`) REFERENCES `carts` (`id`) ON DELETE CASCADE,
  ADD CONSTRAINT `cart_items_inventory_id_foreign` FOREIGN KEY (`inventory_id`) REFERENCES `inventories` (`id`) ON DELETE CASCADE;

--
-- Constrângeri pentru tabele `categories`
--
ALTER TABLE `categories`
  ADD CONSTRAINT `categories_category_sub_group_id_foreign` FOREIGN KEY (`category_sub_group_id`) REFERENCES `category_sub_groups` (`id`) ON DELETE CASCADE;

--
-- Constrângeri pentru tabele `category_product`
--
ALTER TABLE `category_product`
  ADD CONSTRAINT `category_product_category_id_foreign` FOREIGN KEY (`category_id`) REFERENCES `categories` (`id`) ON DELETE CASCADE,
  ADD CONSTRAINT `category_product_product_id_foreign` FOREIGN KEY (`product_id`) REFERENCES `products` (`id`) ON DELETE CASCADE;

--
-- Constrângeri pentru tabele `category_sub_groups`
--
ALTER TABLE `category_sub_groups`
  ADD CONSTRAINT `category_sub_groups_category_group_id_foreign` FOREIGN KEY (`category_group_id`) REFERENCES `category_groups` (`id`) ON DELETE CASCADE;

--
-- Constrângeri pentru tabele `chat_conversations`
--
ALTER TABLE `chat_conversations`
  ADD CONSTRAINT `chat_conversations_customer_id_foreign` FOREIGN KEY (`customer_id`) REFERENCES `customers` (`id`) ON DELETE SET NULL,
  ADD CONSTRAINT `chat_conversations_shop_id_foreign` FOREIGN KEY (`shop_id`) REFERENCES `shops` (`id`) ON DELETE SET NULL;

--
-- Constrângeri pentru tabele `configs`
--
ALTER TABLE `configs`
  ADD CONSTRAINT `configs_shop_id_foreign` FOREIGN KEY (`shop_id`) REFERENCES `shops` (`id`) ON DELETE CASCADE;

--
-- Constrângeri pentru tabele `config_authorize_net`
--
ALTER TABLE `config_authorize_net`
  ADD CONSTRAINT `config_authorize_net_shop_id_foreign` FOREIGN KEY (`shop_id`) REFERENCES `shops` (`id`) ON DELETE CASCADE;

--
-- Constrângeri pentru tabele `config_cybersources`
--
ALTER TABLE `config_cybersources`
  ADD CONSTRAINT `config_cybersources_shop_id_foreign` FOREIGN KEY (`shop_id`) REFERENCES `shops` (`id`) ON DELETE CASCADE;

--
-- Constrângeri pentru tabele `config_instamojo`
--
ALTER TABLE `config_instamojo`
  ADD CONSTRAINT `config_instamojo_shop_id_foreign` FOREIGN KEY (`shop_id`) REFERENCES `shops` (`id`) ON DELETE CASCADE;

--
-- Constrângeri pentru tabele `config_manual_payments`
--
ALTER TABLE `config_manual_payments`
  ADD CONSTRAINT `config_manual_payments_payment_method_id_foreign` FOREIGN KEY (`payment_method_id`) REFERENCES `payment_methods` (`id`) ON DELETE CASCADE,
  ADD CONSTRAINT `config_manual_payments_shop_id_foreign` FOREIGN KEY (`shop_id`) REFERENCES `shops` (`id`) ON DELETE CASCADE;

--
-- Constrângeri pentru tabele `config_paypal_express`
--
ALTER TABLE `config_paypal_express`
  ADD CONSTRAINT `config_paypal_express_shop_id_foreign` FOREIGN KEY (`shop_id`) REFERENCES `shops` (`id`) ON DELETE CASCADE;

--
-- Constrângeri pentru tabele `config_paystacks`
--
ALTER TABLE `config_paystacks`
  ADD CONSTRAINT `config_paystacks_shop_id_foreign` FOREIGN KEY (`shop_id`) REFERENCES `shops` (`id`) ON DELETE CASCADE;

--
-- Constrângeri pentru tabele `config_stripes`
--
ALTER TABLE `config_stripes`
  ADD CONSTRAINT `config_stripes_shop_id_foreign` FOREIGN KEY (`shop_id`) REFERENCES `shops` (`id`) ON DELETE CASCADE;

--
-- Constrângeri pentru tabele `countries`
--
ALTER TABLE `countries`
  ADD CONSTRAINT `countries_currency_id_foreign` FOREIGN KEY (`currency_id`) REFERENCES `currencies` (`id`) ON DELETE SET NULL,
  ADD CONSTRAINT `countries_timezone_id_foreign` FOREIGN KEY (`timezone_id`) REFERENCES `timezones` (`id`) ON DELETE SET NULL;

--
-- Constrângeri pentru tabele `coupon_customer`
--
ALTER TABLE `coupon_customer`
  ADD CONSTRAINT `coupon_customer_coupon_id_foreign` FOREIGN KEY (`coupon_id`) REFERENCES `coupons` (`id`) ON DELETE CASCADE,
  ADD CONSTRAINT `coupon_customer_customer_id_foreign` FOREIGN KEY (`customer_id`) REFERENCES `customers` (`id`) ON DELETE CASCADE;

--
-- Constrângeri pentru tabele `coupon_shipping_zone`
--
ALTER TABLE `coupon_shipping_zone`
  ADD CONSTRAINT `coupon_shipping_zone_coupon_id_foreign` FOREIGN KEY (`coupon_id`) REFERENCES `coupons` (`id`) ON DELETE CASCADE,
  ADD CONSTRAINT `coupon_shipping_zone_shipping_zone_id_foreign` FOREIGN KEY (`shipping_zone_id`) REFERENCES `shipping_zones` (`id`) ON DELETE CASCADE;

--
-- Constrângeri pentru tabele `delivery_boys`
--
ALTER TABLE `delivery_boys`
  ADD CONSTRAINT `delivery_boys_shop_id_foreign` FOREIGN KEY (`shop_id`) REFERENCES `shops` (`id`) ON DELETE CASCADE;

--
-- Constrângeri pentru tabele `disputes`
--
ALTER TABLE `disputes`
  ADD CONSTRAINT `disputes_customer_id_foreign` FOREIGN KEY (`customer_id`) REFERENCES `customers` (`id`) ON DELETE CASCADE,
  ADD CONSTRAINT `disputes_dispute_type_id_foreign` FOREIGN KEY (`dispute_type_id`) REFERENCES `dispute_types` (`id`) ON DELETE SET NULL,
  ADD CONSTRAINT `disputes_order_id_foreign` FOREIGN KEY (`order_id`) REFERENCES `orders` (`id`) ON DELETE CASCADE;

--
-- Constrângeri pentru tabele `faqs`
--
ALTER TABLE `faqs`
  ADD CONSTRAINT `faqs_faq_topic_id_foreign` FOREIGN KEY (`faq_topic_id`) REFERENCES `faq_topics` (`id`) ON DELETE SET NULL;

--
-- Constrângeri pentru tabele `feedbacks`
--
ALTER TABLE `feedbacks`
  ADD CONSTRAINT `feedbacks_customer_id_foreign` FOREIGN KEY (`customer_id`) REFERENCES `customers` (`id`) ON DELETE CASCADE;

--
-- Constrângeri pentru tabele `inventories`
--
ALTER TABLE `inventories`
  ADD CONSTRAINT `inventories_product_id_foreign` FOREIGN KEY (`product_id`) REFERENCES `products` (`id`) ON DELETE CASCADE;

--
-- Constrângeri pentru tabele `inventory_packaging`
--
ALTER TABLE `inventory_packaging`
  ADD CONSTRAINT `inventory_packaging_inventory_id_foreign` FOREIGN KEY (`inventory_id`) REFERENCES `inventories` (`id`) ON DELETE CASCADE,
  ADD CONSTRAINT `inventory_packaging_packaging_id_foreign` FOREIGN KEY (`packaging_id`) REFERENCES `packagings` (`id`) ON DELETE CASCADE;

--
-- Constrângeri pentru tabele `orders`
--
ALTER TABLE `orders`
  ADD CONSTRAINT `orders_customer_id_foreign` FOREIGN KEY (`customer_id`) REFERENCES `customers` (`id`) ON DELETE SET NULL;

--
-- Constrângeri pentru tabele `order_items`
--
ALTER TABLE `order_items`
  ADD CONSTRAINT `order_items_inventory_id_foreign` FOREIGN KEY (`inventory_id`) REFERENCES `inventories` (`id`) ON DELETE SET NULL,
  ADD CONSTRAINT `order_items_order_id_foreign` FOREIGN KEY (`order_id`) REFERENCES `orders` (`id`) ON DELETE CASCADE;

--
-- Constrângeri pentru tabele `permissions`
--
ALTER TABLE `permissions`
  ADD CONSTRAINT `permissions_module_id_foreign` FOREIGN KEY (`module_id`) REFERENCES `modules` (`id`) ON DELETE CASCADE;

--
-- Constrângeri pentru tabele `permission_role`
--
ALTER TABLE `permission_role`
  ADD CONSTRAINT `permission_role_permission_id_foreign` FOREIGN KEY (`permission_id`) REFERENCES `permissions` (`id`) ON DELETE CASCADE,
  ADD CONSTRAINT `permission_role_role_id_foreign` FOREIGN KEY (`role_id`) REFERENCES `roles` (`id`) ON DELETE CASCADE;

--
-- Constrângeri pentru tabele `refunds`
--
ALTER TABLE `refunds`
  ADD CONSTRAINT `refunds_order_id_foreign` FOREIGN KEY (`order_id`) REFERENCES `orders` (`id`) ON DELETE CASCADE;

--
-- Constrângeri pentru tabele `replies`
--
ALTER TABLE `replies`
  ADD CONSTRAINT `replies_user_id_foreign` FOREIGN KEY (`user_id`) REFERENCES `users` (`id`) ON DELETE SET NULL;

--
-- Constrângeri pentru tabele `shipping_rates`
--
ALTER TABLE `shipping_rates`
  ADD CONSTRAINT `shipping_rates_shipping_zone_id_foreign` FOREIGN KEY (`shipping_zone_id`) REFERENCES `shipping_zones` (`id`) ON DELETE CASCADE;

--
-- Constrângeri pentru tabele `shops`
--
ALTER TABLE `shops`
  ADD CONSTRAINT `shops_owner_id_foreign` FOREIGN KEY (`owner_id`) REFERENCES `users` (`id`) ON DELETE CASCADE;

--
-- Constrângeri pentru tabele `shop_payment_methods`
--
ALTER TABLE `shop_payment_methods`
  ADD CONSTRAINT `shop_payment_methods_payment_method_id_foreign` FOREIGN KEY (`payment_method_id`) REFERENCES `payment_methods` (`id`) ON DELETE CASCADE,
  ADD CONSTRAINT `shop_payment_methods_shop_id_foreign` FOREIGN KEY (`shop_id`) REFERENCES `shops` (`id`) ON DELETE CASCADE;

--
-- Constrângeri pentru tabele `states`
--
ALTER TABLE `states`
  ADD CONSTRAINT `states_country_id_foreign` FOREIGN KEY (`country_id`) REFERENCES `countries` (`id`) ON DELETE CASCADE;

--
-- Constrângeri pentru tabele `taggables`
--
ALTER TABLE `taggables`
  ADD CONSTRAINT `taggables_tag_id_foreign` FOREIGN KEY (`tag_id`) REFERENCES `tags` (`id`) ON DELETE CASCADE;

--
-- Constrângeri pentru tabele `tickets`
--
ALTER TABLE `tickets`
  ADD CONSTRAINT `tickets_category_id_foreign` FOREIGN KEY (`category_id`) REFERENCES `ticket_categories` (`id`) ON DELETE SET NULL,
  ADD CONSTRAINT `tickets_user_id_foreign` FOREIGN KEY (`user_id`) REFERENCES `users` (`id`) ON DELETE SET NULL;

--
-- Constrângeri pentru tabele `user_warehouse`
--
ALTER TABLE `user_warehouse`
  ADD CONSTRAINT `user_warehouse_user_id_foreign` FOREIGN KEY (`user_id`) REFERENCES `users` (`id`) ON DELETE CASCADE,
  ADD CONSTRAINT `user_warehouse_warehouse_id_foreign` FOREIGN KEY (`warehouse_id`) REFERENCES `warehouses` (`id`) ON DELETE CASCADE;

--
-- Constrângeri pentru tabele `warehouses`
--
ALTER TABLE `warehouses`
  ADD CONSTRAINT `warehouses_shop_id_foreign` FOREIGN KEY (`shop_id`) REFERENCES `shops` (`id`) ON DELETE CASCADE;

--
-- Constrângeri pentru tabele `wishlists`
--
ALTER TABLE `wishlists`
  ADD CONSTRAINT `wishlists_inventory_id_foreign` FOREIGN KEY (`inventory_id`) REFERENCES `inventories` (`id`) ON DELETE SET NULL,
  ADD CONSTRAINT `wishlists_product_id_foreign` FOREIGN KEY (`product_id`) REFERENCES `products` (`id`) ON DELETE CASCADE;
COMMIT;

/*!40101 SET CHARACTER_SET_CLIENT=@OLD_CHARACTER_SET_CLIENT */;
/*!40101 SET CHARACTER_SET_RESULTS=@OLD_CHARACTER_SET_RESULTS */;
/*!40101 SET COLLATION_CONNECTION=@OLD_COLLATION_CONNECTION */;
