-- --------------------------------------------------------
-- Host:                         127.0.0.1
-- Server version:               5.7.33 - MySQL Community Server (GPL)
-- Server OS:                    Win64
-- HeidiSQL Version:             11.2.0.6213
-- --------------------------------------------------------

/*!40101 SET @OLD_CHARACTER_SET_CLIENT=@@CHARACTER_SET_CLIENT */;
/*!40101 SET NAMES utf8 */;
/*!50503 SET NAMES utf8mb4 */;
/*!40014 SET @OLD_FOREIGN_KEY_CHECKS=@@FOREIGN_KEY_CHECKS, FOREIGN_KEY_CHECKS=0 */;
/*!40101 SET @OLD_SQL_MODE=@@SQL_MODE, SQL_MODE='NO_AUTO_VALUE_ON_ZERO' */;
/*!40111 SET @OLD_SQL_NOTES=@@SQL_NOTES, SQL_NOTES=0 */;

-- Dumping structure for table zcart2511.activity_log
CREATE TABLE IF NOT EXISTS `activity_log` (
  `id` bigint(20) unsigned NOT NULL AUTO_INCREMENT,
  `log_name` varchar(255) COLLATE utf8_unicode_ci DEFAULT NULL,
  `description` text COLLATE utf8_unicode_ci NOT NULL,
  `subject_id` bigint(20) DEFAULT NULL,
  `subject_type` varchar(255) COLLATE utf8_unicode_ci DEFAULT NULL,
  `causer_id` int(11) DEFAULT NULL,
  `causer_type` varchar(255) COLLATE utf8_unicode_ci DEFAULT NULL,
  `properties` text COLLATE utf8_unicode_ci,
  `created_at` timestamp NULL DEFAULT NULL,
  `updated_at` timestamp NULL DEFAULT NULL,
  PRIMARY KEY (`id`),
  KEY `activity_log_log_name_index` (`log_name`)
) ENGINE=InnoDB AUTO_INCREMENT=39 DEFAULT CHARSET=utf8 COLLATE=utf8_unicode_ci;

-- Dumping data for table zcart2511.activity_log: ~38 rows (approximately)
/*!40000 ALTER TABLE `activity_log` DISABLE KEYS */;
INSERT INTO `activity_log` (`id`, `log_name`, `description`, `subject_id`, `subject_type`, `causer_id`, `causer_type`, `properties`, `created_at`, `updated_at`) VALUES
	(1, 'order', 'created', 1, 'App\\Models\\Order', NULL, NULL, '{"attributes":{"order_number":"#920655","shop_id":1,"customer_id":16,"ship_to":null,"shipping_zone_id":null,"shipping_rate_id":23,"packaging_id":1,"item_count":3,"quantity":3,"shipping_weight":"253.000000","taxrate":null,"total":"399.420292","discount":null,"shipping":"3.000000","packaging":null,"handling":null,"taxes":null,"grand_total":"402.420292","billing_address":"<address>23467 Satterfield Gateway Suite 202<br\\/>Kaia Road<br\\/>New Alexys, <br\\/>Z\\u0327uf\\u0101r 30274-7472<br\\/><abbr title=\\"Phone\\">P:<\\/abbr> +1 (610) 368-7072<\\/address>","shipping_address":"<address>23467 Satterfield Gateway Suite 202<br\\/>Kaia Road<br\\/>New Alexys, <br\\/>Z\\u0327uf\\u0101r 30274-7472<br\\/><abbr title=\\"Phone\\">P:<\\/abbr> +1 (610) 368-7072<\\/address>","shipping_date":null,"delivery_date":null,"tracking_id":"RR123456789CN","coupon_id":null,"carrier_id":null,"message_to_customer":null,"send_invoice_to_customer":null,"admin_note":"Quisquam in quasi eveniet illum perspiciatis sed.","buyer_note":"Aut numquam eos sunt esse.","payment_method_id":3,"payment_instruction":null,"payment_ref_id":null,"payment_date":null,"payment_status":1,"order_status_id":1,"goods_received":null,"approved":null,"feedback_id":null,"disputed":null,"email":null,"customer_phone_number":null,"fulfilment_type":"deliver","device_id":null,"razorpay_order_id":null,"razorpay_payment_id":null,"razorpay_signature":null}}', '2022-03-25 01:15:28', '2022-03-25 01:15:28'),
	(2, 'order', 'created', 2, 'App\\Models\\Order', NULL, NULL, '{"attributes":{"order_number":"#915167","shop_id":5,"customer_id":2,"ship_to":null,"shipping_zone_id":null,"shipping_rate_id":19,"packaging_id":5,"item_count":5,"quantity":5,"shipping_weight":"623.000000","taxrate":null,"total":"339.668642","discount":null,"shipping":"5.000000","packaging":null,"handling":null,"taxes":null,"grand_total":"344.668642","billing_address":"<address>9056 Crooks Summit<br\\/>Ferry Pike<br\\/>Botsfordborough, <br\\/>Puducherry 58916<br\\/><abbr title=\\"Phone\\">P:<\\/abbr> 516.563.1309<\\/address>","shipping_address":"<address>9056 Crooks Summit<br\\/>Ferry Pike<br\\/>Botsfordborough, <br\\/>Puducherry 58916<br\\/><abbr title=\\"Phone\\">P:<\\/abbr> 516.563.1309<\\/address>","shipping_date":null,"delivery_date":null,"tracking_id":"RR123456789CN","coupon_id":null,"carrier_id":null,"message_to_customer":null,"send_invoice_to_customer":null,"admin_note":"Nisi dicta quae quia iure.","buyer_note":"Unde et rem magni eum ipsam.","payment_method_id":7,"payment_instruction":null,"payment_ref_id":null,"payment_date":null,"payment_status":1,"order_status_id":1,"goods_received":null,"approved":null,"feedback_id":null,"disputed":null,"email":null,"customer_phone_number":null,"fulfilment_type":"deliver","device_id":null,"razorpay_order_id":null,"razorpay_payment_id":null,"razorpay_signature":null}}', '2022-03-25 01:15:28', '2022-03-25 01:15:28'),
	(3, 'order', 'created', 3, 'App\\Models\\Order', NULL, NULL, '{"attributes":{"order_number":"#313209","shop_id":3,"customer_id":5,"ship_to":null,"shipping_zone_id":null,"shipping_rate_id":1,"packaging_id":3,"item_count":8,"quantity":8,"shipping_weight":"224.000000","taxrate":null,"total":"156.388000","discount":null,"shipping":"8.000000","packaging":null,"handling":null,"taxes":null,"grand_total":"164.388000","billing_address":"<address>43189 Dorcas Manors<br\\/>Joyce Lock<br\\/>Greenfelderborough, <br\\/> 80040<br\\/><abbr title=\\"Phone\\">P:<\\/abbr> 650.592.5443<\\/address>","shipping_address":"<address>43189 Dorcas Manors<br\\/>Joyce Lock<br\\/>Greenfelderborough, <br\\/> 80040<br\\/><abbr title=\\"Phone\\">P:<\\/abbr> 650.592.5443<\\/address>","shipping_date":null,"delivery_date":null,"tracking_id":"RR123456789CN","coupon_id":null,"carrier_id":null,"message_to_customer":null,"send_invoice_to_customer":null,"admin_note":"Dolores distinctio eos cum ut dolor.","buyer_note":"Ipsa dolore corrupti quae quidem voluptatibus est repellat.","payment_method_id":3,"payment_instruction":null,"payment_ref_id":null,"payment_date":null,"payment_status":1,"order_status_id":1,"goods_received":null,"approved":null,"feedback_id":null,"disputed":null,"email":null,"customer_phone_number":null,"fulfilment_type":"deliver","device_id":null,"razorpay_order_id":null,"razorpay_payment_id":null,"razorpay_signature":null}}', '2022-03-25 01:15:28', '2022-03-25 01:15:28'),
	(4, 'order', 'created', 4, 'App\\Models\\Order', NULL, NULL, '{"attributes":{"order_number":"#990533","shop_id":1,"customer_id":9,"ship_to":null,"shipping_zone_id":null,"shipping_rate_id":45,"packaging_id":3,"item_count":6,"quantity":6,"shipping_weight":"611.000000","taxrate":null,"total":"186.000000","discount":null,"shipping":"6.000000","packaging":null,"handling":null,"taxes":null,"grand_total":"192.000000","billing_address":"<address>8674 Carley Pike<br\\/>Kuhn Prairie<br\\/>Parkerchester, <br\\/> 27212-8148<br\\/><abbr title=\\"Phone\\">P:<\\/abbr> (337) 423-1648<\\/address>","shipping_address":"<address>8674 Carley Pike<br\\/>Kuhn Prairie<br\\/>Parkerchester, <br\\/> 27212-8148<br\\/><abbr title=\\"Phone\\">P:<\\/abbr> (337) 423-1648<\\/address>","shipping_date":null,"delivery_date":null,"tracking_id":"RR123456789CN","coupon_id":null,"carrier_id":null,"message_to_customer":null,"send_invoice_to_customer":null,"admin_note":"Reiciendis impedit est repellat.","buyer_note":"Quos in impedit ut necessitatibus dolor et voluptatibus.","payment_method_id":7,"payment_instruction":null,"payment_ref_id":null,"payment_date":null,"payment_status":1,"order_status_id":1,"goods_received":null,"approved":null,"feedback_id":null,"disputed":null,"email":null,"customer_phone_number":null,"fulfilment_type":"deliver","device_id":null,"razorpay_order_id":null,"razorpay_payment_id":null,"razorpay_signature":null}}', '2022-03-25 01:15:28', '2022-03-25 01:15:28'),
	(5, 'order', 'created', 5, 'App\\Models\\Order', NULL, NULL, '{"attributes":{"order_number":"#648849","shop_id":3,"customer_id":13,"ship_to":null,"shipping_zone_id":null,"shipping_rate_id":30,"packaging_id":1,"item_count":5,"quantity":5,"shipping_weight":"519.000000","taxrate":null,"total":"214.509200","discount":null,"shipping":"5.000000","packaging":null,"handling":null,"taxes":null,"grand_total":"219.509200","billing_address":"<address>656 Gulgowski Centers<br\\/>Nova Mountains<br\\/>Ulicesside, <br\\/>Uturu pa\\u1e37\\u0101ta 06048<br\\/><abbr title=\\"Phone\\">P:<\\/abbr> 360-818-6324<\\/address>","shipping_address":"<address>656 Gulgowski Centers<br\\/>Nova Mountains<br\\/>Ulicesside, <br\\/>Uturu pa\\u1e37\\u0101ta 06048<br\\/><abbr title=\\"Phone\\">P:<\\/abbr> 360-818-6324<\\/address>","shipping_date":null,"delivery_date":null,"tracking_id":"RR123456789CN","coupon_id":null,"carrier_id":null,"message_to_customer":null,"send_invoice_to_customer":null,"admin_note":"Porro temporibus excepturi sed quo exercitationem sed autem perspiciatis.","buyer_note":"Repellendus ipsum non labore animi doloremque quod.","payment_method_id":3,"payment_instruction":null,"payment_ref_id":null,"payment_date":null,"payment_status":1,"order_status_id":1,"goods_received":null,"approved":null,"feedback_id":null,"disputed":null,"email":null,"customer_phone_number":null,"fulfilment_type":"deliver","device_id":null,"razorpay_order_id":null,"razorpay_payment_id":null,"razorpay_signature":null}}', '2022-03-25 01:15:28', '2022-03-25 01:15:28'),
	(6, 'order', 'created', 6, 'App\\Models\\Order', NULL, NULL, '{"attributes":{"order_number":"#458704","shop_id":5,"customer_id":8,"ship_to":null,"shipping_zone_id":null,"shipping_rate_id":40,"packaging_id":1,"item_count":3,"quantity":3,"shipping_weight":"866.000000","taxrate":null,"total":"343.687585","discount":null,"shipping":"3.000000","packaging":null,"handling":null,"taxes":null,"grand_total":"346.687585","billing_address":"<address>797 Brown Extension<br\\/>Abshire Stream<br\\/>Erdmanville, <br\\/>Araucan\\u00eda 52956-8284<br\\/><abbr title=\\"Phone\\">P:<\\/abbr> (332) 812-1446<\\/address>","shipping_address":"<address>797 Brown Extension<br\\/>Abshire Stream<br\\/>Erdmanville, <br\\/>Araucan\\u00eda 52956-8284<br\\/><abbr title=\\"Phone\\">P:<\\/abbr> (332) 812-1446<\\/address>","shipping_date":null,"delivery_date":null,"tracking_id":"RR123456789CN","coupon_id":null,"carrier_id":null,"message_to_customer":null,"send_invoice_to_customer":null,"admin_note":"Omnis et tenetur praesentium voluptatem quibusdam quo et.","buyer_note":"Minima eligendi maiores voluptas rerum blanditiis eius ullam.","payment_method_id":1,"payment_instruction":null,"payment_ref_id":null,"payment_date":null,"payment_status":1,"order_status_id":1,"goods_received":null,"approved":null,"feedback_id":null,"disputed":null,"email":null,"customer_phone_number":null,"fulfilment_type":"deliver","device_id":null,"razorpay_order_id":null,"razorpay_payment_id":null,"razorpay_signature":null}}', '2022-03-25 01:15:28', '2022-03-25 01:15:28'),
	(7, 'order', 'created', 7, 'App\\Models\\Order', NULL, NULL, '{"attributes":{"order_number":"#177711","shop_id":5,"customer_id":16,"ship_to":null,"shipping_zone_id":null,"shipping_rate_id":27,"packaging_id":1,"item_count":5,"quantity":5,"shipping_weight":"516.000000","taxrate":null,"total":"381.887922","discount":null,"shipping":"5.000000","packaging":null,"handling":null,"taxes":null,"grand_total":"386.887922","billing_address":"<address>23467 Satterfield Gateway Suite 202<br\\/>Kaia Road<br\\/>New Alexys, <br\\/>Z\\u0327uf\\u0101r 30274-7472<br\\/><abbr title=\\"Phone\\">P:<\\/abbr> +1 (610) 368-7072<\\/address>","shipping_address":"<address>23467 Satterfield Gateway Suite 202<br\\/>Kaia Road<br\\/>New Alexys, <br\\/>Z\\u0327uf\\u0101r 30274-7472<br\\/><abbr title=\\"Phone\\">P:<\\/abbr> +1 (610) 368-7072<\\/address>","shipping_date":null,"delivery_date":null,"tracking_id":"RR123456789CN","coupon_id":null,"carrier_id":null,"message_to_customer":null,"send_invoice_to_customer":null,"admin_note":"Voluptatum voluptas ducimus dolorem voluptatem non ut.","buyer_note":"Saepe enim et libero voluptas exercitationem tempore debitis consequatur.","payment_method_id":6,"payment_instruction":null,"payment_ref_id":null,"payment_date":null,"payment_status":1,"order_status_id":1,"goods_received":null,"approved":null,"feedback_id":null,"disputed":null,"email":null,"customer_phone_number":null,"fulfilment_type":"deliver","device_id":null,"razorpay_order_id":null,"razorpay_payment_id":null,"razorpay_signature":null}}', '2022-03-25 01:15:28', '2022-03-25 01:15:28'),
	(8, 'order', 'created', 8, 'App\\Models\\Order', NULL, NULL, '{"attributes":{"order_number":"#742905","shop_id":3,"customer_id":9,"ship_to":null,"shipping_zone_id":null,"shipping_rate_id":30,"packaging_id":6,"item_count":3,"quantity":3,"shipping_weight":"789.000000","taxrate":null,"total":"209.400000","discount":null,"shipping":"3.000000","packaging":null,"handling":null,"taxes":null,"grand_total":"212.400000","billing_address":"<address>8674 Carley Pike<br\\/>Kuhn Prairie<br\\/>Parkerchester, <br\\/> 27212-8148<br\\/><abbr title=\\"Phone\\">P:<\\/abbr> (337) 423-1648<\\/address>","shipping_address":"<address>8674 Carley Pike<br\\/>Kuhn Prairie<br\\/>Parkerchester, <br\\/> 27212-8148<br\\/><abbr title=\\"Phone\\">P:<\\/abbr> (337) 423-1648<\\/address>","shipping_date":null,"delivery_date":null,"tracking_id":"RR123456789CN","coupon_id":null,"carrier_id":null,"message_to_customer":null,"send_invoice_to_customer":null,"admin_note":"Ad amet enim alias fuga reiciendis.","buyer_note":"Est facilis enim quae blanditiis.","payment_method_id":2,"payment_instruction":null,"payment_ref_id":null,"payment_date":null,"payment_status":1,"order_status_id":1,"goods_received":null,"approved":null,"feedback_id":null,"disputed":null,"email":null,"customer_phone_number":null,"fulfilment_type":"deliver","device_id":null,"razorpay_order_id":null,"razorpay_payment_id":null,"razorpay_signature":null}}', '2022-03-25 01:15:28', '2022-03-25 01:15:28'),
	(9, 'order', 'created', 9, 'App\\Models\\Order', NULL, NULL, '{"attributes":{"order_number":"#793208","shop_id":2,"customer_id":14,"ship_to":null,"shipping_zone_id":null,"shipping_rate_id":9,"packaging_id":1,"item_count":1,"quantity":1,"shipping_weight":"507.000000","taxrate":null,"total":"287.800000","discount":null,"shipping":"1.000000","packaging":null,"handling":null,"taxes":null,"grand_total":"288.800000","billing_address":"<address>53855 Yesenia Summit Suite 284<br\\/>Abshire Stravenue<br\\/>Lakinview, <br\\/>Catanduanes 92090-0014<br\\/><abbr title=\\"Phone\\">P:<\\/abbr> 347-850-9586<\\/address>","shipping_address":"<address>53855 Yesenia Summit Suite 284<br\\/>Abshire Stravenue<br\\/>Lakinview, <br\\/>Catanduanes 92090-0014<br\\/><abbr title=\\"Phone\\">P:<\\/abbr> 347-850-9586<\\/address>","shipping_date":null,"delivery_date":null,"tracking_id":"RR123456789CN","coupon_id":null,"carrier_id":null,"message_to_customer":null,"send_invoice_to_customer":null,"admin_note":"Ipsa exercitationem cupiditate ipsum est praesentium.","buyer_note":"Dolorem rerum sint rerum aspernatur sed atque fuga.","payment_method_id":5,"payment_instruction":null,"payment_ref_id":null,"payment_date":null,"payment_status":1,"order_status_id":1,"goods_received":null,"approved":null,"feedback_id":null,"disputed":null,"email":null,"customer_phone_number":null,"fulfilment_type":"deliver","device_id":null,"razorpay_order_id":null,"razorpay_payment_id":null,"razorpay_signature":null}}', '2022-03-25 01:15:28', '2022-03-25 01:15:28'),
	(10, 'order', 'created', 10, 'App\\Models\\Order', NULL, NULL, '{"attributes":{"order_number":"#170788","shop_id":4,"customer_id":3,"ship_to":null,"shipping_zone_id":null,"shipping_rate_id":10,"packaging_id":4,"item_count":5,"quantity":5,"shipping_weight":"955.000000","taxrate":null,"total":"257.262700","discount":null,"shipping":"5.000000","packaging":null,"handling":null,"taxes":null,"grand_total":"262.262700","billing_address":"<address>2975 Ernser Spring<br\\/>Flo Hollow<br\\/>Keshawnshire, <br\\/>Rheinland-Pfalz 93144-0603<br\\/><abbr title=\\"Phone\\">P:<\\/abbr> 931-450-8676<\\/address>","shipping_address":"<address>2975 Ernser Spring<br\\/>Flo Hollow<br\\/>Keshawnshire, <br\\/>Rheinland-Pfalz 93144-0603<br\\/><abbr title=\\"Phone\\">P:<\\/abbr> 931-450-8676<\\/address>","shipping_date":null,"delivery_date":null,"tracking_id":"RR123456789CN","coupon_id":null,"carrier_id":null,"message_to_customer":null,"send_invoice_to_customer":null,"admin_note":"Laborum velit voluptas occaecati voluptatum ea quibusdam quis.","buyer_note":"Sint molestiae assumenda distinctio odio.","payment_method_id":2,"payment_instruction":null,"payment_ref_id":null,"payment_date":null,"payment_status":1,"order_status_id":1,"goods_received":null,"approved":null,"feedback_id":null,"disputed":null,"email":null,"customer_phone_number":null,"fulfilment_type":"deliver","device_id":null,"razorpay_order_id":null,"razorpay_payment_id":null,"razorpay_signature":null}}', '2022-03-25 01:15:28', '2022-03-25 01:15:28'),
	(11, 'order', 'created', 11, 'App\\Models\\Order', NULL, NULL, '{"attributes":{"order_number":"#820828","shop_id":4,"customer_id":1,"ship_to":null,"shipping_zone_id":null,"shipping_rate_id":10,"packaging_id":2,"item_count":3,"quantity":3,"shipping_weight":"326.000000","taxrate":null,"total":"259.159673","discount":null,"shipping":"3.000000","packaging":null,"handling":null,"taxes":null,"grand_total":"262.159673","billing_address":"<address>1580 Shields Road<br\\/>Doyle Lock<br\\/>New Margaret, <br\\/> 86191<br\\/><abbr title=\\"Phone\\">P:<\\/abbr> 901.215.3925<\\/address>","shipping_address":"<address>1580 Shields Road<br\\/>Doyle Lock<br\\/>New Margaret, <br\\/> 86191<br\\/><abbr title=\\"Phone\\">P:<\\/abbr> 901.215.3925<\\/address>","shipping_date":null,"delivery_date":null,"tracking_id":"RR123456789CN","coupon_id":null,"carrier_id":null,"message_to_customer":null,"send_invoice_to_customer":null,"admin_note":"Eius aut consectetur enim nihil.","buyer_note":"Voluptatem delectus totam ea libero.","payment_method_id":4,"payment_instruction":null,"payment_ref_id":null,"payment_date":null,"payment_status":1,"order_status_id":1,"goods_received":null,"approved":null,"feedback_id":null,"disputed":null,"email":null,"customer_phone_number":null,"fulfilment_type":"deliver","device_id":null,"razorpay_order_id":null,"razorpay_payment_id":null,"razorpay_signature":null}}', '2022-03-25 01:15:28', '2022-03-25 01:15:28'),
	(12, 'order', 'created', 12, 'App\\Models\\Order', NULL, NULL, '{"attributes":{"order_number":"#355511","shop_id":1,"customer_id":1,"ship_to":null,"shipping_zone_id":null,"shipping_rate_id":46,"packaging_id":3,"item_count":3,"quantity":3,"shipping_weight":"753.000000","taxrate":null,"total":"261.601400","discount":null,"shipping":"3.000000","packaging":null,"handling":null,"taxes":null,"grand_total":"264.601400","billing_address":"<address>1580 Shields Road<br\\/>Doyle Lock<br\\/>New Margaret, <br\\/> 86191<br\\/><abbr title=\\"Phone\\">P:<\\/abbr> 901.215.3925<\\/address>","shipping_address":"<address>1580 Shields Road<br\\/>Doyle Lock<br\\/>New Margaret, <br\\/> 86191<br\\/><abbr title=\\"Phone\\">P:<\\/abbr> 901.215.3925<\\/address>","shipping_date":null,"delivery_date":null,"tracking_id":"RR123456789CN","coupon_id":null,"carrier_id":null,"message_to_customer":null,"send_invoice_to_customer":null,"admin_note":"Ut fuga cum dolore quam deleniti et ipsa.","buyer_note":"Est labore aspernatur rerum voluptatem eius.","payment_method_id":5,"payment_instruction":null,"payment_ref_id":null,"payment_date":null,"payment_status":1,"order_status_id":1,"goods_received":null,"approved":null,"feedback_id":null,"disputed":null,"email":null,"customer_phone_number":null,"fulfilment_type":"deliver","device_id":null,"razorpay_order_id":null,"razorpay_payment_id":null,"razorpay_signature":null}}', '2022-03-25 01:15:29', '2022-03-25 01:15:29'),
	(13, 'order', 'created', 13, 'App\\Models\\Order', NULL, NULL, '{"attributes":{"order_number":"#615720","shop_id":5,"customer_id":16,"ship_to":null,"shipping_zone_id":null,"shipping_rate_id":3,"packaging_id":1,"item_count":7,"quantity":7,"shipping_weight":"759.000000","taxrate":null,"total":"201.000000","discount":null,"shipping":"7.000000","packaging":null,"handling":null,"taxes":null,"grand_total":"208.000000","billing_address":"<address>23467 Satterfield Gateway Suite 202<br\\/>Kaia Road<br\\/>New Alexys, <br\\/>Z\\u0327uf\\u0101r 30274-7472<br\\/><abbr title=\\"Phone\\">P:<\\/abbr> +1 (610) 368-7072<\\/address>","shipping_address":"<address>23467 Satterfield Gateway Suite 202<br\\/>Kaia Road<br\\/>New Alexys, <br\\/>Z\\u0327uf\\u0101r 30274-7472<br\\/><abbr title=\\"Phone\\">P:<\\/abbr> +1 (610) 368-7072<\\/address>","shipping_date":null,"delivery_date":null,"tracking_id":"RR123456789CN","coupon_id":null,"carrier_id":null,"message_to_customer":null,"send_invoice_to_customer":null,"admin_note":"Amet ut odit qui quos veritatis fugit.","buyer_note":"Eaque impedit ab assumenda non sunt et ducimus.","payment_method_id":1,"payment_instruction":null,"payment_ref_id":null,"payment_date":null,"payment_status":1,"order_status_id":1,"goods_received":null,"approved":null,"feedback_id":null,"disputed":null,"email":null,"customer_phone_number":null,"fulfilment_type":"deliver","device_id":null,"razorpay_order_id":null,"razorpay_payment_id":null,"razorpay_signature":null}}', '2022-03-25 01:15:29', '2022-03-25 01:15:29'),
	(14, 'order', 'created', 14, 'App\\Models\\Order', NULL, NULL, '{"attributes":{"order_number":"#336787","shop_id":5,"customer_id":6,"ship_to":null,"shipping_zone_id":null,"shipping_rate_id":24,"packaging_id":2,"item_count":3,"quantity":3,"shipping_weight":"102.000000","taxrate":null,"total":"371.209440","discount":null,"shipping":"3.000000","packaging":null,"handling":null,"taxes":null,"grand_total":"374.209440","billing_address":"<address>145 Ephraim Cliff Apt. 179<br\\/>Lincoln Creek<br\\/>East Brennanland, <br\\/>K\\u014f\\u1e37amba 13100-8608<br\\/><abbr title=\\"Phone\\">P:<\\/abbr> 928-769-5574<\\/address>","shipping_address":"<address>145 Ephraim Cliff Apt. 179<br\\/>Lincoln Creek<br\\/>East Brennanland, <br\\/>K\\u014f\\u1e37amba 13100-8608<br\\/><abbr title=\\"Phone\\">P:<\\/abbr> 928-769-5574<\\/address>","shipping_date":null,"delivery_date":null,"tracking_id":"RR123456789CN","coupon_id":null,"carrier_id":null,"message_to_customer":null,"send_invoice_to_customer":null,"admin_note":"Rerum quia rerum adipisci repudiandae esse ratione unde.","buyer_note":"Quidem laudantium laborum unde.","payment_method_id":4,"payment_instruction":null,"payment_ref_id":null,"payment_date":null,"payment_status":1,"order_status_id":1,"goods_received":null,"approved":null,"feedback_id":null,"disputed":null,"email":null,"customer_phone_number":null,"fulfilment_type":"deliver","device_id":null,"razorpay_order_id":null,"razorpay_payment_id":null,"razorpay_signature":null}}', '2022-03-25 01:15:29', '2022-03-25 01:15:29'),
	(15, 'order', 'created', 15, 'App\\Models\\Order', NULL, NULL, '{"attributes":{"order_number":"#021001","shop_id":4,"customer_id":6,"ship_to":null,"shipping_zone_id":null,"shipping_rate_id":23,"packaging_id":6,"item_count":7,"quantity":7,"shipping_weight":"108.000000","taxrate":null,"total":"306.229264","discount":null,"shipping":"7.000000","packaging":null,"handling":null,"taxes":null,"grand_total":"313.229264","billing_address":"<address>145 Ephraim Cliff Apt. 179<br\\/>Lincoln Creek<br\\/>East Brennanland, <br\\/>K\\u014f\\u1e37amba 13100-8608<br\\/><abbr title=\\"Phone\\">P:<\\/abbr> 928-769-5574<\\/address>","shipping_address":"<address>145 Ephraim Cliff Apt. 179<br\\/>Lincoln Creek<br\\/>East Brennanland, <br\\/>K\\u014f\\u1e37amba 13100-8608<br\\/><abbr title=\\"Phone\\">P:<\\/abbr> 928-769-5574<\\/address>","shipping_date":null,"delivery_date":null,"tracking_id":"RR123456789CN","coupon_id":null,"carrier_id":null,"message_to_customer":null,"send_invoice_to_customer":null,"admin_note":"Ullam quia placeat quis omnis et officiis enim.","buyer_note":"Qui ab sit sunt quis.","payment_method_id":4,"payment_instruction":null,"payment_ref_id":null,"payment_date":null,"payment_status":1,"order_status_id":1,"goods_received":null,"approved":null,"feedback_id":null,"disputed":null,"email":null,"customer_phone_number":null,"fulfilment_type":"deliver","device_id":null,"razorpay_order_id":null,"razorpay_payment_id":null,"razorpay_signature":null}}', '2022-03-25 01:15:29', '2022-03-25 01:15:29'),
	(16, 'disput', 'created', 1, 'App\\Models\\Dispute', NULL, NULL, '{"attributes":{"shop_id":2,"dispute_type_id":4,"customer_id":14,"order_id":9,"product_id":null,"description":"Ut est nesciunt et optio labore. Dolores et veniam qui architecto. Corrupti et id non voluptas sit.","order_received":true,"return_goods":true,"refund_amount":null,"status":6}}', '2022-03-25 01:15:29', '2022-03-25 01:15:29'),
	(17, 'disput', 'created', 2, 'App\\Models\\Dispute', NULL, NULL, '{"attributes":{"shop_id":1,"dispute_type_id":2,"customer_id":9,"order_id":4,"product_id":null,"description":"Natus fuga ex et rerum harum. Nam eos quae sit reprehenderit. Dolor ipsa necessitatibus error est.","order_received":true,"return_goods":true,"refund_amount":null,"status":4}}', '2022-03-25 01:15:29', '2022-03-25 01:15:29'),
	(18, 'disput', 'created', 3, 'App\\Models\\Dispute', NULL, NULL, '{"attributes":{"shop_id":4,"dispute_type_id":1,"customer_id":3,"order_id":10,"product_id":null,"description":"Enim officia et dolor numquam nostrum veritatis et. Aut explicabo et qui soluta unde eum.","order_received":true,"return_goods":false,"refund_amount":null,"status":5}}', '2022-03-25 01:15:29', '2022-03-25 01:15:29'),
	(19, 'disput', 'created', 4, 'App\\Models\\Dispute', NULL, NULL, '{"attributes":{"shop_id":1,"dispute_type_id":4,"customer_id":1,"order_id":12,"product_id":null,"description":"Expedita expedita molestiae consequuntur. Est itaque itaque accusamus natus minus inventore.","order_received":false,"return_goods":false,"refund_amount":null,"status":1}}', '2022-03-25 01:15:29', '2022-03-25 01:15:29'),
	(20, 'disput', 'created', 5, 'App\\Models\\Dispute', NULL, NULL, '{"attributes":{"shop_id":2,"dispute_type_id":4,"customer_id":14,"order_id":9,"product_id":null,"description":"Id doloremque sint ut. Nesciunt minima ratione harum. Et fuga ad quia quia eaque ut magnam.","order_received":false,"return_goods":false,"refund_amount":null,"status":3}}', '2022-03-25 01:15:30', '2022-03-25 01:15:30'),
	(21, 'system', 'updated', 1, 'App\\Models\\System', 1, 'App\\Models\\User', '{"attributes":{"name":"arabcode","legal_name":"arabcode"},"old":{"name":"zCart","legal_name":"Zcart Inc."}}', '2022-03-25 01:54:29', '2022-03-25 01:54:29'),
	(22, 'shop', 'updated', 6, 'App\\Models\\Shop', 1, 'App\\Models\\User', '{"attributes":{"legal_name":"arabcode","active":true},"old":{"legal_name":null,"active":false}}', '2022-03-25 02:11:18', '2022-03-25 02:11:18'),
	(23, 'shop', 'updated', 1, 'App\\Models\\Shop', 1, 'App\\Models\\User', '{"attributes":{"name":"Haraj Marib","legal_name":"Haraj Marib Ltd.","email":"info@harajmarib.com","description":"market place multivendor","external_url":"https:\\/\\/harajmarib.com"},"old":{"name":"Big Shop","legal_name":"Big Shop Ltd.","email":"shop3@demo.com","description":"Lorem ipsum dolor sit amet, consectetur adipisicing elit, sed do eiusmod tempor incididunt ut labore et dolore magna aliqua. Ut enim ad minim veniam, quis nostrud exercitation ullamco laboris nisi ut aliquip ex ea commodo consequat. Duis aute irure dolor in reprehenderit in voluptate velit esse cillum dolore eu fugiat nulla pariatur. Excepteur sint occaecat cupidatat non proident, sunt in culpa qui officia deserunt mollit anim id est laborum.","external_url":null}}', '2022-03-25 15:09:22', '2022-03-25 15:09:22'),
	(24, 'shop', 'updated', 2, 'App\\Models\\Shop', 1, 'App\\Models\\User', '{"attributes":{"name":"Ehsas","legal_name":"Ehsas Ltd.","email":"info@ehsas.net","description":"ehsas is drop shopping website for perfumes","external_url":"https:\\/\\/ehsas.net","timezone_id":55},"old":{"name":"Amz Mart","legal_name":"Amz Mart Ltd.","email":"shop4@demo.com","description":"Lorem ipsum dolor sit amet, consectetur adipisicing elit, sed do eiusmod tempor incididunt ut labore et dolore magna aliqua. Ut enim ad minim veniam, quis nostrud exercitation ullamco laboris nisi ut aliquip ex ea commodo consequat. Duis aute irure dolor in reprehenderit in voluptate velit esse cillum dolore eu fugiat nulla pariatur. Excepteur sint occaecat cupidatat non proident, sunt in culpa qui officia deserunt mollit anim id est laborum.","external_url":null,"timezone_id":73}}', '2022-03-25 15:11:41', '2022-03-25 15:11:41'),
	(25, 'shop', 'updated', 3, 'App\\Models\\Shop', 1, 'App\\Models\\User', '{"attributes":{"name":"Arab Code","legal_name":"Arab Code Ltd.","email":"info@arabcode.online","description":"<p>Arabcode platform to sell scripts , themes , plugins . and build website from scratch&nbsp;<\\/p><p><br><\\/p>","external_url":"https:\\/\\/arabcode.online","timezone_id":55},"old":{"name":"Peda Ting Ting","legal_name":"Peda Ting Ting Ltd.","email":"shop5@demo.com","description":"Lorem ipsum dolor sit amet, consectetur adipisicing elit, sed do eiusmod tempor incididunt ut labore et dolore magna aliqua. Ut enim ad minim veniam, quis nostrud exercitation ullamco laboris nisi ut aliquip ex ea commodo consequat. Duis aute irure dolor in reprehenderit in voluptate velit esse cillum dolore eu fugiat nulla pariatur. Excepteur sint occaecat cupidatat non proident, sunt in culpa qui officia deserunt mollit anim id est laborum.","external_url":null,"timezone_id":73}}', '2022-03-25 15:13:26', '2022-03-25 15:13:26'),
	(26, 'shop', 'updated', 4, 'App\\Models\\Shop', 1, 'App\\Models\\User', '{"attributes":{"name":"Mukaq","legal_name":"Muqak Ltd.","email":"info@muqak.com","description":"Muqak is platform to building websites without codes","external_url":"https:\\/\\/muqak.com","timezone_id":55},"old":{"name":"Phuket Retailer","legal_name":"Phuket Retailer Ltd.","email":"shop6@demo.com","description":"Lorem ipsum dolor sit amet, consectetur adipisicing elit, sed do eiusmod tempor incididunt ut labore et dolore magna aliqua. Ut enim ad minim veniam, quis nostrud exercitation ullamco laboris nisi ut aliquip ex ea commodo consequat. Duis aute irure dolor in reprehenderit in voluptate velit esse cillum dolore eu fugiat nulla pariatur. Excepteur sint occaecat cupidatat non proident, sunt in culpa qui officia deserunt mollit anim id est laborum.","external_url":null,"timezone_id":73}}', '2022-03-25 15:15:38', '2022-03-25 15:15:38'),
	(27, 'shop', 'updated', 5, 'App\\Models\\Shop', 1, 'App\\Models\\User', '{"attributes":{"name":"Salty","legal_name":"salty Ltd.","email":"info@salty.arabcode.online","description":"Salty is platform to build ecommerce store","external_url":"https:\\/\\/salty.arabcode..online"},"old":{"name":"Tindu Gears","legal_name":"Tindu Gears Ltd.","email":"shop7@demo.com","description":"Lorem ipsum dolor sit amet, consectetur adipisicing elit, sed do eiusmod tempor incididunt ut labore et dolore magna aliqua. Ut enim ad minim veniam, quis nostrud exercitation ullamco laboris nisi ut aliquip ex ea commodo consequat. Duis aute irure dolor in reprehenderit in voluptate velit esse cillum dolore eu fugiat nulla pariatur. Excepteur sint occaecat cupidatat non proident, sunt in culpa qui officia deserunt mollit anim id est laborum.","external_url":null}}', '2022-03-25 15:18:24', '2022-03-25 15:18:24'),
	(28, 'shop', 'updated', 1, 'App\\Models\\Shop', 3, 'App\\Models\\User', '{"attributes":{"slug":"haraj-marib"},"old":{"slug":"big-shop"}}', '2022-03-25 16:12:03', '2022-03-25 16:12:03'),
	(29, 'shop', 'updated', 2, 'App\\Models\\Shop', 4, 'App\\Models\\User', '{"attributes":{"slug":"ehsas"},"old":{"slug":"amz-mart"}}', '2022-03-25 16:12:58', '2022-03-25 16:12:58'),
	(30, 'shop', 'updated', 3, 'App\\Models\\Shop', 5, 'App\\Models\\User', '{"attributes":{"slug":"arab-code","description":"<p>Arabcode platform to sell scripts , themes , plugins . and build website from scratch\\u00a0<\\/p><p><br><\\/p>"},"old":{"slug":"peda-ting-ting","description":"<p>Arabcode platform to sell scripts , themes , plugins . and build website from scratch&nbsp;<\\/p><p><br><\\/p>"}}', '2022-03-25 16:14:03', '2022-03-25 16:14:03'),
	(31, 'shop', 'updated', 4, 'App\\Models\\Shop', 6, 'App\\Models\\User', '{"attributes":{"slug":"muqak"},"old":{"slug":"phuket-retailer"}}', '2022-03-25 16:16:37', '2022-03-25 16:16:37'),
	(32, 'order', 'created', 16, 'App\\Models\\Order', 1, 'App\\Models\\User', '{"attributes":{"order_number":"#232703","shop_id":3,"customer_id":null,"ship_to":887,"shipping_zone_id":5,"shipping_rate_id":21,"packaging_id":null,"item_count":1,"quantity":1,"shipping_weight":"1943.000000","taxrate":"0.000000","total":"313.000000","discount":"0.000000","shipping":"1.000000","packaging":null,"handling":"2.000000","taxes":"0.000000","grand_total":"316.000000","billing_address":"<address>,<br\\/>mohammed,<br\\/>mail,<br\\/>almethaq,<br\\/>marib,<br\\/>Ma\'rib 12345,<br\\/>Yemen,<br\\/>Phone: 714311582,<br\\/><\\/address>","shipping_address":"<address>,<br\\/>mohammed,<br\\/>mail,<br\\/>almethaq,<br\\/>marib,<br\\/>Ma\'rib 12345,<br\\/>Yemen,<br\\/>Phone: 714311582,<br\\/><\\/address>","shipping_date":null,"delivery_date":null,"tracking_id":null,"coupon_id":null,"carrier_id":5,"message_to_customer":null,"send_invoice_to_customer":null,"admin_note":null,"buyer_note":"hello","payment_method_id":6,"payment_instruction":null,"payment_ref_id":null,"payment_date":null,"payment_status":1,"order_status_id":1,"goods_received":null,"approved":null,"feedback_id":null,"disputed":null,"email":"mhudair30@gmail.com","customer_phone_number":"714311582","fulfilment_type":"deliver","device_id":null,"razorpay_order_id":null,"razorpay_payment_id":null,"razorpay_signature":null}}', '2022-03-25 17:42:18', '2022-03-25 17:42:18'),
	(33, 'order', 'updated', 16, 'App\\Models\\Order', 1, 'App\\Models\\User', '{"attributes":{"payment_instruction":"Payment instructions for COD","order_status_id":1,"fulfilment_type":"deliver"},"old":{"payment_instruction":null,"order_status_id":null,"fulfilment_type":null}}', '2022-03-25 17:42:18', '2022-03-25 17:42:18'),
	(34, 'order', 'updated', 16, 'App\\Models\\Order', 1, 'App\\Models\\User', '{"attributes":{"order_status_id":3,"fulfilment_type":"deliver"},"old":{"order_status_id":null,"fulfilment_type":null}}', '2022-03-25 17:42:19', '2022-03-25 17:42:19'),
	(35, 'order', 'created', 17, 'App\\Models\\Order', 1, 'App\\Models\\User', '{"attributes":{"order_number":"#233032","shop_id":2,"customer_id":null,"ship_to":887,"shipping_zone_id":3,"shipping_rate_id":null,"packaging_id":null,"item_count":1,"quantity":1,"shipping_weight":"985.000000","taxrate":"0.000000","total":"468.556000","discount":"0.000000","shipping":null,"packaging":null,"handling":"0.000000","taxes":"0.000000","grand_total":"468.556000","billing_address":"<address>,<br\\/>ali,<br\\/>main,<br\\/>almethaq,<br\\/>marib,<br\\/>Ma\'rib 12345,<br\\/>Yemen,<br\\/>Phone: +967777584055,<br\\/><\\/address>","shipping_address":"<address>,<br\\/>ali,<br\\/>main,<br\\/>almethaq,<br\\/>marib,<br\\/>Ma\'rib 12345,<br\\/>Yemen,<br\\/>Phone: +967777584055,<br\\/><\\/address>","shipping_date":null,"delivery_date":null,"tracking_id":null,"coupon_id":null,"carrier_id":null,"message_to_customer":null,"send_invoice_to_customer":null,"admin_note":null,"buyer_note":"hello","payment_method_id":7,"payment_instruction":null,"payment_ref_id":null,"payment_date":null,"payment_status":1,"order_status_id":1,"goods_received":null,"approved":null,"feedback_id":null,"disputed":null,"email":"hululerp@gmail.com","customer_phone_number":"+967777584055","fulfilment_type":"deliver","device_id":null,"razorpay_order_id":null,"razorpay_payment_id":null,"razorpay_signature":null}}', '2022-03-25 17:49:22', '2022-03-25 17:49:22'),
	(36, 'order', 'updated', 17, 'App\\Models\\Order', 1, 'App\\Models\\User', '{"attributes":{"payment_instruction":"Payment instructions for Bank Wire Transfer","order_status_id":1,"fulfilment_type":"deliver"},"old":{"payment_instruction":null,"order_status_id":null,"fulfilment_type":null}}', '2022-03-25 17:49:22', '2022-03-25 17:49:22'),
	(37, 'order', 'updated', 17, 'App\\Models\\Order', 1, 'App\\Models\\User', '{"attributes":{"payment_status":2,"order_status_id":1,"fulfilment_type":"deliver"},"old":{"payment_status":1,"order_status_id":null,"fulfilment_type":null}}', '2022-03-25 17:49:23', '2022-03-25 17:49:23'),
	(38, 'order', 'updated', 9, 'App\\Models\\Order', 4, 'App\\Models\\User', '{"attributes":[],"old":[]}', '2022-03-25 17:51:11', '2022-03-25 17:51:11');
/*!40000 ALTER TABLE `activity_log` ENABLE KEYS */;

-- Dumping structure for table zcart2511.addresses
CREATE TABLE IF NOT EXISTS `addresses` (
  `id` bigint(20) unsigned NOT NULL AUTO_INCREMENT,
  `address_type` varchar(255) COLLATE utf8_unicode_ci DEFAULT 'Primary',
  `address_title` varchar(255) COLLATE utf8_unicode_ci DEFAULT NULL,
  `address_line_1` varchar(255) COLLATE utf8_unicode_ci DEFAULT NULL,
  `address_line_2` varchar(255) COLLATE utf8_unicode_ci DEFAULT NULL,
  `city` varchar(255) COLLATE utf8_unicode_ci DEFAULT NULL,
  `state_id` int(10) unsigned DEFAULT NULL,
  `zip_code` varchar(255) COLLATE utf8_unicode_ci DEFAULT NULL,
  `country_id` int(10) unsigned DEFAULT NULL,
  `phone` varchar(255) COLLATE utf8_unicode_ci DEFAULT NULL,
  `latitude` double(8,2) DEFAULT NULL,
  `longitude` double(8,2) DEFAULT NULL,
  `addressable_id` bigint(20) unsigned NOT NULL,
  `addressable_type` varchar(255) COLLATE utf8_unicode_ci NOT NULL,
  `created_at` timestamp NULL DEFAULT NULL,
  `updated_at` timestamp NULL DEFAULT NULL,
  PRIMARY KEY (`id`),
  KEY `addresses_country_id_foreign` (`country_id`),
  CONSTRAINT `addresses_country_id_foreign` FOREIGN KEY (`country_id`) REFERENCES `countries` (`id`)
) ENGINE=InnoDB AUTO_INCREMENT=68 DEFAULT CHARSET=utf8 COLLATE=utf8_unicode_ci;

-- Dumping data for table zcart2511.addresses: ~40 rows (approximately)
/*!40000 ALTER TABLE `addresses` DISABLE KEYS */;
INSERT INTO `addresses` (`id`, `address_type`, `address_title`, `address_line_1`, `address_line_2`, `city`, `state_id`, `zip_code`, `country_id`, `phone`, `latitude`, `longitude`, `addressable_id`, `addressable_type`, `created_at`, `updated_at`) VALUES
	(1, 'Primary', NULL, 'Platform Address', NULL, 'Hollywood', 453, '63585', 840, NULL, NULL, NULL, 1, 'App\\Models\\System', '2022-03-25 01:12:30', '2022-03-25 01:12:30'),
	(2, 'Primary', 'Primary Address', NULL, NULL, NULL, 523, NULL, 840, NULL, NULL, NULL, 1, 'App\\Models\\User', '2022-03-25 01:12:30', '2022-03-25 01:12:30'),
	(3, 'Primary', 'Admin User', '8784 Reed Meadows', 'Stark Springs', 'D\'Amoreville', NULL, '71821', 175, '+15512642755', -41.94, 25.69, 2, 'App\\Models\\User', '2022-03-25 01:13:36', '2022-03-25 01:13:36'),
	(4, 'Primary', 'Mr. Gus DuBuque PhD', '601 Rickey Stream Suite 671', 'Steuber Locks', 'Mayertville', NULL, '33675-5740', 246, '+1-641-865-6315', -32.37, 64.64, 3, 'App\\Models\\Merchant', '2022-03-25 01:13:36', '2022-03-25 01:13:36'),
	(5, 'Primary', 'Mr. Stefan Vandervort DVM', '6056 Skyla Meadows', 'Mariane Overpass', 'West Kiana', NULL, '33255', 642, '423.929.6490', -51.78, 157.30, 4, 'App\\Models\\Merchant', '2022-03-25 01:13:37', '2022-03-25 01:13:37'),
	(6, 'Primary', 'Lewis Hoppe', '933 Marie Glen', 'Kaitlin Divide', 'East Tremaynebury', NULL, '12206', 674, '412-590-7508', -56.55, -22.08, 5, 'App\\Models\\Merchant', '2022-03-25 01:13:37', '2022-03-25 01:13:37'),
	(7, 'Primary', 'Waylon Bartell', '16658 O\'Hara Motorway Apt. 720', 'Klein Tunnel', 'Denesikbury', 483, '90390-1359', 826, '+12533629357', 64.12, -21.71, 6, 'App\\Models\\Merchant', '2022-03-25 01:13:38', '2022-03-25 01:13:38'),
	(8, 'Primary', 'Miss Flo Raynor', '506 Niko Square Apt. 277', 'Estefania Squares', 'East Aryanna', NULL, '52383', 92, '+1 (940) 987-8503', 42.77, 61.60, 7, 'App\\Models\\Merchant', '2022-03-25 01:13:38', '2022-03-25 01:13:38'),
	(9, 'Primary', NULL, 'Main st', NULL, 'Marib', 1508, '63585', 887, '+967714311582', NULL, NULL, 1, 'App\\Models\\Shop', '2022-03-25 01:13:38', '2022-03-25 16:19:16'),
	(10, 'Primary', NULL, 'Main st', NULL, 'Marib', 1508, '63585', 887, '+967714311582', NULL, NULL, 2, 'App\\Models\\Shop', '2022-03-25 01:13:38', '2022-03-25 16:20:02'),
	(11, 'Primary', NULL, 'arabcode', NULL, 'Marib', 1508, '76766', 887, '+967714311582', NULL, NULL, 3, 'App\\Models\\Shop', '2022-03-25 01:13:38', '2022-03-25 16:15:30'),
	(12, 'Primary', NULL, 'Main st', NULL, 'Marib', 1508, '63585', 887, '+967714311582', NULL, NULL, 4, 'App\\Models\\Shop', '2022-03-25 01:13:38', '2022-03-25 16:17:30'),
	(13, 'Primary', NULL, 'Main st', NULL, 'Marib', 1508, '6358', 887, '+967714311582', NULL, NULL, 5, 'App\\Models\\Shop', '2022-03-25 01:13:38', '2022-03-25 16:18:30'),
	(14, 'Primary', 'Dr. Ignatius Treutel', '1580 Shields Road', 'Doyle Lock', 'New Margaret', NULL, '86191', 492, '901.215.3925', 43.24, -19.65, 1, 'App\\Models\\Customer', '2022-03-25 01:13:43', '2022-03-25 01:13:43'),
	(15, 'Billing', 'Dorm Address', '8893 Neil Flat', 'Anna Estates', 'North Marcoston', NULL, '93782-8649', 832, '+1-551-374-0784', 74.20, -63.74, 1, 'App\\Models\\Customer', '2022-03-25 01:13:44', '2022-03-25 01:13:44'),
	(16, 'Shipping', 'Hotel Address', '7499 Tillman Village Suite 120', 'Clifton Roads', 'Elseside', NULL, '00448', 158, '+1 (574) 257-4903', -2.91, 107.86, 1, 'App\\Models\\Customer', '2022-03-25 01:13:44', '2022-03-25 01:13:44'),
	(44, 'Primary', 'Miss Ivory Rodriguez', '332 Fletcher Ports Apt. 812', 'Tillman Springs', 'Nikkofurt', 852, '66095-4428', 562, '276.452.7081', -71.72, -18.35, 11, 'App\\Models\\Customer', '2022-03-25 01:13:52', '2022-03-25 01:13:52'),
	(45, 'Billing', 'Dorm Address', '47684 Bayer View', 'Koelpin Knolls', 'Lake Janelleshire', NULL, '18558-4901', 304, '(865) 766-9152', -5.93, -58.48, 11, 'App\\Models\\Customer', '2022-03-25 01:13:52', '2022-03-25 01:13:52'),
	(46, 'Shipping', 'Dorm Address', '1979 Andreanne Well', 'Gislason Mountains', 'East Cary', NULL, '23967-2720', 248, '+1.985.820.3061', 49.55, 110.59, 11, 'App\\Models\\Customer', '2022-03-25 01:13:52', '2022-03-25 01:13:52'),
	(47, 'Primary', 'Aimee Berge', '41019 Champlin Estates', 'Pouros Orchard', 'Baumbachhaven', NULL, '99267', 162, '323-910-1904', -40.76, 140.62, 12, 'App\\Models\\Customer', '2022-03-25 01:13:52', '2022-03-25 01:13:52'),
	(48, 'Billing', 'Dorm Address', '448 Ruecker Estate Suite 988', 'Dach Rest', 'Port Fionamouth', NULL, '39396-1456', 729, '1-314-724-9966', -39.26, 5.08, 12, 'App\\Models\\Customer', '2022-03-25 01:13:52', '2022-03-25 01:13:52'),
	(49, 'Shipping', 'Office Address', '78315 Jeramy Harbors', 'Dasia Crest', 'Manuelview', NULL, '04657-2537', 222, '+1 (931) 930-4635', -13.00, -99.94, 12, 'App\\Models\\Customer', '2022-03-25 01:13:52', '2022-03-25 01:13:52'),
	(50, 'Primary', 'Emilio Gutkowski', '656 Gulgowski Centers', 'Nova Mountains', 'Ulicesside', 797, '06048', 144, '360-818-6324', -39.63, 65.30, 13, 'App\\Models\\Customer', '2022-03-25 01:13:52', '2022-03-25 01:13:52'),
	(51, 'Billing', 'Hotel Address', '510 Amari Passage', 'Goyette Avenue', 'Jaimeport', NULL, '11061', 191, '+1.731.789.1315', -53.56, 107.65, 13, 'App\\Models\\Customer', '2022-03-25 01:13:52', '2022-03-25 01:13:52'),
	(52, 'Shipping', 'Office Address', '66997 Ken Forks', 'Von Point', 'Kutchberg', NULL, '97499-6776', 368, '1-531-398-2494', -87.22, 42.66, 13, 'App\\Models\\Customer', '2022-03-25 01:13:52', '2022-03-25 01:13:52'),
	(53, 'Primary', 'Adaline Hirthe', '53855 Yesenia Summit Suite 284', 'Abshire Stravenue', 'Lakinview', 1005, '92090-0014', 608, '347-850-9586', 80.35, 45.23, 14, 'App\\Models\\Customer', '2022-03-25 01:13:52', '2022-03-25 01:13:52'),
	(54, 'Billing', 'Office Address', '71272 Madie Rue Apt. 569', 'Rice Well', 'Danielfort', NULL, '94117', 744, '+1-559-641-1986', -81.38, 71.23, 14, 'App\\Models\\Customer', '2022-03-25 01:13:52', '2022-03-25 01:13:52'),
	(55, 'Shipping', 'Hotel Address', '9627 Klein Ramp', 'Harvey Rapids', 'Flaviohaven', NULL, '21178-7304', 894, '+1 (283) 270-5382', 76.54, -103.05, 14, 'App\\Models\\Customer', '2022-03-25 01:13:52', '2022-03-25 01:13:52'),
	(56, 'Primary', 'Matilda Schmidt IV', '74329 Stark Burg Apt. 668', 'Dawson Drive', 'South Aminafort', NULL, '40887-7171', 90, '234.324.1300', 29.91, -0.51, 15, 'App\\Models\\Customer', '2022-03-25 01:13:53', '2022-03-25 01:13:53'),
	(57, 'Billing', 'Dorm Address', '182 Mills Gateway', 'Conn Green', 'East Joshua', NULL, '39155-3262', 242, '(310) 907-6033', 9.61, -17.56, 15, 'App\\Models\\Customer', '2022-03-25 01:13:53', '2022-03-25 01:13:53'),
	(58, 'Shipping', 'Office Address', '9076 Kuhic Street Suite 501', 'Stark Plains', 'Cierrafort', 731, '33991-0608', 116, '+19896537611', -7.75, 92.10, 15, 'App\\Models\\Customer', '2022-03-25 01:13:53', '2022-03-25 01:13:53'),
	(59, 'Primary', 'Renee Schaefer', '23467 Satterfield Gateway Suite 202', 'Kaia Road', 'New Alexys', 956, '30274-7472', 512, '+1 (610) 368-7072', -71.95, -44.32, 16, 'App\\Models\\Customer', '2022-03-25 01:13:53', '2022-03-25 01:13:53'),
	(60, 'Billing', 'Office Address', '9865 Prosacco Pine', 'Eliezer Trafficway', 'Lake Emeliechester', NULL, '02916-8648', 548, '+18634945563', -8.37, -23.17, 16, 'App\\Models\\Customer', '2022-03-25 01:13:53', '2022-03-25 01:13:53'),
	(61, 'Shipping', 'Office Address', '981 Oberbrunner Plains', 'Stiedemann Stream', 'Lake Baileyport', NULL, '77379-3307', 796, '+1-570-336-1092', 72.59, 142.26, 16, 'App\\Models\\Customer', '2022-03-25 01:13:53', '2022-03-25 01:13:53'),
	(62, 'Primary', 'Satterfield Group', '9510 Durgan Dam Suite 347', 'Barrows Pines', 'Conroyland', NULL, '52173-9339', 694, '(863) 645-8756', -63.24, 144.69, 1, 'App\\Models\\Supplier', '2022-03-25 01:13:58', '2022-03-25 01:13:58'),
	(63, 'Primary', 'Zboncak, Stehr and Howe', '7036 Ransom Points', 'Archibald Drive', 'Gennaroton', NULL, '43615', 344, '+1 (463) 696-9686', 64.16, 127.05, 2, 'App\\Models\\Supplier', '2022-03-25 01:13:58', '2022-03-25 01:13:58'),
	(64, 'Primary', 'Labadie-Kuhic', '116 Sylvia Rapids', 'Dach Prairie', 'Hegmannview', NULL, '82454', 328, '(260) 906-5899', -67.87, 137.52, 3, 'App\\Models\\Supplier', '2022-03-25 01:13:58', '2022-03-25 01:13:58'),
	(65, 'Primary', 'Bailey LLC', '339 Adams Mission', 'Bonnie Mountains', 'Port Monroe', NULL, '34776-6679', 776, '(463) 422-0066', -31.61, 158.49, 4, 'App\\Models\\Supplier', '2022-03-25 01:13:58', '2022-03-25 01:13:58'),
	(66, 'Primary', 'Blanda, Beatty and Goyette', '8083 O\'Hara Walks Apt. 038', 'Langworth Lakes', 'East Summer', NULL, '01390-7469', 678, '+1 (283) 666-4127', -81.13, 153.11, 5, 'App\\Models\\Supplier', '2022-03-25 01:13:58', '2022-03-25 01:13:58'),
	(67, 'Primary', 'Lesch-Lynch', '8520 Strosin Course Suite 555', 'Rosella Trace', 'Gerardoton', NULL, '39784', 84, '(734) 280-1585', 54.65, -2.59, 1, 'App\\Models\\Warehouse', '2022-03-25 01:14:25', '2022-03-25 01:14:25');
/*!40000 ALTER TABLE `addresses` ENABLE KEYS */;

-- Dumping structure for table zcart2511.address_types
CREATE TABLE IF NOT EXISTS `address_types` (
  `id` int(10) unsigned NOT NULL AUTO_INCREMENT,
  `type` varchar(255) COLLATE utf8_unicode_ci NOT NULL,
  PRIMARY KEY (`id`),
  UNIQUE KEY `address_types_type_unique` (`type`)
) ENGINE=InnoDB AUTO_INCREMENT=4 DEFAULT CHARSET=utf8 COLLATE=utf8_unicode_ci;

-- Dumping data for table zcart2511.address_types: ~3 rows (approximately)
/*!40000 ALTER TABLE `address_types` DISABLE KEYS */;
INSERT INTO `address_types` (`id`, `type`) VALUES
	(2, 'Billing'),
	(1, 'Primary'),
	(3, 'Shipping');
/*!40000 ALTER TABLE `address_types` ENABLE KEYS */;

-- Dumping structure for table zcart2511.announcements
CREATE TABLE IF NOT EXISTS `announcements` (
  `id` varchar(255) COLLATE utf8_unicode_ci NOT NULL,
  `user_id` int(11) NOT NULL,
  `body` text COLLATE utf8_unicode_ci NOT NULL,
  `action_text` varchar(255) COLLATE utf8_unicode_ci DEFAULT NULL,
  `action_url` text COLLATE utf8_unicode_ci,
  `created_at` timestamp NULL DEFAULT NULL,
  `updated_at` timestamp NULL DEFAULT NULL,
  PRIMARY KEY (`id`)
) ENGINE=InnoDB DEFAULT CHARSET=utf8 COLLATE=utf8_unicode_ci;

-- Dumping data for table zcart2511.announcements: ~0 rows (approximately)
/*!40000 ALTER TABLE `announcements` DISABLE KEYS */;
INSERT INTO `announcements` (`id`, `user_id`, `body`, `action_text`, `action_url`, `created_at`, `updated_at`) VALUES
	('9e274a6b-1340-4862-8ca2-525331830725', 1, 'Black Friday **Deals**!', 'Shop Now', '/', '2022-03-25 01:13:30', '2022-03-25 01:13:30');
/*!40000 ALTER TABLE `announcements` ENABLE KEYS */;

-- Dumping structure for table zcart2511.attachments
CREATE TABLE IF NOT EXISTS `attachments` (
  `id` bigint(20) unsigned NOT NULL AUTO_INCREMENT,
  `path` text COLLATE utf8_unicode_ci NOT NULL,
  `name` text COLLATE utf8_unicode_ci,
  `extension` varchar(255) COLLATE utf8_unicode_ci DEFAULT NULL,
  `size` varchar(255) COLLATE utf8_unicode_ci DEFAULT NULL,
  `attachable_id` int(10) unsigned NOT NULL,
  `attachable_type` varchar(255) COLLATE utf8_unicode_ci NOT NULL,
  `ownable_id` bigint(20) DEFAULT NULL,
  `ownable_type` varchar(255) COLLATE utf8_unicode_ci DEFAULT NULL,
  `created_at` timestamp NULL DEFAULT NULL,
  `updated_at` timestamp NULL DEFAULT NULL,
  PRIMARY KEY (`id`)
) ENGINE=InnoDB DEFAULT CHARSET=utf8 COLLATE=utf8_unicode_ci;

-- Dumping data for table zcart2511.attachments: ~0 rows (approximately)
/*!40000 ALTER TABLE `attachments` DISABLE KEYS */;
/*!40000 ALTER TABLE `attachments` ENABLE KEYS */;

-- Dumping structure for table zcart2511.attributes
CREATE TABLE IF NOT EXISTS `attributes` (
  `id` int(10) unsigned NOT NULL AUTO_INCREMENT,
  `shop_id` int(10) unsigned DEFAULT NULL,
  `name` varchar(100) COLLATE utf8_unicode_ci DEFAULT NULL,
  `attribute_type_id` int(10) unsigned DEFAULT NULL,
  `order` int(11) DEFAULT NULL,
  `deleted_at` timestamp NULL DEFAULT NULL,
  `created_at` timestamp NULL DEFAULT NULL,
  `updated_at` timestamp NULL DEFAULT NULL,
  PRIMARY KEY (`id`),
  KEY `attributes_attribute_type_id_foreign` (`attribute_type_id`),
  CONSTRAINT `attributes_attribute_type_id_foreign` FOREIGN KEY (`attribute_type_id`) REFERENCES `attribute_types` (`id`) ON DELETE SET NULL
) ENGINE=InnoDB AUTO_INCREMENT=7 DEFAULT CHARSET=utf8 COLLATE=utf8_unicode_ci;

-- Dumping data for table zcart2511.attributes: ~6 rows (approximately)
/*!40000 ALTER TABLE `attributes` DISABLE KEYS */;
INSERT INTO `attributes` (`id`, `shop_id`, `name`, `attribute_type_id`, `order`, `deleted_at`, `created_at`, `updated_at`) VALUES
	(1, NULL, 'Color', 1, 0, NULL, '2022-03-25 01:12:44', '2022-03-25 01:12:44'),
	(2, NULL, 'Pattern', 1, 1, NULL, '2022-03-25 01:12:44', '2022-03-25 01:12:44'),
	(3, NULL, 'Size', 3, 2, NULL, '2022-03-25 01:12:44', '2022-03-25 01:12:44'),
	(4, NULL, 'Style', 3, 3, NULL, '2022-03-25 01:12:44', '2022-03-25 01:12:44'),
	(5, NULL, 'Gender', 2, 4, NULL, '2022-03-25 01:12:44', '2022-03-25 01:12:44'),
	(6, NULL, 'Format', 3, 5, NULL, '2022-03-25 01:12:44', '2022-03-25 01:12:44');
/*!40000 ALTER TABLE `attributes` ENABLE KEYS */;

-- Dumping structure for table zcart2511.attribute_categories
CREATE TABLE IF NOT EXISTS `attribute_categories` (
  `id` bigint(20) unsigned NOT NULL AUTO_INCREMENT,
  `category_id` int(10) unsigned DEFAULT NULL,
  `attribute_id` int(10) unsigned DEFAULT NULL,
  `created_at` timestamp NULL DEFAULT NULL,
  `updated_at` timestamp NULL DEFAULT NULL,
  PRIMARY KEY (`id`),
  KEY `attribute_categories_attribute_id_foreign` (`attribute_id`),
  KEY `attribute_categories_category_id_foreign` (`category_id`),
  CONSTRAINT `attribute_categories_attribute_id_foreign` FOREIGN KEY (`attribute_id`) REFERENCES `attributes` (`id`) ON DELETE CASCADE,
  CONSTRAINT `attribute_categories_category_id_foreign` FOREIGN KEY (`category_id`) REFERENCES `categories` (`id`) ON DELETE CASCADE
) ENGINE=InnoDB DEFAULT CHARSET=utf8 COLLATE=utf8_unicode_ci;

-- Dumping data for table zcart2511.attribute_categories: ~0 rows (approximately)
/*!40000 ALTER TABLE `attribute_categories` DISABLE KEYS */;
/*!40000 ALTER TABLE `attribute_categories` ENABLE KEYS */;

-- Dumping structure for table zcart2511.attribute_inventory
CREATE TABLE IF NOT EXISTS `attribute_inventory` (
  `attribute_id` int(10) unsigned NOT NULL,
  `inventory_id` bigint(20) unsigned NOT NULL,
  `attribute_value_id` int(10) unsigned NOT NULL,
  `created_at` timestamp NULL DEFAULT NULL,
  `updated_at` timestamp NULL DEFAULT NULL,
  KEY `attribute_inventory_attribute_id_index` (`attribute_id`),
  KEY `attribute_inventory_inventory_id_index` (`inventory_id`),
  KEY `attribute_inventory_attribute_value_id_index` (`attribute_value_id`),
  CONSTRAINT `attribute_inventory_attribute_id_foreign` FOREIGN KEY (`attribute_id`) REFERENCES `attributes` (`id`) ON DELETE CASCADE,
  CONSTRAINT `attribute_inventory_attribute_value_id_foreign` FOREIGN KEY (`attribute_value_id`) REFERENCES `attribute_values` (`id`) ON DELETE CASCADE,
  CONSTRAINT `attribute_inventory_inventory_id_foreign` FOREIGN KEY (`inventory_id`) REFERENCES `inventories` (`id`) ON DELETE CASCADE
) ENGINE=InnoDB DEFAULT CHARSET=utf8 COLLATE=utf8_unicode_ci;

-- Dumping data for table zcart2511.attribute_inventory: ~30 rows (approximately)
/*!40000 ALTER TABLE `attribute_inventory` DISABLE KEYS */;
INSERT INTO `attribute_inventory` (`attribute_id`, `inventory_id`, `attribute_value_id`, `created_at`, `updated_at`) VALUES
	(2, 21, 12, '2022-03-25 01:13:30', '2022-03-25 01:13:30'),
	(4, 19, 28, '2022-03-25 01:13:30', '2022-03-25 01:13:30'),
	(1, 34, 4, '2022-03-25 01:13:30', '2022-03-25 01:13:30'),
	(2, 1, 12, '2022-03-25 01:13:30', '2022-03-25 01:13:30'),
	(1, 107, 18, '2022-03-25 01:13:30', '2022-03-25 01:13:30'),
	(5, 34, 20, '2022-03-25 01:13:30', '2022-03-25 01:13:30'),
	(4, 9, 15, '2022-03-25 01:13:30', '2022-03-25 01:13:30'),
	(3, 51, 3, '2022-03-25 01:13:30', '2022-03-25 01:13:30'),
	(4, 92, 19, '2022-03-25 01:13:30', '2022-03-25 01:13:30'),
	(3, 10, 9, '2022-03-25 01:13:30', '2022-03-25 01:13:30'),
	(5, 98, 20, '2022-03-25 01:13:30', '2022-03-25 01:13:30'),
	(1, 58, 4, '2022-03-25 01:13:30', '2022-03-25 01:13:30'),
	(4, 88, 28, '2022-03-25 01:13:30', '2022-03-25 01:13:30'),
	(4, 92, 28, '2022-03-25 01:13:30', '2022-03-25 01:13:30'),
	(5, 12, 27, '2022-03-25 01:13:30', '2022-03-25 01:13:30'),
	(2, 44, 12, '2022-03-25 01:13:30', '2022-03-25 01:13:30'),
	(4, 105, 25, '2022-03-25 01:13:30', '2022-03-25 01:13:30'),
	(2, 46, 2, '2022-03-25 01:13:30', '2022-03-25 01:13:30'),
	(1, 18, 13, '2022-03-25 01:13:30', '2022-03-25 01:13:30'),
	(6, 72, 29, '2022-03-25 01:13:30', '2022-03-25 01:13:30'),
	(2, 105, 12, '2022-03-25 01:13:30', '2022-03-25 01:13:30'),
	(2, 10, 12, '2022-03-25 01:13:30', '2022-03-25 01:13:30'),
	(2, 12, 12, '2022-03-25 01:13:30', '2022-03-25 01:13:30'),
	(5, 104, 27, '2022-03-25 01:13:30', '2022-03-25 01:13:30'),
	(1, 98, 16, '2022-03-25 01:13:30', '2022-03-25 01:13:30'),
	(4, 104, 25, '2022-03-25 01:13:30', '2022-03-25 01:13:30'),
	(3, 76, 9, '2022-03-25 01:13:30', '2022-03-25 01:13:30'),
	(5, 106, 5, '2022-03-25 01:13:30', '2022-03-25 01:13:30'),
	(1, 32, 1, '2022-03-25 01:13:30', '2022-03-25 01:13:30'),
	(5, 9, 27, '2022-03-25 01:13:30', '2022-03-25 01:13:30');
/*!40000 ALTER TABLE `attribute_inventory` ENABLE KEYS */;

-- Dumping structure for table zcart2511.attribute_types
CREATE TABLE IF NOT EXISTS `attribute_types` (
  `id` int(10) unsigned NOT NULL AUTO_INCREMENT,
  `type` varchar(100) COLLATE utf8_unicode_ci NOT NULL,
  PRIMARY KEY (`id`),
  UNIQUE KEY `attribute_types_type_unique` (`type`)
) ENGINE=InnoDB AUTO_INCREMENT=4 DEFAULT CHARSET=utf8 COLLATE=utf8_unicode_ci;

-- Dumping data for table zcart2511.attribute_types: ~3 rows (approximately)
/*!40000 ALTER TABLE `attribute_types` DISABLE KEYS */;
INSERT INTO `attribute_types` (`id`, `type`) VALUES
	(1, 'Color/Pattern'),
	(2, 'Radio'),
	(3, 'Select');
/*!40000 ALTER TABLE `attribute_types` ENABLE KEYS */;

-- Dumping structure for table zcart2511.attribute_values
CREATE TABLE IF NOT EXISTS `attribute_values` (
  `id` int(10) unsigned NOT NULL AUTO_INCREMENT,
  `shop_id` int(10) unsigned DEFAULT NULL,
  `value` varchar(100) COLLATE utf8_unicode_ci DEFAULT NULL,
  `color` varchar(20) COLLATE utf8_unicode_ci DEFAULT NULL,
  `attribute_id` int(10) unsigned NOT NULL,
  `order` int(11) DEFAULT NULL,
  `deleted_at` timestamp NULL DEFAULT NULL,
  `created_at` timestamp NULL DEFAULT NULL,
  `updated_at` timestamp NULL DEFAULT NULL,
  PRIMARY KEY (`id`),
  KEY `attribute_values_attribute_id_foreign` (`attribute_id`),
  CONSTRAINT `attribute_values_attribute_id_foreign` FOREIGN KEY (`attribute_id`) REFERENCES `attributes` (`id`) ON DELETE CASCADE
) ENGINE=InnoDB AUTO_INCREMENT=31 DEFAULT CHARSET=utf8 COLLATE=utf8_unicode_ci;

-- Dumping data for table zcart2511.attribute_values: ~30 rows (approximately)
/*!40000 ALTER TABLE `attribute_values` DISABLE KEYS */;
INSERT INTO `attribute_values` (`id`, `shop_id`, `value`, `color`, `attribute_id`, `order`, `deleted_at`, `created_at`, `updated_at`) VALUES
	(1, 4, 'qui', '#57c90b', 1, 4, NULL, '2022-03-25 01:14:23', '2022-03-25 01:14:23'),
	(2, NULL, 'molestias', '#ec4b6a', 2, 2, NULL, '2022-03-25 01:14:23', '2022-03-25 01:14:23'),
	(3, 4, 'facilis', '#b5d84f', 3, 8, NULL, '2022-03-25 01:14:23', '2022-03-25 01:14:23'),
	(4, NULL, 'sunt', '#bfd987', 1, 9, NULL, '2022-03-25 01:14:24', '2022-03-25 01:14:24'),
	(5, 4, 'ipsam', '#db871a', 5, 8, NULL, '2022-03-25 01:14:24', '2022-03-25 01:14:24'),
	(6, NULL, 'incidunt', '#c81c04', 4, 4, NULL, '2022-03-25 01:14:24', '2022-03-25 01:14:24'),
	(7, NULL, 'qui', '#a11381', 3, 1, NULL, '2022-03-25 01:14:24', '2022-03-25 01:14:24'),
	(8, 2, 'exercitationem', '#5de5db', 1, 6, NULL, '2022-03-25 01:14:24', '2022-03-25 01:14:24'),
	(9, NULL, 'accusantium', '#77cfd2', 3, 0, NULL, '2022-03-25 01:14:24', '2022-03-25 01:14:24'),
	(10, 1, 'est', '#74e1a2', 1, 1, NULL, '2022-03-25 01:14:24', '2022-03-25 01:14:24'),
	(11, 5, 'voluptatem', '#3a40e9', 3, 9, NULL, '2022-03-25 01:14:24', '2022-03-25 01:14:24'),
	(12, 5, 'velit', '#195ce9', 2, 3, NULL, '2022-03-25 01:14:24', '2022-03-25 01:14:24'),
	(13, 1, 'quis', '#c24623', 1, 1, NULL, '2022-03-25 01:14:24', '2022-03-25 01:14:24'),
	(14, 1, 'quasi', '#102740', 4, 3, NULL, '2022-03-25 01:14:24', '2022-03-25 01:14:24'),
	(15, 5, 'soluta', '#d72e9d', 4, 6, NULL, '2022-03-25 01:14:24', '2022-03-25 01:14:24'),
	(16, 1, 'omnis', '#0316c8', 1, 4, NULL, '2022-03-25 01:14:24', '2022-03-25 01:14:24'),
	(17, NULL, 'necessitatibus', '#6068b0', 3, 0, NULL, '2022-03-25 01:14:24', '2022-03-25 01:14:24'),
	(18, 5, 'quae', '#c31d72', 1, 3, NULL, '2022-03-25 01:14:24', '2022-03-25 01:14:24'),
	(19, NULL, 'dicta', '#eec2d9', 4, 7, NULL, '2022-03-25 01:14:24', '2022-03-25 01:14:24'),
	(20, NULL, 'id', '#1fe18f', 5, 2, NULL, '2022-03-25 01:14:24', '2022-03-25 01:14:24'),
	(21, 3, 'et', '#a0da91', 1, 0, NULL, '2022-03-25 01:14:24', '2022-03-25 01:14:24'),
	(22, NULL, 'libero', '#d3b085', 3, 3, NULL, '2022-03-25 01:14:24', '2022-03-25 01:14:24'),
	(23, 4, 'a', '#82f276', 3, 7, NULL, '2022-03-25 01:14:24', '2022-03-25 01:14:24'),
	(24, NULL, 'est', '#752dc2', 6, 1, NULL, '2022-03-25 01:14:24', '2022-03-25 01:14:24'),
	(25, NULL, 'voluptatem', '#1eb627', 4, 3, NULL, '2022-03-25 01:14:24', '2022-03-25 01:14:24'),
	(26, 2, 'nihil', '#4cdfa2', 3, 3, NULL, '2022-03-25 01:14:24', '2022-03-25 01:14:24'),
	(27, 3, 'sunt', '#269118', 5, 6, NULL, '2022-03-25 01:14:24', '2022-03-25 01:14:24'),
	(28, 3, 'rerum', '#327c89', 4, 7, NULL, '2022-03-25 01:14:24', '2022-03-25 01:14:24'),
	(29, NULL, 'eius', '#9dcd44', 6, 7, NULL, '2022-03-25 01:14:24', '2022-03-25 01:14:24'),
	(30, 4, 'architecto', '#274a0b', 6, 6, NULL, '2022-03-25 01:14:25', '2022-03-25 01:14:25');
/*!40000 ALTER TABLE `attribute_values` ENABLE KEYS */;

-- Dumping structure for table zcart2511.avg_feedback
CREATE TABLE IF NOT EXISTS `avg_feedback` (
  `id` bigint(20) unsigned NOT NULL AUTO_INCREMENT,
  `rating` tinyint(4) DEFAULT NULL,
  `count` bigint(20) unsigned DEFAULT NULL,
  `feedbackable_id` bigint(20) unsigned NOT NULL,
  `feedbackable_type` varchar(255) COLLATE utf8_unicode_ci NOT NULL,
  `created_at` timestamp NULL DEFAULT NULL,
  `updated_at` timestamp NULL DEFAULT NULL,
  PRIMARY KEY (`id`)
) ENGINE=InnoDB AUTO_INCREMENT=61 DEFAULT CHARSET=utf8 COLLATE=utf8_unicode_ci;

-- Dumping data for table zcart2511.avg_feedback: ~60 rows (approximately)
/*!40000 ALTER TABLE `avg_feedback` DISABLE KEYS */;
INSERT INTO `avg_feedback` (`id`, `rating`, `count`, `feedbackable_id`, `feedbackable_type`, `created_at`, `updated_at`) VALUES
	(1, 4, 1, 3, 'App\\Models\\Inventory', '2022-03-25 01:15:59', '2022-03-25 01:15:59'),
	(2, 2, 1, 8, 'App\\Models\\Inventory', '2022-03-25 01:15:59', '2022-03-25 01:15:59'),
	(3, 5, 1, 10, 'App\\Models\\Inventory', '2022-03-25 01:15:59', '2022-03-25 01:15:59'),
	(4, 4, 2, 14, 'App\\Models\\Inventory', '2022-03-25 01:15:59', '2022-03-25 01:15:59'),
	(5, 3, 2, 15, 'App\\Models\\Inventory', '2022-03-25 01:15:59', '2022-03-25 01:15:59'),
	(6, 1, 1, 18, 'App\\Models\\Inventory', '2022-03-25 01:15:59', '2022-03-25 01:15:59'),
	(7, 5, 2, 19, 'App\\Models\\Inventory', '2022-03-25 01:15:59', '2022-03-25 01:15:59'),
	(8, 2, 1, 23, 'App\\Models\\Inventory', '2022-03-25 01:15:59', '2022-03-25 01:15:59'),
	(9, 3, 1, 25, 'App\\Models\\Inventory', '2022-03-25 01:15:59', '2022-03-25 01:15:59'),
	(10, 1, 1, 26, 'App\\Models\\Inventory', '2022-03-25 01:15:59', '2022-03-25 01:15:59'),
	(11, 2, 1, 27, 'App\\Models\\Inventory', '2022-03-25 01:15:59', '2022-03-25 01:15:59'),
	(12, 2, 3, 28, 'App\\Models\\Inventory', '2022-03-25 01:15:59', '2022-03-25 01:15:59'),
	(13, 3, 1, 29, 'App\\Models\\Inventory', '2022-03-25 01:15:59', '2022-03-25 01:15:59'),
	(14, 4, 1, 30, 'App\\Models\\Inventory', '2022-03-25 01:15:59', '2022-03-25 01:15:59'),
	(15, 2, 1, 31, 'App\\Models\\Inventory', '2022-03-25 01:15:59', '2022-03-25 01:15:59'),
	(16, 4, 1, 33, 'App\\Models\\Inventory', '2022-03-25 01:15:59', '2022-03-25 01:15:59'),
	(17, 5, 1, 36, 'App\\Models\\Inventory', '2022-03-25 01:15:59', '2022-03-25 01:15:59'),
	(18, 2, 1, 38, 'App\\Models\\Inventory', '2022-03-25 01:15:59', '2022-03-25 01:15:59'),
	(19, 3, 1, 39, 'App\\Models\\Inventory', '2022-03-25 01:15:59', '2022-03-25 01:15:59'),
	(20, 4, 1, 40, 'App\\Models\\Inventory', '2022-03-25 01:15:59', '2022-03-25 01:15:59'),
	(21, 2, 1, 42, 'App\\Models\\Inventory', '2022-03-25 01:15:59', '2022-03-25 01:15:59'),
	(22, 2, 2, 43, 'App\\Models\\Inventory', '2022-03-25 01:15:59', '2022-03-25 01:15:59'),
	(23, 1, 1, 44, 'App\\Models\\Inventory', '2022-03-25 01:15:59', '2022-03-25 01:15:59'),
	(24, 3, 1, 47, 'App\\Models\\Inventory', '2022-03-25 01:15:59', '2022-03-25 01:15:59'),
	(25, 2, 1, 48, 'App\\Models\\Inventory', '2022-03-25 01:15:59', '2022-03-25 01:15:59'),
	(26, 3, 1, 50, 'App\\Models\\Inventory', '2022-03-25 01:15:59', '2022-03-25 01:15:59'),
	(27, 4, 2, 51, 'App\\Models\\Inventory', '2022-03-25 01:15:59', '2022-03-25 01:15:59'),
	(28, 2, 1, 52, 'App\\Models\\Inventory', '2022-03-25 01:15:59', '2022-03-25 01:15:59'),
	(29, 1, 1, 53, 'App\\Models\\Inventory', '2022-03-25 01:15:59', '2022-03-25 01:15:59'),
	(30, 4, 1, 57, 'App\\Models\\Inventory', '2022-03-25 01:15:59', '2022-03-25 01:15:59'),
	(31, 3, 1, 59, 'App\\Models\\Inventory', '2022-03-25 01:15:59', '2022-03-25 01:15:59'),
	(32, 4, 2, 61, 'App\\Models\\Inventory', '2022-03-25 01:15:59', '2022-03-25 01:15:59'),
	(33, 1, 1, 62, 'App\\Models\\Inventory', '2022-03-25 01:15:59', '2022-03-25 01:15:59'),
	(34, 1, 1, 64, 'App\\Models\\Inventory', '2022-03-25 01:15:59', '2022-03-25 01:15:59'),
	(35, 2, 1, 66, 'App\\Models\\Inventory', '2022-03-25 01:15:59', '2022-03-25 01:15:59'),
	(36, 3, 2, 67, 'App\\Models\\Inventory', '2022-03-25 01:15:59', '2022-03-25 01:15:59'),
	(37, 2, 1, 68, 'App\\Models\\Inventory', '2022-03-25 01:15:59', '2022-03-25 01:15:59'),
	(38, 2, 1, 69, 'App\\Models\\Inventory', '2022-03-25 01:15:59', '2022-03-25 01:15:59'),
	(39, 3, 1, 71, 'App\\Models\\Inventory', '2022-03-25 01:15:59', '2022-03-25 01:15:59'),
	(40, 3, 2, 74, 'App\\Models\\Inventory', '2022-03-25 01:15:59', '2022-03-25 01:15:59'),
	(41, 2, 1, 76, 'App\\Models\\Inventory', '2022-03-25 01:15:59', '2022-03-25 01:15:59'),
	(42, 3, 1, 80, 'App\\Models\\Inventory', '2022-03-25 01:15:59', '2022-03-25 01:15:59'),
	(43, 2, 2, 83, 'App\\Models\\Inventory', '2022-03-25 01:15:59', '2022-03-25 01:15:59'),
	(44, 5, 1, 87, 'App\\Models\\Inventory', '2022-03-25 01:15:59', '2022-03-25 01:15:59'),
	(45, 4, 2, 90, 'App\\Models\\Inventory', '2022-03-25 01:15:59', '2022-03-25 01:15:59'),
	(46, 3, 1, 92, 'App\\Models\\Inventory', '2022-03-25 01:15:59', '2022-03-25 01:15:59'),
	(47, 4, 1, 93, 'App\\Models\\Inventory', '2022-03-25 01:15:59', '2022-03-25 01:15:59'),
	(48, 1, 1, 95, 'App\\Models\\Inventory', '2022-03-25 01:15:59', '2022-03-25 01:15:59'),
	(49, 2, 2, 96, 'App\\Models\\Inventory', '2022-03-25 01:15:59', '2022-03-25 01:15:59'),
	(50, 3, 2, 97, 'App\\Models\\Inventory', '2022-03-25 01:15:59', '2022-03-25 01:15:59'),
	(51, 3, 2, 101, 'App\\Models\\Inventory', '2022-03-25 01:15:59', '2022-03-25 01:15:59'),
	(52, 1, 1, 102, 'App\\Models\\Inventory', '2022-03-25 01:15:59', '2022-03-25 01:15:59'),
	(53, 2, 1, 104, 'App\\Models\\Inventory', '2022-03-25 01:15:59', '2022-03-25 01:15:59'),
	(54, 4, 1, 105, 'App\\Models\\Inventory', '2022-03-25 01:15:59', '2022-03-25 01:15:59'),
	(55, 4, 2, 106, 'App\\Models\\Inventory', '2022-03-25 01:15:59', '2022-03-25 01:15:59'),
	(56, 3, 16, 1, 'App\\Models\\Shop', '2022-03-25 01:16:03', '2022-03-25 01:16:03'),
	(57, 3, 13, 2, 'App\\Models\\Shop', '2022-03-25 01:16:03', '2022-03-25 01:16:03'),
	(58, 4, 19, 3, 'App\\Models\\Shop', '2022-03-25 01:16:03', '2022-03-25 01:16:03'),
	(59, 3, 13, 4, 'App\\Models\\Shop', '2022-03-25 01:16:03', '2022-03-25 01:16:03'),
	(60, 3, 18, 5, 'App\\Models\\Shop', '2022-03-25 01:16:03', '2022-03-25 01:16:03');
/*!40000 ALTER TABLE `avg_feedback` ENABLE KEYS */;

-- Dumping structure for table zcart2511.banners
CREATE TABLE IF NOT EXISTS `banners` (
  `id` int(10) unsigned NOT NULL AUTO_INCREMENT,
  `title` varchar(255) COLLATE utf8_unicode_ci DEFAULT NULL,
  `description` varchar(255) COLLATE utf8_unicode_ci DEFAULT NULL,
  `link` text COLLATE utf8_unicode_ci,
  `link_label` varchar(100) COLLATE utf8_unicode_ci DEFAULT NULL,
  `bg_color` varchar(20) COLLATE utf8_unicode_ci DEFAULT NULL,
  `group_id` varchar(255) COLLATE utf8_unicode_ci DEFAULT NULL,
  `columns` int(11) DEFAULT '12',
  `order` int(11) DEFAULT '100',
  `effect` tinyint(4) NOT NULL DEFAULT '0',
  `created_at` timestamp NULL DEFAULT NULL,
  `updated_at` timestamp NULL DEFAULT NULL,
  PRIMARY KEY (`id`)
) ENGINE=InnoDB AUTO_INCREMENT=11 DEFAULT CHARSET=utf8 COLLATE=utf8_unicode_ci;

-- Dumping data for table zcart2511.banners: ~10 rows (approximately)
/*!40000 ALTER TABLE `banners` DISABLE KEYS */;
INSERT INTO `banners` (`id`, `title`, `description`, `link`, `link_label`, `bg_color`, `group_id`, `columns`, `order`, `effect`, `created_at`, `updated_at`) VALUES
	(1, 'Knockout offers!', 'Up to 43% off', '/category/et-suscipit-aut-optio-quibusdam-dolor-dolorem-enim', 'Shop Now', '#6f80e0', 'group_1', 4, 100, 1, '2022-03-25 01:15:42', '2022-03-25 01:15:42'),
	(2, 'Year end SALE!', 'Flat 43% off', '/category/dslr', 'Shop Now', '#21e9e9', 'group_1', 4, 100, 1, '2022-03-25 01:15:42', '2022-03-25 01:15:42'),
	(3, 'Deal of the day', '', '/category/praesentium-exercitationem-sint-sit-quo', 'Shop Now', '#a1ee16', 'group_1', 4, 100, 1, '2022-03-25 01:15:42', '2022-03-25 01:15:42'),
	(4, '80% Off!', 'Up to 29% off + free shipping', '/category/aliquid-atque-ea-nisi-dicta-dignissimos-ipsum', 'Shop Now', '#d61161', 'group_2', 6, 100, 0, '2022-03-25 01:15:42', '2022-03-25 01:15:42'),
	(5, 'Save up to 40%', '22% off today!', '/category/tvs', 'Shop Now', '#e502e3', 'group_2', 6, 100, 0, '2022-03-25 01:15:42', '2022-03-25 01:15:42'),
	(6, 'Fashion accessories deals', '', '/category/sit-debitis-id-facere-itaque', 'Shop Now', '#0ce0ad', 'group_4', 6, 100, 0, '2022-03-25 01:15:42', '2022-03-25 01:15:42'),
	(7, 'Fashion accessories deals', 'Don\'t miss out!', '/category/praesentium-exercitationem-sint-sit-quo', 'Shop Now', '#9433a8', 'group_4', 6, 100, 0, '2022-03-25 01:15:42', '2022-03-25 01:15:42'),
	(8, 'Year end SALE!', 'Don\'t miss out!', '/category/et-praesentium-cumque-ipsam-dolore', 'Shop Now', '#5f1041', 'group_5', 12, 100, 0, '2022-03-25 01:15:42', '2022-03-25 01:15:42'),
	(9, 'Black Friday Deals!', 'Don\'t miss out!', '/category/ut-culpa-error-ut-facere-rerum-omnis', 'Shop Now', '#d3fc5f', 'group_6', 6, 100, 1, '2022-03-25 01:15:42', '2022-03-25 01:15:42'),
	(10, 'Save up to 40%', '46% off today! + free shipping', '/category/veniam-error-saepe-eos-dolorum-dignissimos-sint', 'Shop Now', '#dce3fb', 'group_6', 6, 100, 1, '2022-03-25 01:15:42', '2022-03-25 01:15:42');
/*!40000 ALTER TABLE `banners` ENABLE KEYS */;

-- Dumping structure for table zcart2511.banner_groups
CREATE TABLE IF NOT EXISTS `banner_groups` (
  `id` varchar(255) COLLATE utf8_unicode_ci NOT NULL,
  `name` varchar(255) COLLATE utf8_unicode_ci NOT NULL,
  UNIQUE KEY `banner_groups_id_unique` (`id`),
  UNIQUE KEY `banner_groups_name_unique` (`name`)
) ENGINE=InnoDB DEFAULT CHARSET=utf8 COLLATE=utf8_unicode_ci;

-- Dumping data for table zcart2511.banner_groups: ~6 rows (approximately)
/*!40000 ALTER TABLE `banner_groups` DISABLE KEYS */;
INSERT INTO `banner_groups` (`id`, `name`) VALUES
	('group_1', 'Group 1'),
	('group_2', 'Group 2'),
	('group_3', 'Group 3'),
	('group_4', 'Group 4'),
	('group_5', 'Group 5'),
	('group_6', 'Group 6');
/*!40000 ALTER TABLE `banner_groups` ENABLE KEYS */;

-- Dumping structure for table zcart2511.blogs
CREATE TABLE IF NOT EXISTS `blogs` (
  `id` int(10) unsigned NOT NULL AUTO_INCREMENT,
  `title` text COLLATE utf8_unicode_ci NOT NULL,
  `slug` varchar(200) COLLATE utf8_unicode_ci NOT NULL,
  `excerpt` varchar(255) COLLATE utf8_unicode_ci DEFAULT NULL,
  `content` longtext COLLATE utf8_unicode_ci,
  `user_id` bigint(20) unsigned NOT NULL,
  `status` tinyint(1) NOT NULL DEFAULT '1',
  `approved` tinyint(1) NOT NULL DEFAULT '1',
  `published_at` timestamp NULL DEFAULT NULL,
  `likes` int(10) unsigned NOT NULL DEFAULT '0',
  `dislikes` int(10) unsigned NOT NULL DEFAULT '0',
  `deleted_at` timestamp NULL DEFAULT NULL,
  `created_at` timestamp NULL DEFAULT NULL,
  `updated_at` timestamp NULL DEFAULT NULL,
  PRIMARY KEY (`id`),
  UNIQUE KEY `blogs_slug_unique` (`slug`),
  KEY `blogs_user_id_foreign` (`user_id`),
  CONSTRAINT `blogs_user_id_foreign` FOREIGN KEY (`user_id`) REFERENCES `users` (`id`) ON DELETE CASCADE
) ENGINE=InnoDB AUTO_INCREMENT=7 DEFAULT CHARSET=utf8 COLLATE=utf8_unicode_ci;

-- Dumping data for table zcart2511.blogs: ~6 rows (approximately)
/*!40000 ALTER TABLE `blogs` DISABLE KEYS */;
INSERT INTO `blogs` (`id`, `title`, `slug`, `excerpt`, `content`, `user_id`, `status`, `approved`, `published_at`, `likes`, `dislikes`, `deleted_at`, `created_at`, `updated_at`) VALUES
	(1, 'Et molestiae molestiae quod quibusdam eum quibusdam.', 'abc-zcart-blog-post', 'Ipsam consequatur facere itaque eum natus repellat tempora voluptatem. Nihil quibusdam eum dignissimos consequatur inventore qui a ipsa. Est fugiat aut ratione sed et. Eligendi atque laboriosam commodi saepe corrupti.', '<p>Modi dignissimos exercitationem ab molestiae alias sint ut. Vero rerum nesciunt fuga consectetur doloribus porro aliquam. Non velit tempora et vel. Ipsa odio quasi veniam laudantium.</p><p>Eum sint dolore fugiat et est voluptatibus dignissimos. Consequuntur veniam itaque et dolorem iusto voluptatem vero. Est dolorum ea minima deserunt vitae. Reiciendis ratione ea sed porro consectetur dolore.</p><p>Reprehenderit qui nihil similique rerum aut voluptatem. Animi aspernatur qui unde quae porro. Voluptatum natus reprehenderit earum ipsum qui saepe incidunt. Atque inventore itaque porro libero soluta vitae.</p><p>Hic consequuntur unde ea commodi quas. Ut eum dolore beatae voluptatibus officia iste. Tempore rerum eius est in.<img src="https://farm5.staticflickr.com/4472/37699097482_c20aaa2910_z.jpg" width="640" height="424" alt="Rolling"></p><p>Dolores eaque fugiat odit libero deserunt. Quisquam qui enim sunt. Eos maiores nesciunt quia quia quae magni exercitationem.</p><p>Et nihil id quo sint perspiciatis sed reprehenderit itaque. Labore eos odit ipsam totam necessitatibus labore. Nostrum commodi voluptatum aut delectus dolorem dolorem quod laboriosam.</p><p>Quis et non ut hic quia dolorem nobis. Aut dolor exercitationem officia incidunt enim. Quidem voluptas quia placeat.</p>', 4, 1, 1, '2022-03-12 01:15:00', 0, 0, NULL, '2022-02-24 01:15:30', '2022-02-24 01:15:30'),
	(2, 'Sed iusto sit et rerum ut repellat.', 'facere-aliquam-nesciunt-ipsum-quae-natus', 'Similique quae quo magni non et cupiditate asperiores. Voluptatum voluptatibus in soluta sunt natus. Et a ut voluptas maxime.', '<p>Eos harum repudiandae aut et odit. Perspiciatis ut et sed est voluptas est non. Explicabo voluptatem reprehenderit quaerat aut. Aperiam odit voluptas voluptatibus.</p><p>Quia qui consectetur blanditiis fugiat quo beatae ullam. Fuga nihil deserunt temporibus quibusdam consequatur nihil laudantium reiciendis. Sint vitae quo ut reprehenderit ut ea aut. Asperiores laborum ratione et sed ut.</p><p>Mollitia quo assumenda qui id. Molestiae sit quibusdam ea dolorum. Eum rerum quam dignissimos ea earum. Facere natus facere iusto iure cupiditate ipsum nemo reiciendis. Consequatur et reiciendis labore non nobis illo voluptas ipsa.</p><p>In doloribus quae eum est molestias odio. Odit in quis illo ad quibusdam aut exercitationem. Nihil laborum recusandae illum recusandae sint. Et quisquam neque recusandae unde consequatur.<img src="https://farm5.staticflickr.com/4459/37473350250_be9bb89c24_b.jpg" width="640" height="424" alt="Sunrise at red crabs beach"></p><p>Deleniti vel quod ut corporis voluptatum nihil qui. Aspernatur mollitia itaque eveniet velit. Blanditiis nihil quia quia.</p><p>Voluptatem nam aut aut illum molestiae. Quo voluptate tenetur repudiandae maiores fuga nesciunt. Eius maiores odio qui perferendis et in dolorem. Reiciendis et ea eum iusto inventore quisquam deserunt.</p><p>Consectetur veritatis eum consequatur sed magni est sit. Sunt sequi occaecati voluptatem voluptas libero aut ab. Molestiae distinctio enim est et nisi. Ullam magnam quibusdam occaecati veniam et voluptatem totam.</p>', 4, 1, 1, '2022-03-13 01:15:00', 0, 0, NULL, '2022-03-01 01:15:30', '2022-03-01 01:15:30'),
	(3, 'Velit nam ipsum aut.', 'eum-voluptas-fuga-harum-voluptatibus', 'Necessitatibus quia dolorem consectetur excepturi est ut molestias. Aut saepe necessitatibus ipsum voluptatem provident. Iure et in saepe eaque fugiat consectetur quos.', '<p>Quia ut a quos hic. Non est blanditiis atque nisi maiores. Itaque dignissimos qui hic aliquid sed velit debitis.</p><p>Quo qui autem et est praesentium. Nobis velit cumque animi esse quas. Hic repellendus fugiat et ut illum. Voluptatibus voluptatem nihil omnis animi tempora et dolor molestiae.</p><p>Dolorem in est fugiat nobis qui omnis totam. Nam iste id perferendis quia sed ea rerum. Dolorem temporibus eum doloremque accusantium et adipisci omnis. Sit excepturi sunt tempore occaecati quo autem.</p><p>Temporibus quibusdam natus inventore eius iste. Repudiandae aut ea dignissimos inventore voluptate et. Qui aut quo velit rerum. Dolore rerum temporibus optio quod.<iframe width="560" height="315" src="https://www.youtube.com/embed/A-rEb0KuopI" frameborder="0" allow="accelerometer; autoplay; encrypted-media; gyroscope; picture-in-picture" allowfullscreen></iframe></p><p>Consequatur labore sit ad in. Repellendus quo cum perferendis ipsum quae et et ea. Fuga qui sint atque expedita et esse.</p><p>Aut eligendi esse occaecati inventore sint dolores. Esse consequatur repudiandae sed voluptatibus dolorem ad. Dolor enim natus repellat possimus sequi. Error earum qui ipsam delectus ut dolor.</p><p>Voluptates nesciunt cumque corrupti consequatur placeat illum sint. Suscipit explicabo autem quisquam excepturi perferendis inventore. Voluptatem voluptas a aliquam inventore pariatur provident atque vel.</p>', 5, 1, 1, '2022-03-19 01:15:00', 0, 0, NULL, '2022-03-09 01:15:30', '2022-03-09 01:15:30'),
	(4, 'Consectetur nemo esse ipsa.', 'aliquid-rerum-harum-non-soluta', 'Et necessitatibus ut voluptatem dolor. Repudiandae vero quis vitae itaque dolores quo dicta. Corrupti dolorem suscipit explicabo dolorem qui illo et nam. Quia facere explicabo qui animi exercitationem culpa. Et non blanditiis id praesentium soluta.', '<p>Magnam laudantium saepe adipisci dolor. Quae corporis quia provident ab aperiam error. Soluta qui repellendus cum quibusdam mollitia. Fuga nobis ducimus a.</p><p>Similique sapiente quae similique ut qui. Facilis possimus occaecati dolor voluptates dolor officiis. Perferendis perferendis ad voluptatem ea qui. Alias porro nisi molestias dolorem animi.</p><p>Et autem laborum saepe libero sequi et quos numquam. Occaecati iste voluptates vel occaecati sint.</p><p>Debitis voluptas maiores minus et distinctio. Dolorem veniam rem sunt sunt temporibus voluptatem maiores. Iure earum dolore est laboriosam ut. Repellendus non laborum quibusdam in tenetur fugiat.<img src="https://farm5.staticflickr.com/4471/37699101012_7b2c5c2734_z.jpg" width="640" height="424" alt="Dogs on beach V1"></p><p>Ut illum suscipit non molestias omnis error voluptas. Iure libero maiores temporibus voluptates cumque natus amet. Tempore nemo et ipsam pariatur et. Sequi aliquam inventore quidem quis aut.</p><p>Aut animi dolorum ipsa nobis numquam. Aut autem voluptatem dolorem aut modi. Et hic ad qui laboriosam necessitatibus.</p><p>Ullam enim sint nobis aliquam sapiente esse est. Fuga enim illo et ratione delectus eaque voluptas. Quibusdam dignissimos est consequuntur minima sint ut eligendi dolores. Ad delectus incidunt minima dolores perspiciatis iusto repellendus.</p>', 1, 1, 1, '2022-03-12 01:15:00', 0, 0, NULL, '2022-03-01 01:15:30', '2022-03-01 01:15:30'),
	(5, 'Et ipsam dolorum odio.', 'quia-beatae-eius-sed-debitis-est', 'Libero id iusto sed quo ea. Aliquam dolor aut numquam saepe voluptatem doloribus. Dolorum ut labore accusamus velit. Rerum asperiores repellat inventore odio quo aut.', '<p>Blanditiis rerum ex in adipisci delectus. Sequi quia magnam fugit. Cupiditate facilis sunt placeat et possimus voluptas molestias.</p><p>Voluptatem ratione enim et. Ipsa numquam architecto autem in rerum quia repellendus. Inventore natus ipsa quo a eius cumque architecto. Ut blanditiis et quis quam quas.</p><p>Et esse facere magni veritatis non non. Error atque dolor exercitationem voluptas ut ut sunt sed. Quidem recusandae laudantium sunt optio harum sunt.</p><p>Et expedita reprehenderit hic quia porro. Excepturi ut amet aut velit repudiandae et. Reprehenderit repellendus quia eveniet dolor dolorem molestias in atque. Illum dolor quibusdam eum ea dolore eos.<img src="https://farm5.staticflickr.com/4494/37473356390_051bb9b747_z.jpg" width="424" height="640" alt="Discrete wheel V1"></p><p>Voluptatem unde quis rerum odio soluta ut. Asperiores quaerat eveniet ut totam. Neque odit omnis assumenda enim.</p><p>Ut ea voluptas nostrum eum excepturi excepturi. Voluptatibus ducimus ut corporis voluptatem vel qui sit. Nobis voluptatem eum optio laboriosam. Velit quam deserunt in beatae quia odio maxime et. Voluptas quas ut magnam.</p><p>Ipsam occaecati non voluptatem officia et. Aliquid reprehenderit est exercitationem quis recusandae. Aut hic aut et cum dolores et est est.</p>', 2, 1, 1, '2022-03-14 01:15:00', 0, 0, NULL, '2022-02-25 01:15:30', '2022-02-25 01:15:30'),
	(6, 'Beatae rerum debitis aut velit et vel.', 'sint-pariatur-deleniti-molestiae-iste-qui-iste-qui', 'Impedit non sit fugit ea. Aut distinctio beatae nesciunt ducimus. Aperiam nisi magnam possimus est. Ut eos mollitia modi at dicta. Hic blanditiis voluptatibus quos quis architecto dignissimos totam autem.', '<p>Facilis eius quaerat deleniti laboriosam rerum consequuntur distinctio. Ipsam et aliquid est dicta sed. Voluptatem molestias quam error beatae vero.</p><p>Harum praesentium voluptate consequatur quo praesentium tempore. Maiores velit numquam impedit. Enim nihil voluptas et maxime. Error quam assumenda eveniet in qui.</p><p>At ut dolor alias numquam. Explicabo enim aut velit aliquid et. Neque earum officia facilis similique.</p><p>Numquam laudantium impedit corporis molestias. Dolores corporis doloremque labore laboriosam. Eligendi ducimus velit laboriosam.<iframe width="560" height="315" src="https://www.youtube.com/embed/A-rEb0KuopI" frameborder="0" allow="accelerometer; autoplay; encrypted-media; gyroscope; picture-in-picture" allowfullscreen></iframe></p><p>Quasi repudiandae maxime in ut eius adipisci nulla. Velit ipsa magni perspiciatis.</p><p>Voluptatem quae ut consequatur modi atque necessitatibus autem. Aliquid consequuntur qui aut earum eius temporibus non. Quae omnis rerum in dolorem quia perspiciatis earum. Facere quo vero error ducimus aliquam.</p><p>Quaerat unde exercitationem quas repellendus magnam modi dicta consectetur. Id dolor vero magni aliquam dolores eligendi rerum nihil. Magni quo et qui esse. Nobis cumque hic voluptatibus blanditiis numquam sunt unde. Iure tempora amet saepe sint expedita.</p>', 1, 1, 1, '2022-03-17 01:15:00', 0, 0, NULL, '2022-02-19 01:15:30', '2022-02-19 01:15:30');
/*!40000 ALTER TABLE `blogs` ENABLE KEYS */;

-- Dumping structure for table zcart2511.blog_comments
CREATE TABLE IF NOT EXISTS `blog_comments` (
  `id` int(10) unsigned NOT NULL AUTO_INCREMENT,
  `content` longtext COLLATE utf8_unicode_ci NOT NULL,
  `blog_id` int(10) unsigned NOT NULL,
  `user_id` bigint(20) unsigned NOT NULL,
  `parent` int(10) unsigned DEFAULT NULL,
  `approved` tinyint(1) NOT NULL DEFAULT '1',
  `likes` int(10) unsigned NOT NULL DEFAULT '0',
  `dislikes` int(10) unsigned NOT NULL DEFAULT '0',
  `deleted_at` timestamp NULL DEFAULT NULL,
  `created_at` timestamp NULL DEFAULT NULL,
  `updated_at` timestamp NULL DEFAULT NULL,
  PRIMARY KEY (`id`),
  KEY `blog_comments_blog_id_foreign` (`blog_id`),
  KEY `blog_comments_user_id_foreign` (`user_id`),
  CONSTRAINT `blog_comments_blog_id_foreign` FOREIGN KEY (`blog_id`) REFERENCES `blogs` (`id`) ON DELETE CASCADE,
  CONSTRAINT `blog_comments_user_id_foreign` FOREIGN KEY (`user_id`) REFERENCES `users` (`id`) ON DELETE CASCADE
) ENGINE=InnoDB AUTO_INCREMENT=31 DEFAULT CHARSET=utf8 COLLATE=utf8_unicode_ci;

-- Dumping data for table zcart2511.blog_comments: ~30 rows (approximately)
/*!40000 ALTER TABLE `blog_comments` DISABLE KEYS */;
INSERT INTO `blog_comments` (`id`, `content`, `blog_id`, `user_id`, `parent`, `approved`, `likes`, `dislikes`, `deleted_at`, `created_at`, `updated_at`) VALUES
	(1, 'Est saepe iusto facilis nesciunt. Aliquam numquam quos est nulla ut fugiat dolor autem. Qui est illo voluptates non. Aliquam fugit amet accusantium ducimus praesentium.', 3, 1, NULL, 1, 0, 0, NULL, '2022-03-24 01:15:31', '2022-03-11 01:15:31'),
	(2, 'Voluptatem voluptatem fuga aut laudantium ab. Illum delectus impedit voluptas in ab nisi voluptate. Molestiae maiores quis sequi doloremque earum error numquam.', 3, 5, NULL, 0, 0, 0, NULL, '2022-03-14 01:15:31', '2022-03-11 01:15:31'),
	(3, 'Cum sunt beatae asperiores iusto vero. Sapiente voluptates recusandae maxime id vel ut. Ipsam repudiandae sequi iusto adipisci aut vero asperiores. Officiis cum amet voluptas qui corrupti perferendis velit modi.', 6, 2, NULL, 1, 0, 0, NULL, '2022-03-13 01:15:31', '2022-03-14 01:15:31'),
	(4, 'Vel quia ipsam optio incidunt. Praesentium architecto architecto deserunt nihil. Odit dolores qui ut quae. Sit impedit autem officiis ad.', 2, 6, NULL, 0, 0, 0, NULL, '2022-03-20 01:15:31', '2022-03-18 01:15:31'),
	(5, 'Adipisci deserunt eum doloribus illo tempora. Animi sit est ratione dolorem at sit. Molestias consequatur commodi recusandae aperiam eius et. Quia facere quia et nulla quis.', 5, 2, NULL, 0, 0, 0, NULL, '2022-03-24 01:15:31', '2022-03-19 01:15:31'),
	(6, 'Qui laborum eos veritatis dicta quo blanditiis non fuga. Laboriosam vitae laudantium est architecto nesciunt. Sunt aliquid non consequatur quibusdam ut vitae delectus. Quisquam et omnis et.', 2, 4, NULL, 0, 0, 0, NULL, '2022-03-16 01:15:31', '2022-03-16 01:15:31'),
	(7, 'Facilis et excepturi dolorem enim amet. Non ut iure corrupti vel eum in impedit. Quibusdam nostrum ut alias voluptatem est. Rerum rem quo et iusto harum ipsum.', 3, 7, NULL, 1, 0, 0, NULL, '2022-03-19 01:15:31', '2022-03-18 01:15:31'),
	(8, 'Voluptatem omnis maiores enim harum veritatis. Numquam velit provident cupiditate numquam non provident. Amet sequi at veritatis asperiores itaque odio.', 5, 3, NULL, 1, 0, 0, NULL, '2022-03-13 01:15:31', '2022-03-19 01:15:31'),
	(9, 'Vel cupiditate a quod quidem quia ipsum ducimus facere. Impedit et aliquid facere qui facilis quaerat repellendus consequatur. Vel sed natus animi laborum. Incidunt minima nam qui sit omnis.', 5, 5, NULL, 0, 0, 0, NULL, '2022-03-22 01:15:31', '2022-03-25 01:15:31'),
	(10, 'Autem consequatur eos necessitatibus odio ipsum praesentium et. Qui eos et sit voluptate. Quis blanditiis possimus sed aut. Quidem labore velit qui molestiae neque placeat. Reiciendis dolor sit quia praesentium minus quos.', 2, 6, NULL, 1, 0, 0, NULL, '2022-03-10 01:15:31', '2022-03-23 01:15:31'),
	(11, 'Illum sed excepturi aperiam exercitationem modi eius a accusantium. Itaque eveniet suscipit qui omnis voluptates sed. A cum facilis repellendus totam.', 1, 7, NULL, 0, 0, 0, NULL, '2022-03-24 01:15:31', '2022-03-12 01:15:31'),
	(12, 'Et autem in mollitia ea reiciendis minus. Voluptas dicta dolore eos at impedit qui corrupti quia. Occaecati corporis expedita sunt et laudantium eos enim.', 3, 5, NULL, 0, 0, 0, NULL, '2022-03-17 01:15:31', '2022-03-16 01:15:31'),
	(13, 'Rerum nobis sunt qui consequatur maiores in sed. Nesciunt totam et est repellendus laudantium praesentium.', 2, 6, NULL, 1, 0, 0, NULL, '2022-03-17 01:15:31', '2022-03-21 01:15:31'),
	(14, 'Quisquam harum quod hic quod explicabo. Officiis qui et nostrum distinctio officiis. Illum tempora et itaque id sit veniam dolorem. Sequi cumque earum a eos suscipit. Est consequatur aut quam nostrum quidem.', 5, 3, NULL, 0, 0, 0, NULL, '2022-03-23 01:15:31', '2022-03-16 01:15:31'),
	(15, 'Ut eum consequatur reprehenderit. Provident numquam debitis atque quasi corrupti beatae et. Sapiente fuga ipsum sed fugit quod.', 3, 1, NULL, 0, 0, 0, NULL, '2022-03-14 01:15:31', '2022-03-24 01:15:31'),
	(16, 'Placeat laboriosam pariatur quam dolorem ut eveniet in. Occaecati autem aspernatur et ut eligendi et. Quod rerum excepturi ut. Ut numquam quaerat non et quia voluptates unde.', 4, 4, NULL, 1, 0, 0, NULL, '2022-03-19 01:15:31', '2022-03-16 01:15:31'),
	(17, 'Ut qui ut autem quis. Tenetur consequatur ratione quos ut cupiditate unde consequuntur. Sed odio aut occaecati. Nihil architecto non consectetur.', 2, 2, NULL, 1, 0, 0, NULL, '2022-03-10 01:15:31', '2022-03-11 01:15:31'),
	(18, 'Nisi consequatur aut quia eius non. Id rerum nihil illo consequatur. Exercitationem a animi est accusantium eos voluptatem. Accusamus qui earum eos reiciendis porro quia autem ducimus.', 3, 2, NULL, 0, 0, 0, NULL, '2022-03-19 01:15:31', '2022-03-20 01:15:31'),
	(19, 'Et officiis adipisci sit impedit et harum impedit eos. Illum est impedit sit at. Dolores et et fuga vel alias enim doloremque dolor.', 3, 3, NULL, 0, 0, 0, NULL, '2022-03-14 01:15:31', '2022-03-11 01:15:31'),
	(20, 'Ea dolore est quae excepturi ut nulla. Excepturi eaque repellendus soluta neque veniam ipsam et. Sit rerum ut voluptatem dolore magni et sit. Voluptatem perspiciatis perferendis ducimus alias.', 2, 4, NULL, 1, 0, 0, NULL, '2022-03-15 01:15:31', '2022-03-15 01:15:31'),
	(21, 'Sint et ea commodi aut distinctio officia modi. Autem est voluptatum quo iure non error et.', 6, 2, NULL, 1, 0, 0, NULL, '2022-03-10 01:15:31', '2022-03-21 01:15:31'),
	(22, 'Consequatur sit esse et. Similique quidem sunt quisquam sequi corporis non voluptatibus. Corporis magni possimus optio sint velit sed ratione voluptatem.', 4, 5, NULL, 1, 0, 0, NULL, '2022-03-13 01:15:31', '2022-03-20 01:15:31'),
	(23, 'Aut quo praesentium quia sequi aut. Magni consequatur quos voluptatum nesciunt corporis vero id. Voluptatibus laudantium consequuntur incidunt aut fugiat illum consequatur. Modi velit accusamus corrupti aut quisquam illum iste.', 4, 2, NULL, 0, 0, 0, NULL, '2022-03-11 01:15:31', '2022-03-10 01:15:31'),
	(24, 'Excepturi quas voluptas esse ullam inventore voluptas. Molestiae voluptate maiores eius libero. Voluptas laborum soluta et velit.', 1, 3, NULL, 0, 0, 0, NULL, '2022-03-19 01:15:31', '2022-03-25 01:15:31'),
	(25, 'Accusantium nostrum ipsam itaque et nihil. Quis magnam qui est dolores fugit eveniet quisquam.', 6, 3, NULL, 1, 0, 0, NULL, '2022-03-14 01:15:31', '2022-03-17 01:15:31'),
	(26, 'Totam eum illo facere esse consectetur rerum inventore. Velit soluta amet odio ut magnam porro. Aliquam maiores quibusdam odio reprehenderit.', 6, 6, NULL, 0, 0, 0, NULL, '2022-03-20 01:15:31', '2022-03-22 01:15:31'),
	(27, 'Qui autem officiis quidem aut repellat id animi. Asperiores mollitia incidunt sed ipsum. Numquam est repudiandae dolorum sunt commodi quia. Fuga minus qui molestiae autem ut omnis totam.', 1, 1, NULL, 0, 0, 0, NULL, '2022-03-19 01:15:31', '2022-03-25 01:15:31'),
	(28, 'Ex porro error eius voluptatem. Unde amet architecto adipisci non dolores. Ipsa sit iusto molestiae eius. Dolorem excepturi vitae voluptas cumque.', 5, 3, NULL, 0, 0, 0, NULL, '2022-03-20 01:15:31', '2022-03-18 01:15:31'),
	(29, 'Hic voluptas aut repellendus a ex. Eligendi nesciunt dolorum ut. Eaque eos sit aut culpa perferendis neque. Illum qui fugit est odit.', 1, 2, NULL, 0, 0, 0, NULL, '2022-03-20 01:15:31', '2022-03-20 01:15:31'),
	(30, 'Vel adipisci voluptatibus mollitia consequuntur facere. Quo omnis doloribus facere ea doloribus non. Ex quia est molestiae nam omnis. Quis dolorem error voluptatibus inventore molestiae.', 2, 4, NULL, 1, 0, 0, NULL, '2022-03-15 01:15:31', '2022-03-21 01:15:31');
/*!40000 ALTER TABLE `blog_comments` ENABLE KEYS */;

-- Dumping structure for table zcart2511.cancellations
CREATE TABLE IF NOT EXISTS `cancellations` (
  `id` bigint(20) unsigned NOT NULL AUTO_INCREMENT,
  `shop_id` int(10) unsigned DEFAULT NULL,
  `cancellation_reason_id` int(10) unsigned DEFAULT NULL,
  `customer_id` bigint(20) unsigned NOT NULL,
  `order_id` bigint(20) unsigned NOT NULL,
  `items` text COLLATE utf8_unicode_ci,
  `description` longtext COLLATE utf8_unicode_ci,
  `return_goods` tinyint(1) DEFAULT NULL,
  `status` int(10) unsigned NOT NULL DEFAULT '1',
  `created_at` timestamp NULL DEFAULT NULL,
  `updated_at` timestamp NULL DEFAULT NULL,
  PRIMARY KEY (`id`),
  KEY `cancellations_order_id_foreign` (`order_id`),
  KEY `cancellations_customer_id_foreign` (`customer_id`),
  KEY `cancellations_cancellation_reason_id_foreign` (`cancellation_reason_id`),
  CONSTRAINT `cancellations_cancellation_reason_id_foreign` FOREIGN KEY (`cancellation_reason_id`) REFERENCES `cancellation_reasons` (`id`) ON DELETE SET NULL,
  CONSTRAINT `cancellations_customer_id_foreign` FOREIGN KEY (`customer_id`) REFERENCES `customers` (`id`) ON DELETE CASCADE,
  CONSTRAINT `cancellations_order_id_foreign` FOREIGN KEY (`order_id`) REFERENCES `orders` (`id`) ON DELETE CASCADE
) ENGINE=InnoDB DEFAULT CHARSET=utf8 COLLATE=utf8_unicode_ci;

-- Dumping data for table zcart2511.cancellations: ~0 rows (approximately)
/*!40000 ALTER TABLE `cancellations` DISABLE KEYS */;
/*!40000 ALTER TABLE `cancellations` ENABLE KEYS */;

-- Dumping structure for table zcart2511.cancellation_reasons
CREATE TABLE IF NOT EXISTS `cancellation_reasons` (
  `id` int(10) unsigned NOT NULL AUTO_INCREMENT,
  `detail` varchar(255) COLLATE utf8_unicode_ci NOT NULL,
  `office_use` tinyint(1) DEFAULT NULL,
  PRIMARY KEY (`id`),
  UNIQUE KEY `cancellation_reasons_detail_unique` (`detail`)
) ENGINE=InnoDB AUTO_INCREMENT=14 DEFAULT CHARSET=utf8 COLLATE=utf8_unicode_ci;

-- Dumping data for table zcart2511.cancellation_reasons: ~13 rows (approximately)
/*!40000 ALTER TABLE `cancellation_reasons` DISABLE KEYS */;
INSERT INTO `cancellation_reasons` (`id`, `detail`, `office_use`) VALUES
	(1, 'Order created by mistake', NULL),
	(2, 'Delivery takes so long', NULL),
	(3, 'High shipping cost', NULL),
	(4, 'Wrong shipping address', NULL),
	(5, 'Need some adjustment', NULL),
	(6, 'Wrong billing address', NULL),
	(7, 'Other reason', NULL),
	(8, 'No inventory', 1),
	(9, 'Buyer cancelled', 1),
	(10, 'General adjustment', 1),
	(11, 'Shipping address undeliverable', 1),
	(12, 'Pricing issue', 1),
	(13, 'Customs problem', 1);
/*!40000 ALTER TABLE `cancellation_reasons` ENABLE KEYS */;

-- Dumping structure for table zcart2511.carriers
CREATE TABLE IF NOT EXISTS `carriers` (
  `id` int(10) unsigned NOT NULL AUTO_INCREMENT,
  `shop_id` int(10) unsigned DEFAULT NULL,
  `tax_id` int(10) unsigned DEFAULT NULL,
  `name` varchar(255) COLLATE utf8_unicode_ci NOT NULL,
  `email` varchar(255) COLLATE utf8_unicode_ci DEFAULT NULL,
  `phone` varchar(255) COLLATE utf8_unicode_ci DEFAULT NULL,
  `tracking_url` varchar(255) COLLATE utf8_unicode_ci DEFAULT NULL,
  `active` tinyint(1) NOT NULL DEFAULT '1',
  `deleted_at` timestamp NULL DEFAULT NULL,
  `created_at` timestamp NULL DEFAULT NULL,
  `updated_at` timestamp NULL DEFAULT NULL,
  PRIMARY KEY (`id`)
) ENGINE=InnoDB AUTO_INCREMENT=6 DEFAULT CHARSET=utf8 COLLATE=utf8_unicode_ci;

-- Dumping data for table zcart2511.carriers: ~5 rows (approximately)
/*!40000 ALTER TABLE `carriers` DISABLE KEYS */;
INSERT INTO `carriers` (`id`, `shop_id`, `tax_id`, `name`, `email`, `phone`, `tracking_url`, `active`, `deleted_at`, `created_at`, `updated_at`) VALUES
	(1, 4, 4, 'FedEx', 'wmayert@yahoo.com', '(341) 921-7416', 'http://www.ratke.com/voluptas-et-est-vel-soluta-perferendis-et-iusto/@', 1, NULL, '2022-03-25 01:14:27', '2022-03-25 01:14:27'),
	(2, 2, 4, 'DHL', 'irolfson@hotmail.com', '508-889-0794', 'http://www.collins.com/laboriosam-autem-et-dolorem-aut-autem-dolores/@', 1, NULL, '2022-03-25 01:14:27', '2022-03-25 01:14:27'),
	(3, 4, 2, 'TNT Express', 'antonia29@gmail.com', '+14707464891', 'http://willms.com/a-quis-tenetur-ipsa-explicabo-accusamus/@', 1, NULL, '2022-03-25 01:14:27', '2022-03-25 01:14:27'),
	(4, 1, 1, 'USP', 'mann.alisha@fahey.biz', '+18384207224', 'http://www.will.com/est-temporibus-ut-sapiente-qui-dolore-dolorem-fugiat/@', 1, NULL, '2022-03-25 01:14:27', '2022-03-25 01:14:27'),
	(5, 3, 2, 'DTDC', 'noemie.kovacek@abbott.com', '432.949.6784', 'http://www.satterfield.net/perferendis-sint-voluptas-corporis-tempora.html/@', 1, NULL, '2022-03-25 01:14:27', '2022-03-25 01:14:27');
/*!40000 ALTER TABLE `carriers` ENABLE KEYS */;

-- Dumping structure for table zcart2511.carts
CREATE TABLE IF NOT EXISTS `carts` (
  `id` bigint(20) unsigned NOT NULL AUTO_INCREMENT,
  `shop_id` int(10) unsigned DEFAULT NULL,
  `customer_id` bigint(20) unsigned DEFAULT NULL,
  `ip_address` varchar(45) COLLATE utf8_unicode_ci DEFAULT NULL,
  `ship_to` int(10) unsigned DEFAULT NULL,
  `ship_to_country_id` int(10) unsigned DEFAULT NULL,
  `ship_to_state_id` int(10) unsigned DEFAULT NULL,
  `shipping_zone_id` int(10) unsigned DEFAULT NULL,
  `shipping_rate_id` int(10) unsigned DEFAULT NULL,
  `packaging_id` int(10) unsigned DEFAULT NULL,
  `item_count` int(10) unsigned NOT NULL,
  `quantity` int(10) unsigned NOT NULL,
  `total` decimal(20,6) DEFAULT NULL,
  `discount` decimal(20,6) DEFAULT NULL,
  `shipping` decimal(20,6) DEFAULT NULL,
  `packaging` decimal(20,6) DEFAULT NULL,
  `handling` decimal(20,6) DEFAULT NULL,
  `taxes` decimal(20,6) DEFAULT NULL,
  `grand_total` decimal(20,6) DEFAULT NULL,
  `taxrate` decimal(20,6) DEFAULT NULL,
  `shipping_weight` decimal(20,2) DEFAULT NULL,
  `billing_address` bigint(20) unsigned DEFAULT NULL,
  `shipping_address` bigint(20) unsigned DEFAULT NULL,
  `email` varchar(255) COLLATE utf8_unicode_ci DEFAULT NULL,
  `coupon_id` bigint(20) unsigned DEFAULT NULL,
  `payment_status` int(11) NOT NULL DEFAULT '1',
  `payment_method_id` int(10) unsigned DEFAULT NULL,
  `message_to_customer` text COLLATE utf8_unicode_ci,
  `admin_note` text COLLATE utf8_unicode_ci,
  `deleted_at` timestamp NULL DEFAULT NULL,
  `created_at` timestamp NULL DEFAULT NULL,
  `updated_at` timestamp NULL DEFAULT NULL,
  PRIMARY KEY (`id`),
  KEY `carts_shop_id_foreign` (`shop_id`),
  KEY `carts_customer_id_foreign` (`customer_id`),
  CONSTRAINT `carts_customer_id_foreign` FOREIGN KEY (`customer_id`) REFERENCES `customers` (`id`) ON DELETE SET NULL,
  CONSTRAINT `carts_shop_id_foreign` FOREIGN KEY (`shop_id`) REFERENCES `shops` (`id`) ON DELETE SET NULL
) ENGINE=InnoDB AUTO_INCREMENT=3 DEFAULT CHARSET=utf8 COLLATE=utf8_unicode_ci;

-- Dumping data for table zcart2511.carts: ~0 rows (approximately)
/*!40000 ALTER TABLE `carts` DISABLE KEYS */;
/*!40000 ALTER TABLE `carts` ENABLE KEYS */;

-- Dumping structure for table zcart2511.cart_items
CREATE TABLE IF NOT EXISTS `cart_items` (
  `cart_id` bigint(20) unsigned NOT NULL,
  `inventory_id` bigint(20) unsigned NOT NULL,
  `item_description` longtext COLLATE utf8_unicode_ci NOT NULL,
  `quantity` int(10) unsigned NOT NULL,
  `unit_price` decimal(20,6) NOT NULL,
  `created_at` timestamp NULL DEFAULT NULL,
  `updated_at` timestamp NULL DEFAULT NULL,
  KEY `cart_items_cart_id_index` (`cart_id`),
  KEY `cart_items_inventory_id_index` (`inventory_id`),
  CONSTRAINT `cart_items_cart_id_foreign` FOREIGN KEY (`cart_id`) REFERENCES `carts` (`id`) ON DELETE CASCADE,
  CONSTRAINT `cart_items_inventory_id_foreign` FOREIGN KEY (`inventory_id`) REFERENCES `inventories` (`id`) ON DELETE CASCADE
) ENGINE=InnoDB DEFAULT CHARSET=utf8 COLLATE=utf8_unicode_ci;

-- Dumping data for table zcart2511.cart_items: ~0 rows (approximately)
/*!40000 ALTER TABLE `cart_items` DISABLE KEYS */;
/*!40000 ALTER TABLE `cart_items` ENABLE KEYS */;

-- Dumping structure for table zcart2511.categories
CREATE TABLE IF NOT EXISTS `categories` (
  `id` int(10) unsigned NOT NULL AUTO_INCREMENT,
  `category_sub_group_id` int(10) unsigned NOT NULL,
  `name` varchar(200) COLLATE utf8_unicode_ci NOT NULL,
  `slug` varchar(200) COLLATE utf8_unicode_ci NOT NULL,
  `description` text COLLATE utf8_unicode_ci,
  `active` tinyint(1) NOT NULL DEFAULT '1',
  `featured` tinyint(1) DEFAULT NULL,
  `order` int(11) DEFAULT '100',
  `meta_title` text COLLATE utf8_unicode_ci,
  `meta_description` longtext COLLATE utf8_unicode_ci,
  `deleted_at` timestamp NULL DEFAULT NULL,
  `created_at` timestamp NULL DEFAULT NULL,
  `updated_at` timestamp NULL DEFAULT NULL,
  PRIMARY KEY (`id`),
  UNIQUE KEY `categories_slug_unique` (`slug`),
  KEY `categories_category_sub_group_id_foreign` (`category_sub_group_id`),
  CONSTRAINT `categories_category_sub_group_id_foreign` FOREIGN KEY (`category_sub_group_id`) REFERENCES `category_sub_groups` (`id`) ON DELETE CASCADE
) ENGINE=InnoDB AUTO_INCREMENT=41 DEFAULT CHARSET=utf8 COLLATE=utf8_unicode_ci;

-- Dumping data for table zcart2511.categories: ~40 rows (approximately)
/*!40000 ALTER TABLE `categories` DISABLE KEYS */;
INSERT INTO `categories` (`id`, `category_sub_group_id`, `name`, `slug`, `description`, `active`, `featured`, `order`, `meta_title`, `meta_description`, `deleted_at`, `created_at`, `updated_at`) VALUES
	(1, 2, 'Mobile', 'mobile', 'Mobile Phones', 1, 1, 100, NULL, NULL, NULL, '2022-03-25 01:13:55', '2022-03-25 01:13:55'),
	(2, 18, 'Mobile Accessories', 'mobile-accessories', 'Headphone, Adapter, Casing etc', 1, 1, 100, NULL, NULL, NULL, '2022-03-25 01:13:55', '2022-03-25 01:13:55'),
	(3, 17, 'Laptop', 'laptop', 'Laptop', 1, 1, 100, NULL, NULL, NULL, '2022-03-25 01:13:55', '2022-03-25 01:13:55'),
	(4, 11, 'Desktop', 'desktop', 'Desktop', 1, 1, 100, NULL, NULL, NULL, '2022-03-25 01:13:55', '2022-03-25 01:13:55'),
	(5, 13, 'Tablet', 'tablet', 'Tablet Computer and Accessories', 1, 1, 100, NULL, NULL, NULL, '2022-03-25 01:13:55', '2022-03-25 01:13:55'),
	(6, 5, 'TVs', 'tvs', 'TVs and Accessories', 1, NULL, 100, NULL, NULL, NULL, '2022-03-25 01:13:55', '2022-03-25 01:13:55'),
	(7, 18, 'Home Theater System', 'home-theater', 'Home Theater Sound System and Accessories', 1, 1, 100, NULL, NULL, NULL, '2022-03-25 01:13:55', '2022-03-25 01:13:55'),
	(8, 25, 'Point & Shoot Camera', 'pns-camera', 'PnS Camera and Accessories', 1, 1, 100, NULL, NULL, NULL, '2022-03-25 01:13:55', '2022-03-25 01:13:55'),
	(9, 3, 'DSLR', 'dslr', 'DSLR Camera and Accessories', 1, NULL, 100, NULL, NULL, NULL, '2022-03-25 01:13:55', '2022-03-25 01:13:55'),
	(10, 3, 'Video Camera', 'video-camera', 'Video Camera and Accessories', 1, 1, 100, NULL, NULL, NULL, '2022-03-25 01:13:55', '2022-03-25 01:13:55'),
	(11, 20, 'Conn, Rogahn and Heathcote', 'corporis-voluptatem-sint-excepturi-reiciendis-repudiandae-non-libero', 'Dolores quaerat sunt dicta. Ut ab suscipit dicta rerum nisi repudiandae culpa.', 1, NULL, 100, NULL, NULL, NULL, '2022-03-25 01:13:55', '2022-03-25 01:13:55'),
	(12, 19, 'Willms-Auer', 'aperiam-id-pariatur-earum-sint-dolorem-in', 'Deserunt dolores est odit accusamus velit ut.', 1, NULL, 100, NULL, NULL, NULL, '2022-03-25 01:13:56', '2022-03-25 01:13:56'),
	(13, 7, 'Miller-VonRueden', 'sunt-qui-ea-molestiae-quia-totam-unde-non-totam', 'Eveniet iusto suscipit et ratione. Nihil pariatur enim facere voluptatum.', 1, NULL, 100, NULL, NULL, NULL, '2022-03-25 01:13:56', '2022-03-25 01:13:56'),
	(14, 11, 'Gottlieb, Beahan and Brakus', 'praesentium-exercitationem-sint-sit-quo', 'Recusandae et quis laboriosam non ab perferendis.', 1, NULL, 100, NULL, NULL, NULL, '2022-03-25 01:13:56', '2022-03-25 01:13:56'),
	(15, 4, 'Kertzmann, Feeney and Marquardt', 'perspiciatis-nihil-quia-at-voluptas-vitae-nihil-rerum-dolorem', 'Corporis est expedita assumenda ut nihil ad et sequi.', 1, NULL, 100, NULL, NULL, NULL, '2022-03-25 01:13:56', '2022-03-25 01:13:56'),
	(16, 12, 'Deckow LLC', 'repellat-est-rerum-suscipit-optio-delectus-doloribus', 'Recusandae id ea et est officia consectetur ut. Sed qui natus ut aspernatur.', 1, NULL, 100, NULL, NULL, NULL, '2022-03-25 01:13:56', '2022-03-25 01:13:56'),
	(17, 16, 'Gaylord PLC', 'nesciunt-aut-ut-ut-ut', 'Nobis corrupti qui id consequuntur dolores voluptatem aut.', 1, NULL, 100, NULL, NULL, NULL, '2022-03-25 01:13:56', '2022-03-25 01:13:56'),
	(18, 24, 'Schiller-Purdy', 'magni-et-ut-qui', 'Quo nobis error facilis doloremque consequatur.', 1, NULL, 100, NULL, NULL, NULL, '2022-03-25 01:13:56', '2022-03-25 01:13:56'),
	(19, 9, 'Schowalter, White and Mann', 'eum-odio-iure-suscipit-accusantium-soluta', 'Laboriosam tempore nulla rerum qui qui. Vero aut sed aperiam quis corrupti.', 1, NULL, 100, NULL, NULL, NULL, '2022-03-25 01:13:56', '2022-03-25 01:13:56'),
	(20, 21, 'Botsford Ltd', 'cupiditate-quibusdam-eligendi-placeat-et-quia-neque', 'Consequatur error fugit quia repudiandae.', 1, NULL, 100, NULL, NULL, NULL, '2022-03-25 01:13:56', '2022-03-25 01:13:56'),
	(21, 4, 'Kling PLC', 'sit-debitis-id-facere-itaque', 'Ipsam rerum dolore fuga molestiae. Vero enim minus quia.', 1, NULL, 100, NULL, NULL, NULL, '2022-03-25 01:13:56', '2022-03-25 01:13:56'),
	(22, 17, 'Langosh-Bechtelar', 'error-molestias-harum-et-minus-fugit', 'Rerum totam quas quo sed voluptatem sed.', 1, NULL, 100, NULL, NULL, NULL, '2022-03-25 01:13:56', '2022-03-25 01:13:56'),
	(23, 25, 'Adams, Hagenes and Hammes', 'eligendi-et-harum-illum-voluptas-necessitatibus-officia', 'Non officiis et porro iste dolorem aspernatur quia.', 1, NULL, 100, NULL, NULL, NULL, '2022-03-25 01:13:56', '2022-03-25 01:13:56'),
	(24, 13, 'Ferry Inc', 'aliquid-atque-ea-nisi-dicta-dignissimos-ipsum', 'Deleniti a fugit officiis suscipit officia fuga aut.', 1, NULL, 100, NULL, NULL, NULL, '2022-03-25 01:13:56', '2022-03-25 01:13:56'),
	(25, 14, 'Schroeder Inc', 'veniam-error-saepe-eos-dolorum-dignissimos-sint', 'Sapiente sit eos ducimus porro sunt.', 1, NULL, 100, NULL, NULL, NULL, '2022-03-25 01:13:56', '2022-03-25 01:13:56'),
	(26, 12, 'Kiehn, Bode and Leannon', 'magnam-in-fugit-iure-distinctio', 'Error totam omnis quo dolorum eveniet nam.', 1, NULL, 100, NULL, NULL, NULL, '2022-03-25 01:13:56', '2022-03-25 01:13:56'),
	(27, 16, 'Becker Ltd', 'fuga-maxime-nihil-consequuntur-vero-et-voluptatem-inventore-illo', 'Unde non unde inventore sit et in eaque.', 1, NULL, 100, NULL, NULL, NULL, '2022-03-25 01:13:56', '2022-03-25 01:13:56'),
	(28, 11, 'Oberbrunner-Wiegand', 'iste-sint-consectetur-impedit', 'Voluptatibus numquam vel fugiat labore nisi adipisci perferendis.', 1, NULL, 100, NULL, NULL, NULL, '2022-03-25 01:13:56', '2022-03-25 01:13:56'),
	(29, 4, 'Wunsch, Davis and Spinka', 'quisquam-repellendus-quis-officia-quas', 'Labore maxime debitis et ut. Cumque laborum et minus autem officia dicta et.', 1, NULL, 100, NULL, NULL, NULL, '2022-03-25 01:13:56', '2022-03-25 01:13:56'),
	(30, 15, 'Brown Group', 'consequatur-autem-omnis-et-dolorem-ipsam', 'In itaque ipsa voluptatibus rem ipsa. Aut inventore temporibus omnis alias.', 1, NULL, 100, NULL, NULL, NULL, '2022-03-25 01:13:56', '2022-03-25 01:13:56'),
	(31, 3, 'Cummerata Ltd', 'et-praesentium-cumque-ipsam-dolore', 'Dignissimos quam enim dolore in nisi reprehenderit.', 1, NULL, 100, NULL, NULL, NULL, '2022-03-25 01:13:56', '2022-03-25 01:13:56'),
	(32, 16, 'McGlynn, Gibson and Goodwin', 'illo-eius-impedit-et-minus-enim-eligendi', 'Et fugiat ducimus eos quas laboriosam numquam. Tempora placeat sint aut omnis.', 1, NULL, 100, NULL, NULL, NULL, '2022-03-25 01:13:56', '2022-03-25 01:13:56'),
	(33, 20, 'DuBuque-Waelchi', 'voluptas-ex-aut-atque-delectus', 'Vel accusantium quia tempore nulla. Aut non deleniti rerum velit dolore ipsum.', 1, NULL, 100, NULL, NULL, NULL, '2022-03-25 01:13:56', '2022-03-25 01:13:56'),
	(34, 21, 'Mraz LLC', 'et-suscipit-aut-optio-quibusdam-dolor-dolorem-enim', 'Asperiores sed eum est provident delectus.', 1, NULL, 100, NULL, NULL, NULL, '2022-03-25 01:13:56', '2022-03-25 01:13:56'),
	(35, 5, 'Muller-Zemlak', 'ut-culpa-error-ut-facere-rerum-omnis', 'Eos veritatis dolores vitae placeat.', 1, NULL, 100, NULL, NULL, NULL, '2022-03-25 01:13:56', '2022-03-25 01:13:56'),
	(36, 14, 'Kertzmann, Simonis and Parker', 'quae-sunt-nam-dolorem-cupiditate', 'Quos est sunt officiis inventore enim. Atque sit libero ea unde quos.', 1, NULL, 100, NULL, NULL, NULL, '2022-03-25 01:13:56', '2022-03-25 01:13:56'),
	(37, 15, 'Marquardt-Lowe', 'tenetur-aut-laborum-laudantium-impedit-sit', 'Et nihil explicabo eius dignissimos et nulla. Libero laudantium et qui iusto.', 1, NULL, 100, NULL, NULL, NULL, '2022-03-25 01:13:56', '2022-03-25 01:13:56'),
	(38, 6, 'Corkery Inc', 'architecto-molestiae-omnis-placeat-id-itaque-doloribus-eaque', 'Voluptas similique animi voluptatem eaque atque dolorem doloribus.', 1, NULL, 100, NULL, NULL, NULL, '2022-03-25 01:13:56', '2022-03-25 01:13:56'),
	(39, 11, 'Jenkins, Wilderman and Boyer', 'ea-corporis-sed-rerum-animi-qui-eligendi-optio-deserunt', 'Hic praesentium animi vitae ea delectus quia.', 1, NULL, 100, NULL, NULL, NULL, '2022-03-25 01:13:57', '2022-03-25 01:13:57'),
	(40, 16, 'Wolf, Hartmann and Goldner', 'minima-natus-quo-ipsum-necessitatibus-tempore-eum-dolore', 'Repudiandae fugiat id quaerat enim laudantium.', 1, NULL, 100, NULL, NULL, NULL, '2022-03-25 01:13:57', '2022-03-25 01:13:57');
/*!40000 ALTER TABLE `categories` ENABLE KEYS */;

-- Dumping structure for table zcart2511.category_groups
CREATE TABLE IF NOT EXISTS `category_groups` (
  `id` int(10) unsigned NOT NULL AUTO_INCREMENT,
  `name` varchar(200) COLLATE utf8_unicode_ci NOT NULL,
  `slug` varchar(200) COLLATE utf8_unicode_ci NOT NULL,
  `description` text COLLATE utf8_unicode_ci,
  `icon` varchar(100) COLLATE utf8_unicode_ci DEFAULT 'cube',
  `active` tinyint(1) NOT NULL DEFAULT '1',
  `order` int(11) DEFAULT '100',
  `meta_title` text COLLATE utf8_unicode_ci,
  `meta_description` longtext COLLATE utf8_unicode_ci,
  `deleted_at` timestamp NULL DEFAULT NULL,
  `created_at` timestamp NULL DEFAULT NULL,
  `updated_at` timestamp NULL DEFAULT NULL,
  PRIMARY KEY (`id`),
  UNIQUE KEY `category_groups_slug_unique` (`slug`)
) ENGINE=InnoDB AUTO_INCREMENT=10 DEFAULT CHARSET=utf8 COLLATE=utf8_unicode_ci;

-- Dumping data for table zcart2511.category_groups: ~9 rows (approximately)
/*!40000 ALTER TABLE `category_groups` DISABLE KEYS */;
INSERT INTO `category_groups` (`id`, `name`, `slug`, `description`, `icon`, `active`, `order`, `meta_title`, `meta_description`, `deleted_at`, `created_at`, `updated_at`) VALUES
	(1, 'Home & Garden', 'home-garden', 'Cookware, Dining, Bath, Home Decor and more', 'fa-shower', 1, 100, NULL, NULL, NULL, '2022-03-25 01:13:53', '2022-03-25 01:13:53'),
	(2, 'Electronics', 'electronics', 'Mobile, Computer, Tablet, Camera etc', 'fa-plug', 1, 100, NULL, NULL, NULL, '2022-03-25 01:13:53', '2022-03-25 01:13:53'),
	(3, 'Kids and Toy', 'kids-toy', 'Toys, Footwear etc', 'fa-gamepad', 1, 100, NULL, NULL, NULL, '2022-03-25 01:13:53', '2022-03-25 01:13:53'),
	(4, 'Clothing and Shoes', 'clothing-shoes', 'Shoes, Clothing, Life style items', 'fa-tshirt', 1, 100, NULL, NULL, NULL, '2022-03-25 01:13:53', '2022-03-25 01:13:53'),
	(5, 'Beauty and Health', 'beauty-health', 'Cosmetics, Foods and more.', 'fa-hot-tub', 1, 100, NULL, NULL, NULL, '2022-03-25 01:13:53', '2022-03-25 01:13:53'),
	(6, 'Sports', 'sports', 'Cycle, Tennis, Boxing, Cricket and more.', 'fa-skiing', 1, 100, NULL, NULL, NULL, '2022-03-25 01:13:53', '2022-03-25 01:13:53'),
	(7, 'Jewelry', 'jewelry', 'Necklances, Rings, Pendants and more.', 'fa-gem', 1, 100, NULL, NULL, NULL, '2022-03-25 01:13:53', '2022-03-25 01:13:53'),
	(8, 'Pets', 'pets', 'Pet foods and supplies.', 'fa-dog', 1, 100, NULL, NULL, NULL, '2022-03-25 01:13:53', '2022-03-25 01:13:53'),
	(9, 'Hobbies & DIY', 'hobbies-diy', 'Craft Sewing, Supplies and more.', 'fa-paint-brush', 1, 100, NULL, NULL, NULL, '2022-03-25 01:13:53', '2022-03-25 01:13:53');
/*!40000 ALTER TABLE `category_groups` ENABLE KEYS */;

-- Dumping structure for table zcart2511.category_product
CREATE TABLE IF NOT EXISTS `category_product` (
  `category_id` int(10) unsigned NOT NULL,
  `product_id` bigint(20) unsigned NOT NULL,
  `created_at` timestamp NULL DEFAULT NULL,
  `updated_at` timestamp NULL DEFAULT NULL,
  KEY `category_product_category_id_index` (`category_id`),
  KEY `category_product_product_id_index` (`product_id`),
  CONSTRAINT `category_product_category_id_foreign` FOREIGN KEY (`category_id`) REFERENCES `categories` (`id`) ON DELETE CASCADE,
  CONSTRAINT `category_product_product_id_foreign` FOREIGN KEY (`product_id`) REFERENCES `products` (`id`) ON DELETE CASCADE
) ENGINE=InnoDB DEFAULT CHARSET=utf8 COLLATE=utf8_unicode_ci;

-- Dumping data for table zcart2511.category_product: ~237 rows (approximately)
/*!40000 ALTER TABLE `category_product` DISABLE KEYS */;
INSERT INTO `category_product` (`category_id`, `product_id`, `created_at`, `updated_at`) VALUES
	(30, 51, '2022-03-25 01:13:30', '2022-03-25 01:13:30'),
	(2, 51, '2022-03-25 01:13:30', '2022-03-25 01:13:30'),
	(14, 51, '2022-03-25 01:13:30', '2022-03-25 01:13:30'),
	(37, 51, '2022-03-25 01:13:30', '2022-03-25 01:13:30'),
	(36, 1, '2022-03-25 01:13:30', '2022-03-25 01:13:30'),
	(31, 1, '2022-03-25 01:13:30', '2022-03-25 01:13:30'),
	(4, 1, '2022-03-25 01:13:30', '2022-03-25 01:13:30'),
	(14, 1, '2022-03-25 01:13:30', '2022-03-25 01:13:30'),
	(33, 1, '2022-03-25 01:13:30', '2022-03-25 01:13:30'),
	(38, 29, '2022-03-25 01:13:30', '2022-03-25 01:13:30'),
	(16, 29, '2022-03-25 01:13:30', '2022-03-25 01:13:30'),
	(4, 29, '2022-03-25 01:13:30', '2022-03-25 01:13:30'),
	(21, 29, '2022-03-25 01:13:30', '2022-03-25 01:13:30'),
	(27, 10, '2022-03-25 01:13:30', '2022-03-25 01:13:30'),
	(28, 10, '2022-03-25 01:13:30', '2022-03-25 01:13:30'),
	(28, 10, '2022-03-25 01:13:30', '2022-03-25 01:13:30'),
	(33, 10, '2022-03-25 01:13:30', '2022-03-25 01:13:30'),
	(30, 33, '2022-03-25 01:13:30', '2022-03-25 01:13:30'),
	(20, 33, '2022-03-25 01:13:30', '2022-03-25 01:13:30'),
	(5, 33, '2022-03-25 01:13:30', '2022-03-25 01:13:30'),
	(11, 33, '2022-03-25 01:13:30', '2022-03-25 01:13:30'),
	(37, 33, '2022-03-25 01:13:30', '2022-03-25 01:13:30'),
	(10, 36, '2022-03-25 01:13:30', '2022-03-25 01:13:30'),
	(10, 36, '2022-03-25 01:13:30', '2022-03-25 01:13:30'),
	(16, 36, '2022-03-25 01:13:30', '2022-03-25 01:13:30'),
	(6, 43, '2022-03-25 01:13:30', '2022-03-25 01:13:30'),
	(16, 43, '2022-03-25 01:13:30', '2022-03-25 01:13:30'),
	(29, 43, '2022-03-25 01:13:30', '2022-03-25 01:13:30'),
	(21, 43, '2022-03-25 01:13:30', '2022-03-25 01:13:30'),
	(3, 21, '2022-03-25 01:13:30', '2022-03-25 01:13:30'),
	(17, 21, '2022-03-25 01:13:30', '2022-03-25 01:13:30'),
	(12, 21, '2022-03-25 01:13:30', '2022-03-25 01:13:30'),
	(36, 11, '2022-03-25 01:13:30', '2022-03-25 01:13:30'),
	(15, 11, '2022-03-25 01:13:30', '2022-03-25 01:13:30'),
	(33, 11, '2022-03-25 01:13:30', '2022-03-25 01:13:30'),
	(6, 11, '2022-03-25 01:13:30', '2022-03-25 01:13:30'),
	(19, 17, '2022-03-25 01:13:30', '2022-03-25 01:13:30'),
	(7, 17, '2022-03-25 01:13:30', '2022-03-25 01:13:30'),
	(22, 17, '2022-03-25 01:13:30', '2022-03-25 01:13:30'),
	(36, 40, '2022-03-25 01:13:30', '2022-03-25 01:13:30'),
	(36, 40, '2022-03-25 01:13:30', '2022-03-25 01:13:30'),
	(27, 40, '2022-03-25 01:13:30', '2022-03-25 01:13:30'),
	(7, 40, '2022-03-25 01:13:30', '2022-03-25 01:13:30'),
	(38, 13, '2022-03-25 01:13:30', '2022-03-25 01:13:30'),
	(31, 13, '2022-03-25 01:13:30', '2022-03-25 01:13:30'),
	(19, 13, '2022-03-25 01:13:30', '2022-03-25 01:13:30'),
	(13, 13, '2022-03-25 01:13:30', '2022-03-25 01:13:30'),
	(36, 47, '2022-03-25 01:13:30', '2022-03-25 01:13:30'),
	(15, 47, '2022-03-25 01:13:30', '2022-03-25 01:13:30'),
	(23, 47, '2022-03-25 01:13:30', '2022-03-25 01:13:30'),
	(14, 47, '2022-03-25 01:13:30', '2022-03-25 01:13:30'),
	(31, 47, '2022-03-25 01:13:30', '2022-03-25 01:13:30'),
	(32, 5, '2022-03-25 01:13:30', '2022-03-25 01:13:30'),
	(15, 5, '2022-03-25 01:13:30', '2022-03-25 01:13:30'),
	(11, 5, '2022-03-25 01:13:30', '2022-03-25 01:13:30'),
	(38, 5, '2022-03-25 01:13:30', '2022-03-25 01:13:30'),
	(22, 5, '2022-03-25 01:13:30', '2022-03-25 01:13:30'),
	(22, 16, '2022-03-25 01:13:30', '2022-03-25 01:13:30'),
	(29, 16, '2022-03-25 01:13:30', '2022-03-25 01:13:30'),
	(15, 16, '2022-03-25 01:13:30', '2022-03-25 01:13:30'),
	(35, 16, '2022-03-25 01:13:30', '2022-03-25 01:13:30'),
	(25, 12, '2022-03-25 01:13:30', '2022-03-25 01:13:30'),
	(17, 12, '2022-03-25 01:13:30', '2022-03-25 01:13:30'),
	(4, 12, '2022-03-25 01:13:30', '2022-03-25 01:13:30'),
	(6, 46, '2022-03-25 01:13:30', '2022-03-25 01:13:30'),
	(15, 46, '2022-03-25 01:13:30', '2022-03-25 01:13:30'),
	(39, 46, '2022-03-25 01:13:30', '2022-03-25 01:13:30'),
	(13, 46, '2022-03-25 01:13:30', '2022-03-25 01:13:30'),
	(7, 41, '2022-03-25 01:13:30', '2022-03-25 01:13:30'),
	(34, 41, '2022-03-25 01:13:30', '2022-03-25 01:13:30'),
	(22, 41, '2022-03-25 01:13:30', '2022-03-25 01:13:30'),
	(19, 7, '2022-03-25 01:13:30', '2022-03-25 01:13:30'),
	(1, 7, '2022-03-25 01:13:30', '2022-03-25 01:13:30'),
	(35, 7, '2022-03-25 01:13:30', '2022-03-25 01:13:30'),
	(30, 19, '2022-03-25 01:13:30', '2022-03-25 01:13:30'),
	(24, 19, '2022-03-25 01:13:30', '2022-03-25 01:13:30'),
	(4, 19, '2022-03-25 01:13:30', '2022-03-25 01:13:30'),
	(20, 19, '2022-03-25 01:13:30', '2022-03-25 01:13:30'),
	(7, 9, '2022-03-25 01:13:30', '2022-03-25 01:13:30'),
	(29, 9, '2022-03-25 01:13:30', '2022-03-25 01:13:30'),
	(25, 9, '2022-03-25 01:13:30', '2022-03-25 01:13:30'),
	(30, 9, '2022-03-25 01:13:30', '2022-03-25 01:13:30'),
	(6, 9, '2022-03-25 01:13:30', '2022-03-25 01:13:30'),
	(13, 24, '2022-03-25 01:13:30', '2022-03-25 01:13:30'),
	(2, 24, '2022-03-25 01:13:30', '2022-03-25 01:13:30'),
	(33, 24, '2022-03-25 01:13:30', '2022-03-25 01:13:30'),
	(28, 24, '2022-03-25 01:13:30', '2022-03-25 01:13:30'),
	(11, 24, '2022-03-25 01:13:30', '2022-03-25 01:13:30'),
	(25, 20, '2022-03-25 01:13:30', '2022-03-25 01:13:30'),
	(16, 20, '2022-03-25 01:13:30', '2022-03-25 01:13:30'),
	(39, 20, '2022-03-25 01:13:30', '2022-03-25 01:13:30'),
	(32, 20, '2022-03-25 01:13:30', '2022-03-25 01:13:30'),
	(35, 2, '2022-03-25 01:13:30', '2022-03-25 01:13:30'),
	(35, 2, '2022-03-25 01:13:30', '2022-03-25 01:13:30'),
	(17, 2, '2022-03-25 01:13:30', '2022-03-25 01:13:30'),
	(21, 4, '2022-03-25 01:13:30', '2022-03-25 01:13:30'),
	(7, 4, '2022-03-25 01:13:30', '2022-03-25 01:13:30'),
	(29, 4, '2022-03-25 01:13:30', '2022-03-25 01:13:30'),
	(8, 4, '2022-03-25 01:13:30', '2022-03-25 01:13:30'),
	(9, 30, '2022-03-25 01:13:30', '2022-03-25 01:13:30'),
	(8, 30, '2022-03-25 01:13:30', '2022-03-25 01:13:30'),
	(6, 30, '2022-03-25 01:13:30', '2022-03-25 01:13:30'),
	(4, 30, '2022-03-25 01:13:30', '2022-03-25 01:13:30'),
	(25, 28, '2022-03-25 01:13:30', '2022-03-25 01:13:30'),
	(29, 28, '2022-03-25 01:13:30', '2022-03-25 01:13:30'),
	(20, 28, '2022-03-25 01:13:30', '2022-03-25 01:13:30'),
	(39, 28, '2022-03-25 01:13:30', '2022-03-25 01:13:30'),
	(1, 34, '2022-03-25 01:13:30', '2022-03-25 01:13:30'),
	(5, 34, '2022-03-25 01:13:30', '2022-03-25 01:13:30'),
	(28, 34, '2022-03-25 01:13:30', '2022-03-25 01:13:30'),
	(21, 34, '2022-03-25 01:13:30', '2022-03-25 01:13:30'),
	(17, 38, '2022-03-25 01:13:30', '2022-03-25 01:13:30'),
	(29, 38, '2022-03-25 01:13:30', '2022-03-25 01:13:30'),
	(17, 38, '2022-03-25 01:13:30', '2022-03-25 01:13:30'),
	(22, 38, '2022-03-25 01:13:30', '2022-03-25 01:13:30'),
	(18, 18, '2022-03-25 01:13:30', '2022-03-25 01:13:30'),
	(5, 18, '2022-03-25 01:13:30', '2022-03-25 01:13:30'),
	(9, 18, '2022-03-25 01:13:30', '2022-03-25 01:13:30'),
	(34, 18, '2022-03-25 01:13:30', '2022-03-25 01:13:30'),
	(5, 25, '2022-03-25 01:13:30', '2022-03-25 01:13:30'),
	(32, 25, '2022-03-25 01:13:30', '2022-03-25 01:13:30'),
	(21, 25, '2022-03-25 01:13:30', '2022-03-25 01:13:30'),
	(11, 25, '2022-03-25 01:13:30', '2022-03-25 01:13:30'),
	(39, 25, '2022-03-25 01:13:30', '2022-03-25 01:13:30'),
	(31, 26, '2022-03-25 01:13:30', '2022-03-25 01:13:30'),
	(27, 26, '2022-03-25 01:13:30', '2022-03-25 01:13:30'),
	(22, 26, '2022-03-25 01:13:30', '2022-03-25 01:13:30'),
	(4, 35, '2022-03-25 01:13:30', '2022-03-25 01:13:30'),
	(7, 35, '2022-03-25 01:13:30', '2022-03-25 01:13:30'),
	(4, 35, '2022-03-25 01:13:30', '2022-03-25 01:13:30'),
	(21, 35, '2022-03-25 01:13:30', '2022-03-25 01:13:30'),
	(2, 35, '2022-03-25 01:13:30', '2022-03-25 01:13:30'),
	(7, 31, '2022-03-25 01:13:30', '2022-03-25 01:13:30'),
	(22, 31, '2022-03-25 01:13:30', '2022-03-25 01:13:30'),
	(35, 31, '2022-03-25 01:13:30', '2022-03-25 01:13:30'),
	(18, 31, '2022-03-25 01:13:30', '2022-03-25 01:13:30'),
	(36, 31, '2022-03-25 01:13:30', '2022-03-25 01:13:30'),
	(7, 22, '2022-03-25 01:13:30', '2022-03-25 01:13:30'),
	(20, 22, '2022-03-25 01:13:30', '2022-03-25 01:13:30'),
	(39, 22, '2022-03-25 01:13:30', '2022-03-25 01:13:30'),
	(35, 22, '2022-03-25 01:13:30', '2022-03-25 01:13:30'),
	(13, 15, '2022-03-25 01:13:30', '2022-03-25 01:13:30'),
	(13, 15, '2022-03-25 01:13:30', '2022-03-25 01:13:30'),
	(13, 15, '2022-03-25 01:13:30', '2022-03-25 01:13:30'),
	(14, 50, '2022-03-25 01:13:30', '2022-03-25 01:13:30'),
	(1, 50, '2022-03-25 01:13:30', '2022-03-25 01:13:30'),
	(30, 50, '2022-03-25 01:13:30', '2022-03-25 01:13:30'),
	(30, 50, '2022-03-25 01:13:30', '2022-03-25 01:13:30'),
	(3, 14, '2022-03-25 01:13:30', '2022-03-25 01:13:30'),
	(5, 14, '2022-03-25 01:13:30', '2022-03-25 01:13:30'),
	(16, 14, '2022-03-25 01:13:30', '2022-03-25 01:13:30'),
	(33, 14, '2022-03-25 01:13:30', '2022-03-25 01:13:30'),
	(25, 14, '2022-03-25 01:13:30', '2022-03-25 01:13:30'),
	(37, 6, '2022-03-25 01:13:30', '2022-03-25 01:13:30'),
	(16, 6, '2022-03-25 01:13:30', '2022-03-25 01:13:30'),
	(16, 6, '2022-03-25 01:13:30', '2022-03-25 01:13:30'),
	(6, 6, '2022-03-25 01:13:30', '2022-03-25 01:13:30'),
	(24, 23, '2022-03-25 01:13:30', '2022-03-25 01:13:30'),
	(15, 23, '2022-03-25 01:13:30', '2022-03-25 01:13:30'),
	(34, 23, '2022-03-25 01:13:30', '2022-03-25 01:13:30'),
	(27, 23, '2022-03-25 01:13:30', '2022-03-25 01:13:30'),
	(14, 23, '2022-03-25 01:13:30', '2022-03-25 01:13:30'),
	(39, 45, '2022-03-25 01:13:30', '2022-03-25 01:13:30'),
	(10, 45, '2022-03-25 01:13:30', '2022-03-25 01:13:30'),
	(16, 45, '2022-03-25 01:13:30', '2022-03-25 01:13:30'),
	(19, 45, '2022-03-25 01:13:30', '2022-03-25 01:13:30'),
	(38, 48, '2022-03-25 01:13:30', '2022-03-25 01:13:30'),
	(4, 48, '2022-03-25 01:13:30', '2022-03-25 01:13:30'),
	(4, 48, '2022-03-25 01:13:30', '2022-03-25 01:13:30'),
	(21, 48, '2022-03-25 01:13:30', '2022-03-25 01:13:30'),
	(28, 27, '2022-03-25 01:13:30', '2022-03-25 01:13:30'),
	(9, 27, '2022-03-25 01:13:30', '2022-03-25 01:13:30'),
	(23, 27, '2022-03-25 01:13:30', '2022-03-25 01:13:30'),
	(5, 39, '2022-03-25 01:13:30', '2022-03-25 01:13:30'),
	(8, 39, '2022-03-25 01:13:30', '2022-03-25 01:13:30'),
	(33, 39, '2022-03-25 01:13:30', '2022-03-25 01:13:30'),
	(10, 39, '2022-03-25 01:13:30', '2022-03-25 01:13:30'),
	(20, 8, '2022-03-25 01:13:30', '2022-03-25 01:13:30'),
	(34, 8, '2022-03-25 01:13:30', '2022-03-25 01:13:30'),
	(15, 8, '2022-03-25 01:13:30', '2022-03-25 01:13:30'),
	(3, 32, '2022-03-25 01:13:30', '2022-03-25 01:13:30'),
	(40, 32, '2022-03-25 01:13:30', '2022-03-25 01:13:30'),
	(2, 32, '2022-03-25 01:13:30', '2022-03-25 01:13:30'),
	(4, 32, '2022-03-25 01:13:30', '2022-03-25 01:13:30'),
	(5, 32, '2022-03-25 01:13:30', '2022-03-25 01:13:30'),
	(13, 37, '2022-03-25 01:13:30', '2022-03-25 01:13:30'),
	(23, 37, '2022-03-25 01:13:30', '2022-03-25 01:13:30'),
	(14, 37, '2022-03-25 01:13:30', '2022-03-25 01:13:30'),
	(1, 37, '2022-03-25 01:13:30', '2022-03-25 01:13:30'),
	(23, 3, '2022-03-25 01:13:30', '2022-03-25 01:13:30'),
	(22, 3, '2022-03-25 01:13:30', '2022-03-25 01:13:30'),
	(38, 3, '2022-03-25 01:13:30', '2022-03-25 01:13:30'),
	(36, 3, '2022-03-25 01:13:30', '2022-03-25 01:13:30'),
	(16, 3, '2022-03-25 01:13:30', '2022-03-25 01:13:30'),
	(4, 42, '2022-03-25 01:13:30', '2022-03-25 01:13:30'),
	(8, 42, '2022-03-25 01:13:30', '2022-03-25 01:13:30'),
	(28, 42, '2022-03-25 01:13:30', '2022-03-25 01:13:30'),
	(20, 44, '2022-03-25 01:13:30', '2022-03-25 01:13:30'),
	(28, 44, '2022-03-25 01:13:30', '2022-03-25 01:13:30'),
	(29, 44, '2022-03-25 01:13:30', '2022-03-25 01:13:30'),
	(27, 44, '2022-03-25 01:13:30', '2022-03-25 01:13:30'),
	(38, 44, '2022-03-25 01:13:30', '2022-03-25 01:13:30'),
	(40, 49, '2022-03-25 01:13:30', '2022-03-25 01:13:30'),
	(34, 49, '2022-03-25 01:13:30', '2022-03-25 01:13:30'),
	(38, 49, '2022-03-25 01:13:30', '2022-03-25 01:13:30'),
	(1, 36, '2022-03-25 01:15:56', '2022-03-25 01:15:56'),
	(1, 40, '2022-03-25 01:15:56', '2022-03-25 01:15:56'),
	(1, 51, '2022-03-25 01:15:56', '2022-03-25 01:15:56'),
	(1, 15, '2022-03-25 01:15:56', '2022-03-25 01:15:56'),
	(1, 11, '2022-03-25 01:15:56', '2022-03-25 01:15:56'),
	(1, 9, '2022-03-25 01:15:56', '2022-03-25 01:15:56'),
	(1, 4, '2022-03-25 01:15:56', '2022-03-25 01:15:56'),
	(1, 4, '2022-03-25 01:15:56', '2022-03-25 01:15:56'),
	(1, 45, '2022-03-25 01:15:56', '2022-03-25 01:15:56'),
	(1, 30, '2022-03-25 01:15:56', '2022-03-25 01:15:56'),
	(35, 25, '2022-03-25 01:15:56', '2022-03-25 01:15:56'),
	(35, 31, '2022-03-25 01:15:56', '2022-03-25 01:15:56'),
	(35, 9, '2022-03-25 01:15:56', '2022-03-25 01:15:56'),
	(35, 16, '2022-03-25 01:15:56', '2022-03-25 01:15:56'),
	(35, 12, '2022-03-25 01:15:56', '2022-03-25 01:15:56'),
	(35, 34, '2022-03-25 01:15:56', '2022-03-25 01:15:56'),
	(35, 12, '2022-03-25 01:15:56', '2022-03-25 01:15:56'),
	(35, 42, '2022-03-25 01:15:56', '2022-03-25 01:15:56'),
	(35, 47, '2022-03-25 01:15:56', '2022-03-25 01:15:56'),
	(35, 36, '2022-03-25 01:15:56', '2022-03-25 01:15:56'),
	(25, 45, '2022-03-25 01:15:56', '2022-03-25 01:15:56'),
	(25, 8, '2022-03-25 01:15:56', '2022-03-25 01:15:56'),
	(25, 45, '2022-03-25 01:15:56', '2022-03-25 01:15:56'),
	(25, 23, '2022-03-25 01:15:56', '2022-03-25 01:15:56'),
	(25, 10, '2022-03-25 01:15:56', '2022-03-25 01:15:56'),
	(25, 50, '2022-03-25 01:15:56', '2022-03-25 01:15:56'),
	(25, 19, '2022-03-25 01:15:56', '2022-03-25 01:15:56'),
	(25, 3, '2022-03-25 01:15:56', '2022-03-25 01:15:56'),
	(25, 37, '2022-03-25 01:15:56', '2022-03-25 01:15:56'),
	(25, 33, '2022-03-25 01:15:56', '2022-03-25 01:15:56'),
	(25, 43, '2022-03-25 01:15:56', '2022-03-25 01:15:56'),
	(25, 19, '2022-03-25 01:15:56', '2022-03-25 01:15:56');
/*!40000 ALTER TABLE `category_product` ENABLE KEYS */;

-- Dumping structure for table zcart2511.category_sub_groups
CREATE TABLE IF NOT EXISTS `category_sub_groups` (
  `id` int(10) unsigned NOT NULL AUTO_INCREMENT,
  `category_group_id` int(10) unsigned NOT NULL,
  `name` varchar(200) COLLATE utf8_unicode_ci NOT NULL,
  `slug` varchar(200) COLLATE utf8_unicode_ci NOT NULL,
  `description` text COLLATE utf8_unicode_ci,
  `active` tinyint(1) NOT NULL DEFAULT '1',
  `order` int(11) DEFAULT '100',
  `meta_title` text COLLATE utf8_unicode_ci,
  `meta_description` longtext COLLATE utf8_unicode_ci,
  `deleted_at` timestamp NULL DEFAULT NULL,
  `created_at` timestamp NULL DEFAULT NULL,
  `updated_at` timestamp NULL DEFAULT NULL,
  PRIMARY KEY (`id`),
  UNIQUE KEY `category_sub_groups_slug_unique` (`slug`),
  KEY `category_sub_groups_category_group_id_foreign` (`category_group_id`),
  CONSTRAINT `category_sub_groups_category_group_id_foreign` FOREIGN KEY (`category_group_id`) REFERENCES `category_groups` (`id`) ON DELETE CASCADE
) ENGINE=InnoDB AUTO_INCREMENT=26 DEFAULT CHARSET=utf8 COLLATE=utf8_unicode_ci;

-- Dumping data for table zcart2511.category_sub_groups: ~25 rows (approximately)
/*!40000 ALTER TABLE `category_sub_groups` DISABLE KEYS */;
INSERT INTO `category_sub_groups` (`id`, `category_group_id`, `name`, `slug`, `description`, `active`, `order`, `meta_title`, `meta_description`, `deleted_at`, `created_at`, `updated_at`) VALUES
	(1, 1, 'Mobile & Accessories', 'mobile-accessories', 'Cell Phones and Accessories', 1, 100, NULL, NULL, NULL, '2022-03-25 01:13:54', '2022-03-25 01:13:54'),
	(2, 1, 'Computer & Accessories', 'computer-accessories', 'Tablet, Laptop, Desktop and Accessories', 1, 100, NULL, NULL, NULL, '2022-03-25 01:13:54', '2022-03-25 01:13:54'),
	(3, 1, 'Home Entertainment', 'home-entertainment', 'TVs, Home Theaters etc', 1, 100, NULL, NULL, NULL, '2022-03-25 01:13:54', '2022-03-25 01:13:54'),
	(4, 1, 'Photo & Video', 'photo-video', 'PnS, DSLR, Video Camera and Accessories', 1, 100, NULL, NULL, NULL, '2022-03-25 01:13:54', '2022-03-25 01:13:54'),
	(5, 2, 'Indoor', 'indoor', 'Puzzle, Keram etc', 1, 100, NULL, NULL, NULL, '2022-03-25 01:13:54', '2022-03-25 01:13:54'),
	(6, 2, 'Outdoor', 'outdoor', 'Cycle, Dron etc', 1, 100, NULL, NULL, NULL, '2022-03-25 01:13:54', '2022-03-25 01:13:54'),
	(7, 3, 'Men\'s Fashion', 'mens-fashion', 'Lots of fashion products.', 1, 100, NULL, NULL, NULL, '2022-03-25 01:13:54', '2022-03-25 01:13:54'),
	(8, 3, 'Women\'s Fashion', 'womens-fashion', 'Lots of fashion products.', 1, 100, NULL, NULL, NULL, '2022-03-25 01:13:54', '2022-03-25 01:13:54'),
	(9, 4, 'Kitchen', 'kitchen', 'Kitchen and cooking products.', 1, 100, NULL, NULL, NULL, '2022-03-25 01:13:54', '2022-03-25 01:13:54'),
	(10, 4, 'Garden', 'garden', 'Gardening related products.', 1, 100, NULL, NULL, NULL, '2022-03-25 01:13:54', '2022-03-25 01:13:54'),
	(11, 8, 'Lowe, Tromp and Beier', 'illum-voluptatum-est-et-quia-aut', 'Molestiae natus rem consequatur hic nihil. Error qui nesciunt omnis molestiae aut quod reiciendis. Ad praesentium aut delectus dolorum sed dolorum perspiciatis. Ut commodi debitis vel quis. Expedita qui molestiae et est. Quia et dolores culpa modi quia quo. Praesentium necessitatibus eveniet magni cum veniam ad aut quos. Hic cumque et in. Sequi minima et sed enim saepe. Consectetur dolorem nisi eligendi impedit neque.', 1, 100, NULL, NULL, NULL, '2022-03-25 01:13:54', '2022-03-25 01:13:54'),
	(12, 9, 'Funk PLC', 'quia-ipsa-consequatur-minima-rem-et-suscipit', 'Possimus voluptas quasi eligendi ullam alias et. Ut laborum pariatur in dolore nihil. Et saepe eos iusto consectetur fuga. Doloremque numquam ducimus dicta non quia ullam id et. Temporibus quia ut velit. Tenetur molestiae animi esse molestiae et. Nulla qui voluptatem ad culpa accusantium tempora voluptas dolorum. Porro et atque neque vero natus quis. Delectus in voluptas facere distinctio voluptas repellat vel. Aliquam maxime accusamus nihil vel molestiae. Aut non dolorum rerum consectetur.', 1, 100, NULL, NULL, NULL, '2022-03-25 01:13:54', '2022-03-25 01:13:54'),
	(13, 4, 'Blick-Beer', 'magnam-aut-in-et-sunt-est-non-soluta', 'Adipisci quae cupiditate quibusdam recusandae sint est. Laudantium tempore voluptates aut ea deserunt. Reiciendis eum et sit ipsum. Ea eius enim totam eaque cupiditate qui velit. Possimus doloremque incidunt quae quia similique qui corrupti. Dolores dolorum voluptatibus temporibus voluptatibus est explicabo dolores. Velit voluptatum quia ab error. Vel voluptatem laborum quia quis. Illo magnam nihil minus alias quidem.', 1, 100, NULL, NULL, NULL, '2022-03-25 01:13:54', '2022-03-25 01:13:54'),
	(14, 4, 'Dickinson-Marvin', 'dolores-sed-labore-repudiandae-unde-qui-vero-ut', 'Culpa aut labore ut dolorem praesentium et non. Mollitia facilis dolore sequi sunt autem qui. Fugit inventore quod sapiente enim consequatur aut id. Non sed dolor temporibus officia aspernatur sint est. Sint id ea dolorum minima. Numquam laboriosam sit numquam qui sed dolores ullam. Fuga aut ea consectetur autem consequatur vero nam. Magnam pariatur molestias assumenda dicta tempore.', 1, 100, NULL, NULL, NULL, '2022-03-25 01:13:54', '2022-03-25 01:13:54'),
	(15, 3, 'Gerlach-Davis', 'velit-vero-ea-optio-est-delectus-illum', 'Quibusdam nihil earum impedit quo et et nostrum repellat. Quasi soluta et tenetur id quibusdam similique. Deserunt quia sed labore sapiente. Voluptatum excepturi id et dolore voluptate delectus vel. Doloribus dolorum iste dolor. Consectetur ut quibusdam ad sunt. Sed quo fugit ea molestiae quia doloribus reiciendis. Possimus nulla aut quia. Tempora accusamus est occaecati quis eligendi quia. Laborum quaerat ut qui neque corrupti.', 1, 100, NULL, NULL, NULL, '2022-03-25 01:13:54', '2022-03-25 01:13:54'),
	(16, 3, 'Cormier-Bailey', 'eius-rem-placeat-ipsam', 'Aut autem sit praesentium neque dolorem dolor vero. Aspernatur recusandae sit rem labore vero. Illo error autem omnis necessitatibus vero minima cupiditate. Iste dicta autem beatae aliquid. Excepturi aut aut placeat et rerum quisquam. Nostrum ex qui cumque fugiat alias. Aliquid sunt nam voluptatem quibusdam. Accusantium possimus tenetur magni odit. Nemo maiores aut qui voluptatem. Consequatur iusto et et aperiam tenetur. Voluptatem dolore quod ullam quo nemo est in.', 1, 100, NULL, NULL, NULL, '2022-03-25 01:13:55', '2022-03-25 01:13:55'),
	(17, 1, 'Grimes, Oberbrunner and Bernhard', 'consequatur-omnis-est-et-harum-quaerat-autem-quaerat', 'Dolorum eius repellendus quis maiores adipisci. Porro rerum corporis non reprehenderit atque. Dolores excepturi at totam dolorem autem vel velit. Praesentium sint voluptatem numquam quisquam quo neque ab. Ut accusamus nihil nam adipisci iusto quo. Voluptatum aut ipsa officia sit eius. Aut sapiente dolore iste est nisi corporis amet deleniti. Nobis ut expedita aperiam sit.', 1, 100, NULL, NULL, NULL, '2022-03-25 01:13:55', '2022-03-25 01:13:55'),
	(18, 3, 'Ward-Hoppe', 'et-ratione-occaecati-quo-qui-earum-voluptatem', 'Repellat rerum numquam voluptatem. Eius explicabo doloremque sed debitis laboriosam. Non fugit doloribus aut voluptas. Fugiat ut sit in beatae ex atque sapiente pariatur. Necessitatibus ea numquam repellat. Enim est vel eveniet et consequatur tenetur est. Vero molestias et porro dicta dignissimos et temporibus. Nemo voluptas saepe maiores quod sint qui. Qui incidunt laborum voluptates. Tempora assumenda dicta rerum repudiandae sed provident.', 1, 100, NULL, NULL, NULL, '2022-03-25 01:13:55', '2022-03-25 01:13:55'),
	(19, 8, 'Batz and Sons', 'ut-voluptas-voluptatem-corrupti-ad-neque', 'Ipsa quod qui non qui blanditiis sequi doloribus. Exercitationem qui consequatur aperiam. Assumenda in voluptas voluptatibus. Voluptate repudiandae sapiente accusamus porro et placeat. Atque rerum porro sed deserunt doloribus et. Tempore doloribus vel in. Perferendis dignissimos dicta molestias ut sint sint est quo. Vel sint incidunt et vel vel cupiditate. Velit sed laudantium qui. Iusto ut aut quis.', 1, 100, NULL, NULL, NULL, '2022-03-25 01:13:55', '2022-03-25 01:13:55'),
	(20, 5, 'Tremblay, Auer and Casper', 'sint-hic-blanditiis-velit-explicabo-velit-enim-et', 'In eveniet a adipisci. Et iste molestias ratione enim ducimus hic. Omnis iusto nobis ducimus minima et error aliquid. Magnam praesentium voluptatem iusto quibusdam enim accusamus id. Ipsam ut doloremque similique repellendus sit omnis. Ea aut voluptatem doloremque inventore ipsa. Itaque dolores velit sunt perspiciatis saepe ducimus. Molestiae rem ad illum tempore fugiat qui est.', 1, 100, NULL, NULL, NULL, '2022-03-25 01:13:55', '2022-03-25 01:13:55'),
	(21, 6, 'Lockman, Zemlak and Ziemann', 'debitis-velit-incidunt-vero-facere-debitis-maiores-id-quis', 'Dolor dolorum totam non accusantium. Nihil ratione voluptas consequuntur inventore pariatur. Voluptatem quo aperiam occaecati consequatur voluptas. Et ut occaecati autem dolorum. Vero rerum odio non dolore architecto. Error inventore at consequatur veniam facilis. Et aut est fugit et id distinctio. Et tempora iste hic cumque commodi. Deserunt necessitatibus illo totam corrupti ea omnis quas. Vitae corrupti nisi libero unde qui minima neque. Magnam facilis aliquam cumque eveniet.', 1, 100, NULL, NULL, NULL, '2022-03-25 01:13:55', '2022-03-25 01:13:55'),
	(22, 3, 'Hoppe-Pollich', 'deserunt-soluta-molestias-praesentium-dolores-quia', 'Doloremque aliquid eius esse quasi ad et. Ipsa et soluta ut rem cupiditate ut. Velit maxime est aut ipsam aspernatur. Quos iste earum ratione at. Ipsa dolorem sapiente quidem harum totam incidunt velit. Optio autem ab hic ipsum ipsam ratione temporibus excepturi. Et rerum iure cupiditate. Itaque aut voluptas debitis quas. Ipsum velit quos repellat et sed. Voluptate ipsa aspernatur eum sequi eveniet. Ratione voluptatum ut recusandae voluptate neque nam ut. Veniam quo enim qui.', 1, 100, NULL, NULL, NULL, '2022-03-25 01:13:55', '2022-03-25 01:13:55'),
	(23, 4, 'West-Towne', 'itaque-et-odit-nesciunt-commodi-quia-modi-consequatur', 'Et aspernatur est hic voluptas error ipsum et. Consequatur neque itaque inventore qui corrupti. Voluptatem fugiat neque et consequatur temporibus maxime. Officiis facere qui repellat. Esse consectetur excepturi commodi fuga. Aut eos qui pariatur aut aspernatur qui. Architecto impedit ut alias repudiandae quia porro optio. Ea distinctio esse doloribus architecto. Quam accusantium eaque omnis et voluptas. In sapiente eligendi modi soluta ut quidem quis. Nam qui sint illo sed facilis ex rem.', 1, 100, NULL, NULL, NULL, '2022-03-25 01:13:55', '2022-03-25 01:13:55'),
	(24, 3, 'Pagac Inc', 'a-officiis-aspernatur-iusto', 'Consequatur sapiente laudantium delectus. Facilis praesentium quod quia numquam. Modi adipisci ab ut qui sit voluptatem. Occaecati nulla est quis eos recusandae. Dolore tempora iste provident et eligendi repellendus nam voluptatibus. Provident quo a esse qui excepturi eaque. Eum in quis quidem perspiciatis dicta eius corrupti. Eveniet nulla aut quos cupiditate molestiae quo facilis. Quam impedit totam saepe exercitationem.', 1, 100, NULL, NULL, NULL, '2022-03-25 01:13:55', '2022-03-25 01:13:55'),
	(25, 6, 'Schinner, Hill and Lindgren', 'ab-ratione-facilis-commodi', 'Sapiente expedita aut necessitatibus et corporis dolorum. Laborum veritatis sint ipsam quia provident iste. Facere totam amet itaque et quae. Quo quisquam voluptatem dolorum voluptatem tempore excepturi non animi. Sint veritatis reiciendis est molestias et. Cumque ipsum repudiandae iusto. Expedita doloribus cupiditate exercitationem facere consequatur expedita architecto quaerat. Illum ab voluptas quod. Ipsum nemo nulla et ut aut ut quia.', 1, 100, NULL, NULL, NULL, '2022-03-25 01:13:55', '2022-03-25 01:13:55');
/*!40000 ALTER TABLE `category_sub_groups` ENABLE KEYS */;

-- Dumping structure for table zcart2511.chat_conversations
CREATE TABLE IF NOT EXISTS `chat_conversations` (
  `id` bigint(20) unsigned NOT NULL AUTO_INCREMENT,
  `shop_id` int(10) unsigned DEFAULT NULL,
  `customer_id` bigint(20) unsigned DEFAULT NULL,
  `message` text COLLATE utf8_unicode_ci,
  `status` int(11) NOT NULL DEFAULT '1',
  `private` tinyint(1) NOT NULL DEFAULT '1',
  `read` tinyint(1) DEFAULT NULL,
  `deleted_at` timestamp NULL DEFAULT NULL,
  `created_at` timestamp NULL DEFAULT NULL,
  `updated_at` timestamp NULL DEFAULT NULL,
  PRIMARY KEY (`id`),
  KEY `chat_conversations_shop_id_foreign` (`shop_id`),
  KEY `chat_conversations_customer_id_foreign` (`customer_id`),
  CONSTRAINT `chat_conversations_customer_id_foreign` FOREIGN KEY (`customer_id`) REFERENCES `customers` (`id`) ON DELETE SET NULL,
  CONSTRAINT `chat_conversations_shop_id_foreign` FOREIGN KEY (`shop_id`) REFERENCES `shops` (`id`) ON DELETE SET NULL
) ENGINE=InnoDB AUTO_INCREMENT=2 DEFAULT CHARSET=utf8 COLLATE=utf8_unicode_ci;

-- Dumping data for table zcart2511.chat_conversations: ~0 rows (approximately)
/*!40000 ALTER TABLE `chat_conversations` DISABLE KEYS */;
INSERT INTO `chat_conversations` (`id`, `shop_id`, `customer_id`, `message`, `status`, `private`, `read`, `deleted_at`, `created_at`, `updated_at`) VALUES
	(1, 4, 17, 'hello', 1, 1, NULL, NULL, '2022-03-25 01:54:58', '2022-03-25 01:54:58');
/*!40000 ALTER TABLE `chat_conversations` ENABLE KEYS */;

-- Dumping structure for table zcart2511.configs
CREATE TABLE IF NOT EXISTS `configs` (
  `shop_id` int(10) unsigned NOT NULL,
  `support_phone` varchar(255) COLLATE utf8_unicode_ci DEFAULT NULL,
  `support_phone_toll_free` varchar(255) COLLATE utf8_unicode_ci DEFAULT NULL,
  `support_email` varchar(255) COLLATE utf8_unicode_ci DEFAULT NULL,
  `support_agent` bigint(20) unsigned DEFAULT NULL,
  `default_sender_email_address` varchar(255) COLLATE utf8_unicode_ci DEFAULT NULL,
  `default_email_sender_name` varchar(255) COLLATE utf8_unicode_ci DEFAULT NULL,
  `return_refund` longtext COLLATE utf8_unicode_ci,
  `order_number_prefix` varchar(255) COLLATE utf8_unicode_ci DEFAULT '#',
  `order_number_suffix` varchar(255) COLLATE utf8_unicode_ci DEFAULT NULL,
  `default_tax_id` int(10) unsigned DEFAULT '1',
  `order_handling_cost` decimal(20,6) DEFAULT NULL,
  `auto_archive_order` tinyint(1) DEFAULT '0',
  `default_payment_method_id` int(10) unsigned DEFAULT NULL,
  `pagination` int(10) unsigned NOT NULL DEFAULT '10',
  `show_shop_desc_with_listing` tinyint(1) DEFAULT NULL,
  `show_refund_policy_with_listing` tinyint(1) DEFAULT '1',
  `alert_quantity` int(11) DEFAULT NULL,
  `digital_goods_only` tinyint(1) DEFAULT '0',
  `default_warehouse_id` int(10) unsigned DEFAULT NULL,
  `default_supplier_id` int(10) unsigned DEFAULT NULL,
  `default_packaging_ids` varchar(255) COLLATE utf8_unicode_ci DEFAULT NULL,
  `notify_new_message` tinyint(1) DEFAULT NULL,
  `notify_alert_quantity` tinyint(1) DEFAULT NULL,
  `notify_inventory_out` tinyint(1) DEFAULT NULL,
  `notify_new_order` tinyint(1) DEFAULT '1',
  `notify_abandoned_checkout` tinyint(1) DEFAULT NULL,
  `notify_new_disput` tinyint(1) DEFAULT '1',
  `enable_live_chat` tinyint(1) DEFAULT '1',
  `notify_new_chat` tinyint(1) DEFAULT '1',
  `maintenance_mode` tinyint(1) DEFAULT '1',
  `pending_verification` tinyint(1) DEFAULT NULL,
  `created_at` timestamp NULL DEFAULT NULL,
  `updated_at` timestamp NULL DEFAULT NULL,
  `active_ecommerce` tinyint(1) NOT NULL DEFAULT '1',
  `pay_online` tinyint(1) NOT NULL DEFAULT '1',
  `pay_in_person` tinyint(1) NOT NULL DEFAULT '0',
  PRIMARY KEY (`shop_id`),
  UNIQUE KEY `configs_shop_id_unique` (`shop_id`),
  CONSTRAINT `configs_shop_id_foreign` FOREIGN KEY (`shop_id`) REFERENCES `shops` (`id`) ON DELETE CASCADE
) ENGINE=InnoDB DEFAULT CHARSET=utf8 COLLATE=utf8_unicode_ci;

-- Dumping data for table zcart2511.configs: ~7 rows (approximately)
/*!40000 ALTER TABLE `configs` DISABLE KEYS */;
INSERT INTO `configs` (`shop_id`, `support_phone`, `support_phone_toll_free`, `support_email`, `support_agent`, `default_sender_email_address`, `default_email_sender_name`, `return_refund`, `order_number_prefix`, `order_number_suffix`, `default_tax_id`, `order_handling_cost`, `auto_archive_order`, `default_payment_method_id`, `pagination`, `show_shop_desc_with_listing`, `show_refund_policy_with_listing`, `alert_quantity`, `digital_goods_only`, `default_warehouse_id`, `default_supplier_id`, `default_packaging_ids`, `notify_new_message`, `notify_alert_quantity`, `notify_inventory_out`, `notify_new_order`, `notify_abandoned_checkout`, `notify_new_disput`, `enable_live_chat`, `notify_new_chat`, `maintenance_mode`, `pending_verification`, `created_at`, `updated_at`, `active_ecommerce`, `pay_online`, `pay_in_person`) VALUES
	(1, NULL, NULL, 'support.shop@demo.com', NULL, 'noreply.shop@demo.com', 'Support Agent', '<h3>Return & Refund Policy</h3> Thanks for shopping at My Shop.<br/> If you are not entirely satisfied with your purchase, we\'re here to help.<br/><br/><h3>Returns</h3>You have 30 (change this) calendar days to return an item from the date you received it.<br/>To be eligible for a return, your item must be unused and in the same condition that you received it.<br/>Your item must be in the original packaging.<br/>Your item needs to have the receipt or proof of purchase.<br/><br/>', '#', NULL, 1, 2.000000, 0, NULL, 10, NULL, 1, NULL, 0, NULL, NULL, 'a:3:{i:0;i:0;i:1;i:2;i:2;i:4;}', NULL, NULL, NULL, 1, NULL, 1, 1, 1, 0, NULL, '2022-03-25 01:13:38', '2022-03-25 01:13:38', 1, 1, 0),
	(2, NULL, NULL, 'support.shop@demo.com', NULL, 'noreply.shop@demo.com', 'Support Agent', '<h3>Return & Refund Policy</h3> Thanks for shopping at My Shop.<br/> If you are not entirely satisfied with your purchase, we\'re here to help.<br/><br/><h3>Returns</h3>You have 30 (change this) calendar days to return an item from the date you received it.<br/>To be eligible for a return, your item must be unused and in the same condition that you received it.<br/>Your item must be in the original packaging.<br/>Your item needs to have the receipt or proof of purchase.<br/><br/>', '#', NULL, 1, 2.000000, 0, NULL, 10, NULL, 1, NULL, 0, NULL, NULL, 'a:3:{i:0;i:1;i:1;i:4;i:2;i:5;}', NULL, NULL, NULL, 1, NULL, 1, 1, 1, 0, NULL, '2022-03-25 01:13:38', '2022-03-25 01:13:38', 1, 1, 0),
	(3, NULL, NULL, 'support.shop@demo.com', NULL, 'noreply.shop@demo.com', 'Support Agent', '<h3>Return & Refund Policy</h3> Thanks for shopping at My Shop.<br/> If you are not entirely satisfied with your purchase, we\'re here to help.<br/><br/><h3>Returns</h3>You have 30 (change this) calendar days to return an item from the date you received it.<br/>To be eligible for a return, your item must be unused and in the same condition that you received it.<br/>Your item must be in the original packaging.<br/>Your item needs to have the receipt or proof of purchase.<br/><br/>', '#', NULL, 1, 2.000000, 0, NULL, 10, NULL, 1, NULL, 0, NULL, NULL, 'a:3:{i:0;i:0;i:1;i:4;i:2;i:5;}', NULL, NULL, NULL, 1, NULL, 1, 1, 1, 0, NULL, '2022-03-25 01:13:38', '2022-03-25 01:13:38', 1, 1, 0),
	(4, NULL, NULL, 'support.shop@demo.com', 6, 'noreply.shop@demo.com', 'Support Agent', '<h3>Return & Refund Policy</h3> Thanks for shopping at My Shop.<br/> If you are not entirely satisfied with your purchase, we\'re here to help.<br/><br/><h3>Returns</h3>You have 30 (change this) calendar days to return an item from the date you received it.<br/>To be eligible for a return, your item must be unused and in the same condition that you received it.<br/>Your item must be in the original packaging.<br/>Your item needs to have the receipt or proof of purchase.<br/><br/>', '#', NULL, 1, 2.000000, 0, NULL, 10, NULL, 1, NULL, 0, NULL, NULL, 'a:3:{i:0;i:3;i:1;i:4;i:2;i:5;}', NULL, NULL, NULL, 1, NULL, 1, 1, 1, 0, NULL, '2022-03-25 01:13:38', '2022-03-25 01:58:11', 1, 1, 0),
	(5, NULL, NULL, 'support.shop@demo.com', NULL, 'noreply.shop@demo.com', 'Support Agent', '<h3>Return & Refund Policy</h3> Thanks for shopping at My Shop.<br/> If you are not entirely satisfied with your purchase, we\'re here to help.<br/><br/><h3>Returns</h3>You have 30 (change this) calendar days to return an item from the date you received it.<br/>To be eligible for a return, your item must be unused and in the same condition that you received it.<br/>Your item must be in the original packaging.<br/>Your item needs to have the receipt or proof of purchase.<br/><br/>', '#', NULL, 1, 2.000000, 0, NULL, 10, NULL, 1, NULL, 0, NULL, NULL, 'a:3:{i:0;i:1;i:1;i:2;i:2;i:4;}', NULL, NULL, NULL, 1, NULL, 1, 1, 1, 0, NULL, '2022-03-25 01:13:38', '2022-03-25 01:13:38', 1, 1, 0),
	(6, '+967714311582', NULL, 'mohammed.hudair@gmail.com', NULL, 'mohammed.hudair@gmail.com', NULL, NULL, '#', NULL, 1, NULL, 0, NULL, 10, 1, 1, NULL, 0, NULL, NULL, NULL, NULL, NULL, NULL, 1, NULL, 1, 1, 1, 0, NULL, '2022-03-25 01:59:52', '2022-03-25 02:00:56', 1, 1, 0),
	(7, '+967714311582', NULL, 'arab6ode@gmail.com', NULL, 'arab6ode@gmail.com', NULL, NULL, '#', NULL, 1, NULL, 0, NULL, 10, NULL, 1, NULL, 0, NULL, NULL, NULL, NULL, NULL, NULL, 1, NULL, 1, 1, 1, 1, NULL, '2022-03-25 02:18:55', '2022-03-25 02:18:55', 1, 1, 0),
	(8, '+967714311582', NULL, 'mhudair30@gmail.com', NULL, 'mhudair30@gmail.com', NULL, NULL, '#', NULL, 1, NULL, 0, NULL, 10, NULL, 1, NULL, 0, NULL, NULL, NULL, NULL, NULL, NULL, 1, NULL, 1, 1, 1, 1, NULL, '2022-03-25 02:19:41', '2022-03-25 02:19:41', 1, 1, 0);
/*!40000 ALTER TABLE `configs` ENABLE KEYS */;

-- Dumping structure for table zcart2511.config_authorize_net
CREATE TABLE IF NOT EXISTS `config_authorize_net` (
  `shop_id` int(10) unsigned NOT NULL,
  `api_login_id` text COLLATE utf8_unicode_ci,
  `transaction_key` text COLLATE utf8_unicode_ci,
  `sandbox` tinyint(1) DEFAULT '1',
  `created_at` timestamp NULL DEFAULT NULL,
  `updated_at` timestamp NULL DEFAULT NULL,
  PRIMARY KEY (`shop_id`),
  KEY `config_authorize_net_shop_id_index` (`shop_id`),
  CONSTRAINT `config_authorize_net_shop_id_foreign` FOREIGN KEY (`shop_id`) REFERENCES `shops` (`id`) ON DELETE CASCADE
) ENGINE=InnoDB DEFAULT CHARSET=utf8 COLLATE=utf8_unicode_ci;

-- Dumping data for table zcart2511.config_authorize_net: ~0 rows (approximately)
/*!40000 ALTER TABLE `config_authorize_net` DISABLE KEYS */;
/*!40000 ALTER TABLE `config_authorize_net` ENABLE KEYS */;

-- Dumping structure for table zcart2511.config_cybersources
CREATE TABLE IF NOT EXISTS `config_cybersources` (
  `shop_id` int(10) unsigned NOT NULL,
  `merchant_id` text COLLATE utf8_unicode_ci,
  `api_key_id` text COLLATE utf8_unicode_ci,
  `secret` text COLLATE utf8_unicode_ci,
  `sandbox` tinyint(1) DEFAULT '1',
  `created_at` timestamp NULL DEFAULT NULL,
  `updated_at` timestamp NULL DEFAULT NULL,
  PRIMARY KEY (`shop_id`),
  KEY `config_cybersources_shop_id_index` (`shop_id`),
  CONSTRAINT `config_cybersources_shop_id_foreign` FOREIGN KEY (`shop_id`) REFERENCES `shops` (`id`) ON DELETE CASCADE
) ENGINE=InnoDB DEFAULT CHARSET=utf8 COLLATE=utf8_unicode_ci;

-- Dumping data for table zcart2511.config_cybersources: ~0 rows (approximately)
/*!40000 ALTER TABLE `config_cybersources` DISABLE KEYS */;
/*!40000 ALTER TABLE `config_cybersources` ENABLE KEYS */;

-- Dumping structure for table zcart2511.config_instamojo
CREATE TABLE IF NOT EXISTS `config_instamojo` (
  `shop_id` int(10) unsigned NOT NULL,
  `api_key` text COLLATE utf8_unicode_ci,
  `auth_token` text COLLATE utf8_unicode_ci,
  `sandbox` tinyint(1) DEFAULT '1',
  `created_at` timestamp NULL DEFAULT NULL,
  `updated_at` timestamp NULL DEFAULT NULL,
  PRIMARY KEY (`shop_id`),
  KEY `config_instamojo_shop_id_index` (`shop_id`),
  CONSTRAINT `config_instamojo_shop_id_foreign` FOREIGN KEY (`shop_id`) REFERENCES `shops` (`id`) ON DELETE CASCADE
) ENGINE=InnoDB DEFAULT CHARSET=utf8 COLLATE=utf8_unicode_ci;

-- Dumping data for table zcart2511.config_instamojo: ~0 rows (approximately)
/*!40000 ALTER TABLE `config_instamojo` DISABLE KEYS */;
/*!40000 ALTER TABLE `config_instamojo` ENABLE KEYS */;

-- Dumping structure for table zcart2511.config_manual_payments
CREATE TABLE IF NOT EXISTS `config_manual_payments` (
  `shop_id` int(10) unsigned NOT NULL,
  `payment_method_id` int(10) unsigned NOT NULL,
  `additional_details` text COLLATE utf8_unicode_ci,
  `payment_instructions` text COLLATE utf8_unicode_ci,
  `created_at` timestamp NULL DEFAULT NULL,
  `updated_at` timestamp NULL DEFAULT NULL,
  KEY `config_manual_payments_shop_id_index` (`shop_id`),
  KEY `config_manual_payments_payment_method_id_index` (`payment_method_id`),
  CONSTRAINT `config_manual_payments_payment_method_id_foreign` FOREIGN KEY (`payment_method_id`) REFERENCES `payment_methods` (`id`) ON DELETE CASCADE,
  CONSTRAINT `config_manual_payments_shop_id_foreign` FOREIGN KEY (`shop_id`) REFERENCES `shops` (`id`) ON DELETE CASCADE
) ENGINE=InnoDB DEFAULT CHARSET=utf8 COLLATE=utf8_unicode_ci;

-- Dumping data for table zcart2511.config_manual_payments: ~10 rows (approximately)
/*!40000 ALTER TABLE `config_manual_payments` DISABLE KEYS */;
INSERT INTO `config_manual_payments` (`shop_id`, `payment_method_id`, `additional_details`, `payment_instructions`, `created_at`, `updated_at`) VALUES
	(1, 7, 'Send the payment via Bank Wire Transfer.', 'Payment instructions for Bank Wire Transfer', '2022-03-25 01:13:30', '2022-03-25 01:13:30'),
	(1, 6, 'Our man will collect the payment when deliver the item to your doorstep.', 'Payment instructions for COD', '2022-03-25 01:13:30', '2022-03-25 01:13:30'),
	(2, 7, 'Send the payment via Bank Wire Transfer.', 'Payment instructions for Bank Wire Transfer', '2022-03-25 01:13:30', '2022-03-25 17:46:07'),
	(2, 6, 'Our man will collect the payment when deliver the item to your doorstep.', 'Payment instructions for COD', '2022-03-25 01:13:30', '2022-03-25 01:13:30'),
	(3, 7, 'Send the payment via Bank Wire Transfer.', 'Payment instructions for Bank Wire Transfer', '2022-03-25 01:13:30', '2022-03-25 01:13:30'),
	(3, 6, 'Our man will collect the payment when deliver the item to your doorstep.', 'Payment instructions for COD', '2022-03-25 01:13:30', '2022-03-25 01:13:30'),
	(4, 7, 'Send the payment via Bank Wire Transfer.', 'Payment instructions for Bank Wire Transfer', '2022-03-25 01:13:30', '2022-03-25 01:13:30'),
	(4, 6, 'Our man will collect the payment when deliver the item to your doorstep.', 'Payment instructions for COD', '2022-03-25 01:13:30', '2022-03-25 01:13:30'),
	(5, 7, 'Send the payment via Bank Wire Transfer.', 'Payment instructions for Bank Wire Transfer', '2022-03-25 01:13:30', '2022-03-25 01:13:30'),
	(5, 6, 'Our man will collect the payment when deliver the item to your doorstep.', 'Payment instructions for COD', '2022-03-25 01:13:30', '2022-03-25 01:13:30'),
	(8, 6, 'wwwwwwwww', 'ssssssssss', '2022-03-25 02:21:12', '2022-03-25 02:21:25');
/*!40000 ALTER TABLE `config_manual_payments` ENABLE KEYS */;

-- Dumping structure for table zcart2511.config_paypal_express
CREATE TABLE IF NOT EXISTS `config_paypal_express` (
  `shop_id` int(10) unsigned NOT NULL,
  `account` text COLLATE utf8_unicode_ci,
  `client_id` text COLLATE utf8_unicode_ci,
  `secret` text COLLATE utf8_unicode_ci,
  `sandbox` tinyint(1) DEFAULT '1',
  `created_at` timestamp NULL DEFAULT NULL,
  `updated_at` timestamp NULL DEFAULT NULL,
  PRIMARY KEY (`shop_id`),
  KEY `config_paypal_express_shop_id_index` (`shop_id`),
  CONSTRAINT `config_paypal_express_shop_id_foreign` FOREIGN KEY (`shop_id`) REFERENCES `shops` (`id`) ON DELETE CASCADE
) ENGINE=InnoDB DEFAULT CHARSET=utf8 COLLATE=utf8_unicode_ci;

-- Dumping data for table zcart2511.config_paypal_express: ~0 rows (approximately)
/*!40000 ALTER TABLE `config_paypal_express` DISABLE KEYS */;
/*!40000 ALTER TABLE `config_paypal_express` ENABLE KEYS */;

-- Dumping structure for table zcart2511.config_paystacks
CREATE TABLE IF NOT EXISTS `config_paystacks` (
  `shop_id` int(10) unsigned NOT NULL,
  `merchant_email` text COLLATE utf8_unicode_ci,
  `public_key` text COLLATE utf8_unicode_ci,
  `secret` text COLLATE utf8_unicode_ci,
  `sandbox` tinyint(1) DEFAULT '1',
  `created_at` timestamp NULL DEFAULT NULL,
  `updated_at` timestamp NULL DEFAULT NULL,
  PRIMARY KEY (`shop_id`),
  KEY `config_paystacks_shop_id_index` (`shop_id`),
  CONSTRAINT `config_paystacks_shop_id_foreign` FOREIGN KEY (`shop_id`) REFERENCES `shops` (`id`) ON DELETE CASCADE
) ENGINE=InnoDB DEFAULT CHARSET=utf8 COLLATE=utf8_unicode_ci;

-- Dumping data for table zcart2511.config_paystacks: ~0 rows (approximately)
/*!40000 ALTER TABLE `config_paystacks` DISABLE KEYS */;
/*!40000 ALTER TABLE `config_paystacks` ENABLE KEYS */;

-- Dumping structure for table zcart2511.config_stripes
CREATE TABLE IF NOT EXISTS `config_stripes` (
  `shop_id` int(10) unsigned NOT NULL,
  `stripe_user_id` varchar(255) COLLATE utf8_unicode_ci DEFAULT NULL,
  `publishable_key` varchar(255) COLLATE utf8_unicode_ci DEFAULT NULL,
  `refresh_token` varchar(255) COLLATE utf8_unicode_ci DEFAULT NULL,
  `created_at` timestamp NULL DEFAULT NULL,
  `updated_at` timestamp NULL DEFAULT NULL,
  PRIMARY KEY (`shop_id`),
  KEY `config_stripes_shop_id_index` (`shop_id`),
  CONSTRAINT `config_stripes_shop_id_foreign` FOREIGN KEY (`shop_id`) REFERENCES `shops` (`id`) ON DELETE CASCADE
) ENGINE=InnoDB DEFAULT CHARSET=utf8 COLLATE=utf8_unicode_ci;

-- Dumping data for table zcart2511.config_stripes: ~0 rows (approximately)
/*!40000 ALTER TABLE `config_stripes` DISABLE KEYS */;
/*!40000 ALTER TABLE `config_stripes` ENABLE KEYS */;

-- Dumping structure for table zcart2511.contact_us
CREATE TABLE IF NOT EXISTS `contact_us` (
  `id` bigint(20) unsigned NOT NULL AUTO_INCREMENT,
  `name` varchar(255) COLLATE utf8_unicode_ci DEFAULT NULL,
  `phone` varchar(255) COLLATE utf8_unicode_ci DEFAULT NULL,
  `email` varchar(255) COLLATE utf8_unicode_ci NOT NULL,
  `subject` varchar(255) COLLATE utf8_unicode_ci NOT NULL,
  `message` longtext COLLATE utf8_unicode_ci NOT NULL,
  `read` tinyint(1) DEFAULT NULL,
  `created_at` timestamp NULL DEFAULT NULL,
  `updated_at` timestamp NULL DEFAULT NULL,
  PRIMARY KEY (`id`)
) ENGINE=InnoDB DEFAULT CHARSET=utf8 COLLATE=utf8_unicode_ci;

-- Dumping data for table zcart2511.contact_us: ~0 rows (approximately)
/*!40000 ALTER TABLE `contact_us` DISABLE KEYS */;
/*!40000 ALTER TABLE `contact_us` ENABLE KEYS */;

-- Dumping structure for table zcart2511.countries
CREATE TABLE IF NOT EXISTS `countries` (
  `id` int(10) unsigned NOT NULL AUTO_INCREMENT,
  `name` varchar(255) COLLATE utf8_unicode_ci NOT NULL,
  `full_name` varchar(255) COLLATE utf8_unicode_ci DEFAULT NULL,
  `capital` varchar(255) COLLATE utf8_unicode_ci DEFAULT NULL,
  `currency_id` int(10) unsigned DEFAULT NULL,
  `timezone_id` int(10) unsigned DEFAULT NULL,
  `citizenship` varchar(255) COLLATE utf8_unicode_ci DEFAULT NULL,
  `iso_code` varchar(2) COLLATE utf8_unicode_ci NOT NULL,
  `iso_numeric` varchar(3) COLLATE utf8_unicode_ci DEFAULT NULL,
  `calling_code` varchar(3) COLLATE utf8_unicode_ci DEFAULT NULL,
  `flag` varchar(6) COLLATE utf8_unicode_ci DEFAULT NULL,
  `eea` tinyint(1) DEFAULT '0',
  `active` tinyint(1) DEFAULT '0',
  `created_at` timestamp NULL DEFAULT NULL,
  `updated_at` timestamp NULL DEFAULT NULL,
  PRIMARY KEY (`id`),
  KEY `countries_timezone_id_foreign` (`timezone_id`),
  KEY `countries_currency_id_foreign` (`currency_id`),
  CONSTRAINT `countries_currency_id_foreign` FOREIGN KEY (`currency_id`) REFERENCES `currencies` (`id`) ON DELETE SET NULL,
  CONSTRAINT `countries_timezone_id_foreign` FOREIGN KEY (`timezone_id`) REFERENCES `timezones` (`id`) ON DELETE SET NULL
) ENGINE=InnoDB AUTO_INCREMENT=895 DEFAULT CHARSET=utf8 COLLATE=utf8_unicode_ci;

-- Dumping data for table zcart2511.countries: ~249 rows (approximately)
/*!40000 ALTER TABLE `countries` DISABLE KEYS */;
INSERT INTO `countries` (`id`, `name`, `full_name`, `capital`, `currency_id`, `timezone_id`, `citizenship`, `iso_code`, `iso_numeric`, `calling_code`, `flag`, `eea`, `active`, `created_at`, `updated_at`) VALUES
	(4, 'Afghanistan', 'Islamic Republic of Afghanistan', 'Kabul', 2, NULL, 'Afghan', 'AF', '004', '93', 'AF.png', 0, 1, '2022-03-25 01:12:23', '2022-03-25 01:12:23'),
	(8, 'Albania', 'Republic of Albania', 'Tirana', 3, NULL, 'Albanian', 'AL', '008', '355', 'AL.png', 0, 1, '2022-03-25 01:12:23', '2022-03-25 01:12:23'),
	(10, 'Antarctica', 'Antarctica', 'Antartica', NULL, NULL, 'of Antartica', 'AQ', '010', '672', 'AQ.png', 0, 1, '2022-03-25 01:12:23', '2022-03-25 01:12:23'),
	(12, 'Algeria', 'Peoples Democratic Republic of Algeria', 'Algiers', 42, NULL, 'Algerian', 'DZ', '012', '213', 'DZ.png', 0, 1, '2022-03-25 01:12:23', '2022-03-25 01:12:23'),
	(16, 'American Samoa', 'Territory of American', 'Pago Pago', 148, NULL, 'American Samoan', 'AS', '016', '1', 'AS.png', 0, 1, '2022-03-25 01:12:23', '2022-03-25 01:12:23'),
	(20, 'Andorra', 'Principality of Andorra', 'Andorra la Vella', 46, NULL, 'Andorran', 'AD', '020', '376', 'AD.png', 0, 1, '2022-03-25 01:12:23', '2022-03-25 01:12:23'),
	(24, 'Angola', 'Republic of Angola', 'Luanda', 6, NULL, 'Angolan', 'AO', '024', '244', 'AO.png', 0, 1, '2022-03-25 01:12:23', '2022-03-25 01:12:23'),
	(28, 'Antigua and Barbuda', 'Antigua and Barbuda', 'St Johns', 162, NULL, 'of Antigua and Barbuda', 'AG', '028', '1', 'AG.png', 0, 1, '2022-03-25 01:12:23', '2022-03-25 01:12:23'),
	(31, 'Azerbaijan', 'Republic of Azerbaijan', 'Baku', 10, NULL, 'Azerbaijani', 'AZ', '031', '994', 'AZ.png', 0, 1, '2022-03-25 01:12:23', '2022-03-25 01:12:23'),
	(32, 'Argentina', 'Argentine Republic', 'Buenos Aires', 7, NULL, 'Argentinian', 'AR', '032', '54', 'AR.png', 0, 1, '2022-03-25 01:12:23', '2022-03-25 01:12:23'),
	(36, 'Australia', 'Commonwealth of Australia', 'Canberra', 8, NULL, 'Australian', 'AU', '036', '61', 'AU.png', 0, 1, '2022-03-25 01:12:23', '2022-03-25 01:12:23'),
	(40, 'Austria', 'Republic of Austria', 'Vienna', 46, NULL, 'Austrian', 'AT', '040', '43', 'AT.png', 1, 1, '2022-03-25 01:12:23', '2022-03-25 01:12:23'),
	(44, 'Bahamas', 'Commonwealth of the Bahamas', 'Nassau', 21, NULL, 'Bahamian', 'BS', '044', '1', 'BS.png', 0, 1, '2022-03-25 01:12:23', '2022-03-25 01:12:23'),
	(48, 'Bahrain', 'Kingdom of Bahrain', 'Manama', 15, NULL, 'Bahraini', 'BH', '048', '973', 'BH.png', 0, 1, '2022-03-25 01:12:23', '2022-03-25 01:12:23'),
	(50, 'Bangladesh', 'Peoples Republic of Bangladesh', 'Dhaka', 13, NULL, 'Bangladeshi', 'BD', '050', '880', 'BD.png', 0, 1, '2022-03-25 01:12:23', '2022-03-25 01:12:23'),
	(51, 'Armenia', 'Republic of Armenia', 'Yerevan', 4, NULL, 'Armenian', 'AM', '051', '374', 'AM.png', 0, 1, '2022-03-25 01:12:23', '2022-03-25 01:12:23'),
	(52, 'Barbados', 'Barbados', 'Bridgetown', 12, NULL, 'Barbadian', 'BB', '052', '1', 'BB.png', 0, 1, '2022-03-25 01:12:23', '2022-03-25 01:12:23'),
	(56, 'Belgium', 'Kingdom of Belgium', 'Brussels', 46, NULL, 'Belgian', 'BE', '056', '32', 'BE.png', 1, 1, '2022-03-25 01:12:23', '2022-03-25 01:12:23'),
	(60, 'Bermuda', 'Bermuda', 'Hamilton', 17, NULL, 'Bermudian', 'BM', '060', '1', 'BM.png', 0, 1, '2022-03-25 01:12:23', '2022-03-25 01:12:23'),
	(64, 'Bhutan', 'Kingdom of Bhutan', 'Thimphu', 22, NULL, 'Bhutanese', 'BT', '064', '975', 'BT.png', 0, 1, '2022-03-25 01:12:23', '2022-03-25 01:12:23'),
	(68, 'Bolivia, Plurinational State of', 'Plurinational State of Bolivia', 'Sucre (BO1)', 19, NULL, 'Bolivian', 'BO', '068', '591', 'BO.png', 0, 1, '2022-03-25 01:12:23', '2022-03-25 01:12:23'),
	(70, 'Bosnia and Herzegovina', 'Bosnia and Herzegovina', 'Sarajevo', 11, NULL, 'of Bosnia and Herzegovina', 'BA', '070', '387', 'BA.png', 0, 1, '2022-03-25 01:12:23', '2022-03-25 01:12:23'),
	(72, 'Botswana', 'Republic of Botswana', 'Gaborone', 23, NULL, 'Botswanan', 'BW', '072', '267', 'BW.png', 0, 1, '2022-03-25 01:12:23', '2022-03-25 01:12:23'),
	(74, 'Bouvet Island', 'Bouvet Island', 'Bouvet island', NULL, NULL, 'of Bouvet island', 'BV', '074', '47', 'BV.png', 0, 1, '2022-03-25 01:12:23', '2022-03-25 01:12:23'),
	(76, 'Brazil', 'Federative Republic of Brazil', 'Brasilia', 20, NULL, 'Brazilian', 'BR', '076', '55', 'BR.png', 0, 1, '2022-03-25 01:12:23', '2022-03-25 01:12:23'),
	(84, 'Belize', 'Belize', 'Belmopan', 26, NULL, 'Belizean', 'BZ', '084', '501', 'BZ.png', 0, 1, '2022-03-25 01:12:23', '2022-03-25 01:12:23'),
	(86, 'British Indian Ocean Territory', 'British Indian Ocean Territory', 'Diego Garcia', 148, NULL, 'Changosian', 'IO', '086', '246', 'IO.png', 0, 1, '2022-03-25 01:12:23', '2022-03-25 01:12:23'),
	(90, 'Solomon Islands', 'Solomon Islands', 'Honiara', 122, NULL, 'Solomon Islander', 'SB', '090', '677', 'SB.png', 0, 1, '2022-03-25 01:12:23', '2022-03-25 01:12:23'),
	(92, 'Virgin Islands, British', 'British Virgin Islands', 'Road Town', 148, NULL, 'British Virgin Islander;', 'VG', '092', '1', 'VG.png', 0, 1, '2022-03-25 01:12:23', '2022-03-25 01:12:23'),
	(96, 'Brunei Darussalam', 'Brunei Darussalam', 'Bandar Seri Begawan', 18, NULL, 'Bruneian', 'BN', '096', '673', 'BN.png', 0, 1, '2022-03-25 01:12:23', '2022-03-25 01:12:23'),
	(100, 'Bulgaria', 'Republic of Bulgaria', 'Sofia', 14, NULL, 'Bulgarian', 'BG', '100', '359', 'BG.png', 1, 1, '2022-03-25 01:12:23', '2022-03-25 01:12:23'),
	(104, 'Myanmar', 'Union of Myanmar/', 'Yangon', 92, NULL, 'Burmese', 'MM', '104', '95', 'MM.png', 0, 1, '2022-03-25 01:12:23', '2022-03-25 01:12:23'),
	(108, 'Burundi', 'Republic of Burundi', 'Bujumbura', 16, NULL, 'Burundian', 'BI', '108', '257', 'BI.png', 0, 1, '2022-03-25 01:12:23', '2022-03-25 01:12:23'),
	(112, 'Belarus', 'Republic of Belarus', 'Minsk', 25, NULL, 'Belarusian', 'BY', '112', '375', 'BY.png', 0, 1, '2022-03-25 01:12:23', '2022-03-25 01:12:23'),
	(116, 'Cambodia', 'Kingdom of Cambodia', 'Phnom Penh', 73, NULL, 'Cambodian', 'KH', '116', '855', 'KH.png', 0, 1, '2022-03-25 01:12:23', '2022-03-25 01:12:23'),
	(120, 'Cameroon', 'Republic of Cameroon', 'Yaound', 155, NULL, 'Cameroonian', 'CM', '120', '237', 'CM.png', 0, 1, '2022-03-25 01:12:23', '2022-03-25 01:12:23'),
	(124, 'Canada', 'Canada', 'Ottawa', 27, NULL, 'Canadian', 'CA', '124', '1', 'CA.png', 0, 1, '2022-03-25 01:12:23', '2022-03-25 01:12:23'),
	(132, 'Cape Verde', 'Republic of Cape Verde', 'Praia', 37, NULL, 'Cape Verdean', 'CV', '132', '238', 'CV.png', 0, 1, '2022-03-25 01:12:23', '2022-03-25 01:12:23'),
	(136, 'Cayman Islands', 'Cayman Islands', 'George Town', 78, NULL, 'Caymanian', 'KY', '136', '1', 'KY.png', 0, 1, '2022-03-25 01:12:23', '2022-03-25 01:12:23'),
	(140, 'Central African Republic', 'Central African Republic', 'Bangui', 155, NULL, 'Central African', 'CF', '140', '236', 'CF.png', 0, 1, '2022-03-25 01:12:23', '2022-03-25 01:12:23'),
	(144, 'Sri Lanka', 'Democratic Socialist Republic of Sri Lanka', 'Colombo', 82, NULL, 'Sri Lankan', 'LK', '144', '94', 'LK.png', 0, 1, '2022-03-25 01:12:23', '2022-03-25 01:12:23'),
	(148, 'Chad', 'Republic of Chad', 'NDjamena', 155, NULL, 'Chadian', 'TD', '148', '235', 'TD.png', 0, 1, '2022-03-25 01:12:23', '2022-03-25 01:12:23'),
	(152, 'Chile', 'Republic of Chile', 'Santiago', 31, NULL, 'Chilean', 'CL', '152', '56', 'CL.png', 0, 1, '2022-03-25 01:12:23', '2022-03-25 01:12:23'),
	(156, 'China', 'Peoples Republic of China', 'Beijing', 32, NULL, 'Chinese', 'CN', '156', '86', 'CN.png', 0, 1, '2022-03-25 01:12:23', '2022-03-25 01:12:23'),
	(158, 'Taiwan, Province of China', 'Republic of China, Taiwan (TW1)', 'Taipei', 144, NULL, 'Taiwanese', 'TW', '158', '886', 'TW.png', 0, 1, '2022-03-25 01:12:23', '2022-03-25 01:12:23'),
	(162, 'Christmas Island', 'Christmas Island Territory', 'Flying Fish Cove', 8, NULL, 'Christmas Islander', 'CX', '162', '61', 'CX.png', 0, 1, '2022-03-25 01:12:23', '2022-03-25 01:12:23'),
	(166, 'Cocos (Keeling) Islands', 'Territory of Cocos (Keeling) Islands', 'Bantam', 8, NULL, 'Cocos Islander', 'CC', '166', '61', 'CC.png', 0, 1, '2022-03-25 01:12:23', '2022-03-25 01:12:23'),
	(170, 'Colombia', 'Republic of Colombia', 'Santa Fe de Bogot', 33, NULL, 'Colombian', 'CO', '170', '57', 'CO.png', 0, 1, '2022-03-25 01:12:23', '2022-03-25 01:12:23'),
	(174, 'Comoros', 'Union of the Comoros', 'Moroni', 74, NULL, 'Comorian', 'KM', '174', '269', 'KM.png', 0, 1, '2022-03-25 01:12:23', '2022-03-25 01:12:23'),
	(175, 'Mayotte', 'Departmental Collectivity of Mayotte', 'Mamoudzou', 46, NULL, 'Mahorais', 'YT', '175', '262', 'YT.png', 0, 1, '2022-03-25 01:12:23', '2022-03-25 01:12:23'),
	(178, 'Congo', 'Republic of the Congo', 'Brazzaville', 155, NULL, 'Congolese', 'CG', '178', '242', 'CG.png', 0, 1, '2022-03-25 01:12:23', '2022-03-25 01:12:23'),
	(180, 'Congo, the Democratic Republic of the', 'Democratic Republic of the Congo', 'Kinshasa', 28, NULL, 'Congolese', 'CD', '180', '243', 'CD.png', 0, 1, '2022-03-25 01:12:23', '2022-03-25 01:12:23'),
	(184, 'Cook Islands', 'Cook Islands', 'Avarua', 107, NULL, 'Cook Islander', 'CK', '184', '682', 'CK.png', 0, 1, '2022-03-25 01:12:23', '2022-03-25 01:12:23'),
	(188, 'Costa Rica', 'Republic of Costa Rica', 'San Jos', 34, NULL, 'Costa Rican', 'CR', '188', '506', 'CR.png', 0, 1, '2022-03-25 01:12:23', '2022-03-25 01:12:23'),
	(191, 'Croatia', 'Republic of Croatia', 'Zagreb', 59, NULL, 'Croatian', 'HR', '191', '385', 'HR.png', 1, 1, '2022-03-25 01:12:23', '2022-03-25 01:12:23'),
	(192, 'Cuba', 'Republic of Cuba', 'Havana', 36, NULL, 'Cuban', 'CU', '192', '53', 'CU.png', 0, 1, '2022-03-25 01:12:23', '2022-03-25 01:12:23'),
	(196, 'Cyprus', 'Republic of Cyprus', 'Nicosia', 46, NULL, 'Cypriot', 'CY', '196', '357', 'CY.png', 1, 1, '2022-03-25 01:12:23', '2022-03-25 01:12:23'),
	(203, 'Czech Republic', 'Czech Republic', 'Prague', 38, NULL, 'Czech', 'CZ', '203', '420', 'CZ.png', 1, 1, '2022-03-25 01:12:23', '2022-03-25 01:12:23'),
	(204, 'Benin', 'Republic of Benin', 'Porto Novo (BJ1)', 164, NULL, 'Beninese', 'BJ', '204', '229', 'BJ.png', 0, 1, '2022-03-25 01:12:23', '2022-03-25 01:12:23'),
	(208, 'Denmark', 'Kingdom of Denmark', 'Copenhagen', 40, NULL, 'Danish', 'DK', '208', '45', 'DK.png', 1, 1, '2022-03-25 01:12:23', '2022-03-25 01:12:23'),
	(212, 'Dominica', 'Commonwealth of Dominica', 'Roseau', 162, NULL, 'Dominican', 'DM', '212', '1', 'DM.png', 0, 1, '2022-03-25 01:12:23', '2022-03-25 01:12:23'),
	(214, 'Dominican Republic', 'Dominican Republic', 'Santo Domingo', 41, NULL, 'Dominican', 'DO', '214', '1', 'DO.png', 0, 1, '2022-03-25 01:12:23', '2022-03-25 01:12:23'),
	(218, 'Ecuador', 'Republic of Ecuador', 'Quito', 148, NULL, 'Ecuadorian', 'EC', '218', '593', 'EC.png', 0, 1, '2022-03-25 01:12:23', '2022-03-25 01:12:23'),
	(222, 'El Salvador', 'Republic of El Salvador', 'San Salvador', 134, NULL, 'Salvadoran', 'SV', '222', '503', 'SV.png', 0, 1, '2022-03-25 01:12:23', '2022-03-25 01:12:23'),
	(226, 'Equatorial Guinea', 'Republic of Equatorial Guinea', 'Malabo', 155, NULL, 'Equatorial Guinean', 'GQ', '226', '240', 'GQ.png', 0, 1, '2022-03-25 01:12:23', '2022-03-25 01:12:23'),
	(231, 'Ethiopia', 'Federal Democratic Republic of Ethiopia', 'Addis Ababa', 45, NULL, 'Ethiopian', 'ET', '231', '251', 'ET.png', 0, 1, '2022-03-25 01:12:23', '2022-03-25 01:12:23'),
	(232, 'Eritrea', 'State of Eritrea', 'Asmara', 44, NULL, 'Eritrean', 'ER', '232', '291', 'ER.png', 0, 1, '2022-03-25 01:12:23', '2022-03-25 01:12:23'),
	(233, 'Estonia', 'Republic of Estonia', 'Tallinn', 46, NULL, 'Estonian', 'EE', '233', '372', 'EE.png', 1, 1, '2022-03-25 01:12:23', '2022-03-25 01:12:23'),
	(234, 'Faroe Islands', 'Faeroe Islands', 'Trshavn', 40, NULL, 'Faeroese', 'FO', '234', '298', 'FO.png', 0, 1, '2022-03-25 01:12:23', '2022-03-25 01:12:23'),
	(238, 'Falkland Islands (Malvinas)', 'Falkland Islands', 'Stanley', 48, NULL, 'Falkland Islander', 'FK', '238', '500', 'FK.png', 0, 1, '2022-03-25 01:12:23', '2022-03-25 01:12:23'),
	(239, 'South Georgia and the South Sandwich Islands', 'South Georgia and the South Sandwich Islands', 'King Edward Point (Grytviken)', NULL, NULL, 'of South Georgia and the South Sandwich Islands', 'GS', '239', '44', 'GS.png', 0, 1, '2022-03-25 01:12:23', '2022-03-25 01:12:23'),
	(242, 'Fiji', 'Republic of Fiji', 'Suva', 47, NULL, 'Fijian', 'FJ', '242', '679', 'FJ.png', 0, 1, '2022-03-25 01:12:23', '2022-03-25 01:12:23'),
	(246, 'Finland', 'Republic of Finland', 'Helsinki', 46, NULL, 'Finnish', 'FI', '246', '358', 'FI.png', 1, 1, '2022-03-25 01:12:23', '2022-03-25 01:12:23'),
	(248, 'land Islands', 'land Islands', 'Mariehamn', 46, NULL, 'land Islander', 'AX', '248', '358', NULL, 0, 1, '2022-03-25 01:12:23', '2022-03-25 01:12:23'),
	(250, 'France', 'French Republic', 'Paris', 46, NULL, 'French', 'FR', '250', '33', 'FR.png', 1, 1, '2022-03-25 01:12:23', '2022-03-25 01:12:23'),
	(254, 'French Guiana', 'French Guiana', 'Cayenne', 46, NULL, 'Guianese', 'GF', '254', '594', 'GF.png', 0, 1, '2022-03-25 01:12:23', '2022-03-25 01:12:23'),
	(258, 'French Polynesia', 'French Polynesia', 'Papeete', 166, NULL, 'Polynesian', 'PF', '258', '689', 'PF.png', 0, 1, '2022-03-25 01:12:23', '2022-03-25 01:12:23'),
	(260, 'French Southern Territories', 'French Southern and Antarctic Lands', 'Port-aux-Francais', 46, NULL, 'of French Southern and Antarctic Lands', 'TF', '260', '33', 'TF.png', 0, 1, '2022-03-25 01:12:23', '2022-03-25 01:12:23'),
	(262, 'Djibouti', 'Republic of Djibouti', 'Djibouti', 39, NULL, 'Djiboutian', 'DJ', '262', '253', 'DJ.png', 0, 1, '2022-03-25 01:12:23', '2022-03-25 01:12:23'),
	(266, 'Gabon', 'Gabonese Republic', 'Libreville', 155, NULL, 'Gabonese', 'GA', '266', '241', 'GA.png', 0, 1, '2022-03-25 01:12:23', '2022-03-25 01:12:23'),
	(268, 'Georgia', 'Georgia', 'Tbilisi', 50, NULL, 'Georgian', 'GE', '268', '995', 'GE.png', 0, 1, '2022-03-25 01:12:23', '2022-03-25 01:12:23'),
	(270, 'Gambia', 'Republic of the Gambia', 'Banjul', 53, NULL, 'Gambian', 'GM', '270', '220', 'GM.png', 0, 1, '2022-03-25 01:12:23', '2022-03-25 01:12:23'),
	(275, 'Palestinian Territory, Occupied', NULL, NULL, 53, NULL, 'Palestinian', 'PS', '275', '970', 'PS.png', 0, 1, '2022-03-25 01:12:23', '2022-03-25 01:12:23'),
	(276, 'Germany', 'Federal Republic of Germany', 'Berlin', 46, NULL, 'German', 'DE', '276', '49', 'DE.png', 1, 1, '2022-03-25 01:12:23', '2022-03-25 01:12:23'),
	(288, 'Ghana', 'Republic of Ghana', 'Accra', 51, NULL, 'Ghanaian', 'GH', '288', '233', 'GH.png', 0, 1, '2022-03-25 01:12:23', '2022-03-25 01:12:23'),
	(292, 'Gibraltar', 'Gibraltar', 'Gibraltar', 52, NULL, 'Gibraltarian', 'GI', '292', '350', 'GI.png', 0, 1, '2022-03-25 01:12:23', '2022-03-25 01:12:23'),
	(296, 'Kiribati', 'Republic of Kiribati', 'Tarawa', 8, NULL, 'Kiribatian', 'KI', '296', '686', 'KI.png', 0, 1, '2022-03-25 01:12:23', '2022-03-25 01:12:23'),
	(300, 'Greece', 'Hellenic Republic', 'Athens', 46, NULL, 'Greek', 'GR', '300', '30', 'GR.png', 1, 1, '2022-03-25 01:12:23', '2022-03-25 01:12:23'),
	(304, 'Greenland', 'Greenland', 'Nuuk', 40, NULL, 'Greenlander', 'GL', '304', '299', 'GL.png', 0, 1, '2022-03-25 01:12:23', '2022-03-25 01:12:23'),
	(308, 'Grenada', 'Grenada', 'St Georges', 162, NULL, 'Grenadian', 'GD', '308', '1', 'GD.png', 0, 1, '2022-03-25 01:12:23', '2022-03-25 01:12:23'),
	(312, 'Guadeloupe', 'Guadeloupe', 'Basse Terre', 46, NULL, 'Guadeloupean', 'GP', '312', '590', 'GP.png', 0, 1, '2022-03-25 01:12:23', '2022-03-25 01:12:23'),
	(316, 'Guam', 'Territory of Guam', 'Agaa (Hagta)', 148, NULL, 'Guamanian', 'GU', '316', '1', 'GU.png', 0, 1, '2022-03-25 01:12:23', '2022-03-25 01:12:23'),
	(320, 'Guatemala', 'Republic of Guatemala', 'Guatemala City', 55, NULL, 'Guatemalan', 'GT', '320', '502', 'GT.png', 0, 1, '2022-03-25 01:12:23', '2022-03-25 01:12:23'),
	(324, 'Guinea', 'Republic of Guinea', 'Conakry', 54, NULL, 'Guinean', 'GN', '324', '224', 'GN.png', 0, 1, '2022-03-25 01:12:23', '2022-03-25 01:12:23'),
	(328, 'Guyana', 'Cooperative Republic of Guyana', 'Georgetown', 56, NULL, 'Guyanese', 'GY', '328', '592', 'GY.png', 0, 1, '2022-03-25 01:12:23', '2022-03-25 01:12:23'),
	(332, 'Haiti', 'Republic of Haiti', 'Port-au-Prince', 60, NULL, 'Haitian', 'HT', '332', '509', 'HT.png', 0, 1, '2022-03-25 01:12:23', '2022-03-25 01:12:23'),
	(334, 'Heard Island and McDonald Islands', 'Territory of Heard Island and McDonald Islands', 'Territory of Heard Island and McDonald Islands', NULL, NULL, 'of Territory of Heard Island and McDonald Islands', 'HM', '334', '61', 'HM.png', 0, 1, '2022-03-25 01:12:23', '2022-03-25 01:12:23'),
	(336, 'Holy See (Vatican City State)', 'the Holy See/ Vatican City State', 'Vatican City', 46, NULL, 'of the Holy See/of the Vatican', 'VA', '336', '39', 'VA.png', 0, 1, '2022-03-25 01:12:23', '2022-03-25 01:12:23'),
	(340, 'Honduras', 'Republic of Honduras', 'Tegucigalpa', 58, NULL, 'Honduran', 'HN', '340', '504', 'HN.png', 0, 1, '2022-03-25 01:12:23', '2022-03-25 01:12:23'),
	(344, 'Hong Kong', 'Hong Kong Special Administrative Region of the Peoples Republic of China (HK2)', '(HK3)', 57, NULL, 'Hong Kong Chinese', 'HK', '344', '852', 'HK.png', 0, 1, '2022-03-25 01:12:23', '2022-03-25 01:12:23'),
	(348, 'Hungary', 'Republic of Hungary', 'Budapest', 61, NULL, 'Hungarian', 'HU', '348', '36', 'HU.png', 1, 1, '2022-03-25 01:12:23', '2022-03-25 01:12:23'),
	(352, 'Iceland', 'Republic of Iceland', 'Reykjavik', 67, NULL, 'Icelander', 'IS', '352', '354', 'IS.png', 1, 1, '2022-03-25 01:12:23', '2022-03-25 01:12:23'),
	(356, 'India', 'Republic of India', 'New Delhi', 64, NULL, 'Indian', 'IN', '356', '91', 'IN.png', 0, 1, '2022-03-25 01:12:23', '2022-03-25 01:12:23'),
	(360, 'Indonesia', 'Republic of Indonesia', 'Jakarta', 62, NULL, 'Indonesian', 'ID', '360', '62', 'ID.png', 0, 1, '2022-03-25 01:12:23', '2022-03-25 01:12:23'),
	(364, 'Iran, Islamic Republic of', 'Islamic Republic of Iran', 'Tehran', 66, NULL, 'Iranian', 'IR', '364', '98', 'IR.png', 0, 1, '2022-03-25 01:12:23', '2022-03-25 01:12:23'),
	(368, 'Iraq', 'Republic of Iraq', 'Baghdad', 65, NULL, 'Iraqi', 'IQ', '368', '964', 'IQ.png', 0, 1, '2022-03-25 01:12:23', '2022-03-25 01:12:23'),
	(372, 'Ireland', 'Ireland (IE1)', 'Dublin', 46, NULL, 'Irish', 'IE', '372', '353', 'IE.png', 1, 1, '2022-03-25 01:12:23', '2022-03-25 01:12:23'),
	(376, 'Israel', 'State of Israel', '(IL1)', 63, NULL, 'Israeli', 'IL', '376', '972', 'IL.png', 0, 1, '2022-03-25 01:12:23', '2022-03-25 01:12:23'),
	(380, 'Italy', 'Italian Republic', 'Rome', 46, NULL, 'Italian', 'IT', '380', '39', 'IT.png', 1, 1, '2022-03-25 01:12:23', '2022-03-25 01:12:23'),
	(384, 'Cte d\'Ivoire', 'Republic of Cte dIvoire', 'Yamoussoukro (CI1)', 164, NULL, 'Ivorian', 'CI', '384', '225', 'CI.png', 0, 1, '2022-03-25 01:12:23', '2022-03-25 01:12:23'),
	(388, 'Jamaica', 'Jamaica', 'Kingston', 68, NULL, 'Jamaican', 'JM', '388', '1', 'JM.png', 0, 1, '2022-03-25 01:12:23', '2022-03-25 01:12:23'),
	(392, 'Japan', 'Japan', 'Tokyo', 70, NULL, 'Japanese', 'JP', '392', '81', 'JP.png', 0, 1, '2022-03-25 01:12:23', '2022-03-25 01:12:23'),
	(398, 'Kazakhstan', 'Republic of Kazakhstan', 'Astana', 79, NULL, 'Kazakh', 'KZ', '398', '7', 'KZ.png', 0, 1, '2022-03-25 01:12:23', '2022-03-25 01:12:23'),
	(400, 'Jordan', 'Hashemite Kingdom of Jordan', 'Amman', 69, NULL, 'Jordanian', 'JO', '400', '962', 'JO.png', 0, 1, '2022-03-25 01:12:23', '2022-03-25 01:12:23'),
	(404, 'Kenya', 'Republic of Kenya', 'Nairobi', 71, NULL, 'Kenyan', 'KE', '404', '254', 'KE.png', 0, 1, '2022-03-25 01:12:23', '2022-03-25 01:12:23'),
	(408, 'Korea, Democratic People\'s Republic of', 'Democratic Peoples Republic of Korea', 'Pyongyang', 75, NULL, 'North Korean', 'KP', '408', '850', 'KP.png', 0, 1, '2022-03-25 01:12:23', '2022-03-25 01:12:23'),
	(410, 'Korea, Republic of', 'Republic of Korea', 'Seoul', 76, NULL, 'South Korean', 'KR', '410', '82', 'KR.png', 0, 1, '2022-03-25 01:12:23', '2022-03-25 01:12:23'),
	(414, 'Kuwait', 'State of Kuwait', 'Kuwait City', 77, NULL, 'Kuwaiti', 'KW', '414', '965', 'KW.png', 0, 1, '2022-03-25 01:12:23', '2022-03-25 01:12:23'),
	(417, 'Kyrgyzstan', 'Kyrgyz Republic', 'Bishkek', 72, NULL, 'Kyrgyz', 'KG', '417', '996', 'KG.png', 0, 1, '2022-03-25 01:12:23', '2022-03-25 01:12:23'),
	(418, 'Lao People\'s Democratic Republic', 'Lao Peoples Democratic Republic', 'Vientiane', 80, NULL, 'Lao', 'LA', '418', '856', 'LA.png', 0, 1, '2022-03-25 01:12:23', '2022-03-25 01:12:23'),
	(422, 'Lebanon', 'Lebanese Republic', 'Beirut', 81, NULL, 'Lebanese', 'LB', '422', '961', 'LB.png', 0, 1, '2022-03-25 01:12:23', '2022-03-25 01:12:23'),
	(426, 'Lesotho', 'Kingdom of Lesotho', 'Maseru', 84, NULL, 'Basotho', 'LS', '426', '266', 'LS.png', 0, 1, '2022-03-25 01:12:23', '2022-03-25 01:12:23'),
	(428, 'Latvia', 'Republic of Latvia', 'Riga', 46, NULL, 'Latvian', 'LV', '428', '371', 'LV.png', 1, 1, '2022-03-25 01:12:23', '2022-03-25 01:12:23'),
	(430, 'Liberia', 'Republic of Liberia', 'Monrovia', 83, NULL, 'Liberian', 'LR', '430', '231', 'LR.png', 0, 1, '2022-03-25 01:12:23', '2022-03-25 01:12:23'),
	(434, 'Libya', 'Socialist Peoples Libyan Arab Jamahiriya', 'Tripoli', 87, NULL, 'Libyan', 'LY', '434', '218', 'LY.png', 0, 1, '2022-03-25 01:12:23', '2022-03-25 01:12:23'),
	(438, 'Liechtenstein', 'Principality of Liechtenstein', 'Vaduz', 29, NULL, 'Liechtensteiner', 'LI', '438', '423', 'LI.png', 1, 1, '2022-03-25 01:12:23', '2022-03-25 01:12:23'),
	(440, 'Lithuania', 'Republic of Lithuania', 'Vilnius', 46, NULL, 'Lithuanian', 'LT', '440', '370', 'LT.png', 1, 1, '2022-03-25 01:12:23', '2022-03-25 01:12:23'),
	(442, 'Luxembourg', 'Grand Duchy of Luxembourg', 'Luxembourg', 46, NULL, 'Luxembourger', 'LU', '442', '352', 'LU.png', 1, 1, '2022-03-25 01:12:23', '2022-03-25 01:12:23'),
	(446, 'Macao', 'Macao Special Administrative Region of the Peoples Republic of China (MO2)', 'Macao (MO3)', 94, NULL, 'Macanese', 'MO', '446', '853', 'MO.png', 0, 1, '2022-03-25 01:12:23', '2022-03-25 01:12:23'),
	(450, 'Madagascar', 'Republic of Madagascar', 'Antananarivo', 90, NULL, 'Malagasy', 'MG', '450', '261', 'MG.png', 0, 1, '2022-03-25 01:12:23', '2022-03-25 01:12:23'),
	(454, 'Malawi', 'Republic of Malawi', 'Lilongwe', 98, NULL, 'Malawian', 'MW', '454', '265', 'MW.png', 0, 1, '2022-03-25 01:12:23', '2022-03-25 01:12:23'),
	(458, 'Malaysia', 'Malaysia', 'Kuala Lumpur (MY1)', 100, NULL, 'Malaysian', 'MY', '458', '60', 'MY.png', 0, 1, '2022-03-25 01:12:23', '2022-03-25 01:12:23'),
	(462, 'Maldives', 'Republic of Maldives', 'Mal', 97, NULL, 'Maldivian', 'MV', '462', '960', 'MV.png', 0, 1, '2022-03-25 01:12:23', '2022-03-25 01:12:23'),
	(466, 'Mali', 'Republic of Mali', 'Bamako', 164, NULL, 'Malian', 'ML', '466', '223', 'ML.png', 0, 1, '2022-03-25 01:12:23', '2022-03-25 01:12:23'),
	(470, 'Malta', 'Republic of Malta', 'Valletta', 46, NULL, 'Maltese', 'MT', '470', '356', 'MT.png', 1, 1, '2022-03-25 01:12:23', '2022-03-25 01:12:23'),
	(474, 'Martinique', 'Martinique', 'Fort-de-France', 46, NULL, 'Martinican', 'MQ', '474', '596', 'MQ.png', 0, 1, '2022-03-25 01:12:23', '2022-03-25 01:12:23'),
	(478, 'Mauritania', 'Islamic Republic of Mauritania', 'Nouakchott', 95, NULL, 'Mauritanian', 'MR', '478', '222', 'MR.png', 0, 1, '2022-03-25 01:12:23', '2022-03-25 01:12:23'),
	(480, 'Mauritius', 'Republic of Mauritius', 'Port Louis', 96, NULL, 'Mauritian', 'MU', '480', '230', 'MU.png', 0, 1, '2022-03-25 01:12:23', '2022-03-25 01:12:23'),
	(484, 'Mexico', 'United Mexican States', 'Mexico City', 99, NULL, 'Mexican', 'MX', '484', '52', 'MX.png', 0, 1, '2022-03-25 01:12:23', '2022-03-25 01:12:23'),
	(492, 'Monaco', 'Principality of Monaco', 'Monaco', 46, NULL, 'Monegasque', 'MC', '492', '377', 'MC.png', 0, 1, '2022-03-25 01:12:23', '2022-03-25 01:12:23'),
	(496, 'Mongolia', 'Mongolia', 'Ulan Bator', 93, NULL, 'Mongolian', 'MN', '496', '976', 'MN.png', 0, 1, '2022-03-25 01:12:23', '2022-03-25 01:12:23'),
	(498, 'Moldova, Republic of', 'Republic of Moldova', 'Chisinau', 89, NULL, 'Moldovan', 'MD', '498', '373', 'MD.png', 0, 1, '2022-03-25 01:12:23', '2022-03-25 01:12:23'),
	(499, 'Montenegro', 'Montenegro', 'Podgorica', 46, NULL, 'Montenegrin', 'ME', '499', '382', NULL, 0, 1, '2022-03-25 01:12:23', '2022-03-25 01:12:23'),
	(500, 'Montserrat', 'Montserrat', 'Plymouth (MS2)', 162, NULL, 'Montserratian', 'MS', '500', '1', 'MS.png', 0, 1, '2022-03-25 01:12:23', '2022-03-25 01:12:23'),
	(504, 'Morocco', 'Kingdom of Morocco', 'Rabat', 88, NULL, 'Moroccan', 'MA', '504', '212', 'MA.png', 0, 1, '2022-03-25 01:12:23', '2022-03-25 01:12:23'),
	(508, 'Mozambique', 'Republic of Mozambique', 'Maputo', 101, NULL, 'Mozambican', 'MZ', '508', '258', 'MZ.png', 0, 1, '2022-03-25 01:12:23', '2022-03-25 01:12:23'),
	(512, 'Oman', 'Sultanate of Oman', 'Muscat', 108, NULL, 'Omani', 'OM', '512', '968', 'OM.png', 0, 1, '2022-03-25 01:12:23', '2022-03-25 01:12:23'),
	(516, 'Namibia', 'Republic of Namibia', 'Windhoek', 102, NULL, 'Namibian', 'NA', '516', '264', 'NA.png', 0, 1, '2022-03-25 01:12:23', '2022-03-25 01:12:23'),
	(520, 'Nauru', 'Republic of Nauru', 'Yaren', 8, NULL, 'Nauruan', 'NR', '520', '674', 'NR.png', 0, 1, '2022-03-25 01:12:23', '2022-03-25 01:12:23'),
	(524, 'Nepal', 'Nepal', 'Kathmandu', 106, NULL, 'Nepalese', 'NP', '524', '977', 'NP.png', 0, 1, '2022-03-25 01:12:23', '2022-03-25 01:12:23'),
	(528, 'Netherlands', 'Kingdom of the Netherlands', 'Amsterdam (NL2)', 46, NULL, 'Dutch', 'NL', '528', '31', 'NL.png', 1, 1, '2022-03-25 01:12:23', '2022-03-25 01:12:23'),
	(531, 'Curaao', 'Curaao', 'Willemstad', 5, NULL, 'Curaaoan', 'CW', '531', '599', NULL, 0, 1, '2022-03-25 01:12:23', '2022-03-25 01:12:23'),
	(533, 'Aruba', 'Aruba', 'Oranjestad', 9, NULL, 'Aruban', 'AW', '533', '297', 'AW.png', 0, 1, '2022-03-25 01:12:23', '2022-03-25 01:12:23'),
	(534, 'Sint Maarten (Dutch part)', 'Sint Maarten', 'Philipsburg', 5, NULL, 'Sint Maartener', 'SX', '534', '721', NULL, 0, 1, '2022-03-25 01:12:23', '2022-03-25 01:12:23'),
	(535, 'Bonaire, Sint Eustatius and Saba', NULL, NULL, 148, NULL, 'of Bonaire, Sint Eustatius and Saba', 'BQ', '535', '599', NULL, 0, 1, '2022-03-25 01:12:23', '2022-03-25 01:12:23'),
	(540, 'New Caledonia', 'New Caledonia', 'Nouma', 166, NULL, 'New Caledonian', 'NC', '540', '687', 'NC.png', 0, 1, '2022-03-25 01:12:23', '2022-03-25 01:12:23'),
	(548, 'Vanuatu', 'Republic of Vanuatu', 'Port Vila', 153, NULL, 'Vanuatuan', 'VU', '548', '678', 'VU.png', 0, 1, '2022-03-25 01:12:23', '2022-03-25 01:12:23'),
	(554, 'New Zealand', 'New Zealand', 'Wellington', 107, NULL, 'New Zealander', 'NZ', '554', '64', 'NZ.png', 0, 1, '2022-03-25 01:12:23', '2022-03-25 01:12:23'),
	(558, 'Nicaragua', 'Republic of Nicaragua', 'Managua', 104, NULL, 'Nicaraguan', 'NI', '558', '505', 'NI.png', 0, 1, '2022-03-25 01:12:23', '2022-03-25 01:12:23'),
	(562, 'Niger', 'Republic of Niger', 'Niamey', 164, NULL, 'Nigerien', 'NE', '562', '227', 'NE.png', 0, 1, '2022-03-25 01:12:23', '2022-03-25 01:12:23'),
	(566, 'Nigeria', 'Federal Republic of Nigeria', 'Abuja', 103, NULL, 'Nigerian', 'NG', '566', '234', 'NG.png', 0, 1, '2022-03-25 01:12:23', '2022-03-25 01:12:23'),
	(570, 'Niue', 'Niue', 'Alofi', 107, NULL, 'Niuean', 'NU', '570', '683', 'NU.png', 0, 1, '2022-03-25 01:12:23', '2022-03-25 01:12:23'),
	(574, 'Norfolk Island', 'Territory of Norfolk Island', 'Kingston', 8, NULL, 'Norfolk Islander', 'NF', '574', '672', 'NF.png', 0, 1, '2022-03-25 01:12:23', '2022-03-25 01:12:23'),
	(578, 'Norway', 'Kingdom of Norway', 'Oslo', 105, NULL, 'Norwegian', 'NO', '578', '47', 'NO.png', 1, 1, '2022-03-25 01:12:23', '2022-03-25 01:12:23'),
	(580, 'Northern Mariana Islands', 'Commonwealth of the Northern Mariana Islands', 'Saipan', 148, NULL, 'Northern Mariana Islander', 'MP', '580', '1', 'MP.png', 0, 1, '2022-03-25 01:12:23', '2022-03-25 01:12:23'),
	(581, 'United States Minor Outlying Islands', 'United States Minor Outlying Islands', 'United States Minor Outlying Islands', 148, NULL, 'of United States Minor Outlying Islands', 'UM', '581', '1', 'UM.png', 0, 1, '2022-03-25 01:12:23', '2022-03-25 01:12:23'),
	(583, 'Micronesia, Federated States of', 'Federated States of Micronesia', 'Palikir', 148, NULL, 'Micronesian', 'FM', '583', '691', 'FM.png', 0, 1, '2022-03-25 01:12:23', '2022-03-25 01:12:23'),
	(584, 'Marshall Islands', 'Republic of the Marshall Islands', 'Majuro', 148, NULL, 'Marshallese', 'MH', '584', '692', 'MH.png', 0, 1, '2022-03-25 01:12:23', '2022-03-25 01:12:23'),
	(585, 'Palau', 'Republic of Palau', 'Melekeok', 148, NULL, 'Palauan', 'PW', '585', '680', 'PW.png', 0, 1, '2022-03-25 01:12:23', '2022-03-25 01:12:23'),
	(586, 'Pakistan', 'Islamic Republic of Pakistan', 'Islamabad', 113, NULL, 'Pakistani', 'PK', '586', '92', 'PK.png', 0, 1, '2022-03-25 01:12:23', '2022-03-25 01:12:23'),
	(591, 'Panama', 'Republic of Panama', 'Panama City', 109, NULL, 'Panamanian', 'PA', '591', '507', 'PA.png', 0, 1, '2022-03-25 01:12:23', '2022-03-25 01:12:23'),
	(598, 'Papua New Guinea', 'Independent State of Papua New Guinea', 'Port Moresby', 111, NULL, 'Papua New Guinean', 'PG', '598', '675', 'PG.png', 0, 1, '2022-03-25 01:12:23', '2022-03-25 01:12:23'),
	(600, 'Paraguay', 'Republic of Paraguay', 'Asuncin', 115, NULL, 'Paraguayan', 'PY', '600', '595', 'PY.png', 0, 1, '2022-03-25 01:12:23', '2022-03-25 01:12:23'),
	(604, 'Peru', 'Republic of Peru', 'Lima', 110, NULL, 'Peruvian', 'PE', '604', '51', 'PE.png', 0, 1, '2022-03-25 01:12:23', '2022-03-25 01:12:23'),
	(608, 'Philippines', 'Republic of the Philippines', 'Manila', 112, NULL, 'Filipino', 'PH', '608', '63', 'PH.png', 0, 1, '2022-03-25 01:12:23', '2022-03-25 01:12:23'),
	(612, 'Pitcairn', 'Pitcairn Islands', 'Adamstown', 107, NULL, 'Pitcairner', 'PN', '612', '649', 'PN.png', 0, 1, '2022-03-25 01:12:23', '2022-03-25 01:12:23'),
	(616, 'Poland', 'Republic of Poland', 'Warsaw', 114, NULL, 'Polish', 'PL', '616', '48', 'PL.png', 1, 1, '2022-03-25 01:12:23', '2022-03-25 01:12:23'),
	(620, 'Portugal', 'Portuguese Republic', 'Lisbon', 46, NULL, 'Portuguese', 'PT', '620', '351', 'PT.png', 1, 1, '2022-03-25 01:12:23', '2022-03-25 01:12:23'),
	(624, 'Guinea-Bissau', 'Republic of Guinea-Bissau', 'Bissau', 164, NULL, 'Guinea-Bissau national', 'GW', '624', '245', 'GW.png', 0, 1, '2022-03-25 01:12:23', '2022-03-25 01:12:23'),
	(626, 'Timor-Leste', 'Democratic Republic of East Timor', 'Dili', 148, NULL, 'East Timorese', 'TL', '626', '670', 'TL.png', 0, 1, '2022-03-25 01:12:23', '2022-03-25 01:12:23'),
	(630, 'Puerto Rico', 'Commonwealth of Puerto Rico', 'San Juan', 148, NULL, 'Puerto Rican', 'PR', '630', '1', 'PR.png', 0, 1, '2022-03-25 01:12:23', '2022-03-25 01:12:23'),
	(634, 'Qatar', 'State of Qatar', 'Doha', 116, NULL, 'Qatari', 'QA', '634', '974', 'QA.png', 0, 1, '2022-03-25 01:12:23', '2022-03-25 01:12:23'),
	(638, 'Runion', 'Runion', 'Saint-Denis', 46, NULL, 'Reunionese', 'RE', '638', '262', 'RE.png', 0, 1, '2022-03-25 01:12:23', '2022-03-25 01:12:23'),
	(642, 'Romania', 'Romania', 'Bucharest', 117, NULL, 'Romanian', 'RO', '642', '40', 'RO.png', 1, 1, '2022-03-25 01:12:23', '2022-03-25 01:12:23'),
	(643, 'Russian Federation', 'Russian Federation', 'Moscow', 119, NULL, 'Russian', 'RU', '643', '7', 'RU.png', 0, 1, '2022-03-25 01:12:23', '2022-03-25 01:12:23'),
	(646, 'Rwanda', 'Republic of Rwanda', 'Kigali', 120, NULL, 'Rwandan; Rwandese', 'RW', '646', '250', 'RW.png', 0, 1, '2022-03-25 01:12:23', '2022-03-25 01:12:23'),
	(652, 'Saint Barthlemy', 'Collectivity of Saint Barthlemy', 'Gustavia', 46, NULL, 'of Saint Barthlemy', 'BL', '652', '590', NULL, 0, 1, '2022-03-25 01:12:23', '2022-03-25 01:12:23'),
	(654, 'Saint Helena, Ascension and Tristan da Cunha', 'Saint Helena, Ascension and Tristan da Cunha', 'Jamestown', 127, NULL, 'Saint Helenian', 'SH', '654', '290', 'SH.png', 0, 1, '2022-03-25 01:12:23', '2022-03-25 01:12:23'),
	(659, 'Saint Kitts and Nevis', 'Federation of Saint Kitts and Nevis', 'Basseterre', 162, NULL, 'Kittsian; Nevisian', 'KN', '659', '1', 'KN.png', 0, 1, '2022-03-25 01:12:23', '2022-03-25 01:12:23'),
	(660, 'Anguilla', 'Anguilla', 'The Valley', 162, NULL, 'Anguillan', 'AI', '660', '1', 'AI.png', 0, 1, '2022-03-25 01:12:23', '2022-03-25 01:12:23'),
	(662, 'Saint Lucia', 'Saint Lucia', 'Castries', 162, NULL, 'Saint Lucian', 'LC', '662', '1', 'LC.png', 0, 1, '2022-03-25 01:12:23', '2022-03-25 01:12:23'),
	(663, 'Saint Martin (French part)', 'Collectivity of Saint Martin', 'Marigot', 46, NULL, 'of Saint Martin', 'MF', '663', '590', NULL, 0, 1, '2022-03-25 01:12:23', '2022-03-25 01:12:23'),
	(666, 'Saint Pierre and Miquelon', 'Territorial Collectivity of Saint Pierre and Miquelon', 'Saint-Pierre', 46, NULL, 'St-Pierrais; Miquelonnais', 'PM', '666', '508', 'PM.png', 0, 1, '2022-03-25 01:12:23', '2022-03-25 01:12:23'),
	(670, 'Saint Vincent and the Grenadines', 'Saint Vincent and the Grenadines', 'Kingstown', 162, NULL, 'Vincentian', 'VC', '670', '1', 'VC.png', 0, 1, '2022-03-25 01:12:23', '2022-03-25 01:12:23'),
	(674, 'San Marino', 'Republic of San Marino', 'San Marino', 46, NULL, 'San Marinese', 'SM', '674', '378', 'SM.png', 0, 1, '2022-03-25 01:12:23', '2022-03-25 01:12:23'),
	(678, 'Sao Tome and Principe', 'Democratic Republic of So Tom and Prncipe', 'So Tom', 133, NULL, 'So Toman', 'ST', '678', '239', 'ST.png', 0, 1, '2022-03-25 01:12:23', '2022-03-25 01:12:23'),
	(682, 'Saudi Arabia', 'Kingdom of Saudi Arabia', 'Riyadh', 121, NULL, 'Saudi Arabian', 'SA', '682', '966', 'SA.png', 0, 1, '2022-03-25 01:12:23', '2022-03-25 01:12:23'),
	(686, 'Senegal', 'Republic of Senegal', 'Dakar', 164, NULL, 'Senegalese', 'SN', '686', '221', 'SN.png', 0, 1, '2022-03-25 01:12:23', '2022-03-25 01:12:23'),
	(688, 'Serbia', 'Republic of Serbia', 'Belgrade', 118, NULL, 'Serb', 'RS', '688', '381', NULL, 0, 1, '2022-03-25 01:12:23', '2022-03-25 01:12:23'),
	(690, 'Seychelles', 'Republic of Seychelles', 'Victoria', 123, NULL, 'Seychellois', 'SC', '690', '248', 'SC.png', 0, 1, '2022-03-25 01:12:23', '2022-03-25 01:12:23'),
	(694, 'Sierra Leone', 'Republic of Sierra Leone', 'Freetown', 129, NULL, 'Sierra Leonean', 'SL', '694', '232', 'SL.png', 0, 1, '2022-03-25 01:12:23', '2022-03-25 01:12:23'),
	(702, 'Singapore', 'Republic of Singapore', 'Singapore', 126, NULL, 'Singaporean', 'SG', '702', '65', 'SG.png', 0, 1, '2022-03-25 01:12:23', '2022-03-25 01:12:23'),
	(703, 'Slovakia', 'Slovak Republic', 'Bratislava', 46, NULL, 'Slovak', 'SK', '703', '421', 'SK.png', 1, 1, '2022-03-25 01:12:23', '2022-03-25 01:12:23'),
	(704, 'Viet Nam', 'Socialist Republic of Vietnam', 'Hanoi', 152, NULL, 'Vietnamese', 'VN', '704', '84', 'VN.png', 0, 1, '2022-03-25 01:12:23', '2022-03-25 01:12:23'),
	(705, 'Slovenia', 'Republic of Slovenia', 'Ljubljana', 46, NULL, 'Slovene', 'SI', '705', '386', 'SI.png', 1, 1, '2022-03-25 01:12:23', '2022-03-25 01:12:23'),
	(706, 'Somalia', 'Somali Republic', 'Mogadishu', 130, NULL, 'Somali', 'SO', '706', '252', 'SO.png', 0, 1, '2022-03-25 01:12:23', '2022-03-25 01:12:23'),
	(710, 'South Africa', 'Republic of South Africa', 'Pretoria (ZA1)', 170, NULL, 'South African', 'ZA', '710', '27', 'ZA.png', 0, 1, '2022-03-25 01:12:23', '2022-03-25 01:12:23'),
	(716, 'Zimbabwe', 'Republic of Zimbabwe', 'Harare', NULL, NULL, 'Zimbabwean', 'ZW', '716', '263', 'ZW.png', 0, 1, '2022-03-25 01:12:23', '2022-03-25 01:12:23'),
	(724, 'Spain', 'Kingdom of Spain', 'Madrid', 46, NULL, 'Spaniard', 'ES', '724', '34', 'ES.png', 1, 1, '2022-03-25 01:12:23', '2022-03-25 01:12:23'),
	(728, 'South Sudan', 'Republic of South Sudan', 'Juba', 132, NULL, 'South Sudanese', 'SS', '728', '211', NULL, 0, 1, '2022-03-25 01:12:23', '2022-03-25 01:12:23'),
	(729, 'Sudan', 'Republic of the Sudan', 'Khartoum', 124, NULL, 'Sudanese', 'SD', '729', '249', NULL, 0, 1, '2022-03-25 01:12:23', '2022-03-25 01:12:23'),
	(732, 'Western Sahara', 'Western Sahara', 'Al aaiun', 88, NULL, 'Sahrawi', 'EH', '732', '212', 'EH.png', 0, 1, '2022-03-25 01:12:23', '2022-03-25 01:12:23'),
	(740, 'Suriname', 'Republic of Suriname', 'Paramaribo', 131, NULL, 'Surinamese', 'SR', '740', '597', 'SR.png', 0, 1, '2022-03-25 01:12:23', '2022-03-25 01:12:23'),
	(744, 'Svalbard and Jan Mayen', 'Svalbard and Jan Mayen', 'Longyearbyen', 105, NULL, 'of Svalbard', 'SJ', '744', '47', 'SJ.png', 0, 1, '2022-03-25 01:12:23', '2022-03-25 01:12:23'),
	(748, 'Swaziland', 'Kingdom of Swaziland', 'Mbabane', 136, NULL, 'Swazi', 'SZ', '748', '268', 'SZ.png', 0, 1, '2022-03-25 01:12:23', '2022-03-25 01:12:23'),
	(752, 'Sweden', 'Kingdom of Sweden', 'Stockholm', 125, NULL, 'Swedish', 'SE', '752', '46', 'SE.png', 1, 1, '2022-03-25 01:12:23', '2022-03-25 01:12:23'),
	(756, 'Switzerland', 'Swiss Confederation', 'Berne', 29, NULL, 'Swiss', 'CH', '756', '41', 'CH.png', 1, 1, '2022-03-25 01:12:23', '2022-03-25 01:12:23'),
	(760, 'Syrian Arab Republic', 'Syrian Arab Republic', 'Damascus', 135, NULL, 'Syrian', 'SY', '760', '963', 'SY.png', 0, 1, '2022-03-25 01:12:23', '2022-03-25 01:12:23'),
	(762, 'Tajikistan', 'Republic of Tajikistan', 'Dushanbe', 138, NULL, 'Tajik', 'TJ', '762', '992', 'TJ.png', 0, 1, '2022-03-25 01:12:23', '2022-03-25 01:12:23'),
	(764, 'Thailand', 'Kingdom of Thailand', 'Bangkok', 137, NULL, 'Thai', 'TH', '764', '66', 'TH.png', 0, 1, '2022-03-25 01:12:23', '2022-03-25 01:12:23'),
	(768, 'Togo', 'Togolese Republic', 'Lom', 164, NULL, 'Togolese', 'TG', '768', '228', 'TG.png', 0, 1, '2022-03-25 01:12:23', '2022-03-25 01:12:23'),
	(772, 'Tokelau', 'Tokelau', '(TK2)', 107, NULL, 'Tokelauan', 'TK', '772', '690', 'TK.png', 0, 1, '2022-03-25 01:12:23', '2022-03-25 01:12:23'),
	(776, 'Tonga', 'Kingdom of Tonga', 'Nukualofa', 141, NULL, 'Tongan', 'TO', '776', '676', 'TO.png', 0, 1, '2022-03-25 01:12:23', '2022-03-25 01:12:23'),
	(780, 'Trinidad and Tobago', 'Republic of Trinidad and Tobago', 'Port of Spain', 143, NULL, 'Trinidadian; Tobagonian', 'TT', '780', '1', 'TT.png', 0, 1, '2022-03-25 01:12:23', '2022-03-25 01:12:23'),
	(784, 'United Arab Emirates', 'United Arab Emirates', 'Abu Dhabi', 1, NULL, 'Emirian', 'AE', '784', '971', 'AE.png', 0, 1, '2022-03-25 01:12:23', '2022-03-25 01:12:23'),
	(788, 'Tunisia', 'Republic of Tunisia', 'Tunis', 140, NULL, 'Tunisian', 'TN', '788', '216', 'TN.png', 0, 1, '2022-03-25 01:12:23', '2022-03-25 01:12:23'),
	(792, 'Turkey', 'Republic of Turkey', 'Ankara', 142, NULL, 'Turk', 'TR', '792', '90', 'TR.png', 0, 1, '2022-03-25 01:12:23', '2022-03-25 01:12:23'),
	(795, 'Turkmenistan', 'Turkmenistan', 'Ashgabat', 139, NULL, 'Turkmen', 'TM', '795', '993', 'TM.png', 0, 1, '2022-03-25 01:12:23', '2022-03-25 01:12:23'),
	(796, 'Turks and Caicos Islands', 'Turks and Caicos Islands', 'Cockburn Town', 148, NULL, 'Turks and Caicos Islander', 'TC', '796', '1', 'TC.png', 0, 1, '2022-03-25 01:12:23', '2022-03-25 01:12:23'),
	(798, 'Tuvalu', 'Tuvalu', 'Funafuti', 8, NULL, 'Tuvaluan', 'TV', '798', '688', 'TV.png', 0, 1, '2022-03-25 01:12:23', '2022-03-25 01:12:23'),
	(800, 'Uganda', 'Republic of Uganda', 'Kampala', 147, NULL, 'Ugandan', 'UG', '800', '256', 'UG.png', 0, 1, '2022-03-25 01:12:23', '2022-03-25 01:12:23'),
	(804, 'Ukraine', 'Ukraine', 'Kiev', 146, NULL, 'Ukrainian', 'UA', '804', '380', 'UA.png', 0, 1, '2022-03-25 01:12:23', '2022-03-25 01:12:23'),
	(807, 'Macedonia, the former Yugoslav Republic of', 'the former Yugoslav Republic of Macedonia', 'Skopje', 91, NULL, 'of the former Yugoslav Republic of Macedonia', 'MK', '807', '389', 'MK.png', 0, 1, '2022-03-25 01:12:23', '2022-03-25 01:12:23'),
	(818, 'Egypt', 'Arab Republic of Egypt', 'Cairo', 43, NULL, 'Egyptian', 'EG', '818', '20', 'EG.png', 0, 1, '2022-03-25 01:12:23', '2022-03-25 01:12:23'),
	(826, 'United Kingdom', 'United Kingdom of Great Britain and Northern Ireland', 'London', 49, NULL, 'British', 'GB', '826', '44', 'GB.png', 1, 1, '2022-03-25 01:12:23', '2022-03-25 01:12:23'),
	(831, 'Guernsey', 'Bailiwick of Guernsey', 'St Peter Port', NULL, NULL, 'of Guernsey', 'GG', '831', '44', NULL, 0, 1, '2022-03-25 01:12:23', '2022-03-25 01:12:23'),
	(832, 'Jersey', 'Bailiwick of Jersey', 'St Helier', NULL, NULL, 'of Jersey', 'JE', '832', '44', NULL, 0, 1, '2022-03-25 01:12:23', '2022-03-25 01:12:23'),
	(833, 'Isle of Man', 'Isle of Man', 'Douglas', NULL, NULL, 'Manxman; Manxwoman', 'IM', '833', '44', NULL, 0, 1, '2022-03-25 01:12:23', '2022-03-25 01:12:23'),
	(834, 'Tanzania, United Republic of', 'United Republic of Tanzania', 'Dodoma (TZ1)', 145, NULL, 'Tanzanian', 'TZ', '834', '255', 'TZ.png', 0, 1, '2022-03-25 01:12:23', '2022-03-25 01:12:23'),
	(840, 'United States', 'United States of America', 'Washington DC', 148, NULL, 'American', 'US', '840', '1', 'US.png', 0, 1, '2022-03-25 01:12:23', '2022-03-25 01:12:23'),
	(850, 'Virgin Islands, U.S.', 'United States Virgin Islands', 'Charlotte Amalie', 148, NULL, 'US Virgin Islander', 'VI', '850', '1', 'VI.png', 0, 1, '2022-03-25 01:12:23', '2022-03-25 01:12:23'),
	(854, 'Burkina Faso', 'Burkina Faso', 'Ouagadougou', 164, NULL, 'Burkinabe', 'BF', '854', '226', 'BF.png', 0, 1, '2022-03-25 01:12:23', '2022-03-25 01:12:23'),
	(858, 'Uruguay', 'Eastern Republic of Uruguay', 'Montevideo', 149, NULL, 'Uruguayan', 'UY', '858', '598', 'UY.png', 0, 1, '2022-03-25 01:12:23', '2022-03-25 01:12:23'),
	(860, 'Uzbekistan', 'Republic of Uzbekistan', 'Tashkent', 150, NULL, 'Uzbek', 'UZ', '860', '998', 'UZ.png', 0, 1, '2022-03-25 01:12:23', '2022-03-25 01:12:23'),
	(862, 'Venezuela, Bolivarian Republic of', 'Bolivarian Republic of Venezuela', 'Caracas', 151, NULL, 'Venezuelan', 'VE', '862', '58', 'VE.png', 0, 1, '2022-03-25 01:12:23', '2022-03-25 01:12:23'),
	(876, 'Wallis and Futuna', 'Wallis and Futuna', 'Mata-Utu', 166, NULL, 'Wallisian; Futunan; Wallis and Futuna Islander', 'WF', '876', '681', 'WF.png', 0, 1, '2022-03-25 01:12:23', '2022-03-25 01:12:23'),
	(882, 'Samoa', 'Independent State of Samoa', 'Apia', 154, NULL, 'Samoan', 'WS', '882', '685', 'WS.png', 0, 1, '2022-03-25 01:12:23', '2022-03-25 01:12:23'),
	(887, 'Yemen', 'Republic of Yemen', 'Sana', 169, NULL, 'Yemenite', 'YE', '887', '967', 'YE.png', 0, 1, '2022-03-25 01:12:23', '2022-03-25 01:12:23'),
	(894, 'Zambia', 'Republic of Zambia', 'Lusaka', 172, NULL, 'Zambian', 'ZM', '894', '260', 'ZM.png', 0, 1, '2022-03-25 01:12:23', '2022-03-25 01:12:23');
/*!40000 ALTER TABLE `countries` ENABLE KEYS */;

-- Dumping structure for table zcart2511.coupons
CREATE TABLE IF NOT EXISTS `coupons` (
  `id` bigint(20) unsigned NOT NULL AUTO_INCREMENT,
  `shop_id` int(10) unsigned DEFAULT NULL,
  `name` text COLLATE utf8_unicode_ci,
  `code` varchar(255) COLLATE utf8_unicode_ci DEFAULT NULL,
  `description` text COLLATE utf8_unicode_ci,
  `value` decimal(20,6) DEFAULT NULL,
  `min_order_amount` decimal(20,6) DEFAULT NULL,
  `type` enum('amount','percent') COLLATE utf8_unicode_ci NOT NULL DEFAULT 'amount',
  `quantity` int(11) DEFAULT NULL,
  `quantity_per_customer` int(11) DEFAULT NULL,
  `starting_time` timestamp NULL DEFAULT NULL,
  `ending_time` timestamp NULL DEFAULT NULL,
  `active` tinyint(1) NOT NULL DEFAULT '1',
  `deleted_at` timestamp NULL DEFAULT NULL,
  `created_at` timestamp NULL DEFAULT NULL,
  `updated_at` timestamp NULL DEFAULT NULL,
  PRIMARY KEY (`id`)
) ENGINE=InnoDB AUTO_INCREMENT=16 DEFAULT CHARSET=utf8 COLLATE=utf8_unicode_ci;

-- Dumping data for table zcart2511.coupons: ~15 rows (approximately)
/*!40000 ALTER TABLE `coupons` DISABLE KEYS */;
INSERT INTO `coupons` (`id`, `shop_id`, `name`, `code`, `description`, `value`, `min_order_amount`, `type`, `quantity`, `quantity_per_customer`, `starting_time`, `ending_time`, `active`, `deleted_at`, `created_at`, `updated_at`) VALUES
	(1, 1, 'hic', '4', 'Rerum optio tempora culpa asperiores sit et. Natus sed quae et consequuntur qui enim. Quaerat nihil eius velit tempora odio commodi ut. Ea quia aspernatur at qui consequatur. Dolor corrupti impedit dolorem et aperiam. Et est nihil eveniet nisi officiis. Maxime nisi ipsum labore et. In consequatur repellat recusandae ullam temporibus iusto. Ex labore sequi et. Et repellat voluptas odio deleniti numquam. Eos et rem et non aliquam sit non expedita. Fugiat quo ut odio quis. Aliquam aut at qui nam aut. Repudiandae modi dicta doloremque reprehenderit molestiae rerum ad. Rerum tenetur explicabo non cupiditate. Rerum illum laborum rerum sit. Vitae soluta voluptatem voluptatem illum minima sunt et. Sed nisi cumque quaerat vel vel. Voluptates quaerat quas nam sit. Consequuntur ea praesentium odio. Laboriosam qui expedita nemo harum ut et id. Dolore iste qui eius est. Odio possimus magnam non cumque vero. Unde quia omnis dolores nulla. Et consequatur fuga eos in non. Labore nam fugiat aut sunt voluptatum repudiandae. Veritatis consequuntur dolore sit ea beatae ea incidunt. Et tenetur natus repudiandae dolorem consequuntur. Pariatur laborum delectus incidunt dolor. Dolores quasi tempora dolor consequatur officia. Reiciendis fugit aut natus molestias dolorum impedit saepe qui. Est voluptas in veniam. Exercitationem quia mollitia ipsam explicabo porro fuga.', 94.000000, NULL, 'amount', 24, 3, '2022-03-31 01:15:00', '2022-04-04 01:15:00', 1, NULL, '2022-03-22 01:15:34', '2022-03-16 01:15:34'),
	(2, 5, 'architecto', '436281753', 'Labore magnam aliquid ad eos possimus sunt. Rem porro recusandae enim ut. Enim molestiae dolor saepe et laudantium ad est. Sint eos impedit necessitatibus a dolor quisquam minus. Ex provident deleniti in est. Minima et dolorem alias aut molestiae. Ut qui quo dolorem qui. Molestiae alias ea et accusamus odio unde cupiditate corrupti. Explicabo possimus veniam doloribus. Praesentium iure voluptas vero pariatur. Nesciunt excepturi quaerat molestiae dicta totam neque ea. Atque ut molestias occaecati sit et. Libero aperiam ut iure voluptates excepturi accusantium. Eos voluptatum illum repudiandae et atque omnis nesciunt qui. Quis vel consectetur officia animi ut. Necessitatibus est ea quae impedit. Dicta at velit perferendis rerum. Qui officiis quisquam magni aliquid voluptatem molestias dignissimos. Culpa eligendi laudantium autem eaque mollitia adipisci aut nobis. Molestias maiores deserunt numquam voluptate beatae illum dolore vel. Sed dolorum ea amet ut explicabo laudantium est architecto. Nisi recusandae error sit exercitationem qui eius. Mollitia quas sed quia tenetur ratione. Similique impedit corporis sit quis qui mollitia maiores. Illo dolorum in qui unde totam magni nulla officia. Ut minus aperiam molestiae aliquam maiores. Libero est expedita nihil sequi vitae. Nesciunt repudiandae consequatur reiciendis sint. Fuga sint sit voluptates et aut dolorem.', 94.000000, NULL, 'amount', 40, 5, '2022-04-01 01:15:00', '2022-04-02 01:15:00', 1, NULL, '2022-03-23 01:15:34', '2022-03-11 01:15:34'),
	(3, 5, 'aut', '472', 'Vitae quod ipsam et et eius ex ratione porro. Veniam quae animi vero sed. Et blanditiis eos quas soluta est consequatur ullam optio. Ut ducimus non enim culpa possimus fuga. Molestiae eveniet quisquam est corporis enim culpa. Sit beatae et eaque sint ipsa cupiditate. Placeat est doloremque qui dolorum temporibus sit. Odit aut accusantium praesentium omnis et iure. Qui consequatur doloremque iste enim cum amet laboriosam quo. Quae numquam velit ut similique quasi dicta doloremque. Et ea non consequatur deleniti non necessitatibus. Sunt corporis dolores quibusdam ut possimus dolorum. Molestias dolorem qui facilis atque magnam iste. Est rerum eum deleniti error voluptas. Et dolorem corporis blanditiis aut enim soluta voluptas. Magnam in voluptatum eum at. Eveniet minima est nobis blanditiis doloribus quo assumenda. Vel nihil nihil libero dignissimos qui praesentium. Sed tempore labore autem modi nemo dolorem praesentium quia. Nulla magni commodi necessitatibus autem sint reprehenderit dolore. Sed voluptatibus aut quisquam laborum et ea. Vel sint sed accusamus quos libero dolor. Reprehenderit nesciunt impedit blanditiis maiores consequatur et. Omnis cum totam rerum quas sit. Aut qui dolores repellendus minus. Atque quia a vitae. Iusto et id cumque itaque dolor fugit. Velit sint commodi in molestiae facere sit aut.', 76.000000, NULL, 'percent', 88, 3, '2022-03-29 01:15:00', '2022-04-05 01:15:00', 1, NULL, '2022-03-15 01:15:34', '2022-03-21 01:15:34'),
	(4, 2, 'nihil', '9', 'Laboriosam sequi in pariatur eos inventore quia architecto incidunt. Iste odio non deserunt id voluptatem doloribus. Consequatur voluptatem nulla earum et ut ad non. Officia qui sint quam aliquam et iste dolorem. Qui nobis et porro ut qui. Optio dolor labore explicabo ad. Qui maiores vero qui ipsum atque. Quia molestiae repellat cum eligendi asperiores doloremque. Velit quod dolores nisi qui ab sunt qui. Ut eveniet consequatur impedit. Enim adipisci in illum omnis qui quasi. Veritatis omnis vel eligendi harum quo. Saepe quaerat qui perferendis ut blanditiis sint est. Maiores in impedit quo. Sint laudantium autem qui et beatae debitis. Optio dolorum minus maiores impedit consequatur cupiditate. Iusto nemo occaecati molestiae officiis esse. Possimus repellendus et rerum alias odio. In occaecati dolores error modi fugiat. Ipsam distinctio adipisci atque unde deleniti incidunt. Eligendi quo tempora qui aperiam maiores non. Et culpa error quas sint aut. Sit qui ex eaque ad aut eum similique. Ut libero voluptatem expedita dolor ea et et. Quos iste odio provident maiores ipsa. Iusto in sed dolore sit quia ducimus. Doloremque iusto non reprehenderit doloremque sed impedit facere. Eum quasi autem libero et. Dolorum aliquam minus unde dolores doloribus incidunt eveniet. Porro voluptatibus fuga aliquid minus illum odio rerum expedita. Sequi vel et autem temporibus in. Exercitationem saepe similique id laborum delectus blanditiis rem.', 22.000000, NULL, 'amount', 66, 1, '2022-03-26 01:15:00', '2022-04-11 01:15:00', 1, NULL, '2022-03-10 01:15:34', '2022-03-11 01:15:34'),
	(5, 1, 'consequatur', '602', 'Quos dolor reprehenderit totam illum quos aut minus. Illo explicabo cumque voluptatem. Ea amet sunt eum aut. Praesentium sunt autem quia id quisquam. Deleniti eius impedit commodi veniam qui. Quisquam ex voluptatem fuga dolores nisi fuga. Qui rerum debitis beatae quaerat quo quia. Laboriosam repellendus velit harum occaecati necessitatibus ut ut. Numquam cupiditate totam cum. Odio ut et ex voluptatem ratione reiciendis hic. Neque ut labore similique ad facere. Et quisquam animi sit qui id nemo reprehenderit. Ea eius et porro ullam exercitationem quam doloremque. Aperiam at qui dolore voluptas hic ad. Dolor quo assumenda iste distinctio nemo. Nihil commodi rerum corporis placeat sint officiis. Libero cupiditate qui sint dolor vero ut. Delectus ab adipisci reiciendis. Ea neque alias qui officiis. In eaque nisi deserunt aspernatur iusto consequuntur dignissimos rerum. Dolorem doloribus alias nostrum eum et. Eos itaque tempora tempore dolor quo. Soluta ut cupiditate laborum cupiditate voluptate cupiditate nobis. Totam quasi velit officia corporis architecto et et omnis. Quia tempore sapiente adipisci qui quo. Aspernatur consequuntur ut nihil minus rerum adipisci iusto. Rerum earum voluptas tempora tenetur veniam aut. Molestias quia vel itaque. Qui nostrum assumenda voluptatibus aut molestiae debitis sapiente.', 29.000000, NULL, 'percent', 73, 4, '2022-03-25 01:15:00', '2022-04-06 01:15:00', 1, NULL, '2022-03-17 01:15:34', '2022-03-22 01:15:34'),
	(6, 4, 'praesentium', '6881326', 'Totam est dolor aut aut vero fugit dolorum. Magni dolorum neque dicta labore sed rerum. Voluptate eum autem sed doloribus excepturi eos. Unde hic aliquam ab omnis. Dolor sunt rerum dolore a. Libero perspiciatis quisquam magnam dicta ipsa quaerat quo et. Et sit praesentium amet vitae. Ut eos dicta excepturi ratione nemo velit eius. Aut aut laboriosam consectetur dolor minima exercitationem. Velit eaque voluptatum amet fugiat non. Quis eveniet enim cum provident possimus. Ea neque sed quod. Eos odio corrupti eum esse quae inventore ipsum. Sint corrupti non culpa. Magni voluptatem aliquam dolore modi rerum rerum soluta. Occaecati optio voluptas ad dolorem. Impedit et atque repudiandae magnam possimus. Consequatur minus sint praesentium impedit delectus molestiae qui. Exercitationem officia expedita voluptatem facilis corporis id. Velit dicta et doloribus repellat facere. Dolorem sint fugit non enim corporis. Id neque architecto nobis voluptas aut qui nostrum. Est id odit molestias. Ut beatae omnis nihil voluptates fugiat. Minus eum cupiditate et voluptatum eos. Itaque tempora similique quae. Voluptas consequuntur sit eligendi. Rem numquam voluptatem ab non sapiente. Ut omnis sint eius adipisci quas et quia. Ad praesentium facere aut quas. Doloremque molestias corrupti officiis quia voluptates quos alias. Magni dignissimos in tempora laborum delectus eaque ad.', 23.000000, NULL, 'percent', 68, 4, '2022-03-25 01:15:00', '2022-04-05 01:15:00', 1, NULL, '2022-03-14 01:15:34', '2022-03-19 01:15:34'),
	(7, 3, 'ut', '347963', 'Voluptatem est quas eum maiores veritatis omnis molestiae. Excepturi saepe omnis in vero ab. Rem quod at omnis aut est ut aliquid. Quae veritatis saepe non. Provident sequi illo et iste totam aut. Perspiciatis eum laboriosam dolore minus et rem et. Fugit illo aut eius deleniti. Voluptas doloribus quis sit facilis sed neque. Autem amet nihil commodi sint ea nihil. Praesentium voluptatibus laborum quos amet voluptas similique repudiandae. Quo unde iusto ipsa odio aliquam at ex. Atque aspernatur dolores odit voluptatem. Magni incidunt et velit magni iusto ex. Magni voluptas voluptas laboriosam quis. Dolorem exercitationem ut sit quia excepturi aut. Tenetur impedit ut qui voluptates quis. Sit praesentium corrupti sequi corporis autem dolorem. Voluptatum blanditiis sed reprehenderit sit temporibus. Est omnis veniam occaecati quia maiores ut. Minus sint minus corrupti facere id. Et praesentium esse velit ea quasi. Aperiam velit velit quos sed est sint molestiae. Non ratione ut est. Ea consequuntur provident id culpa illum dolores est. Dolore qui aliquam non non nostrum minima. Alias omnis praesentium dolorum eos velit asperiores omnis. Omnis minus a et laudantium. Voluptatem natus consequatur voluptatum qui et dolorum nihil. Omnis beatae modi accusantium quis. Praesentium distinctio libero rerum dolorum et eveniet officia. Dolorum aperiam incidunt omnis occaecati aliquam eos aut sint. Eius eius natus impedit odio eum illum. Rem eos qui inventore aut velit.', 51.000000, NULL, 'percent', 15, 2, '2022-03-27 01:15:00', '2022-04-02 01:15:00', 1, NULL, '2022-03-16 01:15:34', '2022-03-17 01:15:34'),
	(8, 4, 'enim', '782717', 'Impedit eos voluptates quidem quia commodi laboriosam nemo id. Totam quod est et dolorum iusto et. Ad quis quos nesciunt ut placeat enim magni. Neque doloribus vitae nostrum est eum esse dolor. Consectetur nihil velit quo sit vero doloremque nihil. Dolor quae placeat voluptates repudiandae dolor omnis quisquam. Ducimus sit harum cum et aspernatur necessitatibus soluta. Inventore repudiandae nihil alias blanditiis ad quia. Velit doloribus eaque nobis facilis enim. Vitae omnis dolorem libero ipsa. Dolorem qui iure adipisci dicta dolor eligendi aspernatur voluptatibus. Atque unde cupiditate voluptatem aut labore accusamus laudantium et. Iusto qui in illo labore unde. Voluptatum quibusdam quo quia soluta. Totam soluta vel facilis sint. Qui et placeat et adipisci quia est qui eos. Doloremque occaecati reiciendis rerum amet hic ex. Rerum accusantium fugiat nulla illo eligendi asperiores odio. Non velit error ipsam perferendis id id rerum. Labore sapiente libero deserunt veritatis optio ut natus. Totam iste voluptate quia. Voluptate delectus dolores eligendi id. Eum qui nemo omnis similique. Eos qui est beatae eum aperiam non. Quidem aliquid saepe corrupti accusantium sit. Mollitia et error ut ut nihil rerum explicabo. Ex voluptas rerum quibusdam tempore. Unde sed rem laborum ab ut. Fugit earum vel ad. Assumenda omnis ea rem.', 93.000000, NULL, 'amount', 94, 2, '2022-03-29 01:15:00', '2022-04-14 01:15:00', 1, NULL, '2022-03-15 01:15:34', '2022-03-22 01:15:34'),
	(9, 3, 'iusto', '663', 'Libero voluptatibus ea aut et autem. Aut quidem vel deleniti voluptates omnis corporis consequuntur. Sint quibusdam qui tempora eos at eaque. Natus quibusdam et atque fugit ducimus et. Inventore animi rerum ut accusantium voluptatibus et maxime sed. Laborum aperiam illo numquam. Hic consequatur sed et. Sunt ducimus ratione quo placeat sit non impedit. Laudantium commodi quis tempore eos. Aut et incidunt impedit id. Mollitia assumenda eius omnis facilis. Architecto iste hic quam saepe maiores ut est. Dolores earum dolores veritatis voluptatibus odit omnis. In beatae et ut labore. Rerum laudantium aut unde ullam rerum. Explicabo tempore adipisci nesciunt ducimus. Asperiores enim error tempore voluptatem delectus ut quis totam. Accusantium non quo maiores. Blanditiis tempore rerum vel cupiditate at asperiores quos. Et expedita iusto eveniet consequatur consequatur. Aliquid eligendi ea qui quod qui consequatur. Quibusdam debitis saepe iste id velit. Sit debitis mollitia ipsam numquam. Occaecati soluta aut voluptatem quia aut eum ut. Odit debitis voluptatibus unde ipsum rerum explicabo optio. Voluptate dolorem ut iusto quia pariatur sit et. Corporis alias eos temporibus est aut nihil dolor aliquam. Dignissimos nostrum voluptas libero quod consequatur alias dolores quis. Ut quas occaecati cupiditate est velit minima. Totam accusantium sint enim omnis ipsum facere.', 50.000000, NULL, 'amount', 12, 2, '2022-03-26 01:15:00', '2022-04-03 01:15:00', 1, NULL, '2022-03-25 01:15:34', '2022-03-19 01:15:34'),
	(10, 3, 'velit', '340256772', 'Blanditiis porro molestias nihil sapiente. Voluptatum vero est sed autem voluptatum. Possimus id totam voluptates ab sint veniam omnis. Ea voluptates quas rerum. Eos et dolorum incidunt ducimus eos. Occaecati est sed mollitia veniam. Veniam facere inventore quibusdam iusto est ea. Quis et est nemo vel. Quod voluptatem temporibus ut consequatur saepe repellat illum molestiae. Maiores sint reiciendis accusantium voluptatem. Dicta qui et quam esse non inventore iure. Dignissimos voluptates ut sequi id. Eius in voluptatem illo esse dignissimos. Et quaerat ex ad quos asperiores molestiae ea. Aut quaerat culpa eos aut voluptas provident labore. Sed architecto et sed officiis aspernatur autem. Ut dolorem illo molestias est. Enim odit ut laboriosam quaerat hic. Aperiam consectetur et commodi consequatur exercitationem iste porro. Eos quo atque facere eum nam impedit. Explicabo occaecati beatae dolor error dolore dolor aspernatur repellendus. Harum dolores nihil possimus non numquam aliquid. Nihil et nulla ut officia. Reiciendis molestias vero perferendis dolor quam debitis sit. Optio et voluptate amet eveniet fuga. Natus non voluptates adipisci dolorem. Dolorum neque inventore possimus sed omnis. Rem alias placeat nisi totam. Quos doloribus ullam ut cum. In aut in aspernatur dolores et consequatur. Maxime ipsum adipisci magnam est fuga. Vitae vitae odio id vitae corrupti.', 35.000000, NULL, 'amount', 23, 2, '2022-04-01 01:15:00', '2022-04-14 01:15:00', 1, NULL, '2022-03-16 01:15:34', '2022-03-19 01:15:34'),
	(11, 3, 'perspiciatis', '938', 'Cumque non amet illo ut provident asperiores. Quas debitis esse ut facilis voluptas consequatur dolorem dolor. Itaque sed repellendus aliquam et at aut. Odit dolorem suscipit maxime odio aliquid sunt expedita est. Quod dolor aliquid et ut quibusdam et ea. Voluptatum dolores velit omnis deserunt ut quam. Quaerat at eligendi fugiat voluptatem. Inventore voluptates laboriosam ut expedita. Voluptas qui est voluptatem. Dolorem dolore placeat necessitatibus eos delectus. Accusamus sint dolorem nemo unde et. Quaerat ad iste earum. Mollitia soluta qui rerum corporis aut excepturi. Voluptates ipsa neque voluptate qui est vel iste ut. Ut placeat et impedit vel. Autem iure blanditiis deserunt ut. Porro aut nihil facere sunt autem rerum at. Hic quisquam autem dolor enim veritatis. Tempora qui omnis nam. Nisi aut sint quia dolorem repellendus. Quis necessitatibus et laboriosam. Explicabo fugiat quia animi aut porro. Voluptas ex molestiae facere modi quaerat a quia. Non quo eos est perferendis impedit maxime. Vitae tenetur beatae repudiandae vitae nesciunt. Vitae perspiciatis est excepturi qui nobis iste vitae qui. Quo dolore qui voluptates voluptatem accusamus et architecto. Dolor accusamus aut delectus dolorem et amet illo. Dolores modi reiciendis quidem ut sit quo. Eveniet laboriosam rem neque laboriosam quam. Molestias magnam quo omnis. Nisi doloremque doloremque aliquam alias repudiandae magni. Optio quo quia delectus aliquid id. Aliquid fugiat perferendis quod quis delectus et.', 61.000000, NULL, 'amount', 79, 4, '2022-03-31 01:15:00', '2022-04-05 01:15:00', 1, NULL, '2022-03-18 01:15:34', '2022-03-20 01:15:34'),
	(12, 1, 'eaque', '6315', 'Deleniti sint ea error magni. Dolores voluptatem excepturi nam ipsam similique vel veritatis. Velit iste perferendis omnis voluptatem voluptate in. Amet corrupti nihil nemo ipsum. Iste sit quae placeat praesentium molestias laboriosam ipsam in. Soluta ratione sit necessitatibus illo. Officia et molestiae et earum neque maxime. Et aliquam saepe iusto porro incidunt. Quibusdam atque labore consequatur rerum quis iusto voluptatem. In velit voluptas ipsum possimus in perferendis est. Perferendis ut quod voluptatum sint nihil pariatur ducimus libero. Quisquam voluptate voluptatem aut non ullam itaque est enim. Quam rerum quis ut praesentium et ratione laboriosam quia. Quia repudiandae quaerat et nihil recusandae impedit rerum placeat. Quae blanditiis id corporis expedita ut cumque ut voluptatum. Itaque et in ad nobis quo. Consequuntur ipsum natus voluptas possimus aut magnam quia. Rem iusto voluptatem et ipsum. Repellat laboriosam iusto et temporibus corrupti error. Sequi ea dolor quae dolorem. Eum ut ut quae facilis veritatis non in. Consequatur necessitatibus alias consequatur laborum laudantium quo voluptatem. Enim tempora atque mollitia quisquam labore enim. Reprehenderit voluptas tempore deleniti saepe. Rerum earum atque enim voluptas odio distinctio nulla. Laudantium expedita quidem hic. Corrupti accusamus ad tenetur. Perspiciatis quo et nihil atque dolorum. Quaerat facilis maxime nostrum temporibus eius aut nam. Unde ipsa vel ut culpa.', 78.000000, NULL, 'percent', 22, 5, '2022-03-29 01:15:00', '2022-04-08 01:15:00', 1, NULL, '2022-03-24 01:15:34', '2022-03-22 01:15:34'),
	(13, 5, 'tempora', '64762', 'Quasi natus corporis tempora odio hic. Ad animi dolor ut officia doloribus nulla. Dolorem at corporis blanditiis quod et provident. Blanditiis repellendus voluptatem dignissimos deleniti porro possimus. Explicabo consequuntur illum voluptatibus distinctio tempora est optio. Neque ut sed molestiae accusamus. Quia laboriosam voluptatum temporibus voluptatem. Dolor voluptas quisquam est nemo maiores maiores iure. Nam quia dolor assumenda quis veniam sed consequatur. Sequi rerum omnis vitae tempore doloribus quia in. Nulla sed ex laudantium iste sint voluptas. Sit beatae dolorem praesentium eveniet. Veniam qui velit animi et laboriosam tempore. Rerum voluptatibus explicabo eos. Laborum neque sit voluptatem ratione. Sed maiores labore illum consectetur odit qui. Incidunt eum ea debitis et excepturi. Beatae aut aut perferendis deleniti a. Aliquam vero cupiditate quibusdam. Tempora inventore quis tenetur perspiciatis natus rerum qui. Sequi provident mollitia sed maxime veritatis et. Hic qui numquam laboriosam aliquid. Ipsam impedit repellat recusandae cupiditate reiciendis. Quo ex quia aliquam eos vero incidunt et. Reiciendis non voluptatibus sequi non voluptatem. Est impedit voluptatem corporis quis sit. Quia deserunt veniam est delectus aliquid voluptas laborum. Reiciendis id aliquam commodi alias natus dolorem. Voluptatem aut rem reprehenderit ipsa. Natus consequatur nihil dolorem sint perspiciatis. Earum quia quos et voluptas. Autem sed qui placeat sint optio.', 66.000000, NULL, 'amount', 45, 5, '2022-03-27 01:15:00', '2022-04-04 01:15:00', 1, NULL, '2022-03-10 01:15:34', '2022-03-13 01:15:34'),
	(14, 4, 'doloribus', '38', 'Officia non aperiam voluptatem facilis. Reprehenderit repellendus fugit aut ut fugit occaecati asperiores. Sapiente consequatur quos qui commodi sint saepe. Minima iste error ratione sed neque rerum pariatur temporibus. Temporibus provident fugiat voluptates voluptatum rem. Dolor aperiam odio et voluptate maxime saepe soluta. At hic a qui similique. Architecto cum corporis ipsam quo. Est qui amet sapiente neque dolores voluptatem delectus. Possimus eaque ipsam error molestias autem sint accusantium molestiae. Nisi dignissimos aut officia fugit cum consequuntur libero. Eum voluptate perferendis eum est. Adipisci nulla qui aut provident consequatur. Aut dolores est ut quia magnam repudiandae quas ipsam. Qui quia ullam nihil quo. Maiores culpa unde at quia doloribus. Recusandae in perferendis sint possimus soluta inventore rem. Quo ex neque est ducimus sit id. Perferendis velit animi culpa ex ea non. Cupiditate officiis quia recusandae sequi repudiandae dolorem nihil. Dolore eos quibusdam totam mollitia perspiciatis blanditiis et. Inventore est sunt dignissimos sit consequuntur asperiores expedita. Omnis expedita neque molestiae. Blanditiis omnis assumenda omnis quia culpa error. At sed dolores nisi aliquid cumque tenetur quia. Nobis dolorem corrupti itaque libero. Ratione aperiam cupiditate alias vitae maiores inventore voluptatum.', 92.000000, NULL, 'amount', 74, 5, '2022-03-30 01:15:00', '2022-04-09 01:15:00', 1, NULL, '2022-03-25 01:15:34', '2022-03-10 01:15:34'),
	(15, 3, 'ipsam', '12233514', 'Provident in vel numquam deleniti quo quas repudiandae voluptate. Repudiandae beatae magni velit earum sit dolor aut. Nam distinctio atque ducimus tempore earum delectus. Voluptatum ipsum maxime aut sit tempora at voluptatem. Quidem magnam ad rerum labore consequatur molestiae sed. Commodi itaque voluptatum non aut ea. Inventore qui nihil assumenda suscipit. Quia accusantium reprehenderit assumenda ea facere non vero. Modi laboriosam nihil inventore sint. Aut vero fuga aut enim sit voluptatum veniam. In consequatur quia eius suscipit modi. Minus repudiandae quis odit non. Praesentium vitae error quaerat soluta quisquam iure. Fugiat voluptatem sunt quia consequatur aliquid. Ipsa ut expedita sapiente aut voluptas mollitia consequatur ab. Debitis sed excepturi delectus fugiat est beatae. Tempora quas vero quia beatae tempora nam. Provident nemo tempore et quod. Culpa ratione veniam unde eaque non ea quia. Voluptas perspiciatis accusamus et non. Voluptatem voluptatem molestiae facilis sint eum nobis praesentium. Unde neque porro dolor assumenda similique voluptates. Aut delectus eos facilis nobis. Voluptas dolor natus exercitationem quas. Velit reiciendis rerum non quo eos atque. Ad iste pariatur esse quas et. Assumenda explicabo ex tempora sunt eius hic nulla. Consectetur quis enim in repellendus veniam veritatis. Delectus voluptatem illo molestiae tenetur. Et sed eaque est quia dolorem pariatur.', 65.000000, NULL, 'amount', 7, 4, '2022-03-25 01:15:00', '2022-04-15 01:15:00', 1, NULL, '2022-03-16 01:15:34', '2022-03-18 01:15:34');
/*!40000 ALTER TABLE `coupons` ENABLE KEYS */;

-- Dumping structure for table zcart2511.coupon_customer
CREATE TABLE IF NOT EXISTS `coupon_customer` (
  `coupon_id` bigint(20) unsigned NOT NULL,
  `customer_id` bigint(20) unsigned NOT NULL,
  `created_at` timestamp NULL DEFAULT NULL,
  `updated_at` timestamp NULL DEFAULT NULL,
  KEY `coupon_customer_coupon_id_index` (`coupon_id`),
  KEY `coupon_customer_customer_id_index` (`customer_id`),
  CONSTRAINT `coupon_customer_coupon_id_foreign` FOREIGN KEY (`coupon_id`) REFERENCES `coupons` (`id`) ON DELETE CASCADE,
  CONSTRAINT `coupon_customer_customer_id_foreign` FOREIGN KEY (`customer_id`) REFERENCES `customers` (`id`) ON DELETE CASCADE
) ENGINE=InnoDB DEFAULT CHARSET=utf8 COLLATE=utf8_unicode_ci;

-- Dumping data for table zcart2511.coupon_customer: ~15 rows (approximately)
/*!40000 ALTER TABLE `coupon_customer` DISABLE KEYS */;
INSERT INTO `coupon_customer` (`coupon_id`, `customer_id`, `created_at`, `updated_at`) VALUES
	(9, 1, '2022-03-25 01:13:30', '2022-03-25 01:13:30'),
	(14, 15, '2022-03-25 01:13:30', '2022-03-25 01:13:30'),
	(7, 14, '2022-03-25 01:13:30', '2022-03-25 01:13:30'),
	(5, 14, '2022-03-25 01:13:30', '2022-03-25 01:13:30'),
	(9, 16, '2022-03-25 01:13:30', '2022-03-25 01:13:30');
/*!40000 ALTER TABLE `coupon_customer` ENABLE KEYS */;

-- Dumping structure for table zcart2511.coupon_shipping_zone
CREATE TABLE IF NOT EXISTS `coupon_shipping_zone` (
  `coupon_id` bigint(20) unsigned NOT NULL,
  `shipping_zone_id` int(10) unsigned NOT NULL,
  `created_at` timestamp NULL DEFAULT NULL,
  `updated_at` timestamp NULL DEFAULT NULL,
  KEY `coupon_shipping_zone_coupon_id_index` (`coupon_id`),
  KEY `coupon_shipping_zone_shipping_zone_id_index` (`shipping_zone_id`),
  CONSTRAINT `coupon_shipping_zone_coupon_id_foreign` FOREIGN KEY (`coupon_id`) REFERENCES `coupons` (`id`) ON DELETE CASCADE,
  CONSTRAINT `coupon_shipping_zone_shipping_zone_id_foreign` FOREIGN KEY (`shipping_zone_id`) REFERENCES `shipping_zones` (`id`) ON DELETE CASCADE
) ENGINE=InnoDB DEFAULT CHARSET=utf8 COLLATE=utf8_unicode_ci;

-- Dumping data for table zcart2511.coupon_shipping_zone: ~0 rows (approximately)
/*!40000 ALTER TABLE `coupon_shipping_zone` DISABLE KEYS */;
/*!40000 ALTER TABLE `coupon_shipping_zone` ENABLE KEYS */;

-- Dumping structure for table zcart2511.currencies
CREATE TABLE IF NOT EXISTS `currencies` (
  `id` int(10) unsigned NOT NULL AUTO_INCREMENT,
  `iso_code` varchar(3) COLLATE utf8_unicode_ci NOT NULL,
  `iso_numeric` varchar(3) COLLATE utf8_unicode_ci DEFAULT NULL,
  `name` varchar(255) COLLATE utf8_unicode_ci NOT NULL,
  `symbol` varchar(255) COLLATE utf8_unicode_ci DEFAULT NULL,
  `disambiguate_symbol` varchar(255) COLLATE utf8_unicode_ci DEFAULT NULL,
  `subunit` varchar(255) COLLATE utf8_unicode_ci DEFAULT NULL,
  `subunit_to_unit` int(11) NOT NULL DEFAULT '100',
  `symbol_first` tinyint(1) NOT NULL DEFAULT '1',
  `html_entity` varchar(255) COLLATE utf8_unicode_ci DEFAULT NULL,
  `decimal_mark` varchar(25) COLLATE utf8_unicode_ci DEFAULT NULL,
  `thousands_separator` varchar(25) COLLATE utf8_unicode_ci DEFAULT NULL,
  `smallest_denomination` int(11) NOT NULL DEFAULT '1',
  `priority` int(11) DEFAULT '100',
  `active` tinyint(1) DEFAULT '0',
  `created_at` timestamp NULL DEFAULT NULL,
  `updated_at` timestamp NULL DEFAULT NULL,
  PRIMARY KEY (`id`)
) ENGINE=InnoDB AUTO_INCREMENT=178 DEFAULT CHARSET=utf8 COLLATE=utf8_unicode_ci;

-- Dumping data for table zcart2511.currencies: ~177 rows (approximately)
/*!40000 ALTER TABLE `currencies` DISABLE KEYS */;
INSERT INTO `currencies` (`id`, `iso_code`, `iso_numeric`, `name`, `symbol`, `disambiguate_symbol`, `subunit`, `subunit_to_unit`, `symbol_first`, `html_entity`, `decimal_mark`, `thousands_separator`, `smallest_denomination`, `priority`, `active`, `created_at`, `updated_at`) VALUES
	(1, 'AED', '784', 'United Arab Emirates Dirham', '.', NULL, 'Fils', 100, 0, '', '.', ',', 25, 100, 0, '2022-03-25 01:12:16', '2022-03-25 01:12:16'),
	(2, 'AFN', '971', 'Afghani', '', NULL, 'Pul', 100, 0, '', '.', ',', 100, 100, 0, '2022-03-25 01:12:16', '2022-03-25 01:12:16'),
	(3, 'ALL', '008', 'Albanian Lek', 'L', 'Lek', 'Qintar', 100, 0, '', '.', ',', 100, 100, 0, '2022-03-25 01:12:16', '2022-03-25 01:12:16'),
	(4, 'AMD', '051', 'Armenian Dram', '.', NULL, 'Luma', 100, 0, '', '.', ',', 10, 100, 0, '2022-03-25 01:12:16', '2022-03-25 01:12:16'),
	(5, 'ANG', '532', 'Netherlands Antillean Gulden', '', NULL, 'Cent', 100, 1, '&#x0192;', ',', '.', 1, 100, 0, '2022-03-25 01:12:16', '2022-03-25 01:12:16'),
	(6, 'AOA', '973', 'Angolan Kwanza', 'Kz', NULL, 'Cntimo', 100, 0, '', '.', ',', 10, 100, 0, '2022-03-25 01:12:17', '2022-03-25 01:12:17'),
	(7, 'ARS', '032', 'Argentine Peso', '$', '$m/n', 'Centavo', 100, 1, '&#x20B1;', ',', '.', 1, 100, 0, '2022-03-25 01:12:17', '2022-03-25 01:12:17'),
	(8, 'AUD', '036', 'Australian Dollar', '$', 'A$', 'Cent', 100, 1, '$', '.', ',', 5, 4, 0, '2022-03-25 01:12:17', '2022-03-25 01:12:17'),
	(9, 'AWG', '533', 'Aruban Florin', '', NULL, 'Cent', 100, 0, '&#x0192;', '.', ',', 5, 100, 0, '2022-03-25 01:12:17', '2022-03-25 01:12:17'),
	(10, 'AZN', '944', 'Azerbaijani Manat', '', NULL, 'Qpik', 100, 1, '', '.', ',', 1, 100, 0, '2022-03-25 01:12:17', '2022-03-25 01:12:17'),
	(11, 'BAM', '977', 'Bosnia and Herzegovina Convertible Mark', '', NULL, 'Fening', 100, 1, '', '.', ',', 5, 100, 0, '2022-03-25 01:12:17', '2022-03-25 01:12:17'),
	(12, 'BBD', '052', 'Barbadian Dollar', '$', 'Bds$', 'Cent', 100, 0, '$', '.', ',', 1, 100, 0, '2022-03-25 01:12:17', '2022-03-25 01:12:17'),
	(13, 'BDT', '050', 'Bangladeshi Taka', '', NULL, 'Paisa', 100, 1, '', '.', ',', 1, 10, 0, '2022-03-25 01:12:17', '2022-03-25 01:12:17'),
	(14, 'BGN', '975', 'Bulgarian Lev', '.', NULL, 'Stotinka', 100, 0, '', '.', ',', 1, 100, 0, '2022-03-25 01:12:17', '2022-03-25 01:12:17'),
	(15, 'BHD', '048', 'Bahraini Dinar', '.', NULL, 'Fils', 1000, 1, '', '.', ',', 5, 100, 0, '2022-03-25 01:12:17', '2022-03-25 01:12:17'),
	(16, 'BIF', '108', 'Burundian Franc', 'Fr', 'FBu', 'Centime', 1, 0, '', '.', ',', 100, 100, 0, '2022-03-25 01:12:17', '2022-03-25 01:12:17'),
	(17, 'BMD', '060', 'Bermudian Dollar', '$', 'BD$', 'Cent', 100, 1, '$', '.', ',', 1, 100, 0, '2022-03-25 01:12:17', '2022-03-25 01:12:17'),
	(18, 'BND', '096', 'Brunei Dollar', '$', 'BND', 'Sen', 100, 1, '$', '.', ',', 1, 100, 0, '2022-03-25 01:12:17', '2022-03-25 01:12:17'),
	(19, 'BOB', '068', 'Bolivian Boliviano', 'Bs.', NULL, 'Centavo', 100, 1, '', '.', ',', 10, 100, 0, '2022-03-25 01:12:17', '2022-03-25 01:12:17'),
	(20, 'BRL', '986', 'Brazilian Real', 'R$', NULL, 'Centavo', 100, 1, 'R$', ',', '.', 5, 100, 0, '2022-03-25 01:12:17', '2022-03-25 01:12:17'),
	(21, 'BSD', '044', 'Bahamian Dollar', '$', 'BSD', 'Cent', 100, 1, '$', '.', ',', 1, 100, 0, '2022-03-25 01:12:17', '2022-03-25 01:12:17'),
	(22, 'BTN', '064', 'Bhutanese Ngultrum', 'Nu.', NULL, 'Chertrum', 100, 0, '', '.', ',', 5, 100, 0, '2022-03-25 01:12:17', '2022-03-25 01:12:17'),
	(23, 'BWP', '072', 'Botswana Pula', 'P', NULL, 'Thebe', 100, 1, '', '.', ',', 5, 100, 0, '2022-03-25 01:12:17', '2022-03-25 01:12:17'),
	(24, 'BYN', '933', 'Belarusian Ruble', 'Br', 'BYN', 'Kapeyka', 100, 0, '', ',', ' ', 1, 100, 0, '2022-03-25 01:12:17', '2022-03-25 01:12:17'),
	(25, 'BYR', '974', 'Belarusian Ruble', 'Br', 'BYR', NULL, 1, 0, '', ',', ' ', 100, 50, 0, '2022-03-25 01:12:17', '2022-03-25 01:12:17'),
	(26, 'BZD', '084', 'Belize Dollar', '$', 'BZ$', 'Cent', 100, 1, '$', '.', ',', 1, 100, 0, '2022-03-25 01:12:17', '2022-03-25 01:12:17'),
	(27, 'CAD', '124', 'Canadian Dollar', '$', 'C$', 'Cent', 100, 1, '$', '.', ',', 5, 5, 0, '2022-03-25 01:12:17', '2022-03-25 01:12:17'),
	(28, 'CDF', '976', 'Congolese Franc', 'Fr', 'FC', 'Centime', 100, 0, '', '.', ',', 1, 100, 0, '2022-03-25 01:12:17', '2022-03-25 01:12:17'),
	(29, 'CHF', '756', 'Swiss Franc', 'CHF', NULL, 'Rappen', 100, 1, '', '.', ',', 5, 100, 0, '2022-03-25 01:12:17', '2022-03-25 01:12:17'),
	(30, 'CLF', '990', 'Unidad de Fomento', 'UF', NULL, 'Peso', 10000, 1, '&#x20B1;', ',', '.', 1, 100, 0, '2022-03-25 01:12:17', '2022-03-25 01:12:17'),
	(31, 'CLP', '152', 'Chilean Peso', '$', 'CLP', 'Peso', 1, 1, '&#36;', ',', '.', 1, 100, 0, '2022-03-25 01:12:17', '2022-03-25 01:12:17'),
	(32, 'CNY', '156', 'Chinese Renminbi Yuan', '', NULL, 'Fen', 100, 1, '', '.', ',', 1, 100, 0, '2022-03-25 01:12:17', '2022-03-25 01:12:17'),
	(33, 'COP', '170', 'Colombian Peso', '$', 'COL$', 'Centavo', 100, 1, '&#36;', ',', '.', 20, 100, 0, '2022-03-25 01:12:17', '2022-03-25 01:12:17'),
	(34, 'CRC', '188', 'Costa Rican Coln', '', NULL, 'Cntimo', 100, 1, '&#x20A1;', ',', '.', 500, 100, 0, '2022-03-25 01:12:17', '2022-03-25 01:12:17'),
	(35, 'CUC', '931', 'Cuban Convertible Peso', '$', 'CUC$', 'Centavo', 100, 0, '', '.', ',', 1, 100, 0, '2022-03-25 01:12:18', '2022-03-25 01:12:18'),
	(36, 'CUP', '192', 'Cuban Peso', '$', '$MN', 'Centavo', 100, 1, '&#x20B1;', '.', ',', 1, 100, 0, '2022-03-25 01:12:18', '2022-03-25 01:12:18'),
	(37, 'CVE', '132', 'Cape Verdean Escudo', '$', 'Esc', 'Centavo', 100, 0, '', '.', ',', 100, 100, 0, '2022-03-25 01:12:18', '2022-03-25 01:12:18'),
	(38, 'CZK', '203', 'Czech Koruna', 'K', NULL, 'Hal', 100, 0, '', ',', ' ', 100, 100, 0, '2022-03-25 01:12:18', '2022-03-25 01:12:18'),
	(39, 'DJF', '262', 'Djiboutian Franc', 'Fdj', NULL, 'Centime', 1, 0, '', '.', ',', 100, 100, 0, '2022-03-25 01:12:18', '2022-03-25 01:12:18'),
	(40, 'DKK', '208', 'Danish Krone', 'kr.', 'DKK', 're', 100, 0, '', ',', '.', 50, 100, 0, '2022-03-25 01:12:18', '2022-03-25 01:12:18'),
	(41, 'DOP', '214', 'Dominican Peso', '$', 'RD$', 'Centavo', 100, 1, '&#x20B1;', '.', ',', 100, 100, 0, '2022-03-25 01:12:18', '2022-03-25 01:12:18'),
	(42, 'DZD', '012', 'Algerian Dinar', '.', NULL, 'Centime', 100, 0, '', '.', ',', 100, 100, 0, '2022-03-25 01:12:18', '2022-03-25 01:12:18'),
	(43, 'EGP', '818', 'Egyptian Pound', '.', NULL, 'Piastre', 100, 1, '&#x00A3;', '.', ',', 25, 100, 0, '2022-03-25 01:12:18', '2022-03-25 01:12:18'),
	(44, 'ERN', '232', 'Eritrean Nakfa', 'Nfk', NULL, 'Cent', 100, 0, '', '.', ',', 1, 100, 0, '2022-03-25 01:12:18', '2022-03-25 01:12:18'),
	(45, 'ETB', '230', 'Ethiopian Birr', 'Br', 'ETB', 'Santim', 100, 0, '', '.', ',', 1, 100, 0, '2022-03-25 01:12:18', '2022-03-25 01:12:18'),
	(46, 'EUR', '978', 'Euro', '', NULL, 'Cent', 100, 1, '&#x20AC;', ',', '.', 1, 2, 1, '2022-03-25 01:12:18', '2022-03-25 01:12:18'),
	(47, 'FJD', '242', 'Fijian Dollar', '$', 'FJ$', 'Cent', 100, 0, '$', '.', ',', 5, 100, 0, '2022-03-25 01:12:18', '2022-03-25 01:12:18'),
	(48, 'FKP', '238', 'Falkland Pound', '', 'FK', 'Penny', 100, 0, '&#x00A3;', '.', ',', 1, 100, 0, '2022-03-25 01:12:18', '2022-03-25 01:12:18'),
	(49, 'GBP', '826', 'British Pound', '', NULL, 'Penny', 100, 1, '&#x00A3;', '.', ',', 1, 3, 0, '2022-03-25 01:12:18', '2022-03-25 01:12:18'),
	(50, 'GEL', '981', 'Georgian Lari', '', NULL, 'Tetri', 100, 0, '', '.', ',', 1, 100, 0, '2022-03-25 01:12:18', '2022-03-25 01:12:18'),
	(51, 'GHS', '936', 'Ghanaian Cedi', '', NULL, 'Pesewa', 100, 1, '&#x20B5;', '.', ',', 1, 100, 0, '2022-03-25 01:12:18', '2022-03-25 01:12:18'),
	(52, 'GIP', '292', 'Gibraltar Pound', '', 'GIP', 'Penny', 100, 1, '&#x00A3;', '.', ',', 1, 100, 0, '2022-03-25 01:12:18', '2022-03-25 01:12:18'),
	(53, 'GMD', '270', 'Gambian Dalasi', 'D', NULL, 'Butut', 100, 0, '', '.', ',', 1, 100, 0, '2022-03-25 01:12:18', '2022-03-25 01:12:18'),
	(54, 'GNF', '324', 'Guinean Franc', 'Fr', 'FG', 'Centime', 1, 0, '', '.', ',', 100, 100, 0, '2022-03-25 01:12:18', '2022-03-25 01:12:18'),
	(55, 'GTQ', '320', 'Guatemalan Quetzal', 'Q', NULL, 'Centavo', 100, 1, '', '.', ',', 1, 100, 0, '2022-03-25 01:12:18', '2022-03-25 01:12:18'),
	(56, 'GYD', '328', 'Guyanese Dollar', '$', 'G$', 'Cent', 100, 0, '$', '.', ',', 100, 100, 0, '2022-03-25 01:12:18', '2022-03-25 01:12:18'),
	(57, 'HKD', '344', 'Hong Kong Dollar', '$', 'HK$', 'Cent', 100, 1, '$', '.', ',', 10, 100, 0, '2022-03-25 01:12:18', '2022-03-25 01:12:18'),
	(58, 'HNL', '340', 'Honduran Lempira', 'L', 'HNL', 'Centavo', 100, 1, '', '.', ',', 5, 100, 0, '2022-03-25 01:12:18', '2022-03-25 01:12:18'),
	(59, 'HRK', '191', 'Croatian Kuna', 'kn', NULL, 'Lipa', 100, 0, '', ',', '.', 1, 100, 0, '2022-03-25 01:12:18', '2022-03-25 01:12:18'),
	(60, 'HTG', '332', 'Haitian Gourde', 'G', NULL, 'Centime', 100, 0, '', '.', ',', 5, 100, 0, '2022-03-25 01:12:18', '2022-03-25 01:12:18'),
	(61, 'HUF', '348', 'Hungarian Forint', 'Ft', NULL, 'Fillr', 1, 0, '', ',', '.', 5, 100, 0, '2022-03-25 01:12:18', '2022-03-25 01:12:18'),
	(62, 'IDR', '360', 'Indonesian Rupiah', 'Rp', NULL, 'Sen', 100, 1, '', ',', '.', 5000, 100, 0, '2022-03-25 01:12:18', '2022-03-25 01:12:18'),
	(63, 'ILS', '376', 'Israeli New Sheqel', '', NULL, 'Agora', 100, 1, '&#x20AA;', '.', ',', 10, 100, 0, '2022-03-25 01:12:18', '2022-03-25 01:12:18'),
	(64, 'INR', '356', 'Indian Rupee', '', NULL, 'Paisa', 100, 1, '&#x20b9;', '.', ',', 50, 59, 1, '2022-03-25 01:12:18', '2022-03-25 01:12:18'),
	(65, 'IQD', '368', 'Iraqi Dinar', '.', NULL, 'Fils', 1000, 0, '', '.', ',', 50000, 100, 0, '2022-03-25 01:12:19', '2022-03-25 01:12:19'),
	(66, 'IRR', '364', 'Iranian Rial', '', NULL, NULL, 100, 1, '&#xFDFC;', '.', ',', 5000, 100, 0, '2022-03-25 01:12:19', '2022-03-25 01:12:19'),
	(67, 'ISK', '352', 'Icelandic Krna', 'kr', NULL, NULL, 1, 1, '', ',', '.', 1, 100, 0, '2022-03-25 01:12:19', '2022-03-25 01:12:19'),
	(68, 'JMD', '388', 'Jamaican Dollar', '$', 'J$', 'Cent', 100, 1, '$', '.', ',', 1, 100, 0, '2022-03-25 01:12:19', '2022-03-25 01:12:19'),
	(69, 'JOD', '400', 'Jordanian Dinar', '.', NULL, 'Fils', 1000, 1, '', '.', ',', 5, 100, 0, '2022-03-25 01:12:19', '2022-03-25 01:12:19'),
	(70, 'JPY', '392', 'Japanese Yen', '', NULL, NULL, 1, 1, '&#x00A5;', '.', ',', 1, 6, 1, '2022-03-25 01:12:19', '2022-03-25 01:12:19'),
	(71, 'KES', '404', 'Kenyan Shilling', 'KSh', NULL, 'Cent', 100, 1, '', '.', ',', 50, 100, 0, '2022-03-25 01:12:19', '2022-03-25 01:12:19'),
	(72, 'KGS', '417', 'Kyrgyzstani Som', 'som', NULL, 'Tyiyn', 100, 0, '', '.', ',', 1, 100, 0, '2022-03-25 01:12:19', '2022-03-25 01:12:19'),
	(73, 'KHR', '116', 'Cambodian Riel', '', NULL, 'Sen', 100, 0, '&#x17DB;', '.', ',', 5000, 100, 0, '2022-03-25 01:12:19', '2022-03-25 01:12:19'),
	(74, 'KMF', '174', 'Comorian Franc', 'Fr', 'CF', 'Centime', 1, 0, '', '.', ',', 100, 100, 0, '2022-03-25 01:12:19', '2022-03-25 01:12:19'),
	(75, 'KPW', '408', 'North Korean Won', '', NULL, 'Chn', 100, 0, '&#x20A9;', '.', ',', 1, 100, 0, '2022-03-25 01:12:19', '2022-03-25 01:12:19'),
	(76, 'KRW', '410', 'South Korean Won', '', NULL, NULL, 1, 1, '&#x20A9;', '.', ',', 1, 100, 0, '2022-03-25 01:12:19', '2022-03-25 01:12:19'),
	(77, 'KWD', '414', 'Kuwaiti Dinar', '.', NULL, 'Fils', 1000, 1, '', '.', ',', 5, 100, 0, '2022-03-25 01:12:19', '2022-03-25 01:12:19'),
	(78, 'KYD', '136', 'Cayman Islands Dollar', '$', 'CI$', 'Cent', 100, 1, '$', '.', ',', 1, 100, 0, '2022-03-25 01:12:19', '2022-03-25 01:12:19'),
	(79, 'KZT', '398', 'Kazakhstani Tenge', '', NULL, 'Tiyn', 100, 0, '', '.', ',', 100, 100, 0, '2022-03-25 01:12:19', '2022-03-25 01:12:19'),
	(80, 'LAK', '418', 'Lao Kip', '', NULL, 'Att', 100, 0, '&#x20AD;', '.', ',', 10, 100, 0, '2022-03-25 01:12:19', '2022-03-25 01:12:19'),
	(81, 'LBP', '422', 'Lebanese Pound', '.', NULL, 'Piastre', 100, 1, '&#x00A3;', '.', ',', 25000, 100, 0, '2022-03-25 01:12:19', '2022-03-25 01:12:19'),
	(82, 'LKR', '144', 'Sri Lankan Rupee', '', 'SLRs', 'Cent', 100, 0, '&#x0BF9;', '.', ',', 100, 100, 0, '2022-03-25 01:12:19', '2022-03-25 01:12:19'),
	(83, 'LRD', '430', 'Liberian Dollar', '$', 'L$', 'Cent', 100, 0, '$', '.', ',', 5, 100, 0, '2022-03-25 01:12:19', '2022-03-25 01:12:19'),
	(84, 'LSL', '426', 'Lesotho Loti', 'L', 'M', 'Sente', 100, 0, '', '.', ',', 1, 100, 0, '2022-03-25 01:12:19', '2022-03-25 01:12:19'),
	(85, 'LTL', '440', 'Lithuanian Litas', 'Lt', NULL, 'Centas', 100, 0, '', '.', ',', 1, 100, 0, '2022-03-25 01:12:19', '2022-03-25 01:12:19'),
	(86, 'LVL', '428', 'Latvian Lats', 'Ls', NULL, 'Santms', 100, 1, '', '.', ',', 1, 100, 0, '2022-03-25 01:12:19', '2022-03-25 01:12:19'),
	(87, 'LYD', '434', 'Libyan Dinar', '.', NULL, 'Dirham', 1000, 0, '', '.', ',', 50, 100, 0, '2022-03-25 01:12:19', '2022-03-25 01:12:19'),
	(88, 'MAD', '504', 'Moroccan Dirham', '..', NULL, 'Centime', 100, 0, '', '.', ',', 1, 100, 0, '2022-03-25 01:12:19', '2022-03-25 01:12:19'),
	(89, 'MDL', '498', 'Moldovan Leu', 'L', NULL, 'Ban', 100, 0, '', '.', ',', 1, 100, 0, '2022-03-25 01:12:19', '2022-03-25 01:12:19'),
	(90, 'MGA', '969', 'Malagasy Ariary', 'Ar', NULL, 'Iraimbilanja', 5, 1, '', '.', ',', 1, 100, 0, '2022-03-25 01:12:19', '2022-03-25 01:12:19'),
	(91, 'MKD', '807', 'Macedonian Denar', '', NULL, 'Deni', 100, 0, '', '.', ',', 100, 100, 0, '2022-03-25 01:12:19', '2022-03-25 01:12:19'),
	(92, 'MMK', '104', 'Myanmar Kyat', 'K', 'MMK', 'Pya', 100, 0, '', '.', ',', 50, 100, 0, '2022-03-25 01:12:19', '2022-03-25 01:12:19'),
	(93, 'MNT', '496', 'Mongolian Tgrg', '', NULL, 'Mng', 100, 0, '&#x20AE;', '.', ',', 2000, 100, 0, '2022-03-25 01:12:19', '2022-03-25 01:12:19'),
	(94, 'MOP', '446', 'Macanese Pataca', 'P', NULL, 'Avo', 100, 0, '', '.', ',', 10, 100, 0, '2022-03-25 01:12:19', '2022-03-25 01:12:19'),
	(95, 'MRO', '478', 'Mauritanian Ouguiya', 'UM', NULL, 'Khoums', 5, 0, '', '.', ',', 1, 100, 0, '2022-03-25 01:12:19', '2022-03-25 01:12:19'),
	(96, 'MUR', '480', 'Mauritian Rupee', '', NULL, 'Cent', 100, 1, '&#x20A8;', '.', ',', 100, 100, 0, '2022-03-25 01:12:20', '2022-03-25 01:12:20'),
	(97, 'MVR', '462', 'Maldivian Rufiyaa', 'MVR', NULL, 'Laari', 100, 0, '', '.', ',', 1, 100, 0, '2022-03-25 01:12:20', '2022-03-25 01:12:20'),
	(98, 'MWK', '454', 'Malawian Kwacha', 'MK', NULL, 'Tambala', 100, 0, '', '.', ',', 1, 100, 0, '2022-03-25 01:12:20', '2022-03-25 01:12:20'),
	(99, 'MXN', '484', 'Mexican Peso', '$', 'MEX$', 'Centavo', 100, 1, '$', '.', ',', 5, 100, 0, '2022-03-25 01:12:20', '2022-03-25 01:12:20'),
	(100, 'MYR', '458', 'Malaysian Ringgit', 'RM', NULL, 'Sen', 100, 1, '', '.', ',', 5, 100, 0, '2022-03-25 01:12:20', '2022-03-25 01:12:20'),
	(101, 'MZN', '943', 'Mozambican Metical', 'MTn', NULL, 'Centavo', 100, 1, '', ',', '.', 1, 100, 0, '2022-03-25 01:12:20', '2022-03-25 01:12:20'),
	(102, 'NAD', '516', 'Namibian Dollar', '$', 'N$', 'Cent', 100, 0, '$', '.', ',', 5, 100, 0, '2022-03-25 01:12:20', '2022-03-25 01:12:20'),
	(103, 'NGN', '566', 'Nigerian Naira', '', NULL, 'Kobo', 100, 1, '&#x20A6;', '.', ',', 50, 100, 0, '2022-03-25 01:12:20', '2022-03-25 01:12:20'),
	(104, 'NIO', '558', 'Nicaraguan Crdoba', 'C$', NULL, 'Centavo', 100, 0, '', '.', ',', 5, 100, 0, '2022-03-25 01:12:20', '2022-03-25 01:12:20'),
	(105, 'NOK', '578', 'Norwegian Krone', 'kr', 'NOK', 're', 100, 0, 'kr', ',', '.', 100, 100, 0, '2022-03-25 01:12:20', '2022-03-25 01:12:20'),
	(106, 'NPR', '524', 'Nepalese Rupee', '', 'NPR', 'Paisa', 100, 1, '&#x20A8;', '.', ',', 1, 100, 0, '2022-03-25 01:12:20', '2022-03-25 01:12:20'),
	(107, 'NZD', '554', 'New Zealand Dollar', '$', 'NZ$', 'Cent', 100, 1, '$', '.', ',', 10, 100, 0, '2022-03-25 01:12:20', '2022-03-25 01:12:20'),
	(108, 'OMR', '512', 'Omani Rial', '..', NULL, 'Baisa', 1000, 1, '&#xFDFC;', '.', ',', 5, 100, 0, '2022-03-25 01:12:20', '2022-03-25 01:12:20'),
	(109, 'PAB', '590', 'Panamanian Balboa', 'B/.', NULL, 'Centsimo', 100, 0, '', '.', ',', 1, 100, 0, '2022-03-25 01:12:20', '2022-03-25 01:12:20'),
	(110, 'PEN', '604', 'Peruvian Nuevo Sol', 'S/.', NULL, 'Cntimo', 100, 1, 'S/.', '.', ',', 1, 100, 0, '2022-03-25 01:12:20', '2022-03-25 01:12:20'),
	(111, 'PGK', '598', 'Papua New Guinean Kina', 'K', 'PGK', 'Toea', 100, 0, '', '.', ',', 5, 100, 0, '2022-03-25 01:12:20', '2022-03-25 01:12:20'),
	(112, 'PHP', '608', 'Philippine Peso', '', NULL, 'Centavo', 100, 1, '&#x20B1;', '.', ',', 1, 100, 0, '2022-03-25 01:12:20', '2022-03-25 01:12:20'),
	(113, 'PKR', '586', 'Pakistani Rupee', '', 'PKR', 'Paisa', 100, 1, '&#x20A8;', '.', ',', 100, 100, 0, '2022-03-25 01:12:20', '2022-03-25 01:12:20'),
	(114, 'PLN', '985', 'Polish Zoty', 'z', NULL, 'Grosz', 100, 0, 'z&#322;', ',', ' ', 1, 100, 0, '2022-03-25 01:12:20', '2022-03-25 01:12:20'),
	(115, 'PYG', '600', 'Paraguayan Guaran', '', NULL, 'Cntimo', 1, 1, '&#x20B2;', '.', ',', 5000, 100, 0, '2022-03-25 01:12:20', '2022-03-25 01:12:20'),
	(116, 'QAR', '634', 'Qatari Riyal', '.', NULL, 'Dirham', 100, 0, '&#xFDFC;', '.', ',', 1, 100, 0, '2022-03-25 01:12:20', '2022-03-25 01:12:20'),
	(117, 'RON', '946', 'Romanian Leu', 'Lei', NULL, 'Bani', 100, 0, '', ',', '.', 1, 100, 0, '2022-03-25 01:12:20', '2022-03-25 01:12:20'),
	(118, 'RSD', '941', 'Serbian Dinar', '', NULL, 'Para', 100, 1, '', '.', ',', 100, 100, 0, '2022-03-25 01:12:20', '2022-03-25 01:12:20'),
	(119, 'RUB', '643', 'Russian Ruble', '', NULL, 'Kopeck', 100, 0, '&#x20BD;', ',', '.', 1, 100, 0, '2022-03-25 01:12:20', '2022-03-25 01:12:20'),
	(120, 'RWF', '646', 'Rwandan Franc', 'FRw', NULL, 'Centime', 1, 0, '', '.', ',', 100, 100, 0, '2022-03-25 01:12:20', '2022-03-25 01:12:20'),
	(121, 'SAR', '682', 'Saudi Riyal', '.', NULL, 'Hallallah', 100, 1, '&#xFDFC;', '.', ',', 5, 100, 0, '2022-03-25 01:12:20', '2022-03-25 01:12:20'),
	(122, 'SBD', '090', 'Solomon Islands Dollar', '$', 'SI$', 'Cent', 100, 0, '$', '.', ',', 10, 100, 0, '2022-03-25 01:12:20', '2022-03-25 01:12:20'),
	(123, 'SCR', '690', 'Seychellois Rupee', '', 'SRe', 'Cent', 100, 0, '&#x20A8;', '.', ',', 1, 100, 0, '2022-03-25 01:12:20', '2022-03-25 01:12:20'),
	(124, 'SDG', '938', 'Sudanese Pound', '', 'SDG', 'Piastre', 100, 1, '', '.', ',', 1, 100, 0, '2022-03-25 01:12:20', '2022-03-25 01:12:20'),
	(125, 'SEK', '752', 'Swedish Krona', 'kr', 'SEK', 're', 100, 0, '', ',', ' ', 100, 100, 0, '2022-03-25 01:12:21', '2022-03-25 01:12:21'),
	(126, 'SGD', '702', 'Singapore Dollar', '$', 'S$', 'Cent', 100, 1, '$', '.', ',', 1, 100, 0, '2022-03-25 01:12:21', '2022-03-25 01:12:21'),
	(127, 'SHP', '654', 'Saint Helenian Pound', '', 'SHP', 'Penny', 100, 0, '&#x00A3;', '.', ',', 1, 100, 0, '2022-03-25 01:12:21', '2022-03-25 01:12:21'),
	(128, 'SKK', '703', 'Slovak Koruna', 'Sk', NULL, 'Halier', 100, 1, '', '.', ',', 50, 100, 0, '2022-03-25 01:12:21', '2022-03-25 01:12:21'),
	(129, 'SLL', '694', 'Sierra Leonean Leone', 'Le', NULL, 'Cent', 100, 0, '', '.', ',', 1000, 100, 0, '2022-03-25 01:12:21', '2022-03-25 01:12:21'),
	(130, 'SOS', '706', 'Somali Shilling', 'Sh', NULL, 'Cent', 100, 0, '', '.', ',', 1, 100, 0, '2022-03-25 01:12:21', '2022-03-25 01:12:21'),
	(131, 'SRD', '968', 'Surinamese Dollar', '$', 'SRD', 'Cent', 100, 0, '', '.', ',', 1, 100, 0, '2022-03-25 01:12:21', '2022-03-25 01:12:21'),
	(132, 'SSP', '728', 'South Sudanese Pound', '', 'SSP', 'piaster', 100, 0, '&#x00A3;', '.', ',', 5, 100, 0, '2022-03-25 01:12:21', '2022-03-25 01:12:21'),
	(133, 'STD', '678', 'So Tom and Prncipe Dobra', 'Db', NULL, 'Cntimo', 100, 0, '', '.', ',', 10000, 100, 0, '2022-03-25 01:12:21', '2022-03-25 01:12:21'),
	(134, 'SVC', '222', 'Salvadoran Coln', '', NULL, 'Centavo', 100, 1, '&#x20A1;', '.', ',', 1, 100, 0, '2022-03-25 01:12:21', '2022-03-25 01:12:21'),
	(135, 'SYP', '760', 'Syrian Pound', 'S', NULL, 'Piastre', 100, 0, '&#x00A3;', '.', ',', 100, 100, 0, '2022-03-25 01:12:21', '2022-03-25 01:12:21'),
	(136, 'SZL', '748', 'Swazi Lilangeni', 'E', 'SZL', 'Cent', 100, 1, '', '.', ',', 1, 100, 0, '2022-03-25 01:12:21', '2022-03-25 01:12:21'),
	(137, 'THB', '764', 'Thai Baht', '', NULL, 'Satang', 100, 1, '&#x0E3F;', '.', ',', 1, 100, 0, '2022-03-25 01:12:21', '2022-03-25 01:12:21'),
	(138, 'TJS', '972', 'Tajikistani Somoni', '', NULL, 'Diram', 100, 0, '', '.', ',', 1, 100, 0, '2022-03-25 01:12:21', '2022-03-25 01:12:21'),
	(139, 'TMT', '934', 'Turkmenistani Manat', 'T', NULL, 'Tenge', 100, 0, '', '.', ',', 1, 100, 0, '2022-03-25 01:12:21', '2022-03-25 01:12:21'),
	(140, 'TND', '788', 'Tunisian Dinar', '.', NULL, 'Millime', 1000, 0, '', '.', ',', 10, 100, 0, '2022-03-25 01:12:21', '2022-03-25 01:12:21'),
	(141, 'TOP', '776', 'Tongan Paanga', 'T$', NULL, 'Seniti', 100, 1, '', '.', ',', 1, 100, 0, '2022-03-25 01:12:21', '2022-03-25 01:12:21'),
	(142, 'TRY', '949', 'Turkish Lira', '', NULL, 'kuru', 100, 1, '&#8378;', ',', '.', 1, 100, 0, '2022-03-25 01:12:21', '2022-03-25 01:12:21'),
	(143, 'TTD', '780', 'Trinidad and Tobago Dollar', '$', 'TT$', 'Cent', 100, 0, '$', '.', ',', 1, 100, 0, '2022-03-25 01:12:21', '2022-03-25 01:12:21'),
	(144, 'TWD', '901', 'New Taiwan Dollar', '$', 'NT$', 'Cent', 100, 1, '$', '.', ',', 50, 100, 0, '2022-03-25 01:12:21', '2022-03-25 01:12:21'),
	(145, 'TZS', '834', 'Tanzanian Shilling', 'Sh', NULL, 'Cent', 100, 1, '', '.', ',', 5000, 100, 0, '2022-03-25 01:12:21', '2022-03-25 01:12:21'),
	(146, 'UAH', '980', 'Ukrainian Hryvnia', '', NULL, 'Kopiyka', 100, 0, '&#x20B4;', '.', ',', 1, 100, 0, '2022-03-25 01:12:21', '2022-03-25 01:12:21'),
	(147, 'UGX', '800', 'Ugandan Shilling', 'USh', NULL, 'Cent', 1, 0, '', '.', ',', 1000, 100, 0, '2022-03-25 01:12:21', '2022-03-25 01:12:21'),
	(148, 'USD', '840', 'United States Dollar', '$', 'US$', 'Cent', 100, 1, '$', '.', ',', 1, 1, 1, '2022-03-25 01:12:21', '2022-03-25 01:12:21'),
	(149, 'UYU', '858', 'Uruguayan Peso', '$', NULL, 'Centsimo', 100, 1, '&#x20B1;', ',', '.', 100, 100, 0, '2022-03-25 01:12:21', '2022-03-25 01:12:21'),
	(150, 'UZS', '860', 'Uzbekistan Som', '', NULL, 'Tiyin', 100, 0, '', '.', ',', 100, 100, 0, '2022-03-25 01:12:21', '2022-03-25 01:12:21'),
	(151, 'VEF', '937', 'Venezuelan Bolvar', 'Bs', NULL, 'Cntimo', 100, 1, '', ',', '.', 1, 100, 0, '2022-03-25 01:12:22', '2022-03-25 01:12:22'),
	(152, 'VND', '704', 'Vietnamese ng', '', NULL, 'Ho', 1, 1, '&#x20AB;', ',', '.', 100, 100, 0, '2022-03-25 01:12:22', '2022-03-25 01:12:22'),
	(153, 'VUV', '548', 'Vanuatu Vatu', 'Vt', NULL, NULL, 1, 1, '', '.', ',', 1, 100, 0, '2022-03-25 01:12:22', '2022-03-25 01:12:22'),
	(154, 'WST', '882', 'Samoan Tala', 'T', 'WS$', 'Sene', 100, 0, '', '.', ',', 10, 100, 0, '2022-03-25 01:12:22', '2022-03-25 01:12:22'),
	(155, 'XAF', '950', 'Central African Cfa Franc', 'Fr', 'FCFA', 'Centime', 1, 0, '', '.', ',', 100, 100, 0, '2022-03-25 01:12:22', '2022-03-25 01:12:22'),
	(156, 'XAG', '961', 'Silver (Troy Ounce)', 'oz t', 'XAG', 'oz', 1, 0, '', '.', ',', 1, 100, 0, '2022-03-25 01:12:22', '2022-03-25 01:12:22'),
	(157, 'XAU', '959', 'Gold (Troy Ounce)', 'oz t', 'XAU', 'oz', 1, 0, '', '.', ',', 1, 100, 0, '2022-03-25 01:12:22', '2022-03-25 01:12:22'),
	(158, 'XBA', '955', 'European Composite Unit', '', 'XBA', '', 1, 0, '', '.', ',', 1, 100, 0, '2022-03-25 01:12:22', '2022-03-25 01:12:22'),
	(159, 'XBB', '956', 'European Monetary Unit', '', 'XBB', '', 1, 0, '', '.', ',', 1, 100, 0, '2022-03-25 01:12:22', '2022-03-25 01:12:22'),
	(160, 'XBC', '957', 'European Unit of Account 9', '', 'XBC', '', 1, 0, '', '.', ',', 1, 100, 0, '2022-03-25 01:12:22', '2022-03-25 01:12:22'),
	(161, 'XBD', '958', 'European Unit of Account 17', '', 'XBD', '', 1, 0, '', '.', ',', 1, 100, 0, '2022-03-25 01:12:22', '2022-03-25 01:12:22'),
	(162, 'XCD', '951', 'East Caribbean Dollar', '$', 'EX$', 'Cent', 100, 1, '$', '.', ',', 1, 100, 0, '2022-03-25 01:12:22', '2022-03-25 01:12:22'),
	(163, 'XDR', '960', 'Special Drawing Rights', 'SDR', NULL, '', 1, 0, '$', '.', ',', 1, 100, 0, '2022-03-25 01:12:22', '2022-03-25 01:12:22'),
	(164, 'XOF', '952', 'West African Cfa Franc', 'Fr', 'CFA', 'Centime', 1, 0, '', '.', ',', 100, 100, 0, '2022-03-25 01:12:22', '2022-03-25 01:12:22'),
	(165, 'XPD', '964', 'Palladium', 'oz t', 'XPD', 'oz', 1, 0, '', '.', ',', 1, 100, 0, '2022-03-25 01:12:22', '2022-03-25 01:12:22'),
	(166, 'XPF', '953', 'Cfp Franc', 'Fr', NULL, 'Centime', 1, 0, '', '.', ',', 100, 100, 0, '2022-03-25 01:12:22', '2022-03-25 01:12:22'),
	(167, 'XPT', '962', 'Platinum', 'oz t', NULL, '', 1, 0, '', '.', ',', 1, 100, 0, '2022-03-25 01:12:22', '2022-03-25 01:12:22'),
	(168, 'xts', '963', 'Codes specifically reserved for testing purposes', '', NULL, '', 1, 0, '', '.', ',', 1, 100, 0, '2022-03-25 01:12:22', '2022-03-25 01:12:22'),
	(169, 'YER', '886', 'Yemeni Rial', '', NULL, 'Fils', 100, 0, '&#xFDFC;', '.', ',', 100, 100, 0, '2022-03-25 01:12:22', '2022-03-25 01:12:22'),
	(170, 'ZAR', '710', 'South African Rand', 'R', NULL, 'Cent', 100, 1, '&#x0052;', '.', ',', 10, 100, 0, '2022-03-25 01:12:22', '2022-03-25 01:12:22'),
	(171, 'ZMK', '894', 'Zambian Kwacha', 'ZK', 'ZMK', 'Ngwee', 100, 0, '', '.', ',', 5, 100, 0, '2022-03-25 01:12:22', '2022-03-25 01:12:22'),
	(172, 'ZMW', '967', 'Zambian Kwacha', 'ZK', 'ZMW', 'Ngwee', 100, 0, '', '.', ',', 5, 100, 0, '2022-03-25 01:12:22', '2022-03-25 01:12:22'),
	(173, 'BTC', '', 'Bitcoin', 'B', NULL, 'Satoshi', 100000000, 1, '', '.', ',', 1, 100, 0, '2022-03-25 01:12:22', '2022-03-25 01:12:22'),
	(174, 'JEP', '', 'Jersey Pound', '', 'JEP', 'Penny', 100, 1, '&#x00A3;', '.', ',', 1, 100, 0, '2022-03-25 01:12:22', '2022-03-25 01:12:22'),
	(175, 'GGP', '', 'Guernsey Pound', '', 'GGP', 'Penny', 100, 1, '&#x00A3;', '.', ',', 1, 100, 0, '2022-03-25 01:12:22', '2022-03-25 01:12:22'),
	(176, 'IMP', '', 'Isle of Man Pound', '', 'IMP', 'Penny', 100, 1, '&#x00A3;', '.', ',', 1, 100, 0, '2022-03-25 01:12:22', '2022-03-25 01:12:22'),
	(177, 'XFU', '', 'UIC Franc', '', 'XFU', '', 100, 1, '', '.', ',', 1, 100, 0, '2022-03-25 01:12:22', '2022-03-25 01:12:22');
/*!40000 ALTER TABLE `currencies` ENABLE KEYS */;

-- Dumping structure for table zcart2511.customers
CREATE TABLE IF NOT EXISTS `customers` (
  `id` bigint(20) unsigned NOT NULL AUTO_INCREMENT,
  `name` varchar(255) COLLATE utf8_unicode_ci NOT NULL,
  `nice_name` varchar(255) COLLATE utf8_unicode_ci DEFAULT NULL,
  `email` varchar(255) COLLATE utf8_unicode_ci NOT NULL,
  `password` varchar(60) COLLATE utf8_unicode_ci DEFAULT NULL,
  `dob` date DEFAULT NULL,
  `sex` varchar(255) COLLATE utf8_unicode_ci DEFAULT NULL,
  `description` longtext COLLATE utf8_unicode_ci,
  `last_visited_at` timestamp NULL DEFAULT NULL,
  `last_visited_from` varchar(45) COLLATE utf8_unicode_ci DEFAULT NULL,
  `stripe_id` varchar(255) COLLATE utf8_unicode_ci DEFAULT NULL,
  `card_holder_name` text COLLATE utf8_unicode_ci,
  `pm_type` varchar(255) COLLATE utf8_unicode_ci DEFAULT NULL,
  `pm_last_four` varchar(255) COLLATE utf8_unicode_ci DEFAULT NULL,
  `active` tinyint(1) DEFAULT '1',
  `accepts_marketing` tinyint(1) DEFAULT '1',
  `verification_token` varchar(100) COLLATE utf8_unicode_ci DEFAULT NULL,
  `api_token` varchar(80) COLLATE utf8_unicode_ci DEFAULT NULL,
  `remember_token` varchar(100) COLLATE utf8_unicode_ci DEFAULT NULL,
  `deleted_at` timestamp NULL DEFAULT NULL,
  `created_at` timestamp NULL DEFAULT NULL,
  `updated_at` timestamp NULL DEFAULT NULL,
  PRIMARY KEY (`id`),
  UNIQUE KEY `customers_email_unique` (`email`),
  UNIQUE KEY `customers_api_token_unique` (`api_token`)
) ENGINE=InnoDB AUTO_INCREMENT=18 DEFAULT CHARSET=utf8 COLLATE=utf8_unicode_ci;

-- Dumping data for table zcart2511.customers: ~8 rows (approximately)
/*!40000 ALTER TABLE `customers` DISABLE KEYS */;
INSERT INTO `customers` (`id`, `name`, `nice_name`, `email`, `password`, `dob`, `sex`, `description`, `last_visited_at`, `last_visited_from`, `stripe_id`, `card_holder_name`, `pm_type`, `pm_last_four`, `active`, `accepts_marketing`, `verification_token`, `api_token`, `remember_token`, `deleted_at`, `created_at`, `updated_at`) VALUES
	(1, 'Dr. Ignatius Treutel', 'Schneider', 'customer@demo.com', '$2y$10$xluFKVWRecBhUy8VO/CYUOyJmVoN2mnVa9qgIIu7sNah5VDw5B6Ta', '1970-03-25', 'app.male', 'Rem voluptas temporibus harum. Sequi quis doloremque accusantium amet quaerat. Iste aut non sed doloribus. Reiciendis nobis quo enim dignissimos.', NULL, NULL, NULL, NULL, NULL, NULL, 1, 1, NULL, NULL, 'RWqQEG7nVw', '2022-03-25 15:23:24', '2020-12-25 01:13:41', '2022-03-25 15:23:24'),
	(11, 'Miss Ivory Rodriguez', 'Trantow', 'white.cristina@morissette.info', '$2y$10$FjLYHZsCsUdd7H4s9HIsH.7FG2h7Ez/Tp9lMqxbCHiFujV23must.', '1986-06-09', 'app.female', 'Facere id ipsa aut cum. Corrupti quos voluptas doloremque eveniet laudantium. Quidem qui quasi illo quidem. Ea voluptatem sed id molestias omnis quis facilis.', NULL, NULL, NULL, NULL, NULL, NULL, 1, 1, NULL, NULL, 'RGn9EtqRdg', '2022-03-25 15:23:24', '2020-09-25 01:13:45', '2022-03-25 15:23:24'),
	(12, 'Aimee Berge', 'Purdy', 'lyla.reilly@gmail.com', '$2y$10$Bs2Cp47a5RfZJU5DZEVxXOGYYIU6oSGUYrzAv6RUZ/Yv0WYyxjzQO', '1993-08-18', 'app.other', 'Placeat reiciendis quo aliquid eum aut. Qui id est at inventore nihil. Non veniam repellendus itaque delectus.', NULL, NULL, NULL, NULL, NULL, NULL, 1, 1, NULL, NULL, 'DlhhkDiFor', '2022-03-25 15:23:24', '2020-03-25 01:13:45', '2022-03-25 15:23:24'),
	(13, 'Emilio Gutkowski', 'Emmerich', 'samantha01@lind.com', '$2y$10$ReF8Gqub2ssTKHjEHTwhiuK3uP/C0p8tAYGe.qhToZJcUcgTKRvLW', '1997-04-16', 'app.female', 'Iste qui ad laudantium qui nemo. Quis voluptatem omnis ea aut. Iure sunt ullam hic placeat magni aliquam aspernatur natus.', NULL, NULL, NULL, NULL, NULL, NULL, 1, 1, NULL, NULL, 'IHrPinEVg5', '2022-03-25 15:23:24', '2021-01-25 01:13:46', '2022-03-25 15:23:24'),
	(14, 'Adaline Hirthe', 'Hermiston', 'travis.johnston@douglas.com', '$2y$10$f2jOTk1mAZrS/9/wTuf8I.rVEkCTj8.Mq9gM85mqpZvsLDQkONAMK', '1976-07-09', 'app.other', 'Nesciunt dolor veritatis maiores autem quis animi. Voluptatum enim labore cum voluptatum sunt.', NULL, NULL, NULL, NULL, NULL, NULL, 1, 1, NULL, NULL, '9koyV8rTHo', '2022-03-25 15:23:24', '2020-09-25 01:13:46', '2022-03-25 15:23:24'),
	(15, 'Matilda Schmidt IV', 'Macejkovic', 'mittie.blick@hotmail.com', '$2y$10$A2OyXoa0.ehSyHiejSeqxuS8ehsLW7iwpQToEFe5b86g.XJIvhdPi', '2003-07-21', 'app.other', 'Odit asperiores eos culpa quod rerum quibusdam laboriosam. Aspernatur temporibus dolores ducimus est et vel. Eum dolorem inventore velit ipsa rem.', NULL, NULL, NULL, NULL, NULL, NULL, 1, 1, NULL, NULL, 'VsHMGNM8LQ', '2022-03-25 15:23:24', '2020-09-25 01:13:46', '2022-03-25 15:23:24'),
	(16, 'Renee Schaefer', 'Langworth', 'mills.darlene@hotmail.com', '$2y$10$ycQI2T1CnC3mOhrkClTykuhyVqLIOSj3zKj0CKi8FNLg4GxVw9Oru', '1970-07-08', 'app.male', 'Officia esse et facilis. Rerum quo et vero explicabo sit. Voluptatem minus libero cum quis quia ex. Adipisci qui rerum delectus soluta repudiandae corrupti architecto.', NULL, NULL, NULL, NULL, NULL, NULL, 1, 1, NULL, NULL, 'ihD4SvYj8v', '2022-03-25 15:23:24', '2021-02-25 01:13:46', '2022-03-25 15:23:24'),
	(17, 'arabcode', NULL, 'arab6ode@gmail.com', '$2y$10$niQehJc1PKh0pCE9gQ0uw.i3PmEfjrsQQjvOHdwpbvSUkj9dHdyoO', NULL, NULL, NULL, NULL, NULL, NULL, NULL, NULL, NULL, 1, 1, 'hV83Koxy5cZtBpsFQrfBK3hMGSrqae8c9tjtRtQI', NULL, NULL, NULL, '2022-03-25 01:53:47', '2022-03-25 01:53:47');
/*!40000 ALTER TABLE `customers` ENABLE KEYS */;

-- Dumping structure for table zcart2511.dashboard_configs
CREATE TABLE IF NOT EXISTS `dashboard_configs` (
  `user_id` bigint(20) NOT NULL,
  `upgrade_plan_notice` tinyint(1) DEFAULT '1',
  `created_at` timestamp NULL DEFAULT NULL,
  `updated_at` timestamp NULL DEFAULT NULL,
  PRIMARY KEY (`user_id`)
) ENGINE=InnoDB DEFAULT CHARSET=utf8 COLLATE=utf8_unicode_ci;

-- Dumping data for table zcart2511.dashboard_configs: ~7 rows (approximately)
/*!40000 ALTER TABLE `dashboard_configs` DISABLE KEYS */;
INSERT INTO `dashboard_configs` (`user_id`, `upgrade_plan_notice`, `created_at`, `updated_at`) VALUES
	(1, 1, '2022-03-25 01:12:30', '2022-03-25 01:12:30'),
	(2, 1, '2022-03-25 01:13:36', '2022-03-25 01:13:36'),
	(3, 1, '2022-03-25 01:13:36', '2022-03-25 01:13:36'),
	(4, 1, '2022-03-25 01:13:37', '2022-03-25 01:13:37'),
	(5, 1, '2022-03-25 01:13:37', '2022-03-25 01:13:37'),
	(6, 1, '2022-03-25 01:13:38', '2022-03-25 01:13:38'),
	(7, 1, '2022-03-25 01:13:38', '2022-03-25 01:13:38');
/*!40000 ALTER TABLE `dashboard_configs` ENABLE KEYS */;

-- Dumping structure for table zcart2511.delivery_boys
CREATE TABLE IF NOT EXISTS `delivery_boys` (
  `id` bigint(20) unsigned NOT NULL AUTO_INCREMENT,
  `shop_id` int(10) unsigned DEFAULT NULL,
  `first_name` varchar(255) COLLATE utf8_unicode_ci DEFAULT NULL,
  `last_name` varchar(255) COLLATE utf8_unicode_ci DEFAULT NULL,
  `nice_name` varchar(255) COLLATE utf8_unicode_ci DEFAULT NULL,
  `email` varchar(255) COLLATE utf8_unicode_ci NOT NULL,
  `phone_number` varchar(255) COLLATE utf8_unicode_ci DEFAULT NULL,
  `password` varchar(255) COLLATE utf8_unicode_ci NOT NULL,
  `status` tinyint(1) NOT NULL DEFAULT '0',
  `dob` date DEFAULT NULL,
  `sex` varchar(255) COLLATE utf8_unicode_ci DEFAULT NULL,
  `verification_token` varchar(100) COLLATE utf8_unicode_ci DEFAULT NULL,
  `api_token` varchar(80) COLLATE utf8_unicode_ci DEFAULT NULL,
  `remember_token` varchar(100) COLLATE utf8_unicode_ci DEFAULT NULL,
  `deleted_at` timestamp NULL DEFAULT NULL,
  `created_at` timestamp NULL DEFAULT NULL,
  `updated_at` timestamp NULL DEFAULT NULL,
  PRIMARY KEY (`id`),
  UNIQUE KEY `delivery_boys_email_unique` (`email`),
  UNIQUE KEY `delivery_boys_api_token_unique` (`api_token`),
  KEY `delivery_boys_shop_id_foreign` (`shop_id`),
  CONSTRAINT `delivery_boys_shop_id_foreign` FOREIGN KEY (`shop_id`) REFERENCES `shops` (`id`) ON DELETE CASCADE
) ENGINE=InnoDB AUTO_INCREMENT=7 DEFAULT CHARSET=utf8 COLLATE=utf8_unicode_ci;

-- Dumping data for table zcart2511.delivery_boys: ~6 rows (approximately)
/*!40000 ALTER TABLE `delivery_boys` DISABLE KEYS */;
INSERT INTO `delivery_boys` (`id`, `shop_id`, `first_name`, `last_name`, `nice_name`, `email`, `phone_number`, `password`, `status`, `dob`, `sex`, `verification_token`, `api_token`, `remember_token`, `deleted_at`, `created_at`, `updated_at`) VALUES
	(1, 1, 'Coralie', 'Schuster', 'Hudson', 'delivery1@demo.com', '+12522080153', '$2y$10$wjAjhbrT5GKZ/z/tfhO8ruVXhuThtF9EIq9V1HwFtrr/tWlRZIDsK', 1, NULL, NULL, NULL, NULL, NULL, NULL, '2022-03-25 01:13:38', '2022-03-25 01:13:38'),
	(2, 2, 'Catherine', 'Kuphal', 'Hansen', 'delivery2@demo.com', '+1-740-935-8672', '$2y$10$I3E3/Q3TOXpUNc7XgAJeXObmnhfP41E0t6iRWSzjzCLkjbc4Ie.Ga', 1, NULL, NULL, NULL, NULL, NULL, NULL, '2022-03-25 01:13:38', '2022-03-25 01:13:38'),
	(3, 3, 'Christa', 'Gusikowski', 'Paucek', 'delivery3@demo.com', '913.613.7441', '$2y$10$OR52SKL3JTS00RyUEXIGc.WVhboxru9xBbohFeKKtx8ij0ltWDcpe', 1, NULL, NULL, NULL, NULL, NULL, NULL, '2022-03-25 01:13:38', '2022-03-25 01:13:38'),
	(4, 4, 'Jarod', 'Littel', 'Herzog', 'delivery4@demo.com', '+1.651.551.4716', '$2y$10$2l3ZNMJaeM3fq8QJxyhfwOCL42k8ZWCa0qjwiwfvOZO0WBj8AxHdW', 1, NULL, NULL, NULL, NULL, NULL, NULL, '2022-03-25 01:13:38', '2022-03-25 01:13:38'),
	(5, 5, 'Bailey', 'Towne', 'Carter', 'delivery5@demo.com', '469-275-1037', '$2y$10$g22pXZoF0A0Ogfx5GRXevu13OZLHCGvkrMacWpq8wJgNT2ApvJZMe', 1, NULL, NULL, NULL, NULL, NULL, NULL, '2022-03-25 01:13:38', '2022-03-25 01:13:38'),
	(6, 1, 'Rosemary', 'Skiles', 'Hintz', 'delivery@demo.com', '347-982-5428', '$2y$10$jrR7dbiG9EZ70vk8Ja8cZ.2s6sWbyt2ddqIvjPHyHZOUag6a0FsPe', 1, NULL, NULL, NULL, NULL, NULL, NULL, '2022-03-25 01:13:40', '2022-03-25 01:13:40');
/*!40000 ALTER TABLE `delivery_boys` ENABLE KEYS */;

-- Dumping structure for table zcart2511.disputes
CREATE TABLE IF NOT EXISTS `disputes` (
  `id` bigint(20) unsigned NOT NULL AUTO_INCREMENT,
  `shop_id` int(10) unsigned DEFAULT NULL,
  `dispute_type_id` int(10) unsigned DEFAULT NULL,
  `customer_id` bigint(20) unsigned NOT NULL,
  `order_id` bigint(20) unsigned NOT NULL,
  `product_id` bigint(20) unsigned DEFAULT NULL,
  `description` longtext COLLATE utf8_unicode_ci,
  `order_received` tinyint(1) NOT NULL DEFAULT '1',
  `return_goods` tinyint(1) DEFAULT NULL,
  `refund_amount` decimal(20,6) DEFAULT NULL,
  `status` int(10) unsigned NOT NULL DEFAULT '1',
  `created_at` timestamp NULL DEFAULT NULL,
  `updated_at` timestamp NULL DEFAULT NULL,
  PRIMARY KEY (`id`),
  KEY `disputes_order_id_foreign` (`order_id`),
  KEY `disputes_customer_id_foreign` (`customer_id`),
  KEY `disputes_dispute_type_id_foreign` (`dispute_type_id`),
  CONSTRAINT `disputes_customer_id_foreign` FOREIGN KEY (`customer_id`) REFERENCES `customers` (`id`) ON DELETE CASCADE,
  CONSTRAINT `disputes_dispute_type_id_foreign` FOREIGN KEY (`dispute_type_id`) REFERENCES `dispute_types` (`id`) ON DELETE SET NULL,
  CONSTRAINT `disputes_order_id_foreign` FOREIGN KEY (`order_id`) REFERENCES `orders` (`id`) ON DELETE CASCADE
) ENGINE=InnoDB AUTO_INCREMENT=6 DEFAULT CHARSET=utf8 COLLATE=utf8_unicode_ci;

-- Dumping data for table zcart2511.disputes: ~5 rows (approximately)
/*!40000 ALTER TABLE `disputes` DISABLE KEYS */;
INSERT INTO `disputes` (`id`, `shop_id`, `dispute_type_id`, `customer_id`, `order_id`, `product_id`, `description`, `order_received`, `return_goods`, `refund_amount`, `status`, `created_at`, `updated_at`) VALUES
	(1, 2, 4, 14, 9, NULL, 'Ut est nesciunt et optio labore. Dolores et veniam qui architecto. Corrupti et id non voluptas sit.', 1, 1, NULL, 6, '2022-02-25 01:15:29', '2022-01-25 01:15:29'),
	(4, 1, 4, 1, 12, NULL, 'Expedita expedita molestiae consequuntur. Est itaque itaque accusamus natus minus inventore.', 0, 0, NULL, 1, '2021-11-25 01:15:29', '2021-12-25 01:15:29'),
	(5, 2, 4, 14, 9, NULL, 'Id doloremque sint ut. Nesciunt minima ratione harum. Et fuga ad quia quia eaque ut magnam.', 0, 0, NULL, 3, '2022-02-25 01:15:29', '2022-02-25 01:15:29');
/*!40000 ALTER TABLE `disputes` ENABLE KEYS */;

-- Dumping structure for table zcart2511.dispute_types
CREATE TABLE IF NOT EXISTS `dispute_types` (
  `id` int(10) unsigned NOT NULL AUTO_INCREMENT,
  `detail` varchar(255) COLLATE utf8_unicode_ci NOT NULL,
  PRIMARY KEY (`id`),
  UNIQUE KEY `dispute_types_detail_unique` (`detail`)
) ENGINE=InnoDB AUTO_INCREMENT=11 DEFAULT CHARSET=utf8 COLLATE=utf8_unicode_ci;

-- Dumping data for table zcart2511.dispute_types: ~10 rows (approximately)
/*!40000 ALTER TABLE `dispute_types` DISABLE KEYS */;
INSERT INTO `dispute_types` (`id`, `detail`) VALUES
	(2, 'Counterfeit goods'),
	(9, 'Customs problem'),
	(4, 'Damaged goods'),
	(1, 'Did not receive goods'),
	(7, 'Problems with the accessories'),
	(6, 'Product not as described'),
	(5, 'Quality not good'),
	(3, 'Quantity shortage'),
	(10, 'Shipping address not correct'),
	(8, 'Shipping method');
/*!40000 ALTER TABLE `dispute_types` ENABLE KEYS */;

-- Dumping structure for table zcart2511.email_templates
CREATE TABLE IF NOT EXISTS `email_templates` (
  `id` int(10) unsigned NOT NULL AUTO_INCREMENT,
  `shop_id` int(10) unsigned DEFAULT NULL,
  `name` varchar(255) COLLATE utf8_unicode_ci DEFAULT NULL,
  `sender_name` varchar(255) COLLATE utf8_unicode_ci DEFAULT NULL,
  `sender_email` varchar(255) COLLATE utf8_unicode_ci DEFAULT NULL,
  `subject` varchar(255) COLLATE utf8_unicode_ci DEFAULT NULL,
  `body` longtext COLLATE utf8_unicode_ci,
  `type` enum('HTML','Text') COLLATE utf8_unicode_ci NOT NULL DEFAULT 'HTML',
  `position` enum('Content','Header','Footer') COLLATE utf8_unicode_ci NOT NULL DEFAULT 'Content',
  `template_for` enum('Platform','Merchant') COLLATE utf8_unicode_ci NOT NULL DEFAULT 'Platform',
  `files` longtext COLLATE utf8_unicode_ci,
  `deleted_at` timestamp NULL DEFAULT NULL,
  `created_at` timestamp NULL DEFAULT NULL,
  `updated_at` timestamp NULL DEFAULT NULL,
  PRIMARY KEY (`id`)
) ENGINE=InnoDB AUTO_INCREMENT=6 DEFAULT CHARSET=utf8 COLLATE=utf8_unicode_ci;

-- Dumping data for table zcart2511.email_templates: ~5 rows (approximately)
/*!40000 ALTER TABLE `email_templates` DISABLE KEYS */;
INSERT INTO `email_templates` (`id`, `shop_id`, `name`, `sender_name`, `sender_email`, `subject`, `body`, `type`, `position`, `template_for`, `files`, `deleted_at`, `created_at`, `updated_at`) VALUES
	(1, NULL, 'Welcome Merchant', NULL, 'support@domain.com', 'Welcome to {platform_name}', '<table class="m_886163020439323843footer" width="700" height="165" bgcolor="#efefef" align="center" border="0" cellpadding="0" cellspacing="0"><tbody><tr><td valign="bottom" style="color:#999;line-height:18px;font-size:11px;font-family:arial">Site Access: <a href="http://d.incevio.com/http://www.incevio.com/?tracelog=rowan&amp;rowan_id1=sellerLeaveFeedbackToBuyer_en_US_2017-10-22&amp;rowan_msg_id=c063bc521feb4649a25121ff130ac482&amp;ck=in_edm_other" style="color:#999;text-decoration:underline;font-size:11px;font-family:arial" target="_blank" data-saferedirecturl="https://www.google.com/url?hl=en&amp;q=http://d.incevio.com/http://www.incevio.com/?tracelog%3Drowan%26rowan_id1%3DsellerLeaveFeedbackToBuyer_en_US_2017-10-22%26rowan_msg_id%3Dc063bc521feb4649a25121ff130ac482%26ck%3Din_edm_other&amp;source=gmail&amp;ust=1508835770795000&amp;usg=AFQjCNFswRI--_oSylG_TCSI9jMZfEgJFw">Homepage</a> <span style="color:#999">|</span> <a href="http://d.incevio.com/http://trade.incevio.com?tracelog=rowan&amp;rowan_id1=sellerLeaveFeedbackToBuyer_en_US_2017-10-22&amp;rowan_msg_id=c063bc521feb4649a25121ff130ac482&amp;ck=in_edm_other" style="color:#999;text-decoration:underline;font-size:11px;font-family:arial" target="_blank" data-saferedirecturl="https://www.google.com/url?hl=en&amp;q=http://d.incevio.com/http://trade.incevio.com?tracelog%3Drowan%26rowan_id1%3DsellerLeaveFeedbackToBuyer_en_US_2017-10-22%26rowan_msg_id%3Dc063bc521feb4649a25121ff130ac482%26ck%3Din_edm_other&amp;source=gmail&amp;ust=1508835770795000&amp;usg=AFQjCNHs5u0lVvXx_IxyFnkfBFEuVdacig">My Orders</a> <span style="color:#999">|</span> <a href="http://d.incevio.com/http://www.incevio.com/buyerprotection/index.html?tracelog=rowan&amp;rowan_id1=sellerLeaveFeedbackToBuyer_en_US_2017-10-22&amp;rowan_msg_id=c063bc521feb4649a25121ff130ac482&amp;ck=in_edm_other" style="color:#999;text-decoration:underline;font-size:11px;font-family:arial" target="_blank" data-saferedirecturl="https://www.google.com/url?hl=en&amp;q=http://d.incevio.com/http://www.incevio.com/buyerprotection/index.html?tracelog%3Drowan%26rowan_id1%3DsellerLeaveFeedbackToBuyer_en_US_2017-10-22%26rowan_msg_id%3Dc063bc521feb4649a25121ff130ac482%26ck%3Din_edm_other&amp;source=gmail&amp;ust=1508835770795000&amp;usg=AFQjCNFgBGjO2cWQlMNn3ok1sdo9FEI0PQ">Buyer Protection</a> <span style="color:#999">|</span> <a href="http://help.incevio.com/?tracelog=rowan&amp;rowan_id1=sellerLeaveFeedbackToBuyer_en_US_2017-10-22&amp;rowan_msg_id=c063bc521feb4649a25121ff130ac482&amp;ck=in_edm_other" style="color:#999;text-decoration:underline;font-size:11px;font-family:arial" target="_blank" data-saferedirecturl="https://www.google.com/url?hl=en&amp;q=http://help.incevio.com/?tracelog%3Drowan%26rowan_id1%3DsellerLeaveFeedbackToBuyer_en_US_2017-10-22%26rowan_msg_id%3Dc063bc521feb4649a25121ff130ac482%26ck%3Din_edm_other&amp;source=gmail&amp;ust=1508835770795000&amp;usg=AFQjCNEY6uWlpV61xJ2EWu_OnR1ImK1k8A">Help Center</a> <span style="color:#999">|</span> <a href="http://www.incevio.com/help/home.html#contact?tracelog=rowan&amp;rowan_id1=sellerLeaveFeedbackToBuyer_en_US_2017-10-22&amp;rowan_msg_id=c063bc521feb4649a25121ff130ac482&amp;ck=in_edm_other" style="color:#999;text-decoration:underline;font-size:11px;font-family:arial" target="_blank" data-saferedirecturl="https://www.google.com/url?hl=en&amp;q=http://www.incevio.com/help/home.html%23contact?tracelog%3Drowan%26rowan_id1%3DsellerLeaveFeedbackToBuyer_en_US_2017-10-22%26rowan_msg_id%3Dc063bc521feb4649a25121ff130ac482%26ck%3Din_edm_other&amp;source=gmail&amp;ust=1508835770795000&amp;usg=AFQjCNFrHNdxDedZiwv6L-zLA4_5jthBKw">Contact Us</a><br><a href="http://us.my.incevio.com/user/company/forget_password_input_email.htm?edm_src=wto&amp;edm_type=ifm&amp;edm_cta=footer&amp;tracelog=rowan&amp;rowan_id1=sellerLeaveFeedbackToBuyer_en_US_2017-10-22&amp;rowan_msg_id=c063bc521feb4649a25121ff130ac482&amp;ck=in_edm_other" style="color:#999;text-decoration:underline" target="_blank" data-saferedirecturl="https://www.google.com/url?hl=en&amp;q=http://us.my.incevio.com/user/company/forget_password_input_email.htm?edm_src%3Dwto%26edm_type%3Difm%26edm_cta%3Dfooter%26tracelog%3Drowan%26rowan_id1%3DsellerLeaveFeedbackToBuyer_en_US_2017-10-22%26rowan_msg_id%3Dc063bc521feb4649a25121ff130ac482%26ck%3Din_edm_other&amp;source=gmail&amp;ust=1508835770795000&amp;usg=AFQjCNGl36Hq7gk2E4ZfaHgnp8lgblu0Hw">Forgot your password?</a> <br>This email was sent to <a href="http://d.incevio.com/mailto:?tracelog=rowan&amp;rowan_id1=sellerLeaveFeedbackToBuyer_en_US_2017-10-22&amp;rowan_msg_id=c063bc521feb4649a25121ff130ac482&amp;ck=in_edm_other" style="color:#999;text-decoration:underline" target="_blank" data-saferedirecturl="https://www.google.com/url?hl=en&amp;q=http://d.incevio.com/mailto:?tracelog%3Drowan%26rowan_id1%3DsellerLeaveFeedbackToBuyer_en_US_2017-10-22%26rowan_msg_id%3Dc063bc521feb4649a25121ff130ac482%26ck%3Din_edm_other&amp;source=gmail&amp;ust=1508835770795000&amp;usg=AFQjCNF57ZGzDDxPVbiErICMxd6_6wJH0Q"></a>. <br>You are receiving this email because you are a registered member of <a href="http://d.incevio.com/http://www.incevio.com?tracelog=rowan&amp;rowan_id1=sellerLeaveFeedbackToBuyer_en_US_2017-10-22&amp;rowan_msg_id=c063bc521feb4649a25121ff130ac482&amp;ck=in_edm_other" style="color:#999;text-decoration:underline" target="_blank" data-saferedirecturl="https://www.google.com/url?hl=en&amp;q=http://d.incevio.com/http://www.incevio.com?tracelog%3Drowan%26rowan_id1%3DsellerLeaveFeedbackToBuyer_en_US_2017-10-22%26rowan_msg_id%3Dc063bc521feb4649a25121ff130ac482%26ck%3Din_edm_other&amp;source=gmail&amp;ust=1508835770795000&amp;usg=AFQjCNEV-vw0uLnpfTBy2KjLmMrSWfquEA">www.<span class="il">incevio</span>.com</a>, powered by incevio.com. <br>Read our <a href="http://www.incevio.com/help/safety_security/policies_rules/others/001.html?tracelog=rowan&amp;rowan_id1=sellerLeaveFeedbackToBuyer_en_US_2017-10-22&amp;rowan_msg_id=c063bc521feb4649a25121ff130ac482&amp;ck=in_edm_other" style="color:#999;text-decoration:underline" target="_blank" data-saferedirecturl="https://www.google.com/url?hl=en&amp;q=http://www.incevio.com/help/safety_security/policies_rules/others/001.html?tracelog%3Drowan%26rowan_id1%3DsellerLeaveFeedbackToBuyer_en_US_2017-10-22%26rowan_msg_id%3Dc063bc521feb4649a25121ff130ac482%26ck%3Din_edm_other&amp;source=gmail&amp;ust=1508835770795000&amp;usg=AFQjCNHhvncoIuRqRpPKKTgyRYpiV6Z5vg">Privacy Policy</a> and <a href="http://www.incevio.com/help/safety_security/policies_rules/others/002.html?tracelog=rowan&amp;rowan_id1=sellerLeaveFeedbackToBuyer_en_US_2017-10-22&amp;rowan_msg_id=c063bc521feb4649a25121ff130ac482&amp;ck=in_edm_other" style="color:#999;text-decoration:underline" target="_blank" data-saferedirecturl="https://www.google.com/url?hl=en&amp;q=http://www.incevio.com/help/safety_security/policies_rules/others/002.html?tracelog%3Drowan%26rowan_id1%3DsellerLeaveFeedbackToBuyer_en_US_2017-10-22%26rowan_msg_id%3Dc063bc521feb4649a25121ff130ac482%26ck%3Din_edm_other&amp;source=gmail&amp;ust=1508835770795000&amp;usg=AFQjCNGdCuw2_Z7MHkHP5eKVE0mPoK_ysA">Terms of Use</a> if you have any questions. <br><span class="il">incevio</span> Service Center: <a href="http://d.incevio.com/mailto:buyer@incevio.com?tracelog=rowan&amp;rowan_id1=sellerLeaveFeedbackToBuyer_en_US_2017-10-22&amp;rowan_msg_id=c063bc521feb4649a25121ff130ac482&amp;ck=in_edm_other" style="color:#999;text-decoration:underline" target="_blank" data-saferedirecturl="https://www.google.com/url?hl=en&amp;q=http://d.incevio.com/mailto:buyer@incevio.com?tracelog%3Drowan%26rowan_id1%3DsellerLeaveFeedbackToBuyer_en_US_2017-10-22%26rowan_msg_id%3Dc063bc521feb4649a25121ff130ac482%26ck%3Din_edm_other&amp;source=gmail&amp;ust=1508835770795000&amp;usg=AFQjCNEZo5gjjdfsNWKIaeuOQoM6rxxuNQ">buyer@<span class="il">incevio</span>.com</a> <br>incevio.com Hong Kong Limited, 26/F Tower One, Times Square1 Matheson Street Causeway Bay, Hong Kong.</td></tr><tr><td height="20">&nbsp;</td></tr></tbody></table>', 'HTML', 'Footer', 'Platform', NULL, NULL, '2022-03-25 01:15:54', '2022-03-25 01:15:54'),
	(2, NULL, 'Welcome Merchant', NULL, 'support@domain.com', 'Welcome to {platform_name}', 'Welcome to {platform_name}', 'HTML', 'Content', 'Platform', NULL, NULL, '2022-03-25 01:15:54', '2022-03-25 01:15:54'),
	(3, NULL, 'Welcome User', NULL, 'support@domain.com', 'Welcome to {shop_name}', '<!DOCTYPE html PUBLIC "-//W3C//DTD XHTML 1.0 Transitional//EN" "http://www.w3.org/TR/xhtml1/DTD/xhtml1-transitional.dtd">\n                <html xmlns="http://www.w3.org/1999/xhtml">\n                <head>\n                  <meta http-equiv="Content-Type" content="text/html; charset=utf-8" />\n                  <meta name="viewport" content="width=device-width" />\n                  <title>Airmail Welcome</title>\n                </head>\n                <body bgcolor="#ffffff">\n                  <div align="center">\n                    <table class="head-wrap w320 full-width-gmail-android" bgcolor="#f9f8f8" cellpadding="0" cellspacing="0" border="0" width="100%">\n                      <tr>\n                        <td background="https://www.filepicker.io/api/file/UOesoVZTFObSHCgUDygC" bgcolor="#ffffff" width="100%" height="8" valign="top">\n                          <!--[if gte mso 9]>\n                          <v:rect xmlns:v="urn:schemas-microsoft-com:vml" fill="true" stroke="false" style="mso-width-percent:1000;height:8px;">\n                            <v:fill type="tile" src="https://www.filepicker.io/api/file/UOesoVZTFObSHCgUDygC" color="#ffffff" />\n                            <v:textbox inset="0,0,0,0">\n                          <![endif]-->\n                          <div height="8">\n                          </div>\n                          <!--[if gte mso 9]>\n                            </v:textbox>\n                          </v:rect>\n                          <![endif]-->\n                        </td>\n                      </tr>\n                      <tr class="header-background">\n                        <td class="header container" align="center">\n                          <div class="content">\n                            <span class="brand">\n                              <a href="#">\n                                Company Name\n                              </a>\n                            </span>\n                          </div>\n                        </td>\n                      </tr>\n                    </table>\n\n                    <table class="body-wrap w320">\n                      <tr>\n                        <td></td>\n                        <td class="container">\n                          <div class="content">\n                            <table cellspacing="0">\n                              <tr>\n                                <td>\n                                  <table class="soapbox">\n                                    <tr>\n                                      <td class="soapbox-title">Welcome to {platform_name}</td>\n                                    </tr>\n                                  </table>\n                                  <table class="status-container single">\n                                    <tr>\n                                      <td class="status-padding"></td>\n                                      <td>\n                                        <table class="status" bgcolor="#fffeea" cellspacing="0">\n                                          <tr>\n                                            <td class="status-cell">\n                                              Coupon code: <b>13448278949</b>\n                                            </td>\n                                          </tr>\n                                        </table>\n                                      </td>\n                                      <td class="status-padding"></td>\n                                    </tr>\n                                  </table>\n                                  <table class="body">\n                                    <tr>\n                                      <td class="body-padding"></td>\n                                      <td class="body-padded">\n                                        <div class="body-title">Hey {{ first_name }}, thanks for signing up</div>\n                                        <table class="body-text">\n                                          <tr>\n                                            <td class="body-text-cell">\n                                              We\'re really excited for you to join our community! You\'re just one click away from activate your account.\n                                            </td>\n                                          </tr>\n                                        </table>\n                                        <div style="text-align:left;"><!--[if mso]>\n                                          <v:roundrect xmlns:v="urn:schemas-microsoft-com:vml" xmlns:w="urn:schemas-microsoft-com:office:word" href="#" style="height:38px;v-text-anchor:middle;width:190px;" arcsize="11%" strokecolor="#407429" fill="t">\n                                            <v:fill type="tile" src="https://www.filepicker.io/api/file/N8GiNGsmT6mK6ORk00S7" color="#41CC00" />\n                                            <w:anchorlock/>\n                                            <center style="color:#ffffff;font-family:sans-serif;font-size:17px;font-weight:bold;">Come on back</center>\n                                          </v:roundrect>\n                                        <![endif]--><a href="#"\n                                        style="background-color:#41CC00;background-image:url(https://www.filepicker.io/api/file/N8GiNGsmT6mK6ORk00S7);border:1px solid #407429;border-radius:4px;color:#ffffff;display:inline-block;font-family:sans-serif;font-size:17px;font-weight:bold;text-shadow: -1px -1px #47A54B;line-height:38px;text-align:center;text-decoration:none;width:190px;-webkit-text-size-adjust:none;mso-hide:all;">Activate Account!</a></div>\n                                        <table class="body-signature-block">\n                                          <tr>\n                                            <td class="body-signature-cell">\n                                              <p>Thanks so much,</p>\n                                              <p class="body-signature"><img src="https://www.filepicker.io/api/file/2R9HpqboTPaB4NyF35xt" alt="Company Name"></p>\n                                            </td>\n                                          </tr>\n                                        </table>\n                                      </td>\n                                      <td class="body-padding"></td>\n                                    </tr>\n                                  </table>\n                                </td>\n                              </tr>\n                            </table>\n                          </div>\n                        </td>\n                        <td></td>\n                      </tr>\n                    </table>\n\n                    <table class="footer-wrap w320 full-width-gmail-android" bgcolor="#e5e5e5">\n                      <tr>\n                        <td class="container">\n                          <div class="content footer-lead">\n                            <a href="#"><b>Get in touch</b></a> if you have any questions or feedback\n                          </div>\n                        </td>\n                      </tr>\n                    </table>\n                    <table class="footer-wrap w320 full-width-gmail-android" bgcolor="#e5e5e5">\n                      <tr>\n                        <td class="container">\n                          <div class="content">\n                            <a href="#">Contact Us</a>&nbsp;&nbsp;|&nbsp;&nbsp;\n                            <span class="footer-group">\n                              <a href="#">Facebook</a>&nbsp;&nbsp;|&nbsp;&nbsp;\n                              <a href="#">Twitter</a>&nbsp;&nbsp;|&nbsp;&nbsp;\n                              <a href="#">Support</a>\n                            </span>\n                          </div>\n                        </td>\n                      </tr>\n                    </table>\n                  </div>\n\n                </body>\n                </html>\n                ', 'HTML', 'Content', 'Platform', NULL, NULL, '2022-03-25 01:15:54', '2022-03-25 01:15:54'),
	(4, NULL, 'Welcome Customer', NULL, 'support@domain.com', 'Welcome to {platform_name}', '<!DOCTYPE html PUBLIC "-//W3C//DTD XHTML 1.0 Transitional//EN" "http://www.w3.org/TR/xhtml1/DTD/xhtml1-transitional.dtd">\n<html xmlns="http://www.w3.org/1999/xhtml">\n<head>\n  <meta http-equiv="Content-Type" content="text/html; charset=utf-8" />\n  <meta name="viewport" content="width=device-width" />\n  <title>Airmail Welcome</title>\n</head>\n<body bgcolor="#ffffff">\n  <div align="center">\n    <table class="head-wrap w320 full-width-gmail-android" bgcolor="#f9f8f8" cellpadding="0" cellspacing="0" border="0" width="100%">\n      <tr>\n        <td background="https://www.filepicker.io/api/file/UOesoVZTFObSHCgUDygC" bgcolor="#ffffff" width="100%" height="8" valign="top">\n          <!--[if gte mso 9]>\n          <v:rect xmlns:v="urn:schemas-microsoft-com:vml" fill="true" stroke="false" style="mso-width-percent:1000;height:8px;">\n            <v:fill type="tile" src="https://www.filepicker.io/api/file/UOesoVZTFObSHCgUDygC" color="#ffffff" />\n            <v:textbox inset="0,0,0,0">\n          <![endif]-->\n          <div height="8">\n          </div>\n          <!--[if gte mso 9]>\n            </v:textbox>\n          </v:rect>\n          <![endif]-->\n        </td>\n      </tr>\n      <tr class="header-background">\n        <td class="header container" align="center">\n          <div class="content">\n            <span class="brand">\n              <a href="#">\n                Company Name\n              </a>\n            </span>\n          </div>\n        </td>\n      </tr>\n    </table>\n\n    <table class="body-wrap w320">\n      <tr>\n        <td></td>\n        <td class="container">\n          <div class="content">\n            <table cellspacing="0">\n              <tr>\n                <td>\n                  <table class="soapbox">\n                    <tr>\n                      <td class="soapbox-title">Welcome to {platform_name}</td>\n                    </tr>\n                  </table>\n                  <table class="status-container single">\n                    <tr>\n                      <td class="status-padding"></td>\n                      <td>\n                        <table class="status" bgcolor="#fffeea" cellspacing="0">\n                          <tr>\n                            <td class="status-cell">\n                              Coupon code: <b>13448278949</b>\n                            </td>\n                          </tr>\n                        </table>\n                      </td>\n                      <td class="status-padding"></td>\n                    </tr>\n                  </table>\n                  <table class="body">\n                    <tr>\n                      <td class="body-padding"></td>\n                      <td class="body-padded">\n                        <div class="body-title">Hey {{ first_name }}, thanks for signing up</div>\n                        <table class="body-text">\n                          <tr>\n                            <td class="body-text-cell">\n                              We\'re really excited for you to join our community! You\'re just one click away from activate your account.\n                            </td>\n                          </tr>\n                        </table>\n                        <div style="text-align:left;"><!--[if mso]>\n                          <v:roundrect xmlns:v="urn:schemas-microsoft-com:vml" xmlns:w="urn:schemas-microsoft-com:office:word" href="#" style="height:38px;v-text-anchor:middle;width:190px;" arcsize="11%" strokecolor="#407429" fill="t">\n                            <v:fill type="tile" src="https://www.filepicker.io/api/file/N8GiNGsmT6mK6ORk00S7" color="#41CC00" />\n                            <w:anchorlock/>\n                            <center style="color:#ffffff;font-family:sans-serif;font-size:17px;font-weight:bold;">Come on back</center>\n                          </v:roundrect>\n                        <![endif]--><a href="#"\n                        style="background-color:#41CC00;background-image:url(https://www.filepicker.io/api/file/N8GiNGsmT6mK6ORk00S7);border:1px solid #407429;border-radius:4px;color:#ffffff;display:inline-block;font-family:sans-serif;font-size:17px;font-weight:bold;text-shadow: -1px -1px #47A54B;line-height:38px;text-align:center;text-decoration:none;width:190px;-webkit-text-size-adjust:none;mso-hide:all;">Activate Account!</a></div>\n                        <table class="body-signature-block">\n                          <tr>\n                            <td class="body-signature-cell">\n                              <p>Thanks so much,</p>\n                              <p class="body-signature"><img src="https://www.filepicker.io/api/file/2R9HpqboTPaB4NyF35xt" alt="Company Name"></p>\n                            </td>\n                          </tr>\n                        </table>\n                      </td>\n                      <td class="body-padding"></td>\n                    </tr>\n                  </table>\n                </td>\n              </tr>\n            </table>\n          </div>\n        </td>\n        <td></td>\n      </tr>\n    </table>\n\n    <table class="footer-wrap w320 full-width-gmail-android" bgcolor="#e5e5e5">\n      <tr>\n        <td class="container">\n          <div class="content footer-lead">\n            <a href="#"><b>Get in touch</b></a> if you have any questions or feedback\n          </div>\n        </td>\n      </tr>\n    </table>\n    <table class="footer-wrap w320 full-width-gmail-android" bgcolor="#e5e5e5">\n      <tr>\n        <td class="container">\n          <div class="content">\n            <a href="#">Contact Us</a>&nbsp;&nbsp;|&nbsp;&nbsp;\n            <span class="footer-group">\n              <a href="#">Facebook</a>&nbsp;&nbsp;|&nbsp;&nbsp;\n              <a href="#">Twitter</a>&nbsp;&nbsp;|&nbsp;&nbsp;\n              <a href="#">Support</a>\n            </span>\n          </div>\n        </td>\n      </tr>\n    </table>\n  </div>\n\n</body>\n</html>\n', 'HTML', 'Content', 'Platform', NULL, NULL, '2022-03-25 01:15:54', '2022-03-25 01:15:54'),
	(5, NULL, 'User account updated', NULL, 'support@domain.com', 'Your account settings have been updated', '<!DOCTYPE html PUBLIC "-//W3C//DTD XHTML 1.0 Transitional//EN" "http://www.w3.org/TR/xhtml1/DTD/xhtml1-transitional.dtd">\n<html xmlns="http://www.w3.org/1999/xhtml">\n<head>\n  <meta http-equiv="Content-Type" content="text/html; charset=utf-8" />\n  <meta name="viewport" content="width=device-width" />\n  <title>Airmail Ping</title>\n</head>\n\n<body bgcolor="#ffffff">\n\n  <div align="center">\n    <table class="head-wrap w320 full-width-gmail-android" bgcolor="#f9f8f8" cellpadding="0" cellspacing="0" border="0">\n      <tr>\n        <td background="https://www.filepicker.io/api/file/UOesoVZTFObSHCgUDygC" bgcolor="#ffffff" width="100%" height="8" valign="top">\n          <!--[if gte mso 9]>\n          <v:rect xmlns:v="urn:schemas-microsoft-com:vml" fill="true" stroke="false" style="mso-width-percent:1000;height:8px;">\n            <v:fill type="tile" src="https://www.filepicker.io/api/file/UOesoVZTFObSHCgUDygC" color="#ffffff" />\n            <v:textbox inset="0,0,0,0">\n          <![endif]-->\n          <div height="8">\n          </div>\n          <!--[if gte mso 9]>\n            </v:textbox>\n          </v:rect>\n          <![endif]-->\n        </td>\n      </tr>\n      <tr class="header-background">\n        <td class="header container" align="center">\n          <div class="content">\n            <span class="brand">\n              <a href="#">\n                Company Name\n              </a>\n            </span>\n          </div>\n        </td>\n      </tr>\n    </table>\n\n    <table class="body-wrap w320">\n      <tr>\n        <td></td>\n        <td class="container">\n          <div class="content">\n            <table cellspacing="0">\n              <tr>\n                <td>\n                  <table class="soapbox">\n                    <tr>\n                      <td class="soapbox-title">Your account settings have been updated</td>\n                    </tr>\n                  </table>\n                  <table class="body">\n                    <tr>\n                      <td class="body-padding"></td>\n                      <td class="body-padded">\n                        <div class="body-title">Hi {{ first_name }},</div>\n                        <table class="body-text">\n                          <tr>\n                            <td class="body-text-cell">\n                              Your account settings have been updated. If you did not update your settings, please <a href="#">contact support</a>.\n                            </td>\n                          </tr>\n                        </table>\n                        <div><!--[if mso]>\n                          <v:roundrect xmlns:v="urn:schemas-microsoft-com:vml" xmlns:w="urn:schemas-microsoft-com:office:word" href="#" style="height:38px;v-text-anchor:middle;width:230px;" arcsize="11%" strokecolor="#407429" fill="t">\n                            <v:fill type="tile" src="https://www.filepicker.io/api/file/N8GiNGsmT6mK6ORk00S7" color="#41CC00" />\n                            <w:anchorlock/>\n                            <center style="color:#ffffff;font-family:sans-serif;font-size:17px;font-weight:bold;">Review Account Settings</center>\n                          </v:roundrect>\n                        <![endif]--><a href="#"\n                        style="background-color:#41CC00;background-image:url(https://www.filepicker.io/api/file/N8GiNGsmT6mK6ORk00S7);border:1px solid #407429;border-radius:4px;color:#ffffff;display:inline-block;font-family:sans-serif;font-size:17px;font-weight:bold;text-shadow: -1px -1px #47A54B;line-height:38px;text-align:center;text-decoration:none;width:230px;-webkit-text-size-adjust:none;mso-hide:all;">Review Account Settings</a></div>\n                        <table class="body-signature-block">\n                          <tr>\n                            <td class="body-signature-cell">\n                              <p>Thanks for being a customer!</p>\n                              <p class="body-signature"><img src="https://www.filepicker.io/api/file/2R9HpqboTPaB4NyF35xt" alt="Company Name"></p>\n                            </td>\n                          </tr>\n                        </table>\n                      </td>\n                      <td class="body-padding"></td>\n                    </tr>\n                  </table>\n                </td>\n              </tr>\n            </table>\n          </div>\n        </td>\n        <td></td>\n      </tr>\n    </table>\n\n    <table class="footer-wrap w320 full-width-gmail-android" bgcolor="#e5e5e5">\n      <tr>\n        <td></td>\n        <td class="container">\n          <div class="content footer-lead">\n            <a href="#"><b>Get in touch</b></a> if you have any questions or feedback\n          </div>\n        </td>\n        <td></td>\n      </tr>\n    </table>\n    <table class="footer-wrap w320 full-width-gmail-android" bgcolor="#e5e5e5">\n      <tr>\n        <td></td>\n        <td class="container">\n          <div class="content">\n            <a href="#">Contact Us</a>&nbsp;&nbsp;|&nbsp;&nbsp;\n            <span class="footer-group">\n              <a href="#">Facebook</a>&nbsp;&nbsp;|&nbsp;&nbsp;\n              <a href="#">Twitter</a>&nbsp;&nbsp;|&nbsp;&nbsp;\n              <a href="#">Support</a>\n            </span>\n          </div>\n        </td>\n        <td></td>\n      </tr>\n    </table>\n  </div>\n\n</body>\n</html>\n', 'HTML', 'Content', 'Platform', NULL, NULL, '2022-03-25 01:15:54', '2022-03-25 01:15:54');
/*!40000 ALTER TABLE `email_templates` ENABLE KEYS */;

-- Dumping structure for table zcart2511.failed_jobs
CREATE TABLE IF NOT EXISTS `failed_jobs` (
  `id` bigint(20) unsigned NOT NULL AUTO_INCREMENT,
  `uuid` varchar(255) COLLATE utf8_unicode_ci DEFAULT NULL,
  `connection` text COLLATE utf8_unicode_ci NOT NULL,
  `queue` text COLLATE utf8_unicode_ci NOT NULL,
  `payload` longtext COLLATE utf8_unicode_ci NOT NULL,
  `exception` longtext COLLATE utf8_unicode_ci NOT NULL,
  `failed_at` timestamp NOT NULL DEFAULT CURRENT_TIMESTAMP,
  PRIMARY KEY (`id`),
  UNIQUE KEY `failed_jobs_uuid_unique` (`uuid`)
) ENGINE=InnoDB DEFAULT CHARSET=utf8 COLLATE=utf8_unicode_ci;

-- Dumping data for table zcart2511.failed_jobs: ~0 rows (approximately)
/*!40000 ALTER TABLE `failed_jobs` DISABLE KEYS */;
/*!40000 ALTER TABLE `failed_jobs` ENABLE KEYS */;

-- Dumping structure for table zcart2511.faqs
CREATE TABLE IF NOT EXISTS `faqs` (
  `id` int(10) unsigned NOT NULL AUTO_INCREMENT,
  `faq_topic_id` int(10) unsigned DEFAULT NULL,
  `question` text COLLATE utf8_unicode_ci,
  `answer` longtext COLLATE utf8_unicode_ci,
  `created_at` timestamp NULL DEFAULT NULL,
  `updated_at` timestamp NULL DEFAULT NULL,
  PRIMARY KEY (`id`),
  KEY `faqs_faq_topic_id_foreign` (`faq_topic_id`),
  CONSTRAINT `faqs_faq_topic_id_foreign` FOREIGN KEY (`faq_topic_id`) REFERENCES `faq_topics` (`id`) ON DELETE SET NULL
) ENGINE=InnoDB AUTO_INCREMENT=10 DEFAULT CHARSET=utf8 COLLATE=utf8_unicode_ci;

-- Dumping data for table zcart2511.faqs: ~9 rows (approximately)
/*!40000 ALTER TABLE `faqs` DISABLE KEYS */;
INSERT INTO `faqs` (`id`, `faq_topic_id`, `question`, `answer`, `created_at`, `updated_at`) VALUES
	(1, 1, 'Why should I sell on :marketplace?', 'There are many reasons to sell on :marketplace. We have our customers who can see your products to the ability to start selling fast without the need to create a new standalone website. You spend no time and money to do marekting, We do it for you!', '2022-03-25 01:12:47', '2022-03-25 01:12:47'),
	(2, 1, 'Where else can I learn about how selling on :marketplace works?', 'We have videos, web docs, and blogs to help you find what you need.<ul><li>Getting Started page</li><li>Training and tutorials</li><li>Blog</li></ul>', '2022-03-25 01:12:47', '2022-03-25 01:12:47'),
	(3, 1, 'Can I close my account?', 'If you want to close your account permanently, Seller Support can assist you. Keep in mind that you can use the Maintenance mode feature that will hide all your listings, or you can deactivate or remove your listings entirely but hold on to your account for future use. Before you close your account permanently, please cancel and remove your listings and resolve all transactions.', '2022-03-25 01:12:47', '2022-03-25 01:12:47'),
	(4, 2, 'How do I manage my merchant account?', 'Use will get access to a full featured Merchant Dashboard to manage all aspects of selling on :marketplace, like manage your selling account, add product information, make inventory updates, manage orders, and manage users.', '2022-03-25 01:12:47', '2022-03-25 01:12:47'),
	(5, 2, 'How many items i can add on my inventory?', 'It depends on which sbscription you choose. Please visit the pricing section for detail.', '2022-03-25 01:12:47', '2022-03-25 01:12:47'),
	(6, 2, 'How will I know when I have a sale?', ':marketplace notifies you by email when you receive an order. You can change the notification settings in your account settings.', '2022-03-25 01:12:47', '2022-03-25 01:12:47'),
	(7, 2, 'Can I offer gift-wrap and packaging services to my customers?', 'Yes. Our packaging service allows customers to choose when they check out, you can make the options available for any individual item on your listing page.', '2022-03-25 01:12:47', '2022-03-25 01:12:47'),
	(8, 3, 'How much does it cost to sell on :marketplace?', ':marketplace offers different selling plans for a monthly subscription fee plus per-item selling fees, which vary by subscriptions. Please visit the pricing section for detail.', '2022-03-25 01:12:47', '2022-03-25 01:12:47'),
	(9, 3, 'Is there any hidden cost?', 'No', '2022-03-25 01:12:47', '2022-03-25 01:12:47');
/*!40000 ALTER TABLE `faqs` ENABLE KEYS */;

-- Dumping structure for table zcart2511.faq_topics
CREATE TABLE IF NOT EXISTS `faq_topics` (
  `id` int(10) unsigned NOT NULL AUTO_INCREMENT,
  `name` text COLLATE utf8_unicode_ci NOT NULL,
  `for` enum('Merchant','Customer') COLLATE utf8_unicode_ci NOT NULL DEFAULT 'Merchant',
  `created_at` timestamp NULL DEFAULT NULL,
  `updated_at` timestamp NULL DEFAULT NULL,
  PRIMARY KEY (`id`)
) ENGINE=InnoDB AUTO_INCREMENT=4 DEFAULT CHARSET=utf8 COLLATE=utf8_unicode_ci;

-- Dumping data for table zcart2511.faq_topics: ~3 rows (approximately)
/*!40000 ALTER TABLE `faq_topics` DISABLE KEYS */;
INSERT INTO `faq_topics` (`id`, `name`, `for`, `created_at`, `updated_at`) VALUES
	(1, 'Overview', 'Merchant', '2022-03-25 01:12:47', '2022-03-25 01:12:47'),
	(2, 'Sell your items', 'Merchant', '2022-03-25 01:12:47', '2022-03-25 01:12:47'),
	(3, 'Pricing', 'Merchant', '2022-03-25 01:12:47', '2022-03-25 01:12:47');
/*!40000 ALTER TABLE `faq_topics` ENABLE KEYS */;

-- Dumping structure for table zcart2511.feedbacks
CREATE TABLE IF NOT EXISTS `feedbacks` (
  `id` bigint(20) unsigned NOT NULL AUTO_INCREMENT,
  `customer_id` bigint(20) unsigned NOT NULL,
  `rating` tinyint(4) DEFAULT NULL,
  `comment` longtext COLLATE utf8_unicode_ci,
  `feedbackable_id` bigint(20) unsigned NOT NULL,
  `feedbackable_type` varchar(255) COLLATE utf8_unicode_ci NOT NULL,
  `approved` tinyint(1) NOT NULL DEFAULT '1',
  `spam` tinyint(1) NOT NULL DEFAULT '0',
  `created_at` timestamp NULL DEFAULT NULL,
  `updated_at` timestamp NULL DEFAULT NULL,
  PRIMARY KEY (`id`),
  KEY `feedbacks_customer_id_foreign` (`customer_id`),
  CONSTRAINT `feedbacks_customer_id_foreign` FOREIGN KEY (`customer_id`) REFERENCES `customers` (`id`) ON DELETE CASCADE
) ENGINE=InnoDB AUTO_INCREMENT=150 DEFAULT CHARSET=utf8 COLLATE=utf8_unicode_ci;

-- Dumping data for table zcart2511.feedbacks: ~150 rows (approximately)
/*!40000 ALTER TABLE `feedbacks` DISABLE KEYS */;
INSERT INTO `feedbacks` (`id`, `customer_id`, `rating`, `comment`, `feedbackable_id`, `feedbackable_type`, `approved`, `spam`, `created_at`, `updated_at`) VALUES
	(1, 14, 1, 'Nostrum et facilis est consequatur optio. Quisquam praesentium rerum quia sunt voluptates incidunt voluptas. Voluptas rerum aut facere et aliquid qui. Quaerat nostrum qui quis harum quia est.', 5, 'App\\Models\\Shop', 1, 0, '2022-03-15 01:15:43', '2022-03-13 01:15:43'),
	(2, 12, 2, 'Ratione voluptatem quo sed non. Dolor ducimus aliquid odio animi fugiat veniam sapiente nam. Asperiores minima fugiat quisquam in atque. Iste nihil saepe ratione beatae consequatur id ut error.', 3, 'App\\Models\\Shop', 1, 0, '2022-03-18 01:15:43', '2022-03-19 01:15:43'),
	(3, 15, 2, 'Quia earum et magni sit suscipit. Optio quia est est. Temporibus sunt modi expedita suscipit sed deserunt. Asperiores aut et ut necessitatibus pariatur.', 97, 'App\\Models\\Inventory', 1, 0, '2022-03-18 01:15:43', '2022-03-14 01:15:43'),
	(5, 15, 2, 'Itaque incidunt id ea accusamus nisi. Perferendis est id ut illo facere recusandae maiores. Dignissimos sint rerum molestiae impedit molestias distinctio exercitationem. Aut facere eum autem quidem voluptatibus vel. Quis ut neque voluptatibus id.', 2, 'App\\Models\\Shop', 1, 0, '2022-03-15 01:15:43', '2022-03-14 01:15:43'),
	(7, 15, 2, 'Fugit repellendus velit quasi ut. Quia perferendis consequuntur dolorem eaque sequi quia. Ea molestiae sed accusantium molestiae dignissimos sint animi.', 31, 'App\\Models\\Inventory', 1, 0, '2022-03-14 01:15:43', '2022-03-18 01:15:43'),
	(14, 15, 1, 'Consequatur ut veniam quia et sapiente facilis natus impedit. Tempore illum doloremque ducimus nihil. Quam voluptate eius et voluptas. Quasi voluptas a dolores.', 5, 'App\\Models\\Shop', 1, 0, '2022-03-22 01:15:43', '2022-03-14 01:15:43'),
	(16, 12, 4, 'Eaque enim placeat aspernatur tempore in. Natus numquam ex distinctio praesentium et omnis. Repudiandae maiores consectetur ut aut.', 5, 'App\\Models\\Shop', 1, 0, '2022-03-20 01:15:43', '2022-03-13 01:15:43'),
	(18, 14, 4, 'Eos tenetur aut optio aliquam repudiandae dicta magnam. Natus repellat non aperiam in sunt quam deleniti.', 106, 'App\\Models\\Inventory', 1, 0, '2022-03-20 01:15:43', '2022-03-24 01:15:43'),
	(19, 1, 3, 'Est repellat rem veniam magnam vero ad. Officiis porro qui aut autem eum dolorum modi qui. Iusto at reiciendis quasi doloremque fugiat delectus fuga. Eum aut explicabo porro.', 14, 'App\\Models\\Inventory', 1, 0, '2022-03-15 01:15:43', '2022-03-16 01:15:44'),
	(22, 11, 1, 'Et voluptatem rerum quia. Excepturi laborum aperiam voluptate suscipit et. At voluptatum cum magnam.', 5, 'App\\Models\\Shop', 1, 0, '2022-03-12 01:15:44', '2022-03-24 01:15:44'),
	(23, 1, 3, 'Id porro nisi asperiores necessitatibus voluptatem doloremque. Voluptas corporis repudiandae unde consequatur laborum dolorum et. Aut placeat numquam saepe in.', 80, 'App\\Models\\Inventory', 1, 0, '2022-03-21 01:15:44', '2022-03-21 01:15:44'),
	(24, 12, 3, 'Non omnis excepturi fugit iure unde deleniti beatae. Vel qui inventore vel dolorum eum rem exercitationem. Dolorem animi architecto modi qui itaque aut ratione voluptate.', 1, 'App\\Models\\Shop', 1, 0, '2022-03-15 01:15:44', '2022-03-14 01:15:44'),
	(28, 11, 4, 'Quibusdam qui et dicta autem qui porro. Quos neque eos voluptatem sint ab consequatur libero dignissimos.', 2, 'App\\Models\\Shop', 1, 0, '2022-03-17 01:15:44', '2022-03-20 01:15:44'),
	(29, 13, 4, 'Reprehenderit ipsam neque eligendi rem dolores nam. Voluptas omnis harum occaecati magnam officiis. Earum sunt commodi iusto similique reiciendis.', 61, 'App\\Models\\Inventory', 1, 0, '2022-03-24 01:15:44', '2022-03-12 01:15:44'),
	(32, 13, 4, 'Soluta dolores sit aliquid magnam. Esse ducimus quae aliquid optio. Nam sed ea numquam officia in. Voluptatem est non sunt alias reprehenderit.', 57, 'App\\Models\\Inventory', 1, 0, '2022-03-22 01:15:44', '2022-03-12 01:15:44'),
	(33, 16, 3, 'Voluptatem eveniet ut et est eos similique. Enim qui error earum sed quam eveniet quo. Sint asperiores veritatis delectus consequuntur sunt voluptatem nobis. Aut aspernatur non itaque.', 2, 'App\\Models\\Shop', 1, 0, '2022-03-14 01:15:44', '2022-03-10 01:15:44'),
	(34, 11, 2, 'Occaecati ea veniam dignissimos omnis repudiandae amet explicabo. Voluptate ut odit omnis quae earum quisquam. Corrupti autem et nostrum culpa velit totam. Inventore itaque molestias debitis veritatis totam consequatur sit quas.', 5, 'App\\Models\\Shop', 1, 0, '2022-03-13 01:15:44', '2022-03-23 01:15:44'),
	(35, 14, 1, 'Et est eveniet tempore laboriosam excepturi sunt. Accusantium blanditiis aut delectus voluptatem. Dolores voluptatibus quia ea alias quasi.', 1, 'App\\Models\\Shop', 1, 0, '2022-03-14 01:15:44', '2022-03-13 01:15:44'),
	(46, 12, 4, 'Ea maiores aut unde odit blanditiis debitis repudiandae architecto. Omnis ad aut dolores neque a voluptate in. Fuga ex reiciendis officiis qui quia id id. Officia omnis qui reprehenderit illum ipsum.', 14, 'App\\Models\\Inventory', 1, 0, '2022-03-10 01:15:44', '2022-03-11 01:15:44'),
	(48, 14, 4, 'Omnis maxime praesentium dignissimos et quasi nihil. Perspiciatis facere sunt eligendi cum cum suscipit. Voluptate eum omnis dolorum corporis sequi quasi aut. Dolor sint voluptatem qui consequuntur quis ipsa.', 74, 'App\\Models\\Inventory', 1, 0, '2022-03-12 01:15:44', '2022-03-10 01:15:44'),
	(51, 16, 2, 'Doloribus sed minima incidunt reprehenderit sint qui labore quod. Reprehenderit voluptatum quos dolorum sunt vero ut nostrum. Expedita adipisci odio numquam voluptatem numquam. Amet debitis recusandae architecto nam autem et odit.', 27, 'App\\Models\\Inventory', 1, 0, '2022-03-16 01:15:44', '2022-03-22 01:15:44'),
	(53, 11, 4, 'Quo dolorem soluta rem fugiat est sed est nihil. Odit eius culpa sit. Quod vel ab veritatis nam ratione eum ipsum commodi.', 33, 'App\\Models\\Inventory', 1, 0, '2022-03-23 01:15:44', '2022-03-10 01:15:44'),
	(55, 15, 5, 'Et nemo recusandae provident sed fugit qui. Velit porro itaque autem ipsam id molestiae rerum iusto. Et et aut neque fugit rerum. Ut facilis et recusandae maxime.', 3, 'App\\Models\\Shop', 1, 0, '2022-03-20 01:15:44', '2022-03-24 01:15:44'),
	(56, 1, 2, 'Eligendi ex voluptatem est officiis fugiat est dolorem. Id at in consectetur quam et deleniti accusantium. Aliquid libero dolorem earum exercitationem rerum dolores magni. Recusandae quaerat earum unde ad quos ut explicabo facere.', 1, 'App\\Models\\Shop', 1, 0, '2022-03-23 01:15:44', '2022-03-18 01:15:44'),
	(59, 14, 1, 'Voluptatibus mollitia beatae assumenda labore quia a. Qui aut dignissimos soluta sunt maiores illo rerum.', 1, 'App\\Models\\Shop', 1, 0, '2022-03-21 01:15:44', '2022-03-16 01:15:44'),
	(61, 1, 2, 'Mollitia dolorem consectetur qui in. Officiis maiores libero quo eveniet consequatur ducimus dolorem expedita.', 101, 'App\\Models\\Inventory', 1, 0, '2022-03-19 01:15:44', '2022-03-15 01:15:44'),
	(64, 13, 3, 'Repellat libero aspernatur a sed qui. Et nisi praesentium at dolores sed. Aut libero rerum autem alias. Nihil temporibus earum dolores quis magnam corrupti.', 59, 'App\\Models\\Inventory', 1, 0, '2022-03-20 01:15:44', '2022-03-24 01:15:44'),
	(66, 13, 2, 'Commodi deserunt quia autem quas impedit alias quia consequuntur. Quia tempora architecto rem culpa fugiat sed. Atque voluptatem quo accusamus quaerat porro. Et autem aperiam ut est minus accusamus sit.', 2, 'App\\Models\\Shop', 1, 0, '2022-03-25 01:15:44', '2022-03-20 01:15:44'),
	(69, 14, 5, 'Laudantium sit maiores saepe. Velit sequi et blanditiis rerum voluptatem blanditiis quis. Qui dolores odit iste.', 19, 'App\\Models\\Inventory', 1, 0, '2022-03-14 01:15:44', '2022-03-19 01:15:44'),
	(72, 16, 3, 'Ut a voluptas in dolor corporis sit. Aut magnam magni eaque consectetur. Laboriosam qui dolore esse eos.', 71, 'App\\Models\\Inventory', 1, 0, '2022-03-12 01:15:44', '2022-03-16 01:15:44'),
	(73, 1, 2, 'Porro sed ut ut omnis odio amet sint hic. Velit eum animi non eligendi aperiam sit dignissimos. Nihil nostrum nesciunt iste quod ratione sint hic. Repudiandae laboriosam ea esse blanditiis. Nam pariatur sequi accusamus tempora.', 52, 'App\\Models\\Inventory', 1, 0, '2022-03-19 01:15:44', '2022-03-12 01:15:44'),
	(74, 14, 5, 'Occaecati labore alias et eligendi est. Minima corporis voluptas quos autem quos adipisci facere. Unde veritatis eos facere quas dolor omnis recusandae.', 87, 'App\\Models\\Inventory', 1, 0, '2022-03-21 01:15:44', '2022-03-17 01:15:44'),
	(79, 11, 2, 'Eos alias voluptas veritatis animi. Est est ut esse ipsam possimus.', 4, 'App\\Models\\Shop', 1, 0, '2022-03-11 01:15:44', '2022-03-12 01:15:44'),
	(80, 1, 2, 'Aut vitae recusandae ea rerum. Omnis nobis qui et. Unde voluptas dolor minus unde.', 3, 'App\\Models\\Shop', 1, 0, '2022-03-10 01:15:44', '2022-03-23 01:15:44'),
	(83, 12, 3, 'Consectetur autem ut voluptatem quos nemo nulla asperiores. Distinctio impedit perferendis quaerat cumque est blanditiis minima sapiente.', 2, 'App\\Models\\Shop', 1, 0, '2022-03-12 01:15:44', '2022-03-21 01:15:44'),
	(87, 13, 2, 'Ut nobis et ullam est tenetur. Id culpa minus illo consequuntur. Et incidunt quaerat officiis occaecati. Nostrum et cupiditate asperiores sed cupiditate.', 1, 'App\\Models\\Shop', 1, 0, '2022-03-10 01:15:44', '2022-03-15 01:15:44'),
	(89, 13, 2, 'Doloremque laudantium ut animi deserunt veniam nisi. Fugiat veniam doloribus error dolores. Sit ea dolores tempora natus commodi nobis maiores rerum.', 68, 'App\\Models\\Inventory', 1, 0, '2022-03-17 01:15:44', '2022-03-13 01:15:44'),
	(92, 11, 1, 'Laboriosam sit exercitationem a fugit. Aut minima porro occaecati possimus earum tempore hic tempore. Soluta voluptatem et et unde quo dicta.', 4, 'App\\Models\\Shop', 1, 0, '2022-03-14 01:15:44', '2022-03-12 01:15:44'),
	(94, 12, 1, 'Ut officia voluptas ea aliquid omnis a provident voluptatem. Dolore nisi autem incidunt voluptates quod. Reprehenderit rerum officiis assumenda et natus laudantium dolorem illo.', 43, 'App\\Models\\Inventory', 1, 0, '2022-03-17 01:15:44', '2022-03-18 01:15:44'),
	(96, 16, 1, 'Sed qui sunt harum et quis recusandae. Earum sint consequatur dolor exercitationem. Asperiores ut neque eius. Quia laboriosam illo placeat vero.', 95, 'App\\Models\\Inventory', 1, 0, '2022-03-18 01:15:44', '2022-03-19 01:15:44'),
	(97, 15, 5, 'Et amet quis eum similique dicta est id eveniet. Repellendus est exercitationem aperiam rerum. Voluptatum qui non ab tenetur exercitationem a. Cumque iste error aliquam optio labore facilis hic.', 5, 'App\\Models\\Shop', 1, 0, '2022-03-25 01:15:44', '2022-03-22 01:15:44'),
	(98, 12, 4, 'Perspiciatis qui commodi maxime enim consequatur incidunt qui cupiditate. Iusto maiores neque blanditiis velit. Quasi commodi eius temporibus laborum. Eius est unde veniam odio.', 67, 'App\\Models\\Inventory', 1, 0, '2022-03-19 01:15:44', '2022-03-18 01:15:44'),
	(100, 12, 4, 'Quasi illo sapiente sit suscipit ea. Enim et provident officia ea esse ea odio.', 101, 'App\\Models\\Inventory', 1, 0, '2022-03-11 01:15:44', '2022-03-19 01:15:44'),
	(101, 15, 3, 'Iste qui at totam ducimus aut veniam voluptates. Aut architecto officiis culpa odit quo soluta nobis.', 50, 'App\\Models\\Inventory', 1, 0, '2022-03-11 01:15:44', '2022-03-19 01:15:44'),
	(103, 1, 2, 'Minus et unde vel et saepe. Officia quidem inventore provident modi perferendis id. Distinctio amet accusantium labore inventore sit consequatur animi. Voluptas nihil dolor et tempora inventore aut et et.', 5, 'App\\Models\\Shop', 1, 0, '2022-03-14 01:15:44', '2022-03-25 01:15:44'),
	(105, 14, 1, 'Inventore autem praesentium aut illo rem odit provident. Eaque maxime nemo illo. Dolor at vel optio rerum voluptas voluptas.', 96, 'App\\Models\\Inventory', 1, 0, '2022-03-25 01:15:44', '2022-03-10 01:15:44'),
	(106, 15, 4, 'Dolorem adipisci ab ut perspiciatis ea. Temporibus numquam dolorum qui voluptatum eum ut. Hic corrupti et omnis. Occaecati cumque error earum aliquam quam dolores tempore eum.', 5, 'App\\Models\\Shop', 1, 0, '2022-03-21 01:15:44', '2022-03-19 01:15:44'),
	(110, 16, 2, 'Fuga eos commodi architecto quaerat ut unde. Consequatur nesciunt et doloribus doloribus veritatis at iusto. Eaque voluptatem provident veritatis quis.', 2, 'App\\Models\\Shop', 1, 0, '2022-03-11 01:15:44', '2022-03-13 01:15:44'),
	(111, 13, 1, 'Beatae modi non eum placeat. Est laborum expedita doloremque dicta. Veritatis cupiditate sint sit repellat totam quis rem nemo.', 102, 'App\\Models\\Inventory', 1, 0, '2022-03-16 01:15:44', '2022-03-13 01:15:44'),
	(112, 16, 3, 'Eveniet neque et inventore earum. Sed accusamus architecto ea. Nulla aut est qui id culpa. Quos est quo iste quam quibusdam ut.', 3, 'App\\Models\\Shop', 1, 0, '2022-03-12 01:15:44', '2022-03-13 01:15:44'),
	(113, 11, 3, 'Sed ut est dolor et. Voluptatibus iure quia illum praesentium et quos et. Molestiae sit laborum omnis nihil voluptas omnis praesentium.', 3, 'App\\Models\\Shop', 1, 0, '2022-03-19 01:15:44', '2022-03-16 01:15:44'),
	(117, 14, 5, 'Sit quia ab voluptatem consequuntur exercitationem libero cupiditate. Sed numquam sint ut excepturi illo illo. Quis corporis illum assumenda autem.', 3, 'App\\Models\\Shop', 1, 0, '2022-03-12 01:15:44', '2022-03-23 01:15:44'),
	(119, 13, 4, 'Eligendi deleniti ratione officia natus aut. Quidem pariatur id nemo distinctio. Ut eum suscipit et alias dolores. Architecto velit harum atque et aut expedita laborum tenetur.', 5, 'App\\Models\\Shop', 1, 0, '2022-03-17 01:15:44', '2022-03-20 01:15:44'),
	(122, 13, 2, 'Aut autem vel vero ipsum rerum minus esse. Voluptate consequatur autem quaerat illum. Fuga eaque inventore voluptatem in sit.', 4, 'App\\Models\\Shop', 1, 0, '2022-03-25 01:15:44', '2022-03-20 01:15:44'),
	(123, 1, 1, 'Voluptatum cumque amet et fuga et veritatis et. Ipsa illo et voluptatibus voluptatem est dolor omnis. Blanditiis aspernatur rerum cumque omnis.', 2, 'App\\Models\\Shop', 1, 0, '2022-03-19 01:15:44', '2022-03-14 01:15:44'),
	(125, 16, 2, 'Impedit delectus nesciunt laboriosam aut natus earum eum qui. Expedita delectus delectus fugiat culpa aut similique similique. Natus sunt eos expedita ut et sed maiores.', 69, 'App\\Models\\Inventory', 1, 0, '2022-03-14 01:15:44', '2022-03-11 01:15:44'),
	(126, 1, 2, 'Quia quo nostrum eveniet necessitatibus neque. Aut dolorem eligendi ex voluptatem tenetur adipisci autem. Et dolores inventore consequatur quis. Inventore rerum aliquid culpa fugit nihil eveniet.', 4, 'App\\Models\\Shop', 1, 0, '2022-03-25 01:15:44', '2022-03-21 01:15:44'),
	(128, 13, 3, 'Praesentium eos ea velit aut non alias ut. Voluptas qui fuga quaerat quidem quam. Aut laborum temporibus laborum. Labore doloremque exercitationem vel aut neque.', 3, 'App\\Models\\Shop', 1, 0, '2022-03-12 01:15:44', '2022-03-14 01:15:44'),
	(130, 12, 4, 'Blanditiis et in assumenda ratione. Voluptate deserunt dolorum asperiores earum voluptas distinctio quam. Corrupti sint totam aut et occaecati aut ex.', 97, 'App\\Models\\Inventory', 1, 0, '2022-03-18 01:15:44', '2022-03-21 01:15:44'),
	(132, 15, 1, 'Qui ut quas fugit. Modi eum odit quaerat voluptatum repellat. Ut quam et nihil repellendus eaque.', 26, 'App\\Models\\Inventory', 1, 0, '2022-03-13 01:15:44', '2022-03-16 01:15:44'),
	(133, 13, 3, 'Necessitatibus ab praesentium non quod ipsam sapiente. Aut repellat voluptas sint praesentium. Consequatur id sed voluptate ratione fuga voluptatem ea.', 1, 'App\\Models\\Shop', 1, 0, '2022-03-18 01:15:44', '2022-03-16 01:15:44'),
	(135, 1, 4, 'Sed alias facere amet aut ullam rerum. Distinctio et fugiat consequatur facilis et. Ut illo dolorem perferendis.', 15, 'App\\Models\\Inventory', 1, 0, '2022-03-13 01:15:44', '2022-03-17 01:15:44'),
	(137, 15, 2, 'Voluptatem necessitatibus labore sit consequuntur et. Aut dolor illum quod. Omnis enim autem ratione provident quo. Ipsam dolorem dolores vero laudantium cumque nihil.', 8, 'App\\Models\\Inventory', 1, 0, '2022-03-10 01:15:44', '2022-03-20 01:15:44'),
	(138, 14, 2, 'Aperiam repellendus modi itaque facere in nam laboriosam. Modi ullam delectus expedita expedita. Ipsum tempore porro veritatis voluptates.', 76, 'App\\Models\\Inventory', 1, 0, '2022-03-22 01:15:44', '2022-03-17 01:15:44'),
	(139, 11, 4, 'Nulla numquam ipsa quisquam aut. Id pariatur porro dolores quis molestiae veritatis. Vero maxime velit quisquam facere dolorem voluptatibus fugit. Aut qui animi neque aspernatur.', 3, 'App\\Models\\Shop', 1, 0, '2022-03-21 01:15:44', '2022-03-10 01:15:44'),
	(141, 11, 1, 'Qui vel aut consectetur omnis quam. Aut quae repellendus iusto magni laborum cupiditate. Reiciendis sequi quam quam autem quo.', 64, 'App\\Models\\Inventory', 1, 0, '2022-03-24 01:15:44', '2022-03-23 01:15:44'),
	(142, 12, 3, 'Qui voluptas quibusdam rerum aperiam excepturi cupiditate aut ex. Et recusandae exercitationem recusandae libero. Repudiandae quidem aut voluptas accusantium illum laborum.', 4, 'App\\Models\\Shop', 1, 0, '2022-03-16 01:15:44', '2022-03-24 01:15:44'),
	(143, 16, 4, 'Facere quia consequuntur soluta placeat consectetur similique. Et velit a quaerat qui placeat quia. Excepturi laboriosam fugit autem ut. Unde dignissimos nihil repudiandae molestias.', 1, 'App\\Models\\Shop', 1, 0, '2022-03-21 01:15:44', '2022-03-21 01:15:44'),
	(144, 12, 4, 'Vitae minima ea quia earum. Ut recusandae officiis nesciunt dolores corrupti qui. Et debitis sunt vel qui quam reiciendis. Laudantium enim id quam ducimus maiores culpa.', 3, 'App\\Models\\Inventory', 1, 0, '2022-03-15 01:15:44', '2022-03-20 01:15:44'),
	(149, 13, 1, 'Et dolores aliquid ad quaerat aut sit eaque. Laboriosam repellendus in sit qui eum molestiae. Totam voluptatibus provident sit. Molestiae sed et corrupti sed aut odio.', 18, 'App\\Models\\Inventory', 1, 0, '2022-03-20 01:15:44', '2022-03-23 01:15:44');
/*!40000 ALTER TABLE `feedbacks` ENABLE KEYS */;

-- Dumping structure for table zcart2511.gift_cards
CREATE TABLE IF NOT EXISTS `gift_cards` (
  `id` bigint(20) unsigned NOT NULL AUTO_INCREMENT,
  `customer_id` bigint(20) unsigned DEFAULT NULL,
  `name` text COLLATE utf8_unicode_ci,
  `description` text COLLATE utf8_unicode_ci,
  `serial_number` varchar(255) COLLATE utf8_unicode_ci DEFAULT NULL,
  `pin_code` varchar(255) COLLATE utf8_unicode_ci DEFAULT NULL,
  `value` decimal(20,6) DEFAULT NULL,
  `remaining_value` decimal(20,6) DEFAULT NULL,
  `partial_use` tinyint(1) DEFAULT NULL,
  `activation_time` timestamp NULL DEFAULT NULL,
  `expiry_time` timestamp NULL DEFAULT NULL,
  `exclude_offer_items` tinyint(1) DEFAULT NULL,
  `exclude_tax_n_shipping` tinyint(1) DEFAULT NULL,
  `deleted_at` timestamp NULL DEFAULT NULL,
  `created_at` timestamp NULL DEFAULT NULL,
  `updated_at` timestamp NULL DEFAULT NULL,
  PRIMARY KEY (`id`)
) ENGINE=InnoDB DEFAULT CHARSET=utf8 COLLATE=utf8_unicode_ci;

-- Dumping data for table zcart2511.gift_cards: ~0 rows (approximately)
/*!40000 ALTER TABLE `gift_cards` DISABLE KEYS */;
/*!40000 ALTER TABLE `gift_cards` ENABLE KEYS */;

-- Dumping structure for table zcart2511.gtin_types
CREATE TABLE IF NOT EXISTS `gtin_types` (
  `id` int(10) unsigned NOT NULL AUTO_INCREMENT,
  `name` varchar(100) COLLATE utf8_unicode_ci NOT NULL,
  `description` text COLLATE utf8_unicode_ci NOT NULL,
  PRIMARY KEY (`id`),
  UNIQUE KEY `gtin_types_name_unique` (`name`)
) ENGINE=InnoDB AUTO_INCREMENT=6 DEFAULT CHARSET=utf8 COLLATE=utf8_unicode_ci;

-- Dumping data for table zcart2511.gtin_types: ~5 rows (approximately)
/*!40000 ALTER TABLE `gtin_types` DISABLE KEYS */;
INSERT INTO `gtin_types` (`id`, `name`, `description`) VALUES
	(1, 'UPC', 'Universal Product Code (UPC), also called GTIN-12 and UPC-A'),
	(2, 'EAN', 'European Article Number (EAN), also called GTIN-13'),
	(3, 'JAN', 'Japanese Article Number (JAN), also called GTIN-13'),
	(4, 'ISBN', 'International Standard Book Number (ISBN)'),
	(5, 'ITF', 'ITF barcodes, also known as Interleaved 2 of 5 barcodes, encode 14 numeric digits and are generally used for the packaging level of products. Since they can deal with high printing tolerances, ITF is a good choice when barcodes need to be printed on corrugated cardboard.');
/*!40000 ALTER TABLE `gtin_types` ENABLE KEYS */;

-- Dumping structure for table zcart2511.images
CREATE TABLE IF NOT EXISTS `images` (
  `id` bigint(20) unsigned NOT NULL AUTO_INCREMENT,
  `path` text COLLATE utf8_unicode_ci NOT NULL,
  `name` text COLLATE utf8_unicode_ci,
  `type` varchar(100) COLLATE utf8_unicode_ci DEFAULT NULL,
  `extension` varchar(255) COLLATE utf8_unicode_ci DEFAULT NULL,
  `size` varchar(255) COLLATE utf8_unicode_ci DEFAULT '0',
  `order` int(11) NOT NULL DEFAULT '0',
  `featured` tinyint(4) DEFAULT NULL,
  `imageable_id` int(10) unsigned NOT NULL,
  `imageable_type` varchar(255) COLLATE utf8_unicode_ci NOT NULL,
  `created_at` timestamp NULL DEFAULT NULL,
  `updated_at` timestamp NULL DEFAULT NULL,
  PRIMARY KEY (`id`)
) ENGINE=InnoDB AUTO_INCREMENT=534 DEFAULT CHARSET=utf8 COLLATE=utf8_unicode_ci;

-- Dumping data for table zcart2511.images: ~475 rows (approximately)
/*!40000 ALTER TABLE `images` DISABLE KEYS */;
INSERT INTO `images` (`id`, `path`, `name`, `type`, `extension`, `size`, `order`, `featured`, `imageable_id`, `imageable_type`, `created_at`, `updated_at`) VALUES
	(6, 'images\\category_5.png', 'category_5.png', 'background', 'png', '0', 0, 0, 5, 'App\\Models\\CategoryGroup', '2022-03-25 01:13:53', '2022-03-25 01:13:53'),
	(7, 'images\\category_4.png', 'category_4.png', 'background', 'png', '0', 0, 0, 4, 'App\\Models\\CategoryGroup', '2022-03-25 01:13:53', '2022-03-25 01:13:53'),
	(8, 'images\\category_2.png', 'category_2.png', 'background', 'png', '0', 0, 0, 2, 'App\\Models\\CategoryGroup', '2022-03-25 01:13:53', '2022-03-25 01:13:53'),
	(9, 'images\\category_9.png', 'category_9.png', 'background', 'png', '0', 0, 0, 9, 'App\\Models\\CategoryGroup', '2022-03-25 01:13:53', '2022-03-25 01:13:53'),
	(10, 'images\\category_1.png', 'category_1.png', 'background', 'png', '0', 0, 0, 1, 'App\\Models\\CategoryGroup', '2022-03-25 01:13:53', '2022-03-25 01:13:53'),
	(11, 'images\\category_7.png', 'category_7.png', 'background', 'png', '0', 0, 0, 7, 'App\\Models\\CategoryGroup', '2022-03-25 01:13:53', '2022-03-25 01:13:53'),
	(12, 'images\\category_3.png', 'category_3.png', 'background', 'png', '0', 0, 0, 3, 'App\\Models\\CategoryGroup', '2022-03-25 01:13:53', '2022-03-25 01:13:53'),
	(13, 'images\\category_8.png', 'category_8.png', 'background', 'png', '0', 0, 0, 8, 'App\\Models\\CategoryGroup', '2022-03-25 01:13:53', '2022-03-25 01:13:53'),
	(14, 'images\\category_6.png', 'category_6.png', 'background', 'png', '0', 0, 0, 6, 'App\\Models\\CategoryGroup', '2022-03-25 01:13:53', '2022-03-25 01:13:53'),
	(15, 'images\\qP3o3oyqPj.jpg', 'qP3o3oyqPj.jpg', NULL, 'jpg', '185189', 0, 1, 51, 'App\\Models\\Product', '2022-03-25 01:14:18', '2022-03-25 01:14:18'),
	(16, 'images\\ZVCHgP8VDc.jpg', 'ZVCHgP8VDc.jpg', NULL, 'jpg', '756937', 0, 0, 51, 'App\\Models\\Product', '2022-03-25 01:14:18', '2022-03-25 01:14:18'),
	(17, 'images\\uMAqaitPwv.jpg', 'uMAqaitPwv.jpg', NULL, 'jpg', '108709', 0, 1, 1, 'App\\Models\\Product', '2022-03-25 01:14:18', '2022-03-25 01:14:18'),
	(18, 'images\\6J48TPBoqx.jpg', '6J48TPBoqx.jpg', NULL, 'jpg', '19446', 0, 0, 1, 'App\\Models\\Product', '2022-03-25 01:14:18', '2022-03-25 01:14:18'),
	(19, 'images\\9EK35NHOHh.jpg', '9EK35NHOHh.jpg', NULL, 'jpg', '366988', 0, 1, 29, 'App\\Models\\Product', '2022-03-25 01:14:18', '2022-03-25 01:14:18'),
	(20, 'images\\4Lf8cpCanl.jpg', '4Lf8cpCanl.jpg', NULL, 'jpg', '430417', 0, 0, 29, 'App\\Models\\Product', '2022-03-25 01:14:18', '2022-03-25 01:14:18'),
	(21, 'images\\NF1ZAhsnva.jpg', 'NF1ZAhsnva.jpg', NULL, 'jpg', '135881', 0, 1, 10, 'App\\Models\\Product', '2022-03-25 01:14:18', '2022-03-25 01:14:18'),
	(22, 'images\\e5sLFt0AxN.jpg', 'e5sLFt0AxN.jpg', NULL, 'jpg', '224145', 0, 0, 10, 'App\\Models\\Product', '2022-03-25 01:14:18', '2022-03-25 01:14:18'),
	(23, 'images\\fzqj6SfU1C.jpg', 'fzqj6SfU1C.jpg', NULL, 'jpg', '435031', 0, 0, 10, 'App\\Models\\Product', '2022-03-25 01:14:18', '2022-03-25 01:14:18'),
	(24, 'images\\rpIDL2HVTD.jpg', 'rpIDL2HVTD.jpg', NULL, 'jpg', '150546', 0, 1, 33, 'App\\Models\\Product', '2022-03-25 01:14:18', '2022-03-25 01:14:18'),
	(25, 'images\\6IZKsIsBWg.jpg', '6IZKsIsBWg.jpg', NULL, 'jpg', '23875', 0, 0, 33, 'App\\Models\\Product', '2022-03-25 01:14:18', '2022-03-25 01:14:18'),
	(26, 'images\\SToVxYgZqG.jpg', 'SToVxYgZqG.jpg', NULL, 'jpg', '63923', 0, 0, 33, 'App\\Models\\Product', '2022-03-25 01:14:18', '2022-03-25 01:14:18'),
	(27, 'images\\Ab0E6E0sYX.jpg', 'Ab0E6E0sYX.jpg', NULL, 'jpg', '367888', 0, 1, 36, 'App\\Models\\Product', '2022-03-25 01:14:18', '2022-03-25 01:14:18'),
	(28, 'images\\XMry5XiYiZ.jpg', 'XMry5XiYiZ.jpg', NULL, 'jpg', '248919', 0, 0, 36, 'App\\Models\\Product', '2022-03-25 01:14:18', '2022-03-25 01:14:18'),
	(29, 'images\\uExmiG2YBV.jpg', 'uExmiG2YBV.jpg', NULL, 'jpg', '511252', 0, 0, 36, 'App\\Models\\Product', '2022-03-25 01:14:18', '2022-03-25 01:14:18'),
	(30, 'images\\hRgoris43U.jpg', 'hRgoris43U.jpg', NULL, 'jpg', '167790', 0, 1, 43, 'App\\Models\\Product', '2022-03-25 01:14:18', '2022-03-25 01:14:18'),
	(31, 'images\\L8bQ2ozYtQ.jpg', 'L8bQ2ozYtQ.jpg', NULL, 'jpg', '69982', 0, 0, 43, 'App\\Models\\Product', '2022-03-25 01:14:18', '2022-03-25 01:14:18'),
	(32, 'images\\ZP2scbsDPG.jpg', 'ZP2scbsDPG.jpg', NULL, 'jpg', '6681', 0, 0, 43, 'App\\Models\\Product', '2022-03-25 01:14:18', '2022-03-25 01:14:18'),
	(33, 'images\\WxS4FCTj9F.jpg', 'WxS4FCTj9F.jpg', NULL, 'jpg', '47245', 0, 0, 43, 'App\\Models\\Product', '2022-03-25 01:14:18', '2022-03-25 01:14:18'),
	(34, 'images\\Q9JZnHZRD9.jpg', 'Q9JZnHZRD9.jpg', NULL, 'jpg', '277953', 0, 1, 21, 'App\\Models\\Product', '2022-03-25 01:14:18', '2022-03-25 01:14:18'),
	(35, 'images\\JOl4gkyd1X.jpg', 'JOl4gkyd1X.jpg', NULL, 'jpg', '876612', 0, 0, 21, 'App\\Models\\Product', '2022-03-25 01:14:18', '2022-03-25 01:14:18'),
	(36, 'images\\S8zrUm5L4u.jpg', 'S8zrUm5L4u.jpg', NULL, 'jpg', '342102', 0, 0, 21, 'App\\Models\\Product', '2022-03-25 01:14:18', '2022-03-25 01:14:18'),
	(37, 'images\\baEr54AxnB.jpg', 'baEr54AxnB.jpg', NULL, 'jpg', '105039', 0, 1, 11, 'App\\Models\\Product', '2022-03-25 01:14:18', '2022-03-25 01:14:18'),
	(38, 'images\\JTsoT4TAmN.jpg', 'JTsoT4TAmN.jpg', NULL, 'jpg', '29912', 0, 0, 11, 'App\\Models\\Product', '2022-03-25 01:14:18', '2022-03-25 01:14:18'),
	(39, 'images\\OxoH0lT9iQ.jpg', 'OxoH0lT9iQ.jpg', NULL, 'jpg', '221557', 0, 1, 17, 'App\\Models\\Product', '2022-03-25 01:14:18', '2022-03-25 01:14:18'),
	(40, 'images\\ZWco5FruC8.jpg', 'ZWco5FruC8.jpg', NULL, 'jpg', '212310', 0, 0, 17, 'App\\Models\\Product', '2022-03-25 01:14:18', '2022-03-25 01:14:18'),
	(41, 'images\\b7k6kHSfc2.jpg', 'b7k6kHSfc2.jpg', NULL, 'jpg', '166962', 0, 0, 17, 'App\\Models\\Product', '2022-03-25 01:14:18', '2022-03-25 01:14:18'),
	(42, 'images\\FRlbVoU8FA.jpg', 'FRlbVoU8FA.jpg', NULL, 'jpg', '159915', 0, 0, 17, 'App\\Models\\Product', '2022-03-25 01:14:18', '2022-03-25 01:14:18'),
	(43, 'images\\cisV6oL4f3.jpg', 'cisV6oL4f3.jpg', NULL, 'jpg', '214066', 0, 0, 17, 'App\\Models\\Product', '2022-03-25 01:14:18', '2022-03-25 01:14:18'),
	(44, 'images\\a2qhK4aCBP.jpg', 'a2qhK4aCBP.jpg', NULL, 'jpg', '142420', 0, 1, 40, 'App\\Models\\Product', '2022-03-25 01:14:18', '2022-03-25 01:14:18'),
	(45, 'images\\lp9NmbaYBb.jpg', 'lp9NmbaYBb.jpg', NULL, 'jpg', '83815', 0, 0, 40, 'App\\Models\\Product', '2022-03-25 01:14:18', '2022-03-25 01:14:18'),
	(46, 'images\\9TEXzFNW7y.jpg', '9TEXzFNW7y.jpg', NULL, 'jpg', '21357', 0, 0, 40, 'App\\Models\\Product', '2022-03-25 01:14:18', '2022-03-25 01:14:18'),
	(47, 'images\\rIovEHIyem.jpg', 'rIovEHIyem.jpg', NULL, 'jpg', '315426', 0, 1, 13, 'App\\Models\\Product', '2022-03-25 01:14:18', '2022-03-25 01:14:18'),
	(48, 'images\\DHTsLDne3X.jpg', 'DHTsLDne3X.jpg', NULL, 'jpg', '229382', 0, 0, 13, 'App\\Models\\Product', '2022-03-25 01:14:18', '2022-03-25 01:14:18'),
	(49, 'images\\DACZhU9aYU.jpg', 'DACZhU9aYU.jpg', NULL, 'jpg', '254367', 0, 0, 13, 'App\\Models\\Product', '2022-03-25 01:14:18', '2022-03-25 01:14:18'),
	(50, 'images\\Ryzrf3b5R6.jpg', 'Ryzrf3b5R6.jpg', NULL, 'jpg', '273044', 0, 0, 13, 'App\\Models\\Product', '2022-03-25 01:14:18', '2022-03-25 01:14:18'),
	(51, 'images\\WesYS0SrW4.jpg', 'WesYS0SrW4.jpg', NULL, 'jpg', '179703', 0, 1, 47, 'App\\Models\\Product', '2022-03-25 01:14:18', '2022-03-25 01:14:18'),
	(52, 'images\\ussAroMDHS.jpg', 'ussAroMDHS.jpg', NULL, 'jpg', '194943', 0, 0, 47, 'App\\Models\\Product', '2022-03-25 01:14:18', '2022-03-25 01:14:18'),
	(53, 'images\\GB4o320Bwe.jpg', 'GB4o320Bwe.jpg', NULL, 'jpg', '166868', 0, 0, 47, 'App\\Models\\Product', '2022-03-25 01:14:18', '2022-03-25 01:14:18'),
	(54, 'images\\BycM7rKaoS.jpg', 'BycM7rKaoS.jpg', NULL, 'jpg', '160529', 0, 1, 5, 'App\\Models\\Product', '2022-03-25 01:14:18', '2022-03-25 01:14:18'),
	(55, 'images\\R4AAH4yMPk.png', 'R4AAH4yMPk.png', NULL, 'png', '194838', 0, 0, 5, 'App\\Models\\Product', '2022-03-25 01:14:18', '2022-03-25 01:14:18'),
	(56, 'images\\FapsCnqwDz.png', 'FapsCnqwDz.png', NULL, 'png', '146865', 0, 0, 5, 'App\\Models\\Product', '2022-03-25 01:14:18', '2022-03-25 01:14:18'),
	(57, 'images\\lUONreKA5M.jpg', 'lUONreKA5M.jpg', NULL, 'jpg', '366988', 0, 1, 16, 'App\\Models\\Product', '2022-03-25 01:14:18', '2022-03-25 01:14:18'),
	(58, 'images\\TiBBWKhV68.jpg', 'TiBBWKhV68.jpg', NULL, 'jpg', '430417', 0, 0, 16, 'App\\Models\\Product', '2022-03-25 01:14:18', '2022-03-25 01:14:18'),
	(59, 'images\\H5ni4c30rB.jpg', 'H5ni4c30rB.jpg', NULL, 'jpg', '150367', 0, 1, 12, 'App\\Models\\Product', '2022-03-25 01:14:18', '2022-03-25 01:14:18'),
	(60, 'images\\Y4WZn6aJge.jpg', 'Y4WZn6aJge.jpg', NULL, 'jpg', '344533', 0, 0, 12, 'App\\Models\\Product', '2022-03-25 01:14:18', '2022-03-25 01:14:18'),
	(61, 'images\\plILTzHRtT.jpg', 'plILTzHRtT.jpg', NULL, 'jpg', '110646', 0, 0, 12, 'App\\Models\\Product', '2022-03-25 01:14:18', '2022-03-25 01:14:18'),
	(62, 'images\\rT9sJ1pYGG.jpg', 'rT9sJ1pYGG.jpg', NULL, 'jpg', '105641', 0, 1, 46, 'App\\Models\\Product', '2022-03-25 01:14:18', '2022-03-25 01:14:18'),
	(63, 'images\\YUdORd0tYj.jpg', 'YUdORd0tYj.jpg', NULL, 'jpg', '248951', 0, 0, 46, 'App\\Models\\Product', '2022-03-25 01:14:18', '2022-03-25 01:14:18'),
	(64, 'images\\Qdusgk5B9m.jpg', 'Qdusgk5B9m.jpg', NULL, 'jpg', '279672', 0, 1, 41, 'App\\Models\\Product', '2022-03-25 01:14:18', '2022-03-25 01:14:18'),
	(65, 'images\\AQsYyiopZU.jpg', 'AQsYyiopZU.jpg', NULL, 'jpg', '481848', 0, 0, 41, 'App\\Models\\Product', '2022-03-25 01:14:18', '2022-03-25 01:14:18'),
	(66, 'images\\lW88bbALll.jpg', 'lW88bbALll.jpg', NULL, 'jpg', '229615', 0, 0, 41, 'App\\Models\\Product', '2022-03-25 01:14:18', '2022-03-25 01:14:18'),
	(67, 'images\\D9X5XqLGgt.jpg', 'D9X5XqLGgt.jpg', NULL, 'jpg', '202167', 0, 1, 7, 'App\\Models\\Product', '2022-03-25 01:14:18', '2022-03-25 01:14:18'),
	(68, 'images\\aqHpIOGFAJ.jpg', 'aqHpIOGFAJ.jpg', NULL, 'jpg', '118247', 0, 0, 7, 'App\\Models\\Product', '2022-03-25 01:14:18', '2022-03-25 01:14:18'),
	(69, 'images\\RpGEx4az6r.jpg', 'RpGEx4az6r.jpg', NULL, 'jpg', '219962', 0, 0, 7, 'App\\Models\\Product', '2022-03-25 01:14:18', '2022-03-25 01:14:18'),
	(70, 'images\\ZATQZ6wQGm.jpg', 'ZATQZ6wQGm.jpg', NULL, 'jpg', '251632', 0, 1, 19, 'App\\Models\\Product', '2022-03-25 01:14:18', '2022-03-25 01:14:18'),
	(71, 'images\\ZDxrIjVMmb.jpg', 'ZDxrIjVMmb.jpg', NULL, 'jpg', '188413', 0, 0, 19, 'App\\Models\\Product', '2022-03-25 01:14:18', '2022-03-25 01:14:18'),
	(72, 'images\\k6kgw6f4af.jpg', 'k6kgw6f4af.jpg', NULL, 'jpg', '405851', 0, 0, 19, 'App\\Models\\Product', '2022-03-25 01:14:18', '2022-03-25 01:14:18'),
	(73, 'images\\ZCKrPelTIL.jpg', 'ZCKrPelTIL.jpg', NULL, 'jpg', '437710', 0, 0, 19, 'App\\Models\\Product', '2022-03-25 01:14:18', '2022-03-25 01:14:18'),
	(74, 'images\\fTJS9tGhYv.jpg', 'fTJS9tGhYv.jpg', NULL, 'jpg', '119626', 0, 1, 9, 'App\\Models\\Product', '2022-03-25 01:14:18', '2022-03-25 01:14:18'),
	(75, 'images\\9dTj29w5Pc.jpg', '9dTj29w5Pc.jpg', NULL, 'jpg', '284150', 0, 0, 9, 'App\\Models\\Product', '2022-03-25 01:14:18', '2022-03-25 01:14:18'),
	(76, 'images\\Pi2RyArsOe.jpg', 'Pi2RyArsOe.jpg', NULL, 'jpg', '109713', 0, 1, 24, 'App\\Models\\Product', '2022-03-25 01:14:18', '2022-03-25 01:14:18'),
	(77, 'images\\m8NNRgjrVb.jpg', 'm8NNRgjrVb.jpg', NULL, 'jpg', '19375', 0, 0, 24, 'App\\Models\\Product', '2022-03-25 01:14:18', '2022-03-25 01:14:18'),
	(78, 'images\\Q9OVuzl0f7.jpg', 'Q9OVuzl0f7.jpg', NULL, 'jpg', '171460', 0, 1, 20, 'App\\Models\\Product', '2022-03-25 01:14:18', '2022-03-25 01:14:18'),
	(79, 'images\\R9dSGlv9hu.jpg', 'R9dSGlv9hu.jpg', NULL, 'jpg', '58348', 0, 0, 20, 'App\\Models\\Product', '2022-03-25 01:14:18', '2022-03-25 01:14:18'),
	(80, 'images\\Bw8uW31jG4.jpg', 'Bw8uW31jG4.jpg', NULL, 'jpg', '277953', 0, 1, 2, 'App\\Models\\Product', '2022-03-25 01:14:18', '2022-03-25 01:14:18'),
	(81, 'images\\mRDBLP4Sap.jpg', 'mRDBLP4Sap.jpg', NULL, 'jpg', '876612', 0, 0, 2, 'App\\Models\\Product', '2022-03-25 01:14:18', '2022-03-25 01:14:18'),
	(82, 'images\\CB287WAeRx.jpg', 'CB287WAeRx.jpg', NULL, 'jpg', '342102', 0, 0, 2, 'App\\Models\\Product', '2022-03-25 01:14:18', '2022-03-25 01:14:18'),
	(83, 'images\\s8hNeNfp4P.jpg', 's8hNeNfp4P.jpg', NULL, 'jpg', '246030', 0, 1, 4, 'App\\Models\\Product', '2022-03-25 01:14:18', '2022-03-25 01:14:18'),
	(84, 'images\\8B3VWh2yIw.jpg', '8B3VWh2yIw.jpg', NULL, 'jpg', '113320', 0, 0, 4, 'App\\Models\\Product', '2022-03-25 01:14:18', '2022-03-25 01:14:18'),
	(85, 'images\\m9AFMBxL4I.jpg', 'm9AFMBxL4I.jpg', NULL, 'jpg', '354959', 0, 0, 4, 'App\\Models\\Product', '2022-03-25 01:14:18', '2022-03-25 01:14:18'),
	(86, 'images\\xasaKfaQsR.jpg', 'xasaKfaQsR.jpg', NULL, 'jpg', '71204', 0, 1, 30, 'App\\Models\\Product', '2022-03-25 01:14:18', '2022-03-25 01:14:18'),
	(87, 'images\\pFAIU39PSk.jpg', 'pFAIU39PSk.jpg', NULL, 'jpg', '12787', 0, 0, 30, 'App\\Models\\Product', '2022-03-25 01:14:18', '2022-03-25 01:14:18'),
	(88, 'images\\4VqF7xE8k6.jpg', '4VqF7xE8k6.jpg', NULL, 'jpg', '19339', 0, 0, 30, 'App\\Models\\Product', '2022-03-25 01:14:18', '2022-03-25 01:14:18'),
	(89, 'images\\tZiPsTGwcW.jpg', 'tZiPsTGwcW.jpg', NULL, 'jpg', '216880', 0, 1, 28, 'App\\Models\\Product', '2022-03-25 01:14:18', '2022-03-25 01:14:18'),
	(90, 'images\\yu6eSZzLzV.jpg', 'yu6eSZzLzV.jpg', NULL, 'jpg', '173268', 0, 0, 28, 'App\\Models\\Product', '2022-03-25 01:14:18', '2022-03-25 01:14:18'),
	(91, 'images\\n3GnmIL35n.jpg', 'n3GnmIL35n.jpg', NULL, 'jpg', '158435', 0, 0, 28, 'App\\Models\\Product', '2022-03-25 01:14:18', '2022-03-25 01:14:18'),
	(92, 'images\\oWv9kMB1wL.jpg', 'oWv9kMB1wL.jpg', NULL, 'jpg', '251632', 0, 1, 34, 'App\\Models\\Product', '2022-03-25 01:14:18', '2022-03-25 01:14:18'),
	(93, 'images\\DXZlE6Zhcy.jpg', 'DXZlE6Zhcy.jpg', NULL, 'jpg', '188413', 0, 0, 34, 'App\\Models\\Product', '2022-03-25 01:14:18', '2022-03-25 01:14:18'),
	(94, 'images\\m9JCoVGmEJ.jpg', 'm9JCoVGmEJ.jpg', NULL, 'jpg', '405851', 0, 0, 34, 'App\\Models\\Product', '2022-03-25 01:14:18', '2022-03-25 01:14:18'),
	(95, 'images\\6h36Qa1vaE.jpg', '6h36Qa1vaE.jpg', NULL, 'jpg', '437710', 0, 0, 34, 'App\\Models\\Product', '2022-03-25 01:14:18', '2022-03-25 01:14:18'),
	(96, 'images\\bYUMMA4Gho.jpg', 'bYUMMA4Gho.jpg', NULL, 'jpg', '135881', 0, 1, 38, 'App\\Models\\Product', '2022-03-25 01:14:18', '2022-03-25 01:14:18'),
	(97, 'images\\MiEnVJhps2.jpg', 'MiEnVJhps2.jpg', NULL, 'jpg', '224145', 0, 0, 38, 'App\\Models\\Product', '2022-03-25 01:14:18', '2022-03-25 01:14:18'),
	(98, 'images\\fYNQxZj4MA.jpg', 'fYNQxZj4MA.jpg', NULL, 'jpg', '435031', 0, 0, 38, 'App\\Models\\Product', '2022-03-25 01:14:18', '2022-03-25 01:14:18'),
	(99, 'images\\0IJQgpNpkA.jpg', '0IJQgpNpkA.jpg', NULL, 'jpg', '98927', 0, 1, 18, 'App\\Models\\Product', '2022-03-25 01:14:18', '2022-03-25 01:14:18'),
	(100, 'images\\V27FiaUbLA.jpg', 'V27FiaUbLA.jpg', NULL, 'jpg', '38660', 0, 0, 18, 'App\\Models\\Product', '2022-03-25 01:14:18', '2022-03-25 01:14:18'),
	(101, 'images\\6ipXhduRxE.jpg', '6ipXhduRxE.jpg', NULL, 'jpg', '45808', 0, 0, 18, 'App\\Models\\Product', '2022-03-25 01:14:18', '2022-03-25 01:14:18'),
	(102, 'images\\mmbI6Ax5Tr.jpg', 'mmbI6Ax5Tr.jpg', NULL, 'jpg', '366988', 0, 1, 25, 'App\\Models\\Product', '2022-03-25 01:14:18', '2022-03-25 01:14:18'),
	(103, 'images\\16GnrmhUd8.jpg', '16GnrmhUd8.jpg', NULL, 'jpg', '430417', 0, 0, 25, 'App\\Models\\Product', '2022-03-25 01:14:18', '2022-03-25 01:14:18'),
	(104, 'images\\q5FXICzMv7.jpg', 'q5FXICzMv7.jpg', NULL, 'jpg', '216880', 0, 1, 26, 'App\\Models\\Product', '2022-03-25 01:14:18', '2022-03-25 01:14:18'),
	(105, 'images\\Y99dbCic3G.jpg', 'Y99dbCic3G.jpg', NULL, 'jpg', '173268', 0, 0, 26, 'App\\Models\\Product', '2022-03-25 01:14:18', '2022-03-25 01:14:18'),
	(106, 'images\\mFt9zRPZ5M.jpg', 'mFt9zRPZ5M.jpg', NULL, 'jpg', '158435', 0, 0, 26, 'App\\Models\\Product', '2022-03-25 01:14:18', '2022-03-25 01:14:18'),
	(107, 'images\\A1j9PTbytl.jpg', 'A1j9PTbytl.jpg', NULL, 'jpg', '221557', 0, 1, 35, 'App\\Models\\Product', '2022-03-25 01:14:18', '2022-03-25 01:14:18'),
	(108, 'images\\V3x5x2UWgU.jpg', 'V3x5x2UWgU.jpg', NULL, 'jpg', '212310', 0, 0, 35, 'App\\Models\\Product', '2022-03-25 01:14:18', '2022-03-25 01:14:18'),
	(109, 'images\\cYPkXokdXL.jpg', 'cYPkXokdXL.jpg', NULL, 'jpg', '166962', 0, 0, 35, 'App\\Models\\Product', '2022-03-25 01:14:18', '2022-03-25 01:14:18'),
	(110, 'images\\3kw2wEhMOS.jpg', '3kw2wEhMOS.jpg', NULL, 'jpg', '159915', 0, 0, 35, 'App\\Models\\Product', '2022-03-25 01:14:18', '2022-03-25 01:14:18'),
	(111, 'images\\L9cMl1LlfK.jpg', 'L9cMl1LlfK.jpg', NULL, 'jpg', '214066', 0, 0, 35, 'App\\Models\\Product', '2022-03-25 01:14:18', '2022-03-25 01:14:18'),
	(112, 'images\\zV07Zi7uBE.jpg', 'zV07Zi7uBE.jpg', NULL, 'jpg', '332245', 0, 1, 31, 'App\\Models\\Product', '2022-03-25 01:14:18', '2022-03-25 01:14:18'),
	(113, 'images\\K6Irg3AVFH.jpg', 'K6Irg3AVFH.jpg', NULL, 'jpg', '278426', 0, 0, 31, 'App\\Models\\Product', '2022-03-25 01:14:18', '2022-03-25 01:14:18'),
	(114, 'images\\tKylXwynXI.jpg', 'tKylXwynXI.jpg', NULL, 'jpg', '159247', 0, 1, 22, 'App\\Models\\Product', '2022-03-25 01:14:18', '2022-03-25 01:14:18'),
	(115, 'images\\7uskKbVhcZ.jpg', '7uskKbVhcZ.jpg', NULL, 'jpg', '9260', 0, 0, 22, 'App\\Models\\Product', '2022-03-25 01:14:18', '2022-03-25 01:14:18'),
	(116, 'images\\huGGFSs9Lk.jpg', 'huGGFSs9Lk.jpg', NULL, 'jpg', '12653', 0, 0, 22, 'App\\Models\\Product', '2022-03-25 01:14:18', '2022-03-25 01:14:18'),
	(117, 'images\\YGIWkHbV1n.jpg', 'YGIWkHbV1n.jpg', NULL, 'jpg', '246030', 0, 1, 15, 'App\\Models\\Product', '2022-03-25 01:14:18', '2022-03-25 01:14:18'),
	(118, 'images\\4jpG381Epi.jpg', '4jpG381Epi.jpg', NULL, 'jpg', '113320', 0, 0, 15, 'App\\Models\\Product', '2022-03-25 01:14:18', '2022-03-25 01:14:18'),
	(119, 'images\\izp8FnH6n4.jpg', 'izp8FnH6n4.jpg', NULL, 'jpg', '354959', 0, 0, 15, 'App\\Models\\Product', '2022-03-25 01:14:18', '2022-03-25 01:14:18'),
	(120, 'images\\zhviNl5hwg.jpg', 'zhviNl5hwg.jpg', NULL, 'jpg', '216880', 0, 1, 50, 'App\\Models\\Product', '2022-03-25 01:14:18', '2022-03-25 01:14:18'),
	(121, 'images\\Bj7N0tccCi.jpg', 'Bj7N0tccCi.jpg', NULL, 'jpg', '173268', 0, 0, 50, 'App\\Models\\Product', '2022-03-25 01:14:18', '2022-03-25 01:14:18'),
	(122, 'images\\g0OHY8tsCR.jpg', 'g0OHY8tsCR.jpg', NULL, 'jpg', '158435', 0, 0, 50, 'App\\Models\\Product', '2022-03-25 01:14:18', '2022-03-25 01:14:18'),
	(123, 'images\\ZVxU0bHpXo.jpg', 'ZVxU0bHpXo.jpg', NULL, 'jpg', '279672', 0, 1, 14, 'App\\Models\\Product', '2022-03-25 01:14:18', '2022-03-25 01:14:18'),
	(124, 'images\\dyERFK8a8e.jpg', 'dyERFK8a8e.jpg', NULL, 'jpg', '481848', 0, 0, 14, 'App\\Models\\Product', '2022-03-25 01:14:18', '2022-03-25 01:14:18'),
	(125, 'images\\SFP2DgwDaz.jpg', 'SFP2DgwDaz.jpg', NULL, 'jpg', '229615', 0, 0, 14, 'App\\Models\\Product', '2022-03-25 01:14:18', '2022-03-25 01:14:18'),
	(126, 'images\\lS95kDimSA.jpg', 'lS95kDimSA.jpg', NULL, 'jpg', '105039', 0, 1, 6, 'App\\Models\\Product', '2022-03-25 01:14:18', '2022-03-25 01:14:18'),
	(127, 'images\\vCymYeDSPy.jpg', 'vCymYeDSPy.jpg', NULL, 'jpg', '29912', 0, 0, 6, 'App\\Models\\Product', '2022-03-25 01:14:18', '2022-03-25 01:14:18'),
	(128, 'images\\qlN0paZndz.jpg', 'qlN0paZndz.jpg', NULL, 'jpg', '150734', 0, 1, 23, 'App\\Models\\Product', '2022-03-25 01:14:18', '2022-03-25 01:14:18'),
	(129, 'images\\OYa2juTvAn.jpg', 'OYa2juTvAn.jpg', NULL, 'jpg', '52301', 0, 0, 23, 'App\\Models\\Product', '2022-03-25 01:14:18', '2022-03-25 01:14:18'),
	(130, 'images\\SFxljFjdy5.jpg', 'SFxljFjdy5.jpg', NULL, 'jpg', '109713', 0, 1, 45, 'App\\Models\\Product', '2022-03-25 01:14:18', '2022-03-25 01:14:18'),
	(131, 'images\\f4zo2GQFZa.jpg', 'f4zo2GQFZa.jpg', NULL, 'jpg', '19375', 0, 0, 45, 'App\\Models\\Product', '2022-03-25 01:14:18', '2022-03-25 01:14:18'),
	(132, 'images\\lAwO2z05Y8.jpg', 'lAwO2z05Y8.jpg', NULL, 'jpg', '278534', 0, 1, 48, 'App\\Models\\Product', '2022-03-25 01:14:18', '2022-03-25 01:14:18'),
	(133, 'images\\zwX5jgppNG.jpg', 'zwX5jgppNG.jpg', NULL, 'jpg', '104910', 0, 0, 48, 'App\\Models\\Product', '2022-03-25 01:14:18', '2022-03-25 01:14:18'),
	(134, 'images\\zwyAD4EG5Z.jpg', 'zwyAD4EG5Z.jpg', NULL, 'jpg', '74096', 0, 0, 48, 'App\\Models\\Product', '2022-03-25 01:14:18', '2022-03-25 01:14:18'),
	(135, 'images\\vPLbcDoSZr.jpg', 'vPLbcDoSZr.jpg', NULL, 'jpg', '82897', 0, 0, 48, 'App\\Models\\Product', '2022-03-25 01:14:18', '2022-03-25 01:14:18'),
	(136, 'images\\fvJvz0eIHf.jpg', 'fvJvz0eIHf.jpg', NULL, 'jpg', '171460', 0, 1, 27, 'App\\Models\\Product', '2022-03-25 01:14:18', '2022-03-25 01:14:18'),
	(137, 'images\\gQysk0BdbF.jpg', 'gQysk0BdbF.jpg', NULL, 'jpg', '58348', 0, 0, 27, 'App\\Models\\Product', '2022-03-25 01:14:18', '2022-03-25 01:14:18'),
	(138, 'images\\ho1gLUNoKn.jpg', 'ho1gLUNoKn.jpg', NULL, 'jpg', '488363', 0, 1, 39, 'App\\Models\\Product', '2022-03-25 01:14:18', '2022-03-25 01:14:18'),
	(139, 'images\\2ojAqPmsgp.jpg', '2ojAqPmsgp.jpg', NULL, 'jpg', '410379', 0, 0, 39, 'App\\Models\\Product', '2022-03-25 01:14:18', '2022-03-25 01:14:18'),
	(140, 'images\\NtGeWtLdVV.jpg', 'NtGeWtLdVV.jpg', NULL, 'jpg', '370985', 0, 0, 39, 'App\\Models\\Product', '2022-03-25 01:14:18', '2022-03-25 01:14:18'),
	(141, 'images\\FC1HwYe3b0.jpg', 'FC1HwYe3b0.jpg', NULL, 'jpg', '279970', 0, 0, 39, 'App\\Models\\Product', '2022-03-25 01:14:18', '2022-03-25 01:14:18'),
	(142, 'images\\0M3zPmU41l.jpg', '0M3zPmU41l.jpg', NULL, 'jpg', '109713', 0, 1, 8, 'App\\Models\\Product', '2022-03-25 01:14:18', '2022-03-25 01:14:18'),
	(143, 'images\\VBm4Zznbpx.jpg', 'VBm4Zznbpx.jpg', NULL, 'jpg', '19375', 0, 0, 8, 'App\\Models\\Product', '2022-03-25 01:14:18', '2022-03-25 01:14:18'),
	(144, 'images\\d0raCChMb3.jpg', 'd0raCChMb3.jpg', NULL, 'jpg', '135881', 0, 1, 32, 'App\\Models\\Product', '2022-03-25 01:14:18', '2022-03-25 01:14:18'),
	(145, 'images\\m2vH7htVmy.jpg', 'm2vH7htVmy.jpg', NULL, 'jpg', '224145', 0, 0, 32, 'App\\Models\\Product', '2022-03-25 01:14:18', '2022-03-25 01:14:18'),
	(146, 'images\\uOUR8lblX9.jpg', 'uOUR8lblX9.jpg', NULL, 'jpg', '435031', 0, 0, 32, 'App\\Models\\Product', '2022-03-25 01:14:18', '2022-03-25 01:14:18'),
	(147, 'images\\nPjUwTi7jV.jpg', 'nPjUwTi7jV.jpg', NULL, 'jpg', '221557', 0, 1, 37, 'App\\Models\\Product', '2022-03-25 01:14:18', '2022-03-25 01:14:18'),
	(148, 'images\\doIt64quRy.jpg', 'doIt64quRy.jpg', NULL, 'jpg', '212310', 0, 0, 37, 'App\\Models\\Product', '2022-03-25 01:14:18', '2022-03-25 01:14:18'),
	(149, 'images\\2wXSeLEVSr.jpg', '2wXSeLEVSr.jpg', NULL, 'jpg', '166962', 0, 0, 37, 'App\\Models\\Product', '2022-03-25 01:14:18', '2022-03-25 01:14:18'),
	(150, 'images\\bKndMNPJ4F.jpg', 'bKndMNPJ4F.jpg', NULL, 'jpg', '159915', 0, 0, 37, 'App\\Models\\Product', '2022-03-25 01:14:18', '2022-03-25 01:14:18'),
	(151, 'images\\OUBMYyNw6u.jpg', 'OUBMYyNw6u.jpg', NULL, 'jpg', '214066', 0, 0, 37, 'App\\Models\\Product', '2022-03-25 01:14:18', '2022-03-25 01:14:18'),
	(152, 'images\\Cb2c3pxPx5.jpg', 'Cb2c3pxPx5.jpg', NULL, 'jpg', '142420', 0, 1, 3, 'App\\Models\\Product', '2022-03-25 01:14:18', '2022-03-25 01:14:18'),
	(153, 'images\\yisg6EMPhj.jpg', 'yisg6EMPhj.jpg', NULL, 'jpg', '83815', 0, 0, 3, 'App\\Models\\Product', '2022-03-25 01:14:18', '2022-03-25 01:14:18'),
	(154, 'images\\SiTN0Lc0SG.jpg', 'SiTN0Lc0SG.jpg', NULL, 'jpg', '21357', 0, 0, 3, 'App\\Models\\Product', '2022-03-25 01:14:18', '2022-03-25 01:14:18'),
	(155, 'images\\kxH1kgJ4K0.jpg', 'kxH1kgJ4K0.jpg', NULL, 'jpg', '251632', 0, 1, 42, 'App\\Models\\Product', '2022-03-25 01:14:18', '2022-03-25 01:14:18'),
	(156, 'images\\WRZoK6gWbD.jpg', 'WRZoK6gWbD.jpg', NULL, 'jpg', '188413', 0, 0, 42, 'App\\Models\\Product', '2022-03-25 01:14:18', '2022-03-25 01:14:18'),
	(157, 'images\\Pk8vDnVhg0.jpg', 'Pk8vDnVhg0.jpg', NULL, 'jpg', '405851', 0, 0, 42, 'App\\Models\\Product', '2022-03-25 01:14:18', '2022-03-25 01:14:18'),
	(158, 'images\\Z4LT2iJNyE.jpg', 'Z4LT2iJNyE.jpg', NULL, 'jpg', '437710', 0, 0, 42, 'App\\Models\\Product', '2022-03-25 01:14:18', '2022-03-25 01:14:18'),
	(159, 'images\\58SeMUNTRu.jpg', '58SeMUNTRu.jpg', NULL, 'jpg', '100496', 0, 1, 44, 'App\\Models\\Product', '2022-03-25 01:14:18', '2022-03-25 01:14:18'),
	(160, 'images\\YMiRdM7fdb.jpg', 'YMiRdM7fdb.jpg', NULL, 'jpg', '32765', 0, 0, 44, 'App\\Models\\Product', '2022-03-25 01:14:18', '2022-03-25 01:14:18'),
	(161, 'images\\uZ3zR3c9sA.jpg', 'uZ3zR3c9sA.jpg', NULL, 'jpg', '77067', 0, 0, 44, 'App\\Models\\Product', '2022-03-25 01:14:18', '2022-03-25 01:14:18'),
	(162, 'images\\wAFKQ7swhH.jpg', 'wAFKQ7swhH.jpg', NULL, 'jpg', '61229', 0, 0, 44, 'App\\Models\\Product', '2022-03-25 01:14:18', '2022-03-25 01:14:18'),
	(163, 'images\\zTzx74qPku.jpg', 'zTzx74qPku.jpg', NULL, 'jpg', '474967', 0, 1, 49, 'App\\Models\\Product', '2022-03-25 01:14:18', '2022-03-25 01:14:18'),
	(164, 'images\\p3TkwgVCAC.jpg', 'p3TkwgVCAC.jpg', NULL, 'jpg', '320629', 0, 0, 49, 'App\\Models\\Product', '2022-03-25 01:14:18', '2022-03-25 01:14:18'),
	(165, 'images\\MsnQNOnR65.jpg', 'MsnQNOnR65.jpg', NULL, 'jpg', '396205', 0, 0, 49, 'App\\Models\\Product', '2022-03-25 01:14:18', '2022-03-25 01:14:18'),
	(166, 'images\\VXYtDPvPav.jpg', 'VXYtDPvPav.jpg', NULL, 'jpg', '415302', 0, 0, 49, 'App\\Models\\Product', '2022-03-25 01:14:18', '2022-03-25 01:14:18'),
	(167, 'images\\0QkQkGGXCy.jpg', '0QkQkGGXCy.jpg', NULL, 'jpg', '151281', 0, NULL, 1, 'App\\Models\\Inventory', '2022-03-25 01:15:19', '2022-03-25 01:15:19'),
	(168, 'images\\StXdmKi15n.jpg', 'StXdmKi15n.jpg', NULL, 'jpg', '282307', 0, NULL, 1, 'App\\Models\\Inventory', '2022-03-25 01:15:20', '2022-03-25 01:15:20'),
	(169, 'images\\Pgy84FGQXl.jpg', 'Pgy84FGQXl.jpg', NULL, 'jpg', '198579', 0, NULL, 1, 'App\\Models\\Inventory', '2022-03-25 01:15:20', '2022-03-25 01:15:20'),
	(170, 'images\\u1qhHewxps.jpg', 'u1qhHewxps.jpg', NULL, 'jpg', '462235', 0, NULL, 1, 'App\\Models\\Inventory', '2022-03-25 01:15:20', '2022-03-25 01:15:20'),
	(171, 'images\\xbH47Fhgqn.jpg', 'xbH47Fhgqn.jpg', NULL, 'jpg', '85299', 0, NULL, 31, 'App\\Models\\Inventory', '2022-03-25 01:15:20', '2022-03-25 01:15:20'),
	(172, 'images\\tqpps6Xo4K.jpg', 'tqpps6Xo4K.jpg', NULL, 'jpg', '21899', 0, NULL, 31, 'App\\Models\\Inventory', '2022-03-25 01:15:20', '2022-03-25 01:15:20'),
	(173, 'images\\GXoqZOyMEd.jpg', 'GXoqZOyMEd.jpg', NULL, 'jpg', '202167', 0, NULL, 59, 'App\\Models\\Inventory', '2022-03-25 01:15:20', '2022-03-25 01:15:20'),
	(174, 'images\\FRIdoHKEp2.jpg', 'FRIdoHKEp2.jpg', NULL, 'jpg', '118247', 0, NULL, 59, 'App\\Models\\Inventory', '2022-03-25 01:15:20', '2022-03-25 01:15:20'),
	(175, 'images\\qYDdAkRrZ6.jpg', 'qYDdAkRrZ6.jpg', NULL, 'jpg', '219962', 0, NULL, 59, 'App\\Models\\Inventory', '2022-03-25 01:15:20', '2022-03-25 01:15:20'),
	(176, 'images\\rsw7YkOR4u.jpg', 'rsw7YkOR4u.jpg', NULL, 'jpg', '105039', 0, NULL, 69, 'App\\Models\\Inventory', '2022-03-25 01:15:20', '2022-03-25 01:15:20'),
	(177, 'images\\2X2rfWQ4T0.jpg', '2X2rfWQ4T0.jpg', NULL, 'jpg', '29912', 0, NULL, 69, 'App\\Models\\Inventory', '2022-03-25 01:15:20', '2022-03-25 01:15:20'),
	(178, 'images\\6HqKpyKhSS.jpg', '6HqKpyKhSS.jpg', NULL, 'jpg', '159247', 0, NULL, 16, 'App\\Models\\Inventory', '2022-03-25 01:15:20', '2022-03-25 01:15:20'),
	(179, 'images\\tT4bhTSpit.jpg', 'tT4bhTSpit.jpg', NULL, 'jpg', '9260', 0, NULL, 16, 'App\\Models\\Inventory', '2022-03-25 01:15:20', '2022-03-25 01:15:20'),
	(180, 'images\\QdkWWiT6Q3.jpg', 'QdkWWiT6Q3.jpg', NULL, 'jpg', '12653', 0, NULL, 16, 'App\\Models\\Inventory', '2022-03-25 01:15:20', '2022-03-25 01:15:20'),
	(181, 'images\\dZTVlcObtF.jpg', 'dZTVlcObtF.jpg', NULL, 'jpg', '251632', 0, NULL, 4, 'App\\Models\\Inventory', '2022-03-25 01:15:20', '2022-03-25 01:15:20'),
	(182, 'images\\8j5XcHsDEW.jpg', '8j5XcHsDEW.jpg', NULL, 'jpg', '188413', 0, NULL, 4, 'App\\Models\\Inventory', '2022-03-25 01:15:20', '2022-03-25 01:15:20'),
	(183, 'images\\3mqdc9d0c6.jpg', '3mqdc9d0c6.jpg', NULL, 'jpg', '405851', 0, NULL, 4, 'App\\Models\\Inventory', '2022-03-25 01:15:20', '2022-03-25 01:15:20'),
	(184, 'images\\myRYhhiUc2.jpg', 'myRYhhiUc2.jpg', NULL, 'jpg', '437710', 0, NULL, 4, 'App\\Models\\Inventory', '2022-03-25 01:15:20', '2022-03-25 01:15:20'),
	(185, 'images\\7e2Dv6tHMj.jpg', '7e2Dv6tHMj.jpg', NULL, 'jpg', '85299', 0, NULL, 8, 'App\\Models\\Inventory', '2022-03-25 01:15:20', '2022-03-25 01:15:20'),
	(186, 'images\\vMPJLexrgp.jpg', 'vMPJLexrgp.jpg', NULL, 'jpg', '21899', 0, NULL, 8, 'App\\Models\\Inventory', '2022-03-25 01:15:20', '2022-03-25 01:15:20'),
	(187, 'images\\EQ3Zvj1VB0.jpg', 'EQ3Zvj1VB0.jpg', NULL, 'jpg', '194770', 0, NULL, 104, 'App\\Models\\Inventory', '2022-03-25 01:15:20', '2022-03-25 01:15:20'),
	(188, 'images\\uej8VCPmsQ.jpg', 'uej8VCPmsQ.jpg', NULL, 'jpg', '22030', 0, NULL, 104, 'App\\Models\\Inventory', '2022-03-25 01:15:20', '2022-03-25 01:15:20'),
	(189, 'images\\n8XOSyCa7U.jpg', 'n8XOSyCa7U.jpg', NULL, 'jpg', '44992', 0, NULL, 104, 'App\\Models\\Inventory', '2022-03-25 01:15:20', '2022-03-25 01:15:20'),
	(190, 'images\\GuBhBg0GoJ.jpg', 'GuBhBg0GoJ.jpg', NULL, 'jpg', '14210', 0, NULL, 104, 'App\\Models\\Inventory', '2022-03-25 01:15:20', '2022-03-25 01:15:20'),
	(191, 'images\\eSSV3QIoaw.jpeg', 'eSSV3QIoaw.jpeg', NULL, 'jpeg', '6878', 0, NULL, 104, 'App\\Models\\Inventory', '2022-03-25 01:15:20', '2022-03-25 01:15:20'),
	(192, 'images\\Sp7vFofYxZ.jpg', 'Sp7vFofYxZ.jpg', NULL, 'jpg', '150546', 0, NULL, 82, 'App\\Models\\Inventory', '2022-03-25 01:15:20', '2022-03-25 01:15:20'),
	(193, 'images\\bq3Y5sRgcX.jpg', 'bq3Y5sRgcX.jpg', NULL, 'jpg', '23875', 0, NULL, 82, 'App\\Models\\Inventory', '2022-03-25 01:15:20', '2022-03-25 01:15:20'),
	(194, 'images\\mmhvN2L31b.jpg', 'mmhvN2L31b.jpg', NULL, 'jpg', '63923', 0, NULL, 82, 'App\\Models\\Inventory', '2022-03-25 01:15:20', '2022-03-25 01:15:20'),
	(195, 'images\\w5JIWNp2YE.jpg', 'w5JIWNp2YE.jpg', NULL, 'jpg', '167790', 0, NULL, 60, 'App\\Models\\Inventory', '2022-03-25 01:15:20', '2022-03-25 01:15:20'),
	(196, 'images\\Fc93m5rlcb.jpg', 'Fc93m5rlcb.jpg', NULL, 'jpg', '69982', 0, NULL, 60, 'App\\Models\\Inventory', '2022-03-25 01:15:20', '2022-03-25 01:15:20'),
	(197, 'images\\TMGkdsjbuP.jpg', 'TMGkdsjbuP.jpg', NULL, 'jpg', '6681', 0, NULL, 60, 'App\\Models\\Inventory', '2022-03-25 01:15:20', '2022-03-25 01:15:20'),
	(198, 'images\\8zP0Wsl5Lf.jpg', '8zP0Wsl5Lf.jpg', NULL, 'jpg', '47245', 0, NULL, 60, 'App\\Models\\Inventory', '2022-03-25 01:15:20', '2022-03-25 01:15:20'),
	(199, 'images\\buqveUVXQG.jpg', 'buqveUVXQG.jpg', NULL, 'jpg', '179703', 0, NULL, 73, 'App\\Models\\Inventory', '2022-03-25 01:15:20', '2022-03-25 01:15:20'),
	(200, 'images\\GNTFebXPo7.jpg', 'GNTFebXPo7.jpg', NULL, 'jpg', '194943', 0, NULL, 73, 'App\\Models\\Inventory', '2022-03-25 01:15:20', '2022-03-25 01:15:20'),
	(201, 'images\\pWs6HvC9Hz.jpg', 'pWs6HvC9Hz.jpg', NULL, 'jpg', '166868', 0, NULL, 73, 'App\\Models\\Inventory', '2022-03-25 01:15:20', '2022-03-25 01:15:20'),
	(202, 'images\\92DexG2mtH.jpg', '92DexG2mtH.jpg', NULL, 'jpg', '105039', 0, NULL, 18, 'App\\Models\\Inventory', '2022-03-25 01:15:20', '2022-03-25 01:15:20'),
	(203, 'images\\SMPsfoEYhL.jpg', 'SMPsfoEYhL.jpg', NULL, 'jpg', '29912', 0, NULL, 18, 'App\\Models\\Inventory', '2022-03-25 01:15:20', '2022-03-25 01:15:20'),
	(204, 'images\\NPv85qTJfi.jpg', 'NPv85qTJfi.jpg', NULL, 'jpg', '225459', 0, NULL, 76, 'App\\Models\\Inventory', '2022-03-25 01:15:20', '2022-03-25 01:15:20'),
	(205, 'images\\bb65yB3nKT.jpg', 'bb65yB3nKT.jpg', NULL, 'jpg', '244762', 0, NULL, 76, 'App\\Models\\Inventory', '2022-03-25 01:15:20', '2022-03-25 01:15:20'),
	(206, 'images\\QKX4CfWrD7.jpg', 'QKX4CfWrD7.jpg', NULL, 'jpg', '345128', 0, NULL, 76, 'App\\Models\\Inventory', '2022-03-25 01:15:20', '2022-03-25 01:15:20'),
	(207, 'images\\hL8uakWnbN.jpg', 'hL8uakWnbN.jpg', NULL, 'jpg', '416558', 0, NULL, 32, 'App\\Models\\Inventory', '2022-03-25 01:15:20', '2022-03-25 01:15:20'),
	(208, 'images\\jCVK51DbCO.jpg', 'jCVK51DbCO.jpg', NULL, 'jpg', '569367', 0, NULL, 32, 'App\\Models\\Inventory', '2022-03-25 01:15:20', '2022-03-25 01:15:20'),
	(209, 'images\\PFEikyYGnB.jpg', 'PFEikyYGnB.jpg', NULL, 'jpg', '794095', 0, NULL, 32, 'App\\Models\\Inventory', '2022-03-25 01:15:20', '2022-03-25 01:15:20'),
	(210, 'images\\omc1p8M3IS.jpg', 'omc1p8M3IS.jpg', NULL, 'jpg', '147417', 0, NULL, 34, 'App\\Models\\Inventory', '2022-03-25 01:15:20', '2022-03-25 01:15:20'),
	(211, 'images\\RucY8V3Nw8.jpg', 'RucY8V3Nw8.jpg', NULL, 'jpg', '117482', 0, NULL, 34, 'App\\Models\\Inventory', '2022-03-25 01:15:20', '2022-03-25 01:15:20'),
	(212, 'images\\t6LXCAoKo9.jpg', 't6LXCAoKo9.jpg', NULL, 'jpg', '128884', 0, NULL, 34, 'App\\Models\\Inventory', '2022-03-25 01:15:20', '2022-03-25 01:15:20'),
	(213, 'images\\jzJERkXECS.jpg', 'jzJERkXECS.jpg', NULL, 'jpg', '154752', 0, NULL, 42, 'App\\Models\\Inventory', '2022-03-25 01:15:21', '2022-03-25 01:15:21'),
	(214, 'images\\qaV98YU7RG.jpg', 'qaV98YU7RG.jpg', NULL, 'jpg', '49365', 0, NULL, 42, 'App\\Models\\Inventory', '2022-03-25 01:15:21', '2022-03-25 01:15:21'),
	(215, 'images\\7qY75rNcB6.jpg', '7qY75rNcB6.jpg', NULL, 'jpg', '12887', 0, NULL, 42, 'App\\Models\\Inventory', '2022-03-25 01:15:21', '2022-03-25 01:15:21'),
	(216, 'images\\RPu1l9oQGl.jpg', 'RPu1l9oQGl.jpg', NULL, 'jpg', '105039', 0, NULL, 63, 'App\\Models\\Inventory', '2022-03-25 01:15:21', '2022-03-25 01:15:21'),
	(217, 'images\\Gf8UNlte21.jpg', 'Gf8UNlte21.jpg', NULL, 'jpg', '29912', 0, NULL, 63, 'App\\Models\\Inventory', '2022-03-25 01:15:21', '2022-03-25 01:15:21'),
	(218, 'images\\wHpvE03Z2N.jpg', 'wHpvE03Z2N.jpg', NULL, 'jpg', '150367', 0, NULL, 88, 'App\\Models\\Inventory', '2022-03-25 01:15:21', '2022-03-25 01:15:21'),
	(219, 'images\\Vf6h51Jl5I.jpg', 'Vf6h51Jl5I.jpg', NULL, 'jpg', '344533', 0, NULL, 88, 'App\\Models\\Inventory', '2022-03-25 01:15:21', '2022-03-25 01:15:21'),
	(220, 'images\\rtMKES9NpY.jpg', 'rtMKES9NpY.jpg', NULL, 'jpg', '110646', 0, NULL, 88, 'App\\Models\\Inventory', '2022-03-25 01:15:21', '2022-03-25 01:15:21'),
	(221, 'images\\jaVL6pQpeg.jpg', 'jaVL6pQpeg.jpg', NULL, 'jpg', '194770', 0, NULL, 58, 'App\\Models\\Inventory', '2022-03-25 01:15:21', '2022-03-25 01:15:21'),
	(222, 'images\\i61oDDAp9B.jpg', 'i61oDDAp9B.jpg', NULL, 'jpg', '22030', 0, NULL, 58, 'App\\Models\\Inventory', '2022-03-25 01:15:21', '2022-03-25 01:15:21'),
	(223, 'images\\1vbwdqHkqO.jpg', '1vbwdqHkqO.jpg', NULL, 'jpg', '44992', 0, NULL, 58, 'App\\Models\\Inventory', '2022-03-25 01:15:21', '2022-03-25 01:15:21'),
	(224, 'images\\cFd9bFKUjy.jpg', 'cFd9bFKUjy.jpg', NULL, 'jpg', '14210', 0, NULL, 58, 'App\\Models\\Inventory', '2022-03-25 01:15:21', '2022-03-25 01:15:21'),
	(225, 'images\\0mmRrVDmIE.jpeg', '0mmRrVDmIE.jpeg', NULL, 'jpeg', '6878', 0, NULL, 58, 'App\\Models\\Inventory', '2022-03-25 01:15:21', '2022-03-25 01:15:21'),
	(226, 'images\\myYJlvOJKH.jpg', 'myYJlvOJKH.jpg', NULL, 'jpg', '142420', 0, NULL, 95, 'App\\Models\\Inventory', '2022-03-25 01:15:21', '2022-03-25 01:15:21'),
	(227, 'images\\Uo4eYyhcIF.jpg', 'Uo4eYyhcIF.jpg', NULL, 'jpg', '83815', 0, NULL, 95, 'App\\Models\\Inventory', '2022-03-25 01:15:21', '2022-03-25 01:15:21'),
	(228, 'images\\QWyBkFcOfe.jpg', 'QWyBkFcOfe.jpg', NULL, 'jpg', '21357', 0, NULL, 95, 'App\\Models\\Inventory', '2022-03-25 01:15:21', '2022-03-25 01:15:21'),
	(229, 'images\\XUVLFHNGnK.jpg', 'XUVLFHNGnK.jpg', NULL, 'jpg', '167790', 0, NULL, 9, 'App\\Models\\Inventory', '2022-03-25 01:15:21', '2022-03-25 01:15:21'),
	(230, 'images\\4dGkXueeKg.jpg', '4dGkXueeKg.jpg', NULL, 'jpg', '69982', 0, NULL, 9, 'App\\Models\\Inventory', '2022-03-25 01:15:21', '2022-03-25 01:15:21'),
	(231, 'images\\t7kXtcsyND.jpg', 't7kXtcsyND.jpg', NULL, 'jpg', '6681', 0, NULL, 9, 'App\\Models\\Inventory', '2022-03-25 01:15:21', '2022-03-25 01:15:21'),
	(232, 'images\\ruvpel4Q63.jpg', 'ruvpel4Q63.jpg', NULL, 'jpg', '47245', 0, NULL, 9, 'App\\Models\\Inventory', '2022-03-25 01:15:21', '2022-03-25 01:15:21'),
	(233, 'images\\xUYRd58obs.jpg', 'xUYRd58obs.jpg', NULL, 'jpg', '251632', 0, NULL, 54, 'App\\Models\\Inventory', '2022-03-25 01:15:21', '2022-03-25 01:15:21'),
	(234, 'images\\OT5c71zB8q.jpg', 'OT5c71zB8q.jpg', NULL, 'jpg', '188413', 0, NULL, 54, 'App\\Models\\Inventory', '2022-03-25 01:15:21', '2022-03-25 01:15:21'),
	(235, 'images\\kISGUInTKF.jpg', 'kISGUInTKF.jpg', NULL, 'jpg', '405851', 0, NULL, 54, 'App\\Models\\Inventory', '2022-03-25 01:15:21', '2022-03-25 01:15:21'),
	(236, 'images\\3O3fz4Eyh5.jpg', '3O3fz4Eyh5.jpg', NULL, 'jpg', '437710', 0, NULL, 54, 'App\\Models\\Inventory', '2022-03-25 01:15:21', '2022-03-25 01:15:21'),
	(237, 'images\\YHRYyGfmqk.jpg', 'YHRYyGfmqk.jpg', NULL, 'jpg', '498648', 0, NULL, 102, 'App\\Models\\Inventory', '2022-03-25 01:15:21', '2022-03-25 01:15:21'),
	(238, 'images\\a0FVZdfbWE.jpg', 'a0FVZdfbWE.jpg', NULL, 'jpg', '478752', 0, NULL, 102, 'App\\Models\\Inventory', '2022-03-25 01:15:21', '2022-03-25 01:15:21'),
	(239, 'images\\TEBVbgvHf3.jpg', 'TEBVbgvHf3.jpg', NULL, 'jpg', '145810', 0, NULL, 75, 'App\\Models\\Inventory', '2022-03-25 01:15:21', '2022-03-25 01:15:21'),
	(240, 'images\\e6CDzIVdae.jpg', 'e6CDzIVdae.jpg', NULL, 'jpg', '44668', 0, NULL, 75, 'App\\Models\\Inventory', '2022-03-25 01:15:21', '2022-03-25 01:15:21'),
	(241, 'images\\66nQxu1Tkm.jpg', '66nQxu1Tkm.jpg', NULL, 'jpg', '40482', 0, NULL, 75, 'App\\Models\\Inventory', '2022-03-25 01:15:21', '2022-03-25 01:15:21'),
	(242, 'images\\Q6n7dj9wUb.jpg', 'Q6n7dj9wUb.jpg', NULL, 'jpg', '32457', 0, NULL, 75, 'App\\Models\\Inventory', '2022-03-25 01:15:21', '2022-03-25 01:15:21'),
	(243, 'images\\fH0DEk8Px9.jpg', 'fH0DEk8Px9.jpg', NULL, 'jpg', '143272', 0, NULL, 26, 'App\\Models\\Inventory', '2022-03-25 01:15:21', '2022-03-25 01:15:21'),
	(244, 'images\\AtJYT8p72W.jpg', 'AtJYT8p72W.jpg', NULL, 'jpg', '290073', 0, NULL, 26, 'App\\Models\\Inventory', '2022-03-25 01:15:21', '2022-03-25 01:15:21'),
	(245, 'images\\0JKEMicPSH.jpg', '0JKEMicPSH.jpg', NULL, 'jpg', '339333', 0, NULL, 26, 'App\\Models\\Inventory', '2022-03-25 01:15:21', '2022-03-25 01:15:21'),
	(246, 'images\\deWwR9IxVC.jpg', 'deWwR9IxVC.jpg', NULL, 'jpg', '349716', 0, NULL, 49, 'App\\Models\\Inventory', '2022-03-25 01:15:21', '2022-03-25 01:15:21'),
	(247, 'images\\ZGoOahuVQZ.jpg', 'ZGoOahuVQZ.jpg', NULL, 'jpg', '515075', 0, NULL, 49, 'App\\Models\\Inventory', '2022-03-25 01:15:22', '2022-03-25 01:15:22'),
	(248, 'images\\6TM4IDmonS.jpg', '6TM4IDmonS.jpg', NULL, 'jpg', '147417', 0, NULL, 86, 'App\\Models\\Inventory', '2022-03-25 01:15:22', '2022-03-25 01:15:22'),
	(249, 'images\\f2IjtFLwV9.jpg', 'f2IjtFLwV9.jpg', NULL, 'jpg', '117482', 0, NULL, 86, 'App\\Models\\Inventory', '2022-03-25 01:15:22', '2022-03-25 01:15:22'),
	(250, 'images\\wTtLOSwlMK.jpg', 'wTtLOSwlMK.jpg', NULL, 'jpg', '128884', 0, NULL, 86, 'App\\Models\\Inventory', '2022-03-25 01:15:22', '2022-03-25 01:15:22'),
	(251, 'images\\hpOUX34zYs.jpg', 'hpOUX34zYs.jpg', NULL, 'jpg', '108709', 0, NULL, 97, 'App\\Models\\Inventory', '2022-03-25 01:15:22', '2022-03-25 01:15:22'),
	(252, 'images\\sI2ODGSf0S.jpg', 'sI2ODGSf0S.jpg', NULL, 'jpg', '19446', 0, NULL, 97, 'App\\Models\\Inventory', '2022-03-25 01:15:22', '2022-03-25 01:15:22'),
	(253, 'images\\VLENGnV9O1.jpg', 'VLENGnV9O1.jpg', NULL, 'jpg', '109713', 0, NULL, 105, 'App\\Models\\Inventory', '2022-03-25 01:15:22', '2022-03-25 01:15:22'),
	(254, 'images\\ITcHvjCqrr.jpg', 'ITcHvjCqrr.jpg', NULL, 'jpg', '19375', 0, NULL, 105, 'App\\Models\\Inventory', '2022-03-25 01:15:22', '2022-03-25 01:15:22'),
	(255, 'images\\rxMs8sAWbN.jpg', 'rxMs8sAWbN.jpg', NULL, 'jpg', '150717', 0, NULL, 21, 'App\\Models\\Inventory', '2022-03-25 01:15:22', '2022-03-25 01:15:22'),
	(256, 'images\\wNCpZYSccU.jpg', 'wNCpZYSccU.jpg', NULL, 'jpg', '169722', 0, NULL, 21, 'App\\Models\\Inventory', '2022-03-25 01:15:22', '2022-03-25 01:15:22'),
	(257, 'images\\ZwZLEFFGOw.jpg', 'ZwZLEFFGOw.jpg', NULL, 'jpg', '152635', 0, NULL, 21, 'App\\Models\\Inventory', '2022-03-25 01:15:22', '2022-03-25 01:15:22'),
	(258, 'images\\g39yXmiyrl.jpg', 'g39yXmiyrl.jpg', NULL, 'jpg', '128590', 0, NULL, 19, 'App\\Models\\Inventory', '2022-03-25 01:15:22', '2022-03-25 01:15:22'),
	(259, 'images\\uivXlIK8OR.png', 'uivXlIK8OR.png', NULL, 'png', '451649', 0, NULL, 19, 'App\\Models\\Inventory', '2022-03-25 01:15:22', '2022-03-25 01:15:22'),
	(260, 'images\\anpHToTaIi.jpeg', 'anpHToTaIi.jpeg', NULL, 'jpeg', '37291', 0, NULL, 19, 'App\\Models\\Inventory', '2022-03-25 01:15:22', '2022-03-25 01:15:22'),
	(261, 'images\\9OISvImpO4.jpeg', '9OISvImpO4.jpeg', NULL, 'jpeg', '107989', 0, NULL, 19, 'App\\Models\\Inventory', '2022-03-25 01:15:22', '2022-03-25 01:15:22'),
	(262, 'images\\9XFzLND5ju.jpg', '9XFzLND5ju.jpg', NULL, 'jpg', '139886', 0, NULL, 103, 'App\\Models\\Inventory', '2022-03-25 01:15:22', '2022-03-25 01:15:22'),
	(263, 'images\\sky21zh5YZ.jpg', 'sky21zh5YZ.jpg', NULL, 'jpg', '96212', 0, NULL, 103, 'App\\Models\\Inventory', '2022-03-25 01:15:22', '2022-03-25 01:15:22'),
	(264, 'images\\C0CoCTr6rb.jpg', 'C0CoCTr6rb.jpg', NULL, 'jpg', '90308', 0, NULL, 103, 'App\\Models\\Inventory', '2022-03-25 01:15:22', '2022-03-25 01:15:22'),
	(265, 'images\\19XvjQLnwS.jpg', '19XvjQLnwS.jpg', NULL, 'jpg', '416558', 0, NULL, 2, 'App\\Models\\Inventory', '2022-03-25 01:15:22', '2022-03-25 01:15:22'),
	(266, 'images\\Jhj37iyIbe.jpg', 'Jhj37iyIbe.jpg', NULL, 'jpg', '569367', 0, NULL, 2, 'App\\Models\\Inventory', '2022-03-25 01:15:22', '2022-03-25 01:15:22'),
	(267, 'images\\eMi0nHYGSH.jpg', 'eMi0nHYGSH.jpg', NULL, 'jpg', '794095', 0, NULL, 2, 'App\\Models\\Inventory', '2022-03-25 01:15:22', '2022-03-25 01:15:22'),
	(268, 'images\\mx6LEQCauE.jpg', 'mx6LEQCauE.jpg', NULL, 'jpg', '367888', 0, NULL, 7, 'App\\Models\\Inventory', '2022-03-25 01:15:22', '2022-03-25 01:15:22'),
	(269, 'images\\Mj6ECZBlDv.jpg', 'Mj6ECZBlDv.jpg', NULL, 'jpg', '248919', 0, NULL, 7, 'App\\Models\\Inventory', '2022-03-25 01:15:22', '2022-03-25 01:15:22'),
	(270, 'images\\Xm8rCYXDcS.jpg', 'Xm8rCYXDcS.jpg', NULL, 'jpg', '511252', 0, NULL, 7, 'App\\Models\\Inventory', '2022-03-25 01:15:22', '2022-03-25 01:15:22'),
	(271, 'images\\y0JQQjp5i8.jpg', 'y0JQQjp5i8.jpg', NULL, 'jpg', '105641', 0, NULL, 37, 'App\\Models\\Inventory', '2022-03-25 01:15:22', '2022-03-25 01:15:22'),
	(272, 'images\\pU0v54ZTRl.jpg', 'pU0v54ZTRl.jpg', NULL, 'jpg', '248951', 0, NULL, 37, 'App\\Models\\Inventory', '2022-03-25 01:15:22', '2022-03-25 01:15:22'),
	(273, 'images\\NoTRlhRQVi.jpg', 'NoTRlhRQVi.jpg', NULL, 'jpg', '171460', 0, NULL, 56, 'App\\Models\\Inventory', '2022-03-25 01:15:22', '2022-03-25 01:15:22'),
	(274, 'images\\O90X8nVsJ2.jpg', 'O90X8nVsJ2.jpg', NULL, 'jpg', '58348', 0, NULL, 56, 'App\\Models\\Inventory', '2022-03-25 01:15:22', '2022-03-25 01:15:22'),
	(275, 'images\\uckiH2zClu.jpg', 'uckiH2zClu.jpg', NULL, 'jpg', '194770', 0, NULL, 36, 'App\\Models\\Inventory', '2022-03-25 01:15:22', '2022-03-25 01:15:22'),
	(276, 'images\\AC6BExTzIv.jpg', 'AC6BExTzIv.jpg', NULL, 'jpg', '22030', 0, NULL, 36, 'App\\Models\\Inventory', '2022-03-25 01:15:22', '2022-03-25 01:15:22'),
	(277, 'images\\LnIALaJkmN.jpg', 'LnIALaJkmN.jpg', NULL, 'jpg', '44992', 0, NULL, 36, 'App\\Models\\Inventory', '2022-03-25 01:15:22', '2022-03-25 01:15:22'),
	(278, 'images\\vJ87daEWQC.jpg', 'vJ87daEWQC.jpg', NULL, 'jpg', '14210', 0, NULL, 36, 'App\\Models\\Inventory', '2022-03-25 01:15:22', '2022-03-25 01:15:22'),
	(279, 'images\\GIctBIEs2T.jpeg', 'GIctBIEs2T.jpeg', NULL, 'jpeg', '6878', 0, NULL, 36, 'App\\Models\\Inventory', '2022-03-25 01:15:22', '2022-03-25 01:15:22'),
	(280, 'images\\lU8PYjfsCa.jpg', 'lU8PYjfsCa.jpg', NULL, 'jpg', '498648', 0, NULL, 93, 'App\\Models\\Inventory', '2022-03-25 01:15:22', '2022-03-25 01:15:22'),
	(281, 'images\\l9PXN2KOnj.jpg', 'l9PXN2KOnj.jpg', NULL, 'jpg', '478752', 0, NULL, 93, 'App\\Models\\Inventory', '2022-03-25 01:15:22', '2022-03-25 01:15:22'),
	(282, 'images\\HmAyP7m9Ub.jpg', 'HmAyP7m9Ub.jpg', NULL, 'jpg', '71204', 0, NULL, 85, 'App\\Models\\Inventory', '2022-03-25 01:15:22', '2022-03-25 01:15:22'),
	(283, 'images\\3LAnf1SBqf.jpg', '3LAnf1SBqf.jpg', NULL, 'jpg', '12787', 0, NULL, 85, 'App\\Models\\Inventory', '2022-03-25 01:15:22', '2022-03-25 01:15:22'),
	(284, 'images\\6dzLoHREzo.jpg', '6dzLoHREzo.jpg', NULL, 'jpg', '19339', 0, NULL, 85, 'App\\Models\\Inventory', '2022-03-25 01:15:22', '2022-03-25 01:15:22'),
	(285, 'images\\6myiVQajV3.jpg', '6myiVQajV3.jpg', NULL, 'jpg', '202167', 0, NULL, 6, 'App\\Models\\Inventory', '2022-03-25 01:15:22', '2022-03-25 01:15:22'),
	(286, 'images\\NXsXavSUGj.jpg', 'NXsXavSUGj.jpg', NULL, 'jpg', '118247', 0, NULL, 6, 'App\\Models\\Inventory', '2022-03-25 01:15:22', '2022-03-25 01:15:22'),
	(287, 'images\\mJMYrisQ5o.jpg', 'mJMYrisQ5o.jpg', NULL, 'jpg', '219962', 0, NULL, 6, 'App\\Models\\Inventory', '2022-03-25 01:15:22', '2022-03-25 01:15:22'),
	(288, 'images\\8PNFYDVdQM.jpg', '8PNFYDVdQM.jpg', NULL, 'jpg', '485590', 0, NULL, 40, 'App\\Models\\Inventory', '2022-03-25 01:15:22', '2022-03-25 01:15:22'),
	(289, 'images\\r2eyWiZXzm.jpg', 'r2eyWiZXzm.jpg', NULL, 'jpg', '450759', 0, NULL, 40, 'App\\Models\\Inventory', '2022-03-25 01:15:22', '2022-03-25 01:15:22'),
	(290, 'images\\09ZchEMDID.jpg', '09ZchEMDID.jpg', NULL, 'jpg', '382586', 0, NULL, 40, 'App\\Models\\Inventory', '2022-03-25 01:15:23', '2022-03-25 01:15:23'),
	(291, 'images\\s1QlReghXu.jpg', 's1QlReghXu.jpg', NULL, 'jpg', '251632', 0, NULL, 12, 'App\\Models\\Inventory', '2022-03-25 01:15:23', '2022-03-25 01:15:23'),
	(292, 'images\\644XEkSS3U.jpg', '644XEkSS3U.jpg', NULL, 'jpg', '188413', 0, NULL, 12, 'App\\Models\\Inventory', '2022-03-25 01:15:23', '2022-03-25 01:15:23'),
	(293, 'images\\Q4RJf39Kht.jpg', 'Q4RJf39Kht.jpg', NULL, 'jpg', '405851', 0, NULL, 12, 'App\\Models\\Inventory', '2022-03-25 01:15:23', '2022-03-25 01:15:23'),
	(294, 'images\\Ok1077rz9C.jpg', 'Ok1077rz9C.jpg', NULL, 'jpg', '437710', 0, NULL, 12, 'App\\Models\\Inventory', '2022-03-25 01:15:23', '2022-03-25 01:15:23'),
	(295, 'images\\e4zNKMdAKb.jpg', 'e4zNKMdAKb.jpg', NULL, 'jpg', '150717', 0, NULL, 52, 'App\\Models\\Inventory', '2022-03-25 01:15:23', '2022-03-25 01:15:23'),
	(296, 'images\\9lt89AluGZ.jpg', '9lt89AluGZ.jpg', NULL, 'jpg', '169722', 0, NULL, 52, 'App\\Models\\Inventory', '2022-03-25 01:15:23', '2022-03-25 01:15:23'),
	(297, 'images\\XyDh905Dhx.jpg', 'XyDh905Dhx.jpg', NULL, 'jpg', '152635', 0, NULL, 52, 'App\\Models\\Inventory', '2022-03-25 01:15:23', '2022-03-25 01:15:23'),
	(298, 'images\\wplL46p6w0.jpg', 'wplL46p6w0.jpg', NULL, 'jpg', '171460', 0, NULL, 99, 'App\\Models\\Inventory', '2022-03-25 01:15:23', '2022-03-25 01:15:23'),
	(299, 'images\\CQ6d3BNbTo.jpg', 'CQ6d3BNbTo.jpg', NULL, 'jpg', '58348', 0, NULL, 99, 'App\\Models\\Inventory', '2022-03-25 01:15:23', '2022-03-25 01:15:23'),
	(300, 'images\\uUPYGMrgPb.jpg', 'uUPYGMrgPb.jpg', NULL, 'jpg', '498648', 0, NULL, 101, 'App\\Models\\Inventory', '2022-03-25 01:15:23', '2022-03-25 01:15:23'),
	(301, 'images\\fyn1cs3kbV.jpg', 'fyn1cs3kbV.jpg', NULL, 'jpg', '478752', 0, NULL, 101, 'App\\Models\\Inventory', '2022-03-25 01:15:23', '2022-03-25 01:15:23'),
	(302, 'images\\BTK68pE3dL.jpg', 'BTK68pE3dL.jpg', NULL, 'jpg', '150367', 0, NULL, 91, 'App\\Models\\Inventory', '2022-03-25 01:15:23', '2022-03-25 01:15:23'),
	(303, 'images\\qiYPAynFIj.jpg', 'qiYPAynFIj.jpg', NULL, 'jpg', '344533', 0, NULL, 91, 'App\\Models\\Inventory', '2022-03-25 01:15:23', '2022-03-25 01:15:23'),
	(304, 'images\\MIrSmJs5oh.jpg', 'MIrSmJs5oh.jpg', NULL, 'jpg', '110646', 0, NULL, 91, 'App\\Models\\Inventory', '2022-03-25 01:15:23', '2022-03-25 01:15:23'),
	(305, 'images\\mph0zkOiyJ.jpg', 'mph0zkOiyJ.jpg', NULL, 'jpg', '145490', 0, NULL, 55, 'App\\Models\\Inventory', '2022-03-25 01:15:23', '2022-03-25 01:15:23'),
	(306, 'images\\V21XK3FhQe.jpg', 'V21XK3FhQe.jpg', NULL, 'jpg', '463973', 0, NULL, 55, 'App\\Models\\Inventory', '2022-03-25 01:15:23', '2022-03-25 01:15:23'),
	(307, 'images\\MUqZ9aeKcK.jpeg', 'MUqZ9aeKcK.jpeg', NULL, 'jpeg', '51467', 0, NULL, 55, 'App\\Models\\Inventory', '2022-03-25 01:15:23', '2022-03-25 01:15:23'),
	(308, 'images\\RHNqKLRXGA.jpg', 'RHNqKLRXGA.jpg', NULL, 'jpg', '151281', 0, NULL, 67, 'App\\Models\\Inventory', '2022-03-25 01:15:23', '2022-03-25 01:15:23'),
	(309, 'images\\y1Wo1bJf84.jpg', 'y1Wo1bJf84.jpg', NULL, 'jpg', '282307', 0, NULL, 67, 'App\\Models\\Inventory', '2022-03-25 01:15:23', '2022-03-25 01:15:23'),
	(310, 'images\\jQ3mmcW6v7.jpg', 'jQ3mmcW6v7.jpg', NULL, 'jpg', '198579', 0, NULL, 67, 'App\\Models\\Inventory', '2022-03-25 01:15:23', '2022-03-25 01:15:23'),
	(311, 'images\\NnWMI1TwLr.jpg', 'NnWMI1TwLr.jpg', NULL, 'jpg', '462235', 0, NULL, 67, 'App\\Models\\Inventory', '2022-03-25 01:15:23', '2022-03-25 01:15:23'),
	(312, 'images\\pzdjqQ9HSM.jpg', 'pzdjqQ9HSM.jpg', NULL, 'jpg', '150734', 0, NULL, 43, 'App\\Models\\Inventory', '2022-03-25 01:15:23', '2022-03-25 01:15:23'),
	(313, 'images\\3bS3Rfn5N3.jpg', '3bS3Rfn5N3.jpg', NULL, 'jpg', '52301', 0, NULL, 43, 'App\\Models\\Inventory', '2022-03-25 01:15:23', '2022-03-25 01:15:23'),
	(314, 'images\\xfqiUjQY0i.jpg', 'xfqiUjQY0i.jpg', NULL, 'jpg', '108709', 0, NULL, 71, 'App\\Models\\Inventory', '2022-03-25 01:15:23', '2022-03-25 01:15:23'),
	(315, 'images\\YORwC54MUx.jpg', 'YORwC54MUx.jpg', NULL, 'jpg', '19446', 0, NULL, 71, 'App\\Models\\Inventory', '2022-03-25 01:15:23', '2022-03-25 01:15:23'),
	(316, 'images\\n8bdIO815q.jpg', 'n8bdIO815q.jpg', NULL, 'jpg', '367888', 0, NULL, 98, 'App\\Models\\Inventory', '2022-03-25 01:15:23', '2022-03-25 01:15:23'),
	(317, 'images\\atetRGmVJy.jpg', 'atetRGmVJy.jpg', NULL, 'jpg', '248919', 0, NULL, 98, 'App\\Models\\Inventory', '2022-03-25 01:15:23', '2022-03-25 01:15:23'),
	(318, 'images\\NwvKHNFZre.jpg', 'NwvKHNFZre.jpg', NULL, 'jpg', '511252', 0, NULL, 98, 'App\\Models\\Inventory', '2022-03-25 01:15:23', '2022-03-25 01:15:23'),
	(319, 'images\\TaCemDzDco.jpg', 'TaCemDzDco.jpg', NULL, 'jpg', '277953', 0, NULL, 45, 'App\\Models\\Inventory', '2022-03-25 01:15:23', '2022-03-25 01:15:23'),
	(320, 'images\\rlD7VwF1Og.jpg', 'rlD7VwF1Og.jpg', NULL, 'jpg', '876612', 0, NULL, 45, 'App\\Models\\Inventory', '2022-03-25 01:15:23', '2022-03-25 01:15:23'),
	(321, 'images\\EguyJDPmxo.jpg', 'EguyJDPmxo.jpg', NULL, 'jpg', '342102', 0, NULL, 45, 'App\\Models\\Inventory', '2022-03-25 01:15:23', '2022-03-25 01:15:23'),
	(322, 'images\\OQElI60tSQ.jpg', 'OQElI60tSQ.jpg', NULL, 'jpg', '277953', 0, NULL, 66, 'App\\Models\\Inventory', '2022-03-25 01:15:23', '2022-03-25 01:15:23'),
	(323, 'images\\hTxbdGqbdR.jpg', 'hTxbdGqbdR.jpg', NULL, 'jpg', '876612', 0, NULL, 66, 'App\\Models\\Inventory', '2022-03-25 01:15:23', '2022-03-25 01:15:23'),
	(324, 'images\\2RLEwGgiwf.jpg', '2RLEwGgiwf.jpg', NULL, 'jpg', '342102', 0, NULL, 66, 'App\\Models\\Inventory', '2022-03-25 01:15:23', '2022-03-25 01:15:23'),
	(325, 'images\\rDcioOavkG.jpg', 'rDcioOavkG.jpg', NULL, 'jpg', '221557', 0, NULL, 78, 'App\\Models\\Inventory', '2022-03-25 01:15:23', '2022-03-25 01:15:23'),
	(326, 'images\\tnlIn7wlX3.jpg', 'tnlIn7wlX3.jpg', NULL, 'jpg', '212310', 0, NULL, 78, 'App\\Models\\Inventory', '2022-03-25 01:15:23', '2022-03-25 01:15:23'),
	(327, 'images\\kJbdXmugUX.jpg', 'kJbdXmugUX.jpg', NULL, 'jpg', '166962', 0, NULL, 78, 'App\\Models\\Inventory', '2022-03-25 01:15:23', '2022-03-25 01:15:23'),
	(328, 'images\\IVUCdDdwQV.jpg', 'IVUCdDdwQV.jpg', NULL, 'jpg', '159915', 0, NULL, 78, 'App\\Models\\Inventory', '2022-03-25 01:15:23', '2022-03-25 01:15:23'),
	(329, 'images\\v8lfeg5gWK.jpg', 'v8lfeg5gWK.jpg', NULL, 'jpg', '214066', 0, NULL, 78, 'App\\Models\\Inventory', '2022-03-25 01:15:23', '2022-03-25 01:15:23'),
	(330, 'images\\ajnirBU12F.jpg', 'ajnirBU12F.jpg', NULL, 'jpg', '279672', 0, NULL, 15, 'App\\Models\\Inventory', '2022-03-25 01:15:23', '2022-03-25 01:15:23'),
	(331, 'images\\1HfUqEejYD.jpg', '1HfUqEejYD.jpg', NULL, 'jpg', '481848', 0, NULL, 15, 'App\\Models\\Inventory', '2022-03-25 01:15:23', '2022-03-25 01:15:23'),
	(332, 'images\\puWq44jFyZ.jpg', 'puWq44jFyZ.jpg', NULL, 'jpg', '229615', 0, NULL, 15, 'App\\Models\\Inventory', '2022-03-25 01:15:23', '2022-03-25 01:15:23'),
	(333, 'images\\iXS1OW5it8.jpg', 'iXS1OW5it8.jpg', NULL, 'jpg', '167790', 0, NULL, 57, 'App\\Models\\Inventory', '2022-03-25 01:15:23', '2022-03-25 01:15:23'),
	(334, 'images\\PlJmfXOhCx.jpg', 'PlJmfXOhCx.jpg', NULL, 'jpg', '69982', 0, NULL, 57, 'App\\Models\\Inventory', '2022-03-25 01:15:23', '2022-03-25 01:15:23'),
	(335, 'images\\2YSpmoyxp6.jpg', '2YSpmoyxp6.jpg', NULL, 'jpg', '6681', 0, NULL, 57, 'App\\Models\\Inventory', '2022-03-25 01:15:23', '2022-03-25 01:15:23'),
	(336, 'images\\oJHUZs3vY3.jpg', 'oJHUZs3vY3.jpg', NULL, 'jpg', '47245', 0, NULL, 57, 'App\\Models\\Inventory', '2022-03-25 01:15:23', '2022-03-25 01:15:23'),
	(337, 'images\\87cWCtcUnN.jpg', '87cWCtcUnN.jpg', NULL, 'jpg', '185189', 0, NULL, 64, 'App\\Models\\Inventory', '2022-03-25 01:15:23', '2022-03-25 01:15:23'),
	(338, 'images\\jbqhuhfJsn.jpg', 'jbqhuhfJsn.jpg', NULL, 'jpg', '756937', 0, NULL, 64, 'App\\Models\\Inventory', '2022-03-25 01:15:23', '2022-03-25 01:15:23'),
	(339, 'images\\F9kDphmwCq.jpg', 'F9kDphmwCq.jpg', NULL, 'jpg', '179703', 0, NULL, 94, 'App\\Models\\Inventory', '2022-03-25 01:15:23', '2022-03-25 01:15:23'),
	(340, 'images\\xgdBy2yjz3.jpg', 'xgdBy2yjz3.jpg', NULL, 'jpg', '194943', 0, NULL, 94, 'App\\Models\\Inventory', '2022-03-25 01:15:23', '2022-03-25 01:15:23'),
	(341, 'images\\Y9lVSuU7VG.jpg', 'Y9lVSuU7VG.jpg', NULL, 'jpg', '166868', 0, NULL, 94, 'App\\Models\\Inventory', '2022-03-25 01:15:23', '2022-03-25 01:15:23'),
	(342, 'images\\w5U2c1AbjA.jpg', 'w5U2c1AbjA.jpg', NULL, 'jpg', '71204', 0, NULL, 33, 'App\\Models\\Inventory', '2022-03-25 01:15:23', '2022-03-25 01:15:23'),
	(343, 'images\\au36e3BFYK.jpg', 'au36e3BFYK.jpg', NULL, 'jpg', '12787', 0, NULL, 33, 'App\\Models\\Inventory', '2022-03-25 01:15:23', '2022-03-25 01:15:23'),
	(344, 'images\\99oSrSiDFM.jpg', '99oSrSiDFM.jpg', NULL, 'jpg', '19339', 0, NULL, 33, 'App\\Models\\Inventory', '2022-03-25 01:15:23', '2022-03-25 01:15:23'),
	(345, 'images\\ffm0u2SZEp.jpg', 'ffm0u2SZEp.jpg', NULL, 'jpg', '145810', 0, NULL, 35, 'App\\Models\\Inventory', '2022-03-25 01:15:23', '2022-03-25 01:15:23'),
	(346, 'images\\WUY975juYn.jpg', 'WUY975juYn.jpg', NULL, 'jpg', '44668', 0, NULL, 35, 'App\\Models\\Inventory', '2022-03-25 01:15:23', '2022-03-25 01:15:23'),
	(347, 'images\\Z0yK2KkwGi.jpg', 'Z0yK2KkwGi.jpg', NULL, 'jpg', '40482', 0, NULL, 35, 'App\\Models\\Inventory', '2022-03-25 01:15:23', '2022-03-25 01:15:23'),
	(348, 'images\\6Cj32qC6zb.jpg', '6Cj32qC6zb.jpg', NULL, 'jpg', '32457', 0, NULL, 35, 'App\\Models\\Inventory', '2022-03-25 01:15:23', '2022-03-25 01:15:23'),
	(349, 'images\\ZBVOK3AbmA.jpg', 'ZBVOK3AbmA.jpg', NULL, 'jpg', '246030', 0, NULL, 38, 'App\\Models\\Inventory', '2022-03-25 01:15:23', '2022-03-25 01:15:23'),
	(350, 'images\\3uEXQyrWF0.jpg', '3uEXQyrWF0.jpg', NULL, 'jpg', '113320', 0, NULL, 38, 'App\\Models\\Inventory', '2022-03-25 01:15:23', '2022-03-25 01:15:23'),
	(351, 'images\\ku1ksb5PBK.jpg', 'ku1ksb5PBK.jpg', NULL, 'jpg', '354959', 0, NULL, 38, 'App\\Models\\Inventory', '2022-03-25 01:15:23', '2022-03-25 01:15:23'),
	(352, 'images\\XMJ5KqpAl0.jpg', 'XMJ5KqpAl0.jpg', NULL, 'jpg', '349716', 0, NULL, 51, 'App\\Models\\Inventory', '2022-03-25 01:15:23', '2022-03-25 01:15:23'),
	(353, 'images\\dWQZoOdMZZ.jpg', 'dWQZoOdMZZ.jpg', NULL, 'jpg', '515075', 0, NULL, 51, 'App\\Models\\Inventory', '2022-03-25 01:15:23', '2022-03-25 01:15:23'),
	(354, 'images\\CnmOsiiATK.jpg', 'CnmOsiiATK.jpg', NULL, 'jpg', '171460', 0, NULL, 72, 'App\\Models\\Inventory', '2022-03-25 01:15:23', '2022-03-25 01:15:23'),
	(355, 'images\\mqretZR8H1.jpg', 'mqretZR8H1.jpg', NULL, 'jpg', '58348', 0, NULL, 72, 'App\\Models\\Inventory', '2022-03-25 01:15:23', '2022-03-25 01:15:23'),
	(356, 'images\\ZWvoEXImvX.jpg', 'ZWvoEXImvX.jpg', NULL, 'jpg', '171460', 0, NULL, 87, 'App\\Models\\Inventory', '2022-03-25 01:15:23', '2022-03-25 01:15:23'),
	(357, 'images\\VfNrTojBw4.jpg', 'VfNrTojBw4.jpg', NULL, 'jpg', '58348', 0, NULL, 87, 'App\\Models\\Inventory', '2022-03-25 01:15:23', '2022-03-25 01:15:23'),
	(358, 'images\\5v3QltjGAc.jpg', '5v3QltjGAc.jpg', NULL, 'jpg', '225459', 0, NULL, 10, 'App\\Models\\Inventory', '2022-03-25 01:15:23', '2022-03-25 01:15:23'),
	(359, 'images\\H5rhB6XYX2.jpg', 'H5rhB6XYX2.jpg', NULL, 'jpg', '244762', 0, NULL, 10, 'App\\Models\\Inventory', '2022-03-25 01:15:23', '2022-03-25 01:15:23'),
	(360, 'images\\YT1bl6dEfa.jpg', 'YT1bl6dEfa.jpg', NULL, 'jpg', '345128', 0, NULL, 10, 'App\\Models\\Inventory', '2022-03-25 01:15:23', '2022-03-25 01:15:23'),
	(361, 'images\\itv78JFRJD.jpg', 'itv78JFRJD.jpg', NULL, 'jpg', '367888', 0, NULL, 81, 'App\\Models\\Inventory', '2022-03-25 01:15:23', '2022-03-25 01:15:23'),
	(362, 'images\\wy2y1SvThY.jpg', 'wy2y1SvThY.jpg', NULL, 'jpg', '248919', 0, NULL, 81, 'App\\Models\\Inventory', '2022-03-25 01:15:23', '2022-03-25 01:15:23'),
	(363, 'images\\4ReBjT0o0Z.jpg', '4ReBjT0o0Z.jpg', NULL, 'jpg', '511252', 0, NULL, 81, 'App\\Models\\Inventory', '2022-03-25 01:15:23', '2022-03-25 01:15:23'),
	(364, 'images\\3O1uxJPwbZ.jpg', '3O1uxJPwbZ.jpg', NULL, 'jpg', '332245', 0, NULL, 29, 'App\\Models\\Inventory', '2022-03-25 01:15:23', '2022-03-25 01:15:23'),
	(365, 'images\\xt9iTiww5Q.jpg', 'xt9iTiww5Q.jpg', NULL, 'jpg', '278426', 0, NULL, 29, 'App\\Models\\Inventory', '2022-03-25 01:15:23', '2022-03-25 01:15:23'),
	(366, 'images\\63BXAvIau5.jpg', '63BXAvIau5.jpg', NULL, 'jpg', '279672', 0, NULL, 46, 'App\\Models\\Inventory', '2022-03-25 01:15:23', '2022-03-25 01:15:23'),
	(367, 'images\\KbaCUD7ain.jpg', 'KbaCUD7ain.jpg', NULL, 'jpg', '481848', 0, NULL, 46, 'App\\Models\\Inventory', '2022-03-25 01:15:23', '2022-03-25 01:15:23'),
	(368, 'images\\MGQOfxwLja.jpg', 'MGQOfxwLja.jpg', NULL, 'jpg', '229615', 0, NULL, 46, 'App\\Models\\Inventory', '2022-03-25 01:15:23', '2022-03-25 01:15:23'),
	(369, 'images\\q93kaiKnQJ.jpg', 'q93kaiKnQJ.jpg', NULL, 'jpg', '108709', 0, NULL, 48, 'App\\Models\\Inventory', '2022-03-25 01:15:23', '2022-03-25 01:15:23'),
	(370, 'images\\Z7lRnvxG4v.jpg', 'Z7lRnvxG4v.jpg', NULL, 'jpg', '19446', 0, NULL, 48, 'App\\Models\\Inventory', '2022-03-25 01:15:23', '2022-03-25 01:15:23'),
	(371, 'images\\14ZLgYJkYR.jpg', '14ZLgYJkYR.jpg', NULL, 'jpg', '228193', 0, NULL, 20, 'App\\Models\\Inventory', '2022-03-25 01:15:23', '2022-03-25 01:15:23'),
	(372, 'images\\kMoouJP50o.jpg', 'kMoouJP50o.jpg', NULL, 'jpg', '236010', 0, NULL, 20, 'App\\Models\\Inventory', '2022-03-25 01:15:23', '2022-03-25 01:15:23'),
	(373, 'images\\v2gALZBEnK.jpg', 'v2gALZBEnK.jpg', NULL, 'jpg', '279672', 0, NULL, 41, 'App\\Models\\Inventory', '2022-03-25 01:15:23', '2022-03-25 01:15:23'),
	(374, 'images\\fhWb3s41Kz.jpg', 'fhWb3s41Kz.jpg', NULL, 'jpg', '481848', 0, NULL, 41, 'App\\Models\\Inventory', '2022-03-25 01:15:23', '2022-03-25 01:15:23'),
	(375, 'images\\XRaYevwqTn.jpg', 'XRaYevwqTn.jpg', NULL, 'jpg', '229615', 0, NULL, 41, 'App\\Models\\Inventory', '2022-03-25 01:15:23', '2022-03-25 01:15:23'),
	(376, 'images\\tQt5prGSGN.jpg', 'tQt5prGSGN.jpg', NULL, 'jpg', '139886', 0, NULL, 61, 'App\\Models\\Inventory', '2022-03-25 01:15:23', '2022-03-25 01:15:23'),
	(377, 'images\\9N61Adu4dj.jpg', '9N61Adu4dj.jpg', NULL, 'jpg', '96212', 0, NULL, 61, 'App\\Models\\Inventory', '2022-03-25 01:15:23', '2022-03-25 01:15:23'),
	(378, 'images\\s2vk8Rhi0z.jpg', 's2vk8Rhi0z.jpg', NULL, 'jpg', '90308', 0, NULL, 61, 'App\\Models\\Inventory', '2022-03-25 01:15:23', '2022-03-25 01:15:23'),
	(379, 'images\\ZfdmEP4Kfa.jpg', 'ZfdmEP4Kfa.jpg', NULL, 'jpg', '416558', 0, NULL, 13, 'App\\Models\\Inventory', '2022-03-25 01:15:23', '2022-03-25 01:15:23'),
	(380, 'images\\H5ey4NCRxs.jpg', 'H5ey4NCRxs.jpg', NULL, 'jpg', '569367', 0, NULL, 13, 'App\\Models\\Inventory', '2022-03-25 01:15:23', '2022-03-25 01:15:23'),
	(381, 'images\\ZB7OwICd4b.jpg', 'ZB7OwICd4b.jpg', NULL, 'jpg', '794095', 0, NULL, 13, 'App\\Models\\Inventory', '2022-03-25 01:15:23', '2022-03-25 01:15:23'),
	(382, 'images\\ow7qxClRux.jpg', 'ow7qxClRux.jpg', NULL, 'jpg', '185189', 0, NULL, 27, 'App\\Models\\Inventory', '2022-03-25 01:15:23', '2022-03-25 01:15:23'),
	(383, 'images\\GbbKRgZmrh.jpg', 'GbbKRgZmrh.jpg', NULL, 'jpg', '756937', 0, NULL, 27, 'App\\Models\\Inventory', '2022-03-25 01:15:23', '2022-03-25 01:15:23'),
	(384, 'images\\zVEfjHrc2Q.jpg', 'zVEfjHrc2Q.jpg', NULL, 'jpg', '150734', 0, NULL, 79, 'App\\Models\\Inventory', '2022-03-25 01:15:23', '2022-03-25 01:15:23'),
	(385, 'images\\SkKa46WBwm.jpg', 'SkKa46WBwm.jpg', NULL, 'jpg', '52301', 0, NULL, 79, 'App\\Models\\Inventory', '2022-03-25 01:15:23', '2022-03-25 01:15:23'),
	(386, 'images\\QZuAMXWks4.jpg', 'QZuAMXWks4.jpg', NULL, 'jpg', '498648', 0, NULL, 50, 'App\\Models\\Inventory', '2022-03-25 01:15:23', '2022-03-25 01:15:23'),
	(387, 'images\\7gIBkpSHmo.jpg', '7gIBkpSHmo.jpg', NULL, 'jpg', '478752', 0, NULL, 50, 'App\\Models\\Inventory', '2022-03-25 01:15:23', '2022-03-25 01:15:23'),
	(388, 'images\\u8KX5UQ5aL.jpg', 'u8KX5UQ5aL.jpg', NULL, 'jpg', '498648', 0, NULL, 68, 'App\\Models\\Inventory', '2022-03-25 01:15:24', '2022-03-25 01:15:24'),
	(389, 'images\\qJGbwdDiHy.jpg', 'qJGbwdDiHy.jpg', NULL, 'jpg', '478752', 0, NULL, 68, 'App\\Models\\Inventory', '2022-03-25 01:15:24', '2022-03-25 01:15:24'),
	(390, 'images\\BAzhopaddO.jpg', 'BAzhopaddO.jpg', NULL, 'jpg', '100496', 0, NULL, 62, 'App\\Models\\Inventory', '2022-03-25 01:15:24', '2022-03-25 01:15:24'),
	(391, 'images\\IKKZQxVaNe.jpg', 'IKKZQxVaNe.jpg', NULL, 'jpg', '32765', 0, NULL, 62, 'App\\Models\\Inventory', '2022-03-25 01:15:24', '2022-03-25 01:15:24'),
	(392, 'images\\yCYXMCT2BH.jpg', 'yCYXMCT2BH.jpg', NULL, 'jpg', '77067', 0, NULL, 62, 'App\\Models\\Inventory', '2022-03-25 01:15:24', '2022-03-25 01:15:24'),
	(393, 'images\\PQOOffrWrF.jpg', 'PQOOffrWrF.jpg', NULL, 'jpg', '61229', 0, NULL, 62, 'App\\Models\\Inventory', '2022-03-25 01:15:24', '2022-03-25 01:15:24'),
	(394, 'images\\UX8oC5hH2b.jpg', 'UX8oC5hH2b.jpg', NULL, 'jpg', '128590', 0, NULL, 74, 'App\\Models\\Inventory', '2022-03-25 01:15:24', '2022-03-25 01:15:24'),
	(395, 'images\\utHFl2Slll.png', 'utHFl2Slll.png', NULL, 'png', '451649', 0, NULL, 74, 'App\\Models\\Inventory', '2022-03-25 01:15:24', '2022-03-25 01:15:24'),
	(396, 'images\\FfvGp5NxuY.jpeg', 'FfvGp5NxuY.jpeg', NULL, 'jpeg', '37291', 0, NULL, 74, 'App\\Models\\Inventory', '2022-03-25 01:15:24', '2022-03-25 01:15:24'),
	(397, 'images\\sJy8a7yeqM.jpeg', 'sJy8a7yeqM.jpeg', NULL, 'jpeg', '107989', 0, NULL, 74, 'App\\Models\\Inventory', '2022-03-25 01:15:24', '2022-03-25 01:15:24'),
	(398, 'images\\hhaMPiy9VX.jpg', 'hhaMPiy9VX.jpg', NULL, 'jpg', '145490', 0, NULL, 96, 'App\\Models\\Inventory', '2022-03-25 01:15:24', '2022-03-25 01:15:24'),
	(399, 'images\\FGjLV4OxV0.jpg', 'FGjLV4OxV0.jpg', NULL, 'jpg', '463973', 0, NULL, 96, 'App\\Models\\Inventory', '2022-03-25 01:15:24', '2022-03-25 01:15:24'),
	(400, 'images\\o6KpVNyjuE.jpeg', 'o6KpVNyjuE.jpeg', NULL, 'jpeg', '51467', 0, NULL, 96, 'App\\Models\\Inventory', '2022-03-25 01:15:24', '2022-03-25 01:15:24'),
	(401, 'images\\jCW15hzp4p.jpg', 'jCW15hzp4p.jpg', NULL, 'jpg', '150717', 0, NULL, 5, 'App\\Models\\Inventory', '2022-03-25 01:15:24', '2022-03-25 01:15:24'),
	(402, 'images\\9YZG1YTni7.jpg', '9YZG1YTni7.jpg', NULL, 'jpg', '169722', 0, NULL, 5, 'App\\Models\\Inventory', '2022-03-25 01:15:24', '2022-03-25 01:15:24'),
	(403, 'images\\lOMsYI2hnl.jpg', 'lOMsYI2hnl.jpg', NULL, 'jpg', '152635', 0, NULL, 5, 'App\\Models\\Inventory', '2022-03-25 01:15:24', '2022-03-25 01:15:24'),
	(404, 'images\\a8Y9GhRvkR.jpg', 'a8Y9GhRvkR.jpg', NULL, 'jpg', '277953', 0, NULL, 30, 'App\\Models\\Inventory', '2022-03-25 01:15:24', '2022-03-25 01:15:24'),
	(405, 'images\\UZqLB35jQH.jpg', 'UZqLB35jQH.jpg', NULL, 'jpg', '876612', 0, NULL, 30, 'App\\Models\\Inventory', '2022-03-25 01:15:24', '2022-03-25 01:15:24'),
	(406, 'images\\ED4sRuNMsD.jpg', 'ED4sRuNMsD.jpg', NULL, 'jpg', '342102', 0, NULL, 30, 'App\\Models\\Inventory', '2022-03-25 01:15:24', '2022-03-25 01:15:24'),
	(407, 'images\\aBoYLb2uNL.jpg', 'aBoYLb2uNL.jpg', NULL, 'jpg', '485590', 0, NULL, 70, 'App\\Models\\Inventory', '2022-03-25 01:15:24', '2022-03-25 01:15:24'),
	(408, 'images\\lP839LBpaQ.jpg', 'lP839LBpaQ.jpg', NULL, 'jpg', '450759', 0, NULL, 70, 'App\\Models\\Inventory', '2022-03-25 01:15:24', '2022-03-25 01:15:24'),
	(409, 'images\\mxWZfglE1T.jpg', 'mxWZfglE1T.jpg', NULL, 'jpg', '382586', 0, NULL, 70, 'App\\Models\\Inventory', '2022-03-25 01:15:24', '2022-03-25 01:15:24'),
	(410, 'images\\N7V4X0y1PC.jpg', 'N7V4X0y1PC.jpg', NULL, 'jpg', '221557', 0, NULL, 100, 'App\\Models\\Inventory', '2022-03-25 01:15:24', '2022-03-25 01:15:24'),
	(411, 'images\\KnovnhSTJj.jpg', 'KnovnhSTJj.jpg', NULL, 'jpg', '212310', 0, NULL, 100, 'App\\Models\\Inventory', '2022-03-25 01:15:24', '2022-03-25 01:15:24'),
	(412, 'images\\06x0CNNc3b.jpg', '06x0CNNc3b.jpg', NULL, 'jpg', '166962', 0, NULL, 100, 'App\\Models\\Inventory', '2022-03-25 01:15:24', '2022-03-25 01:15:24'),
	(413, 'images\\PBcfwRZV8w.jpg', 'PBcfwRZV8w.jpg', NULL, 'jpg', '159915', 0, NULL, 100, 'App\\Models\\Inventory', '2022-03-25 01:15:24', '2022-03-25 01:15:24'),
	(414, 'images\\qCigcOsdRA.jpg', 'qCigcOsdRA.jpg', NULL, 'jpg', '214066', 0, NULL, 100, 'App\\Models\\Inventory', '2022-03-25 01:15:24', '2022-03-25 01:15:24'),
	(415, 'images\\kqBFdRseoG.jpg', 'kqBFdRseoG.jpg', NULL, 'jpg', '145810', 0, NULL, 107, 'App\\Models\\Inventory', '2022-03-25 01:15:24', '2022-03-25 01:15:24'),
	(416, 'images\\nLzybyHQ1U.jpg', 'nLzybyHQ1U.jpg', NULL, 'jpg', '44668', 0, NULL, 107, 'App\\Models\\Inventory', '2022-03-25 01:15:24', '2022-03-25 01:15:24'),
	(417, 'images\\TFYvZvcLOZ.jpg', 'TFYvZvcLOZ.jpg', NULL, 'jpg', '40482', 0, NULL, 107, 'App\\Models\\Inventory', '2022-03-25 01:15:24', '2022-03-25 01:15:24'),
	(418, 'images\\ccvv0ko82O.jpg', 'ccvv0ko82O.jpg', NULL, 'jpg', '32457', 0, NULL, 107, 'App\\Models\\Inventory', '2022-03-25 01:15:24', '2022-03-25 01:15:24'),
	(419, 'images\\a5eRp7NfUk.jpg', 'a5eRp7NfUk.jpg', NULL, 'jpg', '85299', 0, NULL, 22, 'App\\Models\\Inventory', '2022-03-25 01:15:24', '2022-03-25 01:15:24'),
	(420, 'images\\eemCAUVXXP.jpg', 'eemCAUVXXP.jpg', NULL, 'jpg', '21899', 0, NULL, 22, 'App\\Models\\Inventory', '2022-03-25 01:15:24', '2022-03-25 01:15:24'),
	(421, 'images\\Nu60aFCesm.jpg', 'Nu60aFCesm.jpg', NULL, 'jpg', '216880', 0, NULL, 65, 'App\\Models\\Inventory', '2022-03-25 01:15:24', '2022-03-25 01:15:24'),
	(422, 'images\\gFfjwiZpMf.jpg', 'gFfjwiZpMf.jpg', NULL, 'jpg', '173268', 0, NULL, 65, 'App\\Models\\Inventory', '2022-03-25 01:15:24', '2022-03-25 01:15:24'),
	(423, 'images\\Y3OTQbcBiH.jpg', 'Y3OTQbcBiH.jpg', NULL, 'jpg', '158435', 0, NULL, 65, 'App\\Models\\Inventory', '2022-03-25 01:15:24', '2022-03-25 01:15:24'),
	(424, 'images\\4NYEkyYZCp.jpg', '4NYEkyYZCp.jpg', NULL, 'jpg', '147417', 0, NULL, 83, 'App\\Models\\Inventory', '2022-03-25 01:15:24', '2022-03-25 01:15:24'),
	(425, 'images\\ULsSoxaz2D.jpg', 'ULsSoxaz2D.jpg', NULL, 'jpg', '117482', 0, NULL, 83, 'App\\Models\\Inventory', '2022-03-25 01:15:24', '2022-03-25 01:15:24'),
	(426, 'images\\Zstd7tWArF.jpg', 'Zstd7tWArF.jpg', NULL, 'jpg', '128884', 0, NULL, 83, 'App\\Models\\Inventory', '2022-03-25 01:15:24', '2022-03-25 01:15:24'),
	(427, 'images\\8Wylk2NYez.jpg', '8Wylk2NYez.jpg', NULL, 'jpg', '100496', 0, NULL, 90, 'App\\Models\\Inventory', '2022-03-25 01:15:24', '2022-03-25 01:15:24'),
	(428, 'images\\sMOIDpDG7c.jpg', 'sMOIDpDG7c.jpg', NULL, 'jpg', '32765', 0, NULL, 90, 'App\\Models\\Inventory', '2022-03-25 01:15:24', '2022-03-25 01:15:24'),
	(429, 'images\\vEx992ywPh.jpg', 'vEx992ywPh.jpg', NULL, 'jpg', '77067', 0, NULL, 90, 'App\\Models\\Inventory', '2022-03-25 01:15:24', '2022-03-25 01:15:24'),
	(430, 'images\\plZqZ20ff0.jpg', 'plZqZ20ff0.jpg', NULL, 'jpg', '61229', 0, NULL, 90, 'App\\Models\\Inventory', '2022-03-25 01:15:24', '2022-03-25 01:15:24'),
	(431, 'images\\ILdZvkJVTp.jpg', 'ILdZvkJVTp.jpg', NULL, 'jpg', '171460', 0, NULL, 3, 'App\\Models\\Inventory', '2022-03-25 01:15:24', '2022-03-25 01:15:24'),
	(432, 'images\\j4PFfdIVUf.jpg', 'j4PFfdIVUf.jpg', NULL, 'jpg', '58348', 0, NULL, 3, 'App\\Models\\Inventory', '2022-03-25 01:15:24', '2022-03-25 01:15:24'),
	(433, 'images\\lcfxwUbMYx.jpg', 'lcfxwUbMYx.jpg', NULL, 'jpg', '185189', 0, NULL, 11, 'App\\Models\\Inventory', '2022-03-25 01:15:24', '2022-03-25 01:15:24'),
	(434, 'images\\Ib69QwUhES.jpg', 'Ib69QwUhES.jpg', NULL, 'jpg', '756937', 0, NULL, 11, 'App\\Models\\Inventory', '2022-03-25 01:15:24', '2022-03-25 01:15:24'),
	(435, 'images\\HxduEQxFR1.jpg', 'HxduEQxFR1.jpg', NULL, 'jpg', '135881', 0, NULL, 17, 'App\\Models\\Inventory', '2022-03-25 01:15:24', '2022-03-25 01:15:24'),
	(436, 'images\\JieNMYbTCR.jpg', 'JieNMYbTCR.jpg', NULL, 'jpg', '224145', 0, NULL, 17, 'App\\Models\\Inventory', '2022-03-25 01:15:24', '2022-03-25 01:15:24'),
	(437, 'images\\Wkh1iAPx85.jpg', 'Wkh1iAPx85.jpg', NULL, 'jpg', '435031', 0, NULL, 17, 'App\\Models\\Inventory', '2022-03-25 01:15:24', '2022-03-25 01:15:24'),
	(438, 'images\\7w6SPzefHi.jpg', '7w6SPzefHi.jpg', NULL, 'jpg', '214433', 0, NULL, 28, 'App\\Models\\Inventory', '2022-03-25 01:15:24', '2022-03-25 01:15:24'),
	(439, 'images\\rbQ2vhrqjx.jpg', 'rbQ2vhrqjx.jpg', NULL, 'jpg', '140388', 0, NULL, 28, 'App\\Models\\Inventory', '2022-03-25 01:15:24', '2022-03-25 01:15:24'),
	(440, 'images\\iRH1ektd7Q.jpg', 'iRH1ektd7Q.jpg', NULL, 'jpg', '123509', 0, NULL, 28, 'App\\Models\\Inventory', '2022-03-25 01:15:24', '2022-03-25 01:15:24'),
	(441, 'images\\3FjgJxLUsK.jpg', '3FjgJxLUsK.jpg', NULL, 'jpg', '150717', 0, NULL, 39, 'App\\Models\\Inventory', '2022-03-25 01:15:24', '2022-03-25 01:15:24'),
	(442, 'images\\hkm5Dm4rPB.jpg', 'hkm5Dm4rPB.jpg', NULL, 'jpg', '169722', 0, NULL, 39, 'App\\Models\\Inventory', '2022-03-25 01:15:24', '2022-03-25 01:15:24'),
	(443, 'images\\p6uC8Nh9OX.jpg', 'p6uC8Nh9OX.jpg', NULL, 'jpg', '152635', 0, NULL, 39, 'App\\Models\\Inventory', '2022-03-25 01:15:24', '2022-03-25 01:15:24'),
	(444, 'images\\nedfSmaJCG.jpg', 'nedfSmaJCG.jpg', NULL, 'jpg', '498648', 0, NULL, 47, 'App\\Models\\Inventory', '2022-03-25 01:15:24', '2022-03-25 01:15:24'),
	(445, 'images\\eLwLyIA5VA.jpg', 'eLwLyIA5VA.jpg', NULL, 'jpg', '478752', 0, NULL, 47, 'App\\Models\\Inventory', '2022-03-25 01:15:24', '2022-03-25 01:15:24'),
	(446, 'images\\V0YVIC42jd.jpg', 'V0YVIC42jd.jpg', NULL, 'jpg', '498648', 0, NULL, 89, 'App\\Models\\Inventory', '2022-03-25 01:15:24', '2022-03-25 01:15:24'),
	(447, 'images\\a3XHFsFB7G.jpg', 'a3XHFsFB7G.jpg', NULL, 'jpg', '478752', 0, NULL, 89, 'App\\Models\\Inventory', '2022-03-25 01:15:24', '2022-03-25 01:15:24'),
	(448, 'images\\7PvvgcMHwr.jpg', '7PvvgcMHwr.jpg', NULL, 'jpg', '98927', 0, NULL, 14, 'App\\Models\\Inventory', '2022-03-25 01:15:24', '2022-03-25 01:15:24'),
	(449, 'images\\ThbXsBsMNO.jpg', 'ThbXsBsMNO.jpg', NULL, 'jpg', '38660', 0, NULL, 14, 'App\\Models\\Inventory', '2022-03-25 01:15:24', '2022-03-25 01:15:24'),
	(450, 'images\\pvHWPNBefz.jpg', 'pvHWPNBefz.jpg', NULL, 'jpg', '45808', 0, NULL, 14, 'App\\Models\\Inventory', '2022-03-25 01:15:24', '2022-03-25 01:15:24'),
	(451, 'images\\ishhMRN9s0.jpg', 'ishhMRN9s0.jpg', NULL, 'jpg', '277953', 0, NULL, 25, 'App\\Models\\Inventory', '2022-03-25 01:15:24', '2022-03-25 01:15:24'),
	(452, 'images\\5CLzN3s7Ya.jpg', '5CLzN3s7Ya.jpg', NULL, 'jpg', '876612', 0, NULL, 25, 'App\\Models\\Inventory', '2022-03-25 01:15:24', '2022-03-25 01:15:24'),
	(453, 'images\\qzrRW0jZ1G.jpg', 'qzrRW0jZ1G.jpg', NULL, 'jpg', '342102', 0, NULL, 25, 'App\\Models\\Inventory', '2022-03-25 01:15:24', '2022-03-25 01:15:24'),
	(454, 'images\\ygNxy4O4ND.jpg', 'ygNxy4O4ND.jpg', NULL, 'jpg', '185189', 0, NULL, 77, 'App\\Models\\Inventory', '2022-03-25 01:15:24', '2022-03-25 01:15:24'),
	(455, 'images\\2idElMkuog.jpg', '2idElMkuog.jpg', NULL, 'jpg', '756937', 0, NULL, 77, 'App\\Models\\Inventory', '2022-03-25 01:15:24', '2022-03-25 01:15:24'),
	(456, 'images\\Zj5DO7f03f.jpg', 'Zj5DO7f03f.jpg', NULL, 'jpg', '119626', 0, NULL, 23, 'App\\Models\\Inventory', '2022-03-25 01:15:24', '2022-03-25 01:15:24'),
	(457, 'images\\QqZ7eWuAUF.jpg', 'QqZ7eWuAUF.jpg', NULL, 'jpg', '284150', 0, NULL, 23, 'App\\Models\\Inventory', '2022-03-25 01:15:24', '2022-03-25 01:15:24'),
	(458, 'images\\2FsNR1C8i7.jpg', '2FsNR1C8i7.jpg', NULL, 'jpg', '85299', 0, NULL, 44, 'App\\Models\\Inventory', '2022-03-25 01:15:24', '2022-03-25 01:15:24'),
	(459, 'images\\wTtaPYXyWO.jpg', 'wTtaPYXyWO.jpg', NULL, 'jpg', '21899', 0, NULL, 44, 'App\\Models\\Inventory', '2022-03-25 01:15:24', '2022-03-25 01:15:24'),
	(460, 'images\\z0BmUohCeA.jpg', 'z0BmUohCeA.jpg', NULL, 'jpg', '139886', 0, NULL, 53, 'App\\Models\\Inventory', '2022-03-25 01:15:24', '2022-03-25 01:15:24'),
	(461, 'images\\a6YCM3DwS6.jpg', 'a6YCM3DwS6.jpg', NULL, 'jpg', '96212', 0, NULL, 53, 'App\\Models\\Inventory', '2022-03-25 01:15:24', '2022-03-25 01:15:24'),
	(462, 'images\\JLZ0865G6b.jpg', 'JLZ0865G6b.jpg', NULL, 'jpg', '90308', 0, NULL, 53, 'App\\Models\\Inventory', '2022-03-25 01:15:24', '2022-03-25 01:15:24'),
	(463, 'images\\qdOhHHSNoF.jpg', 'qdOhHHSNoF.jpg', NULL, 'jpg', '485590', 0, NULL, 84, 'App\\Models\\Inventory', '2022-03-25 01:15:24', '2022-03-25 01:15:24'),
	(464, 'images\\PRmzL1mn8E.jpg', 'PRmzL1mn8E.jpg', NULL, 'jpg', '450759', 0, NULL, 84, 'App\\Models\\Inventory', '2022-03-25 01:15:24', '2022-03-25 01:15:24'),
	(465, 'images\\bfdbq2rpC6.jpg', 'bfdbq2rpC6.jpg', NULL, 'jpg', '382586', 0, NULL, 84, 'App\\Models\\Inventory', '2022-03-25 01:15:24', '2022-03-25 01:15:24'),
	(466, 'images\\XBDNHPhwvi.jpg', 'XBDNHPhwvi.jpg', NULL, 'jpg', '216880', 0, NULL, 106, 'App\\Models\\Inventory', '2022-03-25 01:15:24', '2022-03-25 01:15:24'),
	(467, 'images\\5fVLhbUvUu.jpg', '5fVLhbUvUu.jpg', NULL, 'jpg', '173268', 0, NULL, 106, 'App\\Models\\Inventory', '2022-03-25 01:15:24', '2022-03-25 01:15:24'),
	(468, 'images\\9vv3aV861O.jpg', '9vv3aV861O.jpg', NULL, 'jpg', '158435', 0, NULL, 106, 'App\\Models\\Inventory', '2022-03-25 01:15:24', '2022-03-25 01:15:24'),
	(469, 'images\\7tuCux0V9N.jpg', '7tuCux0V9N.jpg', NULL, 'jpg', '143272', 0, NULL, 24, 'App\\Models\\Inventory', '2022-03-25 01:15:24', '2022-03-25 01:15:24'),
	(470, 'images\\SXZHM89EYE.jpg', 'SXZHM89EYE.jpg', NULL, 'jpg', '290073', 0, NULL, 24, 'App\\Models\\Inventory', '2022-03-25 01:15:24', '2022-03-25 01:15:24'),
	(471, 'images\\k7tQaxyZPu.jpg', 'k7tQaxyZPu.jpg', NULL, 'jpg', '339333', 0, NULL, 24, 'App\\Models\\Inventory', '2022-03-25 01:15:24', '2022-03-25 01:15:24'),
	(472, 'images\\R4PlJ6KAdW.jpg', 'R4PlJ6KAdW.jpg', NULL, 'jpg', '185189', 0, NULL, 92, 'App\\Models\\Inventory', '2022-03-25 01:15:24', '2022-03-25 01:15:24'),
	(473, 'images\\Wl3bImYmHN.jpg', 'Wl3bImYmHN.jpg', NULL, 'jpg', '756937', 0, NULL, 92, 'App\\Models\\Inventory', '2022-03-25 01:15:24', '2022-03-25 01:15:24'),
	(474, 'images\\MQBYCfsBar.jpg', 'MQBYCfsBar.jpg', NULL, 'jpg', '105039', 0, NULL, 80, 'App\\Models\\Inventory', '2022-03-25 01:15:24', '2022-03-25 01:15:24'),
	(475, 'images\\UUY36AUBPI.jpg', 'UUY36AUBPI.jpg', NULL, 'jpg', '29912', 0, NULL, 80, 'App\\Models\\Inventory', '2022-03-25 01:15:24', '2022-03-25 01:15:24'),
	(476, 'images\\blog_4.png', 'blog_4.png', 'cover', 'png', '0', 0, 1, 4, 'App\\Models\\Blog', '2022-03-25 01:15:30', '2022-03-25 01:15:30'),
	(477, 'images\\blog_5.png', 'blog_5.png', 'cover', 'png', '0', 0, 1, 5, 'App\\Models\\Blog', '2022-03-25 01:15:30', '2022-03-25 01:15:30'),
	(478, 'images\\blog_1.png', 'blog_1.png', 'cover', 'png', '0', 0, 1, 1, 'App\\Models\\Blog', '2022-03-25 01:15:30', '2022-03-25 01:15:30'),
	(479, 'images\\blog_2.png', 'blog_2.png', 'cover', 'png', '0', 0, 1, 2, 'App\\Models\\Blog', '2022-03-25 01:15:30', '2022-03-25 01:15:30'),
	(480, 'images\\blog_3.png', 'blog_3.png', 'cover', 'png', '0', 0, 1, 3, 'App\\Models\\Blog', '2022-03-25 01:15:30', '2022-03-25 01:15:30'),
	(481, 'images\\sIAC9DTQyz.jpg', 'sIAC9DTQyz.jpg', 'feature', 'jpg', '158289', 1, 1, 1, 'App\\Models\\Slider', '2022-03-25 01:15:41', '2022-03-25 01:15:41'),
	(482, 'images\\JPM2y4OoYj.jpg', 'JPM2y4OoYj.jpg', 'mobile', 'jpg', '141704', 1, 0, 1, 'App\\Models\\Slider', '2022-03-25 01:15:41', '2022-03-25 01:15:41'),
	(483, 'images\\E7HsJvhfoP.jpg', 'E7HsJvhfoP.jpg', 'feature', 'jpg', '228174', 2, 1, 2, 'App\\Models\\Slider', '2022-03-25 01:15:41', '2022-03-25 01:15:41'),
	(484, 'images\\fr8A2cSZeB.jpg', 'fr8A2cSZeB.jpg', 'mobile', 'jpg', '152569', 2, 0, 2, 'App\\Models\\Slider', '2022-03-25 01:15:41', '2022-03-25 01:15:41'),
	(485, 'images\\AUlTjPY4nf.jpg', 'AUlTjPY4nf.jpg', 'feature', 'jpg', '207019', 3, 1, 3, 'App\\Models\\Slider', '2022-03-25 01:15:41', '2022-03-25 01:15:41'),
	(486, 'images\\FxKTzbR772.jpg', 'FxKTzbR772.jpg', 'mobile', 'jpg', '158165', 3, 0, 3, 'App\\Models\\Slider', '2022-03-25 01:15:41', '2022-03-25 01:15:41'),
	(487, 'images\\WEnZ9PMnMp.jpg', 'WEnZ9PMnMp.jpg', 'feature', 'jpg', '335376', 4, 1, 4, 'App\\Models\\Slider', '2022-03-25 01:15:41', '2022-03-25 01:15:41'),
	(488, 'images\\tPCrQXapmY.jpg', 'tPCrQXapmY.jpg', 'mobile', 'jpg', '179071', 4, 0, 4, 'App\\Models\\Slider', '2022-03-25 01:15:41', '2022-03-25 01:15:41'),
	(489, 'images\\w4jrJVBfDe.jpg', 'w4jrJVBfDe.jpg', 'feature', 'jpg', '0', 0, 1, 1, 'App\\Models\\Banner', '2022-03-25 01:15:42', '2022-03-25 01:15:42'),
	(490, 'images\\VFywlkdkUm.jpg', 'VFywlkdkUm.jpg', 'feature', 'jpg', '0', 0, 1, 2, 'App\\Models\\Banner', '2022-03-25 01:15:42', '2022-03-25 01:15:42'),
	(491, 'images\\JGzhLi7ld5.jpg', 'JGzhLi7ld5.jpg', 'feature', 'jpg', '0', 0, 1, 3, 'App\\Models\\Banner', '2022-03-25 01:15:42', '2022-03-25 01:15:42'),
	(492, 'images\\lJDbdwOTTO.jpg', 'lJDbdwOTTO.jpg', 'feature', 'jpg', '0', 0, 1, 4, 'App\\Models\\Banner', '2022-03-25 01:15:42', '2022-03-25 01:15:42'),
	(493, 'images\\MrH7TbSczl.jpg', 'MrH7TbSczl.jpg', 'feature', 'jpg', '0', 0, 1, 5, 'App\\Models\\Banner', '2022-03-25 01:15:42', '2022-03-25 01:15:42'),
	(494, 'images\\VITZWDmhIH.jpg', 'VITZWDmhIH.jpg', 'feature', 'jpg', '0', 0, 1, 6, 'App\\Models\\Banner', '2022-03-25 01:15:42', '2022-03-25 01:15:42'),
	(495, 'images\\tysfu7m1U1.jpg', 'tysfu7m1U1.jpg', 'feature', 'jpg', '0', 0, 1, 7, 'App\\Models\\Banner', '2022-03-25 01:15:42', '2022-03-25 01:15:42'),
	(496, 'images\\0SuutYjFAM.jpg', '0SuutYjFAM.jpg', 'feature', 'jpg', '0', 0, 1, 8, 'App\\Models\\Banner', '2022-03-25 01:15:42', '2022-03-25 01:15:42'),
	(497, 'images\\vQXs6wDbDi.jpg', 'vQXs6wDbDi.jpg', 'feature', 'jpg', '0', 0, 1, 9, 'App\\Models\\Banner', '2022-03-25 01:15:42', '2022-03-25 01:15:42'),
	(498, 'images\\mPj2jyS8S1.jpg', 'mPj2jyS8S1.jpg', 'feature', 'jpg', '0', 0, 1, 10, 'App\\Models\\Banner', '2022-03-25 01:15:42', '2022-03-25 01:15:42'),
	(499, 'images\\7eXhAH2vUR.jpg', '7eXhAH2vUR.jpg', 'feature', 'jpg', '0', 0, NULL, 1, 'App\\Models\\Manufacturer', '2022-03-25 01:15:56', '2022-03-25 01:15:56'),
	(500, 'images\\C8BRsldjKD.jpg', 'C8BRsldjKD.jpg', 'feature', 'jpg', '0', 0, NULL, 10, 'App\\Models\\Manufacturer', '2022-03-25 01:15:56', '2022-03-25 01:15:56'),
	(501, 'images\\h4QH54SDtI.jpg', 'h4QH54SDtI.jpg', 'feature', 'jpg', '0', 0, NULL, 5, 'App\\Models\\Manufacturer', '2022-03-25 01:15:56', '2022-03-25 01:15:56'),
	(502, 'images\\v3esxIFKQP.jpg', 'v3esxIFKQP.jpg', 'feature', 'jpg', '0', 0, NULL, 1, 'App\\Models\\Category', '2022-03-25 01:15:56', '2022-03-25 01:15:56'),
	(503, 'images\\iRth5XV3La.jpg', 'iRth5XV3La.jpg', 'feature', 'jpg', '0', 0, NULL, 2, 'App\\Models\\Category', '2022-03-25 01:15:56', '2022-03-25 01:15:56'),
	(504, 'images\\E2yAUEpnnr.jpg', 'E2yAUEpnnr.jpg', 'feature', 'jpg', '0', 0, NULL, 3, 'App\\Models\\Category', '2022-03-25 01:15:56', '2022-03-25 01:15:56'),
	(505, 'images\\SSEsZqUEWQ.jpg', 'SSEsZqUEWQ.jpg', 'feature', 'jpg', '0', 0, NULL, 4, 'App\\Models\\Category', '2022-03-25 01:15:56', '2022-03-25 01:15:56'),
	(506, 'images\\baezvgqrYZ.jpg', 'baezvgqrYZ.jpg', 'feature', 'jpg', '0', 0, NULL, 5, 'App\\Models\\Category', '2022-03-25 01:15:56', '2022-03-25 01:15:56'),
	(507, 'images\\BIJoZNsHH6.jpg', 'BIJoZNsHH6.jpg', 'feature', 'jpg', '0', 0, NULL, 7, 'App\\Models\\Category', '2022-03-25 01:15:56', '2022-03-25 01:15:56'),
	(508, 'images\\1k8wEbrxUK.jpg', '1k8wEbrxUK.jpg', 'feature', 'jpg', '0', 0, NULL, 8, 'App\\Models\\Category', '2022-03-25 01:15:56', '2022-03-25 01:15:56'),
	(509, 'images\\YZChGz1Mqv.jpg', 'YZChGz1Mqv.jpg', 'feature', 'jpg', '0', 0, NULL, 10, 'App\\Models\\Category', '2022-03-25 01:15:56', '2022-03-25 01:15:56'),
	(510, 'images\\ceVRSThL9B.jpg', 'ceVRSThL9B.jpg', 'feature', 'jpg', '0', 0, NULL, 1, 'App\\Models\\Category', '2022-03-25 01:15:56', '2022-03-25 01:15:56'),
	(511, 'images\\Pwpf810ELp.jpg', 'Pwpf810ELp.jpg', 'feature', 'jpg', '0', 0, NULL, 35, 'App\\Models\\Category', '2022-03-25 01:15:56', '2022-03-25 01:15:56'),
	(512, 'images\\x1RLr1pnda.jpg', 'x1RLr1pnda.jpg', 'feature', 'jpg', '0', 0, NULL, 25, 'App\\Models\\Category', '2022-03-25 01:15:56', '2022-03-25 01:15:56'),
	(513, 'images\\wjMx5jJ57K.png', 'wjMx5jJ57K.png', 'logo', 'png', '0', 0, NULL, 1, 'App\\Models\\Manufacturer', '2022-03-25 01:15:56', '2022-03-25 01:15:56'),
	(514, 'images\\zJA7HEttai.png', 'zJA7HEttai.png', 'logo', 'png', '0', 0, NULL, 14, 'App\\Models\\Manufacturer', '2022-03-25 01:15:56', '2022-03-25 01:15:56'),
	(515, 'images\\iKFbU6KGwy.png', 'iKFbU6KGwy.png', 'logo', 'png', '0', 0, NULL, 4, 'App\\Models\\Manufacturer', '2022-03-25 01:15:56', '2022-03-25 01:15:56'),
	(516, 'images\\f1TKleNMFM.png', 'f1TKleNMFM.png', 'logo', 'png', '0', 0, NULL, 15, 'App\\Models\\Manufacturer', '2022-03-25 01:15:56', '2022-03-25 01:15:56'),
	(517, 'images\\aaf9nWZOSX.png', 'aaf9nWZOSX.png', 'logo', 'png', '0', 0, NULL, 10, 'App\\Models\\Manufacturer', '2022-03-25 01:15:56', '2022-03-25 01:15:56'),
	(518, 'images\\TQPtSw0DoB.png', 'TQPtSw0DoB.png', 'logo', 'png', '0', 0, NULL, 11, 'App\\Models\\Manufacturer', '2022-03-25 01:15:56', '2022-03-25 01:15:56'),
	(519, 'images\\8Hp6HAgqSL.png', '8Hp6HAgqSL.png', 'logo', 'png', '0', 0, NULL, 12, 'App\\Models\\Manufacturer', '2022-03-25 01:15:56', '2022-03-25 01:15:56'),
	(520, 'images\\ip5vxShvt7.png', 'ip5vxShvt7.png', 'logo', 'png', '0', 0, NULL, 13, 'App\\Models\\Manufacturer', '2022-03-25 01:15:56', '2022-03-25 01:15:56'),
	(521, 'images\\41S1tuK2bf.png', '41S1tuK2bf.png', 'logo', 'png', '0', 0, NULL, 16, 'App\\Models\\Manufacturer', '2022-03-25 01:15:56', '2022-03-25 01:15:56'),
	(522, 'images\\FnpKdBflkc.png', 'FnpKdBflkc.png', 'logo', 'png', '0', 0, NULL, 5, 'App\\Models\\Manufacturer', '2022-03-25 01:15:56', '2022-03-25 01:15:56'),
	(523, 'images\\Yt2qp4L7lX.png', 'Yt2qp4L7lX.png', 'logo', 'png', '0', 0, NULL, 3, 'App\\Models\\Manufacturer', '2022-03-25 01:15:56', '2022-03-25 01:15:56'),
	(524, 'images\\Y2ifMLpREt.png', 'Y2ifMLpREt.png', 'logo', 'png', '0', 0, NULL, 7, 'App\\Models\\Manufacturer', '2022-03-25 01:15:56', '2022-03-25 01:15:56'),
	(525, 'images\\r23jiwmLtD.png', 'r23jiwmLtD.png', 'logo', 'png', '0', 0, NULL, 8, 'App\\Models\\Manufacturer', '2022-03-25 01:15:56', '2022-03-25 01:15:56'),
	(526, 'images\\8fkE5JXoHR.png', '8fkE5JXoHR.png', 'logo', 'png', '0', 0, NULL, 2, 'App\\Models\\Manufacturer', '2022-03-25 01:15:56', '2022-03-25 01:15:56'),
	(527, 'images\\fLBGU4TalB.png', 'fLBGU4TalB.png', 'logo', 'png', '0', 0, NULL, 9, 'App\\Models\\Manufacturer', '2022-03-25 01:15:56', '2022-03-25 01:15:56'),
	(528, 'images\\5oNQ6rD4iJ.png', '5oNQ6rD4iJ.png', 'logo', 'png', '0', 0, NULL, 6, 'App\\Models\\Manufacturer', '2022-03-25 01:15:56', '2022-03-25 01:15:56'),
	(529, 'images/jHVBMAAIaOsfr4iX6zHn2dLuF5pBFDHEqex77OpB.png', 'favicon.png', 'logo', 'png', '4135', 0, NULL, 1, 'App\\Models\\Shop', '2022-03-25 15:09:22', '2022-03-25 15:09:22'),
	(530, 'images/N0e0cx8h9cQIyBB9bKqAMOTWc6Ecewnl6TDpH9cQ.png', 'favicon.png', 'logo', 'png', '3618', 0, NULL, 2, 'App\\Models\\Shop', '2022-03-25 15:11:41', '2022-03-25 15:11:41'),
	(531, 'images/fSXwcPJs3vusNVVMX2uXaTlOMfoK5vaYN5mRAKd7.png', 'favicon.png', 'logo', 'png', '4135', 0, NULL, 3, 'App\\Models\\Shop', '2022-03-25 15:13:27', '2022-03-25 15:13:27'),
	(532, 'images/i5mBfE0cvtHzESzs9nrsRA096jcv3cEvePsd1RjY.jpg', 'i6uCpn06_400x400.jpg', 'logo', 'jpg', '12769', 0, NULL, 4, 'App\\Models\\Shop', '2022-03-25 15:15:38', '2022-03-25 15:15:38'),
	(533, 'images/oYaJPeIduELbT40ghCYCxvTstMcUAaHeY9e4gWoz.jpg', 'i6uCpn06_400x400.jpg', 'logo', 'jpg', '12769', 0, NULL, 5, 'App\\Models\\Shop', '2022-03-25 15:18:24', '2022-03-25 15:18:24');
/*!40000 ALTER TABLE `images` ENABLE KEYS */;

-- Dumping structure for table zcart2511.inventories
CREATE TABLE IF NOT EXISTS `inventories` (
  `id` bigint(20) unsigned NOT NULL AUTO_INCREMENT,
  `shop_id` int(10) unsigned DEFAULT NULL,
  `title` text COLLATE utf8_unicode_ci NOT NULL,
  `warehouse_id` int(10) unsigned DEFAULT NULL,
  `product_id` bigint(20) unsigned NOT NULL,
  `brand` varchar(255) COLLATE utf8_unicode_ci DEFAULT NULL,
  `supplier_id` int(10) unsigned DEFAULT NULL,
  `sku` varchar(200) COLLATE utf8_unicode_ci NOT NULL,
  `condition` enum('New','Used','Refurbished') COLLATE utf8_unicode_ci NOT NULL,
  `condition_note` text COLLATE utf8_unicode_ci,
  `description` longtext COLLATE utf8_unicode_ci,
  `key_features` text COLLATE utf8_unicode_ci,
  `stock_quantity` int(11) NOT NULL DEFAULT '0',
  `damaged_quantity` int(11) DEFAULT NULL,
  `user_id` bigint(20) unsigned DEFAULT NULL,
  `purchase_price` decimal(20,6) DEFAULT NULL,
  `sale_price` decimal(20,6) NOT NULL,
  `offer_price` decimal(20,6) DEFAULT NULL,
  `offer_start` timestamp NULL DEFAULT NULL,
  `offer_end` timestamp NULL DEFAULT NULL,
  `shipping_weight` decimal(20,2) DEFAULT NULL,
  `free_shipping` tinyint(1) DEFAULT NULL,
  `available_from` timestamp NOT NULL DEFAULT CURRENT_TIMESTAMP,
  `min_order_quantity` int(11) NOT NULL DEFAULT '1',
  `slug` varchar(200) COLLATE utf8_unicode_ci NOT NULL,
  `linked_items` text COLLATE utf8_unicode_ci,
  `meta_title` text COLLATE utf8_unicode_ci,
  `meta_description` longtext COLLATE utf8_unicode_ci,
  `stuff_pick` tinyint(1) DEFAULT NULL,
  `active` tinyint(1) NOT NULL DEFAULT '1',
  `deleted_at` timestamp NULL DEFAULT NULL,
  `created_at` timestamp NULL DEFAULT NULL,
  `updated_at` timestamp NULL DEFAULT NULL,
  PRIMARY KEY (`id`),
  UNIQUE KEY `inventories_slug_unique` (`slug`),
  KEY `inventories_product_id_foreign` (`product_id`),
  CONSTRAINT `inventories_product_id_foreign` FOREIGN KEY (`product_id`) REFERENCES `products` (`id`) ON DELETE CASCADE
) ENGINE=InnoDB AUTO_INCREMENT=108 DEFAULT CHARSET=utf8 COLLATE=utf8_unicode_ci;

-- Dumping data for table zcart2511.inventories: ~107 rows (approximately)
/*!40000 ALTER TABLE `inventories` DISABLE KEYS */;
INSERT INTO `inventories` (`id`, `shop_id`, `title`, `warehouse_id`, `product_id`, `brand`, `supplier_id`, `sku`, `condition`, `condition_note`, `description`, `key_features`, `stock_quantity`, `damaged_quantity`, `user_id`, `purchase_price`, `sale_price`, `offer_price`, `offer_start`, `offer_end`, `shipping_weight`, `free_shipping`, `available_from`, `min_order_quantity`, `slug`, `linked_items`, `meta_title`, `meta_description`, `stuff_pick`, `active`, `deleted_at`, `created_at`, `updated_at`) VALUES
	(1, 1, 'Aut unde commodi vel voluptate autem quos qui.', NULL, 1, 'Shanahan-Kiehn', 3, 'dolor', 'New', 'Queen\'s shrill cries to the Cheshire Cat, she was quite surprised to find that her idea of the shelves as she could not remember ever having seen such a very truthful child; \'but little girls eat.', 'Dicta dignissimos sit iusto mollitia voluptatibus officiis. Omnis qui exercitationem assumenda amet nemo. Ut sed harum qui exercitationem enim totam aperiam. Perspiciatis amet eveniet quia et. Architecto aut minus doloribus autem aliquid eum dolores. Qui sunt cupiditate et pariatur doloribus necessitatibus rerum rem. Aut dignissimos consequatur excepturi repellat eos autem. Adipisci vel ipsam voluptatem nam. Eligendi placeat debitis ducimus repellat at fuga sunt. Harum odit dolore temporibus consequuntur odit occaecati. Minus assumenda est eos nostrum aliquam non. Et et exercitationem magnam dolor quae. Voluptatem eum nobis unde sit et. Praesentium sint minus qui. Sint sit magnam sunt eum. Ut numquam temporibus quaerat rem dolores. Id deserunt eligendi ipsam quia aut natus. Exercitationem facilis quisquam esse neque cupiditate. Voluptatem beatae qui aut quia aperiam deleniti. Voluptatem et cum et omnis quaerat aut quis. Nihil nemo accusantium unde ut. Voluptatem rerum qui molestiae laboriosam omnis. Qui commodi aut est qui ab quia numquam. Delectus necessitatibus incidunt et dignissimos possimus est dolores. Facere error fugiat nulla. Numquam est labore vero reprehenderit. Rerum quia consequatur dolorum quae consequatur. Voluptatem molestiae libero et maxime aut ut quibusdam quidem. Quis est repudiandae numquam quia. Deleniti labore vero fugit ab esse quos numquam.', 'a:7:{i:0;s:55:"Repudiandae sapiente ea voluptatem laboriosam eligendi.";i:1;s:54:"Ut labore sit exercitationem rerum ipsam sequi veniam.";i:2;s:63:"Et excepturi facilis maiores asperiores nisi nihil eos impedit.";i:3;s:46:"Labore qui rerum aut qui qui perspiciatis est.";i:4;s:42:"Esse ab maiores voluptas vero hic placeat.";i:5;s:67:"Et aut cum doloremque molestiae libero dignissimos ducimus dolorum.";i:6;s:49:"Magnam cum aut fuga labore temporibus voluptatem.";}', 43, 0, 3, 313.064138, 472.064138, 336.064138, '2022-03-25 01:14:00', '2022-04-03 01:14:00', 1468.00, 1, '2022-03-22 01:14:00', 1, 'abc-xyz-listing-123', 'a:2:{i:0;i:21;i:1;i:35;}', 'Nulla veritatis accusantium quis facere quis praesentium iusto.', 'I was sent for.\' \'You ought to eat some of them with the Duchess, as she could. \'No,\' said the Hatter: \'I\'m on the top of his great wig.\' The judge, by the end of the bread-and-butter. Just at this.', 1, 1, NULL, '2022-03-14 01:14:28', '2022-03-10 01:14:28'),
	(2, 4, 'Ducimus non iusto quasi quia pariatur qui quo.', NULL, 19, 'Shanahan-Kiehn', 4, 'fugiat', 'Used', 'Hatter: \'but you could only hear whispers now and then turned to the executioner: \'fetch her here.\' And the Gryphon went on eagerly. \'That\'s enough about lessons,\' the Gryphon interrupted in a.', 'Animi qui cupiditate sapiente magni eaque. Atque quia magni reiciendis inventore accusamus. Numquam sequi expedita et est. Temporibus qui eveniet assumenda totam. Quisquam voluptate et culpa sed nobis vitae eum eaque. Non debitis minus nihil illum ab doloremque ad. Vitae rerum qui id voluptatem et. Id beatae quo perferendis quis hic architecto possimus. Iure sit delectus ratione perspiciatis iure omnis vero. Neque quibusdam voluptatum voluptates doloremque dolores voluptatem. Voluptatem quaerat sed eligendi eum. Quod laborum voluptatum eligendi. Enim assumenda consequatur nihil ratione architecto eos. Voluptatibus magnam voluptatem assumenda aliquam. Tempore velit nam minus sit quo ratione. Enim aut cum modi laborum. Magnam et iste officiis vero ipsum omnis omnis. Beatae quia velit omnis culpa quisquam aut. Esse eos error saepe rerum sint et. Eum eaque aut provident explicabo sit magnam eveniet. Dolor deleniti aut tempore blanditiis corporis facere. Quasi excepturi at asperiores expedita aut tempora quisquam. Dolores animi quidem aliquid et ut deleniti cumque quas. Modi nihil consequatur maiores at qui nam. Dignissimos quo animi libero et. Ipsum commodi magni dignissimos earum totam facere. Minima doloremque id voluptatem voluptatibus nisi maiores ipsam. Adipisci doloribus consequuntur enim hic dolorem tenetur suscipit quae. Quod quaerat est vel fugit libero et. Hic qui sed numquam similique necessitatibus harum et fugit. Molestiae est qui non iste.', 'a:7:{i:0;s:32:"Ut facilis aut consequatur quas.";i:1;s:38:"Omnis consectetur tempore nihil porro.";i:2;s:46:"Magni blanditiis voluptas dolor quod possimus.";i:3;s:35:"Est optio ut rerum veritatis autem.";i:4;s:58:"Recusandae earum tempora hic aut consequuntur omnis dicta.";i:5;s:31:"Et nesciunt saepe sit officiis.";i:6;s:34:"Veritatis qui et quos id deserunt.";}', 66, 0, 3, 393.627000, 582.627000, NULL, NULL, NULL, 353.00, 1, '2022-03-22 01:14:00', 1, 'consequatur-dicta-velit-ea-ut-autem', 'a:2:{i:0;i:1;i:1;i:15;}', 'Laudantium non ea distinctio quasi voluptatum et et.', 'I got up this morning, but I shall only look up in a thick wood. \'The first thing she heard the Queen in front of the doors of the window, and some \'unimportant.\' Alice could not answer without a.', 1, 1, NULL, '2022-03-25 01:14:29', '2022-03-24 01:14:29'),
	(3, 4, 'Accusamus est voluptatem ut qui.', NULL, 46, 'Bartell LLC', 5, 'at', 'Refurbished', 'I then? Tell me that first, and then, if I might venture to say \'Drink me,\' but the wise little Alice was not an encouraging opening for a great many more than three.\' \'Your hair wants cutting,\'.', 'Voluptates qui quam ab aperiam ut ut quia culpa. Omnis dolorum vel commodi qui quod asperiores. Rerum quia pariatur qui consequatur et explicabo esse. Porro facere et hic quos ut. Rerum rem ut animi commodi. Nemo minus distinctio architecto. Est qui maiores aut voluptatem quod voluptatum. Reiciendis ducimus rerum quod voluptatibus tenetur fugiat. Dolores quos neque quia suscipit maxime vel quibusdam. Quod cum nostrum sunt cupiditate voluptatem eius. Qui officiis neque est. Et veritatis autem est similique molestias. Totam voluptatibus velit illum repellat vel. Exercitationem a aspernatur placeat ut. Velit ullam vitae quia aut. Mollitia esse consequatur exercitationem ipsa neque asperiores ut. Sit rerum repellat labore nam consequatur esse. Autem qui impedit et itaque. Sunt odio ea voluptas molestiae explicabo enim et. Totam saepe sequi rem sunt quis et iste. Optio eum et ut et in. Soluta facilis et unde ab quia. Vel ipsam corrupti qui. Cupiditate laudantium veritatis libero. Sint fugit voluptatibus vel qui est id. Perferendis veritatis dolorem nostrum ut. Et minima quod odit totam est assumenda. Laboriosam ipsam et ut ut ipsa ullam a a. Modi et quas ea rerum maxime. Vel cupiditate nisi a voluptates ab quidem sit. Sint qui quo provident earum asperiores. Nam eum et aut aut. Ipsam sit omnis est. Eveniet voluptas est voluptatem quia dolor tempora nobis.', 'a:7:{i:0;s:58:"Odio sequi dolores aut magni dolorum qui optio architecto.";i:1;s:35:"Assumenda doloribus molestiae quia.";i:2;s:58:"Qui corporis quod perspiciatis commodi officiis explicabo.";i:3;s:66:"Aspernatur voluptas nisi ducimus autem incidunt magni perferendis.";i:4;s:37:"Quia molestias et occaecati magni et.";i:5;s:28:"Est et libero reprehenderit.";i:6;s:36:"Iusto sit molestias eveniet eveniet.";}', 57, 0, 3, 106.117200, 208.117200, 146.117200, '2022-03-25 01:14:00', '2022-03-29 01:14:00', 564.00, 1, '2022-03-22 01:14:00', 1, 'ratione-repellendus-quod-quibusdam-distinctio-dolores-magni', 'a:3:{i:0;i:13;i:1;i:35;i:2;i:46;}', 'Rerum eum quas rem accusamus.', 'No, it\'ll never do to ask: perhaps I shall think nothing of the trees had a large crowd collected round it: there were three gardeners instantly threw themselves flat upon their faces, so that they.', 1, 1, NULL, '2022-03-14 01:14:29', '2022-03-19 01:14:29'),
	(4, 4, 'Dolor recusandae adipisci aut fugit voluptatem fugiat fuga.', NULL, 3, 'Dickens, O\'Keefe and Stamm', 5, 'quia', 'Refurbished', 'Alice think it was,\' said the Hatter, \'you wouldn\'t talk about her pet: \'Dinah\'s our cat. And she\'s such a neck as that! No, no! You\'re a serpent; and there\'s no use now,\' thought poor Alice, \'when.', 'Eos sunt nihil non eaque dolores iste. Voluptas iusto ut repellendus in impedit vero. Temporibus provident nam est dolores qui hic in. Omnis consequatur et qui. Fuga quos nobis quidem praesentium et quam doloremque. Impedit odio minus laudantium quo. Explicabo praesentium quas enim quis. Eum et nisi nulla. Odio quos molestias et omnis qui perspiciatis. Pariatur distinctio rem qui rerum ab debitis perferendis sit. Numquam voluptatem fugit non sequi non harum fuga. Maxime ratione consequatur sapiente doloribus ex consequatur. Ab maiores quia et sapiente fuga. Vel necessitatibus qui ad dolorum. Nam eum nemo non aspernatur occaecati vel. Quia reprehenderit assumenda minima mollitia quos aspernatur. Recusandae eaque cum dolores explicabo libero. Libero sed et ut laborum odio. Est beatae facilis non laborum quo necessitatibus explicabo vitae. Quisquam rerum quibusdam rerum laudantium aut omnis et libero. Dignissimos quod qui delectus quibusdam id quo. Nam cupiditate at explicabo magnam. Odio doloribus iste tempora iusto quod fugit. Possimus molestiae est nemo sed ut quia. Omnis vel iure eveniet voluptatem. Corporis minus tempora voluptatem vel. Saepe non praesentium vitae deserunt sit consequuntur ut. Et quae distinctio eius ipsam ut aliquid. Dolores non veniam non id culpa ut exercitationem. Iusto tenetur vero aut aut debitis necessitatibus. Quaerat ullam harum atque dolorum dolore qui esse.', 'a:7:{i:0;s:33:"Adipisci maxime et architecto ut.";i:1;s:41:"Pariatur vel dolores rem cumque id et in.";i:2;s:55:"Esse aut voluptatem aut deserunt rem voluptatum fugiat.";i:3;s:39:"Inventore eaque aperiam ut sit iure at.";i:4;s:50:"Veritatis neque autem assumenda qui nisi sunt eos.";i:5;s:55:"Velit laboriosam rerum sapiente in doloremque ab rerum.";i:6;s:41:"Magnam aut recusandae reiciendis rem vel.";}', 36, 0, 3, 157.310000, 304.310000, 260.310000, '2022-03-25 01:14:00', '2022-03-31 01:14:00', 1087.00, 1, '2022-03-23 01:14:00', 1, 'fugit-et-excepturi-ratione', 'a:2:{i:0;i:31;i:1;i:39;}', 'Perferendis in vitae dolor quae numquam omnis animi.', 'White Rabbit, with a soldier on each side, and opened their eyes and mouths so VERY nearly at the mouth with strings: into this they slipped the guinea-pig, head first, and then unrolled the.', 0, 1, NULL, '2022-03-19 01:14:29', '2022-03-24 01:14:29'),
	(5, 5, 'Est sit fugiat quia cupiditate officia accusantium.', NULL, 43, 'acme', 4, 'laborum', 'Refurbished', 'Hatter asked triumphantly. Alice did not like to go nearer till she was playing against herself, for she could not help thinking there MUST be more to do such a thing. After a minute or two, she.', 'Voluptas est rerum voluptatibus ratione. Dolor ut ut sed omnis. Ut nulla nam sapiente sunt est qui. Dolore doloremque amet voluptas explicabo incidunt pariatur magnam. Id aliquid dicta magni ut. Aut et veniam delectus porro. Quisquam quis voluptatem ut perferendis. Ut omnis qui architecto. Beatae dolorem nihil velit ratione quos corporis velit. Qui aut id vel laboriosam quia. A et accusantium sunt eum architecto minus. Doloremque minima repellendus molestiae aut illo fugit dolorem. Aspernatur dolor veniam quae sit omnis. Nulla qui eius distinctio veritatis earum sit aut. Doloremque maiores totam quibusdam nihil rerum facilis reiciendis. Veniam et accusantium facilis magnam repellat. Eligendi nemo magnam in. Ad qui sit error laborum aut unde hic. Quibusdam laudantium eius ut non repellat est in. In aut quis sint explicabo doloremque. Voluptas ex voluptas nostrum minima. Qui saepe qui sit suscipit ut eius et. Labore dolorem architecto excepturi voluptas dolorem aut. Nulla suscipit sunt veritatis est deleniti. Possimus qui et tempore minus dolore laudantium facilis. Reiciendis sit amet alias. Voluptatem sint quis iusto fugiat labore quis. Aut et quasi hic quos cum ea. Porro sint provident error aut. Est officia amet expedita sed. Ducimus est sint error sequi. Sapiente ea aspernatur itaque hic accusamus omnis vel velit. Occaecati eos magni soluta repellendus dolorem. Debitis ipsa sequi rem unde natus in assumenda. Occaecati inventore ut sit quis necessitatibus.', 'a:7:{i:0;s:51:"Velit necessitatibus voluptatibus odit ea suscipit.";i:1;s:63:"Omnis ut fugiat dolores laboriosam nihil impedit doloremque ut.";i:2;s:47:"Omnis molestiae porro quae non error ad minima.";i:3;s:62:"Molestiae vitae reprehenderit debitis dolores placeat eos cum.";i:4;s:43:"Quas enim voluptas dolor voluptates et qui.";i:5;s:48:"Sed quaerat tempora dignissimos amet asperiores.";i:6;s:51:"Possimus adipisci nesciunt dignissimos sequi nulla.";}', 75, 0, 3, 176.000000, 309.000000, NULL, NULL, NULL, 1342.00, 0, '2022-03-24 01:14:00', 1, 'debitis-quos-repellat-ipsa-consequuntur-perferendis-pariatur', 'a:2:{i:0;i:5;i:1;i:30;}', 'Debitis fuga cupiditate est laudantium et quasi.', 'Who ever saw in my kitchen AT ALL. Soup does very well as pigs, and was just beginning to grow up any more if you\'d rather not.\' \'We indeed!\' cried the Mock Turtle recovered his voice, and, with.', 1, 1, NULL, '2022-03-19 01:14:29', '2022-03-24 01:14:29'),
	(6, 3, 'Deserunt nobis culpa voluptas dolorum quidem.', NULL, 23, 'Stiedemann Inc', 5, 'nostrum', 'Used', 'Hatter, with an important air, \'are you all ready? This is the capital of Paris, and Paris is the capital of Rome, and Rome--no, THAT\'S all wrong, I\'m certain! I must go and get in at the thought.', 'Maiores rerum ratione est sed dolorum culpa. Aut inventore et illo. Quia neque dolores aut ut. Vero voluptatem quo enim iusto voluptatibus necessitatibus expedita. Nihil possimus et nobis dolor dolorum possimus quia. Reprehenderit asperiores ipsa voluptatem quos iusto id dignissimos. Numquam ut impedit molestiae cupiditate dolor reprehenderit fugit. Voluptas qui deleniti asperiores nesciunt. Rerum iste illum aut maiores blanditiis. Facilis consectetur ad natus vero et. Unde ut facere aut et magni. Et dolorem maiores ducimus molestiae et. Ad consectetur facilis illum in ea. Qui esse aspernatur recusandae quas sit reprehenderit omnis. Doloribus placeat sequi qui totam ut. Cum eaque non aut distinctio dolores explicabo nobis enim. Saepe quis iure rem nemo. Nobis et esse accusamus temporibus ut perferendis. Deleniti vel ratione perspiciatis consectetur. Et enim eos at similique. Nostrum beatae ea debitis distinctio est error quae. Eveniet illum fugit aspernatur voluptatibus veritatis assumenda aperiam repudiandae. Ullam velit autem excepturi minima vitae atque est. Qui a perferendis ipsum debitis. Autem voluptate soluta quaerat vel maxime. Commodi iure dignissimos vero voluptatem. Aliquam placeat sint et dolorem. Accusantium veritatis provident dolorem aliquam laboriosam deserunt. Aut aspernatur distinctio nam officia quisquam dolor ut.', 'a:7:{i:0;s:58:"Iusto molestiae molestias quam et nostrum repudiandae est.";i:1;s:30:"Eligendi iure quidem sunt est.";i:2;s:70:"Nobis aut explicabo adipisci facilis repellendus ab tempore voluptate.";i:3;s:34:"In voluptas qui autem nulla natus.";i:4;s:54:"Architecto omnis error suscipit quae quos praesentium.";i:5;s:42:"Dicta expedita quis eaque voluptatem vero.";i:6;s:33:"Quod nam adipisci culpa ipsam ut.";}', 47, 0, 3, 169.550273, 246.550273, NULL, NULL, NULL, 941.00, 1, '2022-03-23 01:14:00', 1, 'quos-odio-beatae-dolorem-assumenda', 'a:2:{i:0;i:18;i:1;i:46;}', 'Adipisci nemo consequatur necessitatibus architecto quia similique.', 'Queen! The Queen!\' and the second thing is to France-- Then turn not pale, beloved snail, but come and join the dance?"\' \'Thank you, sir, for your interesting story,\' but she did not dare to.', 1, 1, NULL, '2022-03-21 01:14:29', '2022-03-20 01:14:29'),
	(7, 1, 'Id quia possimus quo ducimus et in ex blanditiis.', NULL, 20, 'Bashirian-Kshlerin', 5, 'tempora', 'Refurbished', 'Why, I do it again and again.\' \'You are old, Father William,\' the young Crab, a little shriek and a Dodo, a Lory and an old Turtle--we used to call him Tortoise, if he would not give all else for.', 'Ipsam rerum dignissimos autem architecto et natus repudiandae. Consequatur sapiente eveniet vel dolorum ab voluptas architecto. Ut excepturi optio qui id mollitia. Minima error est nihil quidem aut. Temporibus non sunt laudantium ea. Assumenda tenetur itaque laborum provident et facilis. Voluptas quod exercitationem debitis fuga sapiente quae eum. Est deleniti ducimus velit fugiat illo delectus molestias. Doloremque sequi est maiores ab est. Sed quibusdam consequatur excepturi odio. Quidem ut nulla aut voluptatum quibusdam voluptate sunt. Nobis corrupti magni voluptas expedita molestiae voluptatibus pariatur. Est praesentium ipsa facilis aut. Perspiciatis totam minus nobis. Et est quia quas. Sunt molestias maiores eius excepturi libero odit et eaque. Perferendis id veritatis velit quis omnis. Dolore ipsam consectetur magnam vitae sunt. Quae occaecati impedit libero et ipsa placeat. Cupiditate quia et accusantium rem. Rerum voluptas necessitatibus non. Repudiandae sed voluptates atque aut nostrum velit provident. Repellendus nam ea rem est odio quisquam illum. Accusamus amet earum sint consequatur esse incidunt. Repellendus eos quod ut quo. Ratione aliquam porro suscipit laboriosam. Cumque modi officia natus eaque ut quas quo sunt. Porro optio enim qui distinctio aut voluptatem ab. Aut eos itaque alias architecto omnis placeat adipisci. Animi quo animi ut aut vero. Sit soluta occaecati enim placeat molestiae aliquid.', 'a:7:{i:0;s:46:"Quaerat assumenda vitae dolor magnam corrupti.";i:1;s:34:"Ut numquam a odit modi et aut eos.";i:2;s:26:"Dolorem libero saepe amet.";i:3;s:52:"Est accusantium praesentium beatae eligendi tempora.";i:4;s:50:"Et exercitationem exercitationem consequuntur est.";i:5;s:44:"Officiis ipsam sit velit quis voluptatem et.";i:6;s:47:"Fuga ad eum similique voluptas cumque possimus.";}', 30, 0, 3, 275.132333, 381.132333, NULL, NULL, NULL, 1055.00, 0, '2022-03-22 01:14:00', 1, 'et-unde-totam-debitis-sed-quas', 'a:2:{i:0;i:20;i:1;i:46;}', 'Consequuntur pariatur incidunt omnis animi nemo doloribus est.', 'Alice and all would change (she knew) to the jury, in a sort of way to explain the mistake it had made. \'He took me for his housemaid,\' she said to herself \'It\'s the stupidest tea-party I ever.', 0, 1, NULL, '2022-03-22 01:14:29', '2022-03-23 01:14:29'),
	(8, 1, 'Blanditiis fugiat necessitatibus aspernatur temporibus qui et non deserunt.', NULL, 3, 'Bashirian-Kshlerin', 5, 'pariatur', 'New', 'Alice joined the procession, wondering very much to-night, I should like it put the Dormouse sulkily remarked, \'If you knew Time as well as she remembered having seen such a rule at processions.', 'Id a est fugiat vel culpa accusamus. Totam omnis quis velit quia facilis est aliquam. Quos quas vel veritatis voluptatum. Quia aut odit blanditiis qui neque nesciunt ut. Eius eos odit tempora voluptate quia quibusdam fuga. Dolorum vel ratione placeat voluptatem cumque ducimus. Est suscipit doloribus qui harum reprehenderit ipsa rerum. Et consequatur eius quisquam sit. Ducimus qui reprehenderit in ratione atque voluptate quia. Sapiente qui molestiae beatae natus aperiam ipsum nemo. Iste explicabo ut quos tenetur iure illum. Veritatis ut ipsa architecto voluptas. Ut repudiandae doloribus quia aliquam. At velit fugit necessitatibus corporis voluptas. Et non in neque. Enim officia quia quam. Excepturi officiis et magni voluptas ipsa nemo laborum. Repellat quos aperiam cum. Dolorum incidunt modi repellendus ab culpa autem. Quidem esse et tempora quisquam. Autem consectetur itaque maiores necessitatibus. Rerum est consequatur ut perspiciatis reiciendis maxime est eveniet. Voluptatem aliquid dolorem veniam eligendi dolores similique quaerat. Fugiat asperiores accusantium et alias possimus officiis explicabo. Porro possimus nisi pariatur mollitia cum aut. Debitis quos consectetur error voluptatem pariatur in magni. Ea ipsam voluptatem maxime. Itaque similique nulla aut. In nulla soluta voluptates eius. Occaecati consequatur magnam quae perspiciatis ipsa perferendis amet.', 'a:7:{i:0;s:44:"Autem in at itaque velit dolorem blanditiis.";i:1;s:42:"Eos cupiditate pariatur eum aut provident.";i:2;s:47:"Eum voluptas rerum autem in qui recusandae aut.";i:3;s:30:"Est dolor quod nobis suscipit.";i:4;s:64:"Ipsam nobis velit labore labore quo voluptate tempora inventore.";i:5;s:27:"Cum et atque repellat enim.";i:6;s:54:"Quod officiis laborum dignissimos asperiores odit vel.";}', 92, 0, 3, 208.900000, 316.900000, NULL, NULL, NULL, 995.00, 1, '2022-03-23 01:14:00', 1, 'quia-doloribus-hic-natus-est-et-voluptatibus', 'a:3:{i:0;i:18;i:1;i:35;i:2;i:41;}', 'Magni aut dolores quibusdam laborum blanditiis deleniti.', 'Alice said very humbly; \'I won\'t interrupt again. I dare say you\'re wondering why I don\'t believe there\'s an atom of meaning in it,\' said Five, in a very hopeful tone though), \'I won\'t interrupt.', 1, 1, NULL, '2022-03-23 01:14:29', '2022-03-16 01:14:29'),
	(9, 5, 'Aliquid minus quidem qui deleniti ut.', NULL, 14, 'Bartell LLC', 2, 'corporis', 'New', 'Alice. \'What sort of lullaby to it in a natural way. \'I thought it over a little different. But if I\'m Mabel, I\'ll stay down here! It\'ll be no use now,\' thought poor Alice, who felt ready to talk.', 'Voluptatem ipsam recusandae soluta aspernatur consectetur doloribus. Deserunt aperiam repellat placeat aut consequatur tempora enim. Ad quia velit molestias asperiores eaque fugiat ab. Ut nobis saepe quia. Et facilis dolorum dolorum minus tempore nam. Accusantium quisquam minus optio dolorum repudiandae. Labore vel maxime nemo nulla quod quia. Itaque placeat ab sint consequatur. Optio omnis dicta praesentium assumenda sed nostrum et. Quam explicabo recusandae quidem sit quis fuga et. Et illo cum sed assumenda sed quam. Porro facere officia vel quo natus placeat iste. Officia minima debitis explicabo quaerat pariatur a. Sed et praesentium tempore placeat minima. Sed expedita beatae nihil culpa. Dicta ducimus sunt accusamus harum perferendis quos. Numquam quo ut est occaecati qui. Quo officiis facilis excepturi similique. Dicta similique at quae molestias molestias vitae quia. Doloribus voluptatibus quis alias. Quos consequuntur aut atque id. Iste aspernatur eos iusto et quod sunt. Ab et omnis omnis cumque animi quo. Quia omnis voluptatem tenetur. Et quibusdam neque totam provident autem est. Eos delectus et ut voluptatum minima pariatur a. Fuga similique tempore et. Vitae animi corrupti officia fugit architecto repudiandae. Facere dolorem dolores quos consequatur. Doloribus molestiae sequi dolorum laborum est. Pariatur et qui in debitis.', 'a:7:{i:0;s:41:"Optio culpa voluptas ut nemo consequatur.";i:1;s:55:"Ut similique expedita earum eligendi quibusdam ratione.";i:2;s:34:"Eaque quibusdam alias rem sed qui.";i:3;s:54:"Rem debitis reprehenderit quasi explicabo ea delectus.";i:4;s:59:"Dicta laborum et inventore reprehenderit labore architecto.";i:5;s:65:"Nemo deserunt accusamus quas voluptatem voluptatem voluptates in.";i:6;s:45:"Laudantium excepturi ex perferendis ex minus.";}', 94, 0, 3, 321.486000, 463.486000, NULL, NULL, NULL, 1647.00, 0, '2022-03-23 01:14:00', 1, 'corrupti-ea-amet-et-delectus-sunt-molestias', 'a:2:{i:0;i:3;i:1;i:35;}', 'Sit eos eveniet animi quidem dolor.', 'There seemed to be done, I wonder?\' Alice guessed who it was, even before she made it out again, so violently, that she was shrinking rapidly; so she went on talking: \'Dear, dear! How queer.', 0, 1, NULL, '2022-03-20 01:14:29', '2022-03-19 01:14:29'),
	(10, 2, 'Harum ut non perspiciatis voluptates.', NULL, 34, 'Gleichner-Doyle', 1, 'nesciunt', 'New', 'Magpie began wrapping itself up and leave the court; but on second thoughts she decided to remain where she was terribly frightened all the unjust things--\' when his eye chanced to fall a long way.', 'Ea animi nulla quis aut et voluptas sit. Id fugiat saepe autem. Eius iure nihil quo corrupti perspiciatis. Harum sed est illo fugit. Et est expedita aut exercitationem doloremque minima. Nihil omnis quas ullam rerum dignissimos. Aspernatur quis harum quae autem saepe neque quidem. Eveniet et repudiandae voluptatibus totam. Dolor vel et et eligendi cum distinctio aspernatur officiis. Autem eius qui aut magnam eum ullam rerum vel. Totam sit voluptatem architecto et. Molestiae aspernatur corrupti non. Aliquid autem necessitatibus magnam. Non nesciunt tempore sed dolorum sit. Error cum distinctio incidunt sunt. Quam commodi atque aperiam et soluta et magnam. Quisquam consequatur quasi sit perspiciatis aliquid ducimus alias. Quasi perspiciatis est ipsa corrupti rerum nihil aut. Iure molestiae debitis soluta. Enim est doloremque praesentium ut quia voluptate. Odit ex inventore dolor optio. Ex qui dolores eos soluta. Magni voluptas quis est in ut nemo aliquid. Aut ea vel magnam omnis qui. Et id aut eos dicta. Rerum officiis dolorem dolorum harum voluptates recusandae numquam. Occaecati dignissimos aut beatae officia. Qui ullam corporis voluptate quo eaque eius eaque. Quis aut sunt provident ipsam. Dolores exercitationem aliquam qui similique. Nisi ut nihil ab quam adipisci soluta a. Mollitia delectus totam ut consectetur id modi voluptate. Et rerum natus exercitationem perferendis dolor eos.', 'a:7:{i:0;s:41:"Ullam aspernatur quasi suscipit et ipsam.";i:1;s:36:"Sunt repellendus id et ut molestiae.";i:2;s:38:"Assumenda culpa et maxime autem a est.";i:3;s:78:"Perferendis excepturi in sed voluptatem exercitationem voluptatum et expedita.";i:4;s:34:"Assumenda doloremque et occaecati.";i:5;s:43:"Veniam expedita tempora ut nesciunt ab aut.";i:6;s:33:"A dicta eos et nihil repudiandae.";}', 61, 0, 3, 263.500000, 298.500000, NULL, NULL, NULL, 1951.00, 1, '2022-03-22 01:14:00', 1, 'omnis-esse-ea-repellendus-architecto', 'a:3:{i:0;i:3;i:1;i:16;i:2;i:30;}', 'Doloribus aperiam fugit unde sapiente vitae.', 'Mock Turtle yawned and shut his note-book hastily. \'Consider your verdict,\' he said to the Knave. The Knave did so, and giving it a very difficult game indeed. The players all played at once crowded.', 0, 1, NULL, '2022-03-14 01:14:30', '2022-03-14 01:14:30'),
	(11, 1, 'Dolorem qui ut maxime illo totam quo aut rem.', NULL, 46, 'Lemke-Feest', 5, 'incidunt', 'Used', 'WOULD twist itself round and look up in such a nice little histories about children who had been for some minutes. Alice thought to herself, and began an account of the evening, beautiful Soup!.', 'Enim quaerat voluptates quaerat aut deleniti voluptatum iste ut. Facere culpa error ut qui totam. Sed ullam unde expedita tempore dolores temporibus in dolorem. Itaque et officiis cupiditate facere earum asperiores. Ut voluptatibus sit rerum ea similique ad sed. Tenetur error qui sunt assumenda occaecati reprehenderit quo. Cum cum eaque optio ut et quidem a voluptatem. Sint minima debitis aut eaque id vel corporis. In est id eos. Dignissimos aliquid et reiciendis quo illo cum. Cupiditate aut provident earum. Aliquid dolorem nobis quas dolores. Enim rerum ut nemo dicta dolorem consectetur aliquid. Sed ab at animi velit suscipit quia vitae. Nihil rerum est atque. Est beatae ea perspiciatis culpa autem. Ad et quia aut dolores atque animi. Voluptatum libero corrupti sunt et architecto non. Voluptatem quia qui id quia iste. Est eius sit recusandae nostrum aliquid dolores cumque. Suscipit nesciunt nihil aut quo. Accusamus eum qui aut. Distinctio et tempora quod nobis odit est consequatur. Quod aut cupiditate et sit aspernatur ut consequatur harum. Voluptatem saepe dolor nihil possimus molestiae voluptate. Sed qui id et distinctio harum alias mollitia. Est distinctio ut quidem deserunt libero nulla. Est explicabo incidunt molestiae. Doloribus aut sed illo. Ullam omnis iusto laborum perspiciatis libero assumenda. Consequatur velit ea iure aperiam fuga.', 'a:7:{i:0;s:56:"Aspernatur quas facilis qui corporis et est pariatur ut.";i:1;s:37:"Commodi facilis culpa quia rem saepe.";i:2;s:37:"Dolores laborum id quis veniam error.";i:3;s:68:"Ab consequatur debitis perspiciatis possimus occaecati perspiciatis.";i:4;s:52:"Enim autem dolores quis illo beatae quod voluptates.";i:5;s:30:"Magnam iusto dolores nisi sed.";i:6;s:52:"Non nihil necessitatibus aut quo occaecati amet vel.";}', 16, 0, 3, 57.830000, 138.830000, NULL, NULL, NULL, 1430.00, 0, '2022-03-23 01:14:00', 1, 'autem-molestias-et-maiores-consequatur', 'a:3:{i:0;i:4;i:1;i:27;i:2;i:31;}', 'Aperiam sint consequatur distinctio nisi neque atque.', 'She is such a nice soft thing to eat or drink under the hedge. In another moment that it was too late to wish that! She went in without knocking, and hurried off to the other birds tittered audibly.', 1, 1, NULL, '2022-03-17 01:14:30', '2022-03-10 01:14:30'),
	(12, 2, 'Earum reprehenderit facere voluptas dicta.', NULL, 24, 'Kassulke, Legros and Roob', 5, 'ut', 'New', 'Alice, \'as all the children she knew she had read about them in books, and she tried the effect of lying down with her head! Off--\' \'Nonsense!\' said Alice, a little recovered from the Gryphon.', 'Et expedita voluptas sed debitis rerum. Laudantium explicabo quibusdam explicabo et dignissimos dolores voluptatem. Quo sit est est. Rerum molestiae harum adipisci rem fugit. Necessitatibus eius molestiae sit ab at quae et. Perspiciatis deserunt distinctio eum quo qui in. Consequatur fugiat qui tenetur non culpa omnis quod. Est eos quibusdam voluptas soluta assumenda. Est veritatis omnis explicabo ut repellat omnis eos. Pariatur totam voluptatem et rerum dolor praesentium eos. Quis voluptatibus ut et aliquam aut. Sequi doloremque doloribus tempore eum. Vitae sit exercitationem molestias et quas. Ducimus odit aut magnam natus. Iure molestiae exercitationem nisi voluptatem velit ipsa. Fugit nam harum eos nihil aut earum et autem. Harum expedita excepturi rerum voluptas nisi qui velit at. Quia id quo voluptatibus rerum sit ab. Quod ullam tempore omnis ea distinctio. Ab eos voluptas ut eligendi possimus laboriosam iure. Asperiores molestiae id fugit et doloremque. Nostrum eos ducimus fugiat ut quos ducimus ea. Voluptas quasi dolorem laudantium ipsa beatae minima consectetur doloribus. Cum libero quo qui cum possimus commodi. Molestiae voluptatem architecto architecto nisi. Dolores quia voluptas fuga saepe pariatur delectus laboriosam. Architecto totam consequatur ullam adipisci cum. Ut eligendi a distinctio fuga.', 'a:7:{i:0;s:48:"Quo corporis voluptas quo veritatis atque harum.";i:1;s:28:"Quis quos et a tenetur sunt.";i:2;s:47:"Est omnis et voluptas excepturi esse accusamus.";i:3;s:43:"Facilis voluptates molestiae unde corrupti.";i:4;s:55:"Est consequatur eius ut architecto soluta ea ullam hic.";i:5;s:63:"Libero saepe fugiat architecto delectus in voluptatum nesciunt.";i:6;s:31:"Occaecati quis minus natus aut.";}', 31, 0, 3, 215.500000, 280.500000, 241.500000, '2022-03-25 01:14:00', '2022-04-07 01:14:00', 1055.00, 0, '2022-03-24 01:14:00', 1, 'rem-dolorum-culpa-fugit-soluta-aut-est', 'a:3:{i:0;i:0;i:1;i:11;i:2;i:23;}', 'Ducimus ea doloribus ea.', 'Grief, they used to it in asking riddles that have no idea how confusing it is almost certain to disagree with you, sooner or later. However, this bottle was a little hot tea upon its nose. The.', 1, 1, NULL, '2022-03-20 01:14:30', '2022-03-13 01:14:30'),
	(13, 5, 'Soluta odit culpa occaecati dicta enim eos.', NULL, 37, 'Dickens, O\'Keefe and Stamm', 1, 'molestiae', 'Refurbished', 'How neatly spread his claws, And welcome little fishes in With gently smiling jaws!\' \'I\'m sure those are not attending!\' said the King, \'that only makes the world go round!"\' \'Somebody said,\' Alice.', 'Sapiente non consequuntur id iusto fugit repudiandae. Non odit id accusamus earum. Laboriosam optio aut qui debitis beatae. Deserunt cumque doloribus molestiae sint accusantium perspiciatis est. Qui eos aut beatae recusandae. Nobis recusandae quia cupiditate corrupti qui. Fugiat voluptate fuga porro illo. In aut voluptatum quae earum eveniet. Non et suscipit quia delectus quibusdam praesentium. Est et doloremque earum quis. Iste reiciendis sed consequuntur officiis. Expedita quae omnis aut quae labore. Qui molestias earum nihil repudiandae. Rerum sunt ipsa laudantium qui cumque corporis. Aut voluptatem ipsum suscipit eos. Sed nam et nihil facilis quibusdam. Eos qui quis placeat distinctio nisi et. Ut id et aut quibusdam beatae doloremque perspiciatis. Voluptatum officia corporis rem aspernatur soluta. Voluptatem architecto recusandae dolore ducimus officia explicabo. Quia et aperiam sed. Id qui sint ea asperiores et. Veritatis eaque aperiam quia dolorem et facilis. Ut sed voluptatum enim sed quibusdam. Sunt quasi ut est atque. Asperiores voluptate deleniti aperiam aliquid animi. Blanditiis ratione aspernatur tempora beatae. Dolor et aut omnis. Voluptas natus nemo ad consectetur itaque consequatur. Illo possimus commodi non ut molestias iusto possimus rerum. Et nulla saepe porro quo non. Et mollitia eligendi est minima repellat. In accusantium veritatis hic minus inventore ut labore aliquam. Sunt et porro sit. Dolorum autem nesciunt magni porro iste quibusdam ea.', 'a:7:{i:0;s:44:"Voluptatem impedit accusamus saepe odio eos.";i:1;s:61:"Modi eligendi magni laborum perferendis earum consequatur et.";i:2;s:33:"Temporibus error ea fuga aliquid.";i:3;s:47:"Voluptas iusto quidem adipisci sint voluptatem.";i:4;s:63:"Possimus consequuntur sapiente voluptates quia non ipsam dolor.";i:5;s:57:"Fuga voluptas nihil consequatur molestiae consequatur in.";i:6;s:20:"Quis magni ut vitae.";}', 59, 0, 3, 192.204615, 224.204615, NULL, NULL, NULL, 1332.00, 1, '2022-03-23 01:14:00', 1, 'natus-modi-qui-aut-cum', 'a:2:{i:0;i:22;i:1;i:30;}', 'Dolorum aspernatur nobis repellendus eveniet eaque aut qui.', 'Gryphon. \'Turn a somersault in the pool as it settled down again very sadly and quietly, and looked at Two. Two began in a low voice, to the tarts on the back. At last the Dodo could not join the.', 1, 1, NULL, '2022-03-13 01:14:30', '2022-03-20 01:14:30'),
	(14, 2, 'Eos aperiam est ab ut.', NULL, 47, 'Green, Stokes and Goyette', 4, 'ducimus', 'Used', 'Bill\'s got the other--Bill! fetch it back!\' \'And who is Dinah, if I like being that person, I\'ll come up: if not, I\'ll stay down here! It\'ll be no doubt that it is!\' As she said to the other was.', 'Cum quo provident et ut placeat dolore. Rem reiciendis pariatur temporibus sapiente veniam. Recusandae consequatur est iure molestiae. Facere aspernatur ipsum molestias est possimus ad autem. Nihil sunt maiores non eos. Quidem labore tenetur et. Ipsam quos amet consequatur earum suscipit dolorum natus. Eos molestiae voluptas consequuntur minima. Animi aut deleniti aliquid eius dolores fuga. Ut ex tempora deserunt corporis voluptatem harum. Sed ad consequatur velit laboriosam non. Magnam veritatis animi est dolore labore quo. Autem non aperiam dicta reiciendis. Voluptates eius vel id veniam sed et. Labore qui dolores asperiores incidunt suscipit impedit natus. Et vel vel ut itaque explicabo commodi. Nobis sint et et quo ut delectus. Ut cupiditate adipisci optio minima tempore qui totam. Autem quia pariatur labore pariatur consequatur. Et incidunt fugiat pariatur et nobis sit quasi. Qui pariatur dignissimos voluptate adipisci et eum repellat. Sint ad labore facere ipsum nam adipisci. Sit numquam id excepturi nulla impedit laborum ad. Dicta eveniet ex dolor impedit. Sequi quia magni reiciendis suscipit. Velit molestias numquam et quo aperiam labore facilis. Qui blanditiis alias aut est facere. Quaerat omnis id expedita nemo iusto voluptas atque. Ipsum asperiores velit amet aut corrupti. Reprehenderit ad delectus inventore sed ut.', 'a:7:{i:0;s:48:"Veniam dolorem qui quae vel quia necessitatibus.";i:1;s:55:"Laudantium ratione repellat eius laudantium qui non et.";i:2;s:39:"Ipsam et quia perspiciatis atque autem.";i:3;s:30:"At dolor voluptatem quae illo.";i:4;s:31:"Pariatur iste sunt soluta quis.";i:5;s:54:"Molestiae architecto quidem impedit sequi error et et.";i:6;s:57:"Odio rem nihil laboriosam nesciunt tempore explicabo eos.";}', 43, 0, 3, 193.696430, 318.696430, NULL, NULL, NULL, 898.00, 1, '2022-03-24 01:14:00', 1, 'quo-occaecati-cupiditate-eum-atque-ipsum-consequuntur-qui', 'a:2:{i:0;i:0;i:1;i:43;}', 'Nisi natus nisi nesciunt est ut perspiciatis.', 'Mouse had changed his mind, and was immediately suppressed by the whole court was in the chimney as she spoke. (The unfortunate little Bill had left off writing on his spectacles and looked at her.', 0, 1, NULL, '2022-03-21 01:14:30', '2022-03-17 01:14:30'),
	(15, 1, 'Aut non ducimus rerum asperiores ea iusto asperiores.', NULL, 31, 'Shanahan-Kiehn', 3, 'delectus', 'Refurbished', 'Cheshire Cat,\' said Alice: \'besides, that\'s not a moment that it might not escape again, and made a memorandum of the table, but there were a Duck and a fan! Quick, now!\' And Alice was thoroughly.', 'Et voluptatem voluptas excepturi facilis sit praesentium. Eaque deleniti sit quam esse dolor autem. Quas in autem atque quasi. Aut quibusdam sit accusantium tempora. Illum enim autem porro modi delectus maiores. Autem sint consectetur nobis similique id. Nulla eaque veritatis quidem molestiae velit quod qui. Blanditiis vel aspernatur itaque blanditiis qui facere. Quasi qui quis tempora vero. Eligendi dolor consequatur cupiditate tempora. Vero rerum natus odit iusto non. Enim suscipit molestiae rem. Ipsa nemo ut quod repellendus nostrum delectus. Alias maxime ut blanditiis aut ut rerum vel. Quisquam eaque fugiat nobis. Rerum assumenda rerum quia architecto recusandae quis amet. Nisi omnis aut illo laboriosam omnis dolores. Repudiandae corrupti fugit rerum rerum hic sapiente asperiores. Aspernatur praesentium omnis natus rem et. Reprehenderit enim ea qui laboriosam consequatur veniam et ut. Est minima quod rem molestiae delectus quos. Quaerat aut totam iure soluta earum ut incidunt. In fugiat voluptate suscipit. Adipisci ratione autem qui et aut facere. Occaecati sed commodi quo consequatur. Quos assumenda voluptates et tempore asperiores. Et dolor placeat autem voluptate. Animi in doloribus sed commodi ut sit laudantium. Quis hic fugiat voluptatem ipsum suscipit laboriosam. Sed ducimus culpa ipsum distinctio ipsa quos.', 'a:7:{i:0;s:75:"Necessitatibus nesciunt aspernatur sed distinctio fuga quis et consequatur.";i:1;s:33:"Ullam eum et occaecati libero ea.";i:2;s:40:"Unde eos natus ipsam alias ut sit ullam.";i:3;s:40:"Consequatur et tempora illo et non illo.";i:4;s:26:"Saepe quasi enim ut nulla.";i:5;s:57:"Eligendi qui officiis eaque unde consequatur esse dolore.";i:6;s:51:"Tenetur doloribus excepturi expedita voluptatem et.";}', 35, 0, 3, 85.962578, 174.962578, NULL, NULL, NULL, 864.00, 1, '2022-03-22 01:14:00', 1, 'modi-ullam-sequi-enim-explicabo-vitae-at', 'a:2:{i:0;i:3;i:1;i:23;}', 'Ea nam ducimus voluptatibus ut quia.', 'He was an old conger-eel, that used to queer things happening. While she was exactly one a-piece all round. (It was this last remark. \'Of course they were\', said the Mock Turtle; \'but it doesn\'t.', 0, 1, NULL, '2022-03-14 01:14:30', '2022-03-23 01:14:30'),
	(16, 4, 'Sit reprehenderit officiis nemo unde quo eius aut et.', NULL, 2, 'acme', 4, 'numquam', 'New', 'EVER happen in a very curious to see that the Mouse to Alice again. \'No, I give you fair warning,\' shouted the Queen. \'I never was so ordered about by mice and rabbits. I almost wish I could show.', 'Culpa placeat quisquam odio accusantium. Dicta quis dolorum laudantium est. Ut aliquam accusantium exercitationem et sint. Temporibus fuga et officiis tenetur corrupti minus dolorum. Eum ut eaque corporis aut. Ut ut perspiciatis dolore. Pariatur quia accusantium quia quidem omnis et ut. Nobis accusantium fugit est eligendi ea expedita magnam. Non quo sit eos culpa iusto. Tenetur non reprehenderit et perspiciatis qui unde architecto. Neque quidem quae ut debitis aliquid quae. Dicta placeat aut dolores omnis. Aut quidem corporis laborum est quia quis. Est rem occaecati dolorem non exercitationem quos consequatur. Rerum sed facere sit eum eius et ea officia. Consequatur voluptatem sequi ut ut laboriosam esse enim. Dolor enim exercitationem quas tempora. Eius numquam in rem rerum. Veniam ea ea aliquid aspernatur sunt corporis itaque. Quibusdam et officia dolorem sunt et cumque. Quis voluptas aut voluptates voluptatibus. Non est quidem et. Aliquam autem eos est adipisci. Ab ut rerum itaque vel. Minima incidunt impedit quis exercitationem qui. Officia sit ullam similique adipisci. Perferendis dignissimos omnis error nihil. Et repellat molestias magnam voluptas. Rerum dolorem sit enim a sed. Facere aut distinctio deserunt est nam cupiditate nihil. A odio fugit eum quam eum. Odio cupiditate amet alias nemo fugiat neque repellendus. Id perspiciatis magni quis incidunt ut debitis.', 'a:7:{i:0;s:62:"Quis similique perspiciatis incidunt voluptatem qui accusamus.";i:1;s:50:"Provident et occaecati dolorem magnam ad vel quia.";i:2;s:37:"Ut cum accusamus neque quis eligendi.";i:3;s:57:"Animi illo odio molestiae non repellendus est aspernatur.";i:4;s:30:"Hic quia rem officia sapiente.";i:5;s:60:"Pariatur voluptas praesentium quia explicabo est voluptatum.";i:6;s:67:"Nihil voluptatem facilis tempora harum maiores sit consequatur aut.";}', 58, 0, 3, 90.645144, 92.645144, 35.645144, '2022-03-25 01:14:00', '2022-04-10 01:14:00', 155.00, 0, '2022-03-22 01:14:00', 1, 'quis-quos-qui-molestiae-qui', 'a:2:{i:0;i:15;i:1;i:49;}', 'Est quod commodi quis veritatis qui qui.', 'Five! Always lay the blame on others!\' \'YOU\'D better not do that again!\' which produced another dead silence. \'It\'s a mineral, I THINK,\' said Alice. \'Exactly so,\' said Alice. \'That\'s the most.', 1, 1, NULL, '2022-03-25 01:14:30', '2022-03-25 01:14:30'),
	(17, 2, 'Nihil et tempora quis hic in.', NULL, 46, 'Green, Stokes and Goyette', 1, 'tempore', 'Used', 'Hatter went on in a low, hurried tone. He looked anxiously round, to make out what she was quite a conversation of it at all,\' said the Mock Turtle: \'nine the next, and so on.\' \'What a funny watch!\'.', 'Illum eveniet ullam illum perspiciatis non inventore. Temporibus adipisci delectus aut ut assumenda non maxime. Ad facilis nisi sint et voluptatibus occaecati ut aut. Nihil dolor rerum incidunt laudantium minus qui. Itaque ut sit totam dolor occaecati natus. Quia tempora aut magnam. Sint fuga et et omnis et ea. Facere hic accusantium aliquid et a numquam omnis quod. Unde ex magni consectetur voluptas. Ea et pariatur laboriosam similique sunt qui. Placeat alias officiis consequatur provident modi voluptates. Est sed harum modi et doloremque. Vel iste nobis earum non. Hic totam dolor molestias laborum officia est. Et aspernatur cupiditate sit vel est molestias iste. Corrupti sint cum cupiditate adipisci et eos ab expedita. Neque perferendis quis delectus odio. Voluptate cupiditate ut in eum rerum veniam. Voluptatibus occaecati nulla facere saepe doloremque est omnis. Dolorem dolor magnam dolorum nemo nihil. Praesentium quisquam laudantium vel tempore et rerum et. Sed quis deleniti optio aut blanditiis. Aut minus eos aut. Architecto corporis eum asperiores dolores unde id. Dolorem molestiae sapiente quibusdam. Id dolore qui dolorum id consequuntur enim. Delectus in et dolore. Molestiae voluptate rerum laboriosam dolor sed voluptatem repellendus. Qui enim beatae qui corrupti quisquam beatae magni. Sapiente laudantium dolor sapiente. Et quia itaque voluptatem corporis sunt fuga facilis ducimus.', 'a:7:{i:0;s:45:"Minus blanditiis eos ea natus voluptas minus.";i:1;s:53:"Sit omnis officia molestias autem soluta quasi earum.";i:2;s:50:"Iste qui quam vero excepturi molestiae voluptatem.";i:3;s:36:"Qui ducimus rerum et magnam aliquam.";i:4;s:71:"Consectetur id omnis corporis quasi inventore magnam fugiat doloremque.";i:5;s:50:"Odio fugit blanditiis mollitia aut architecto est.";i:6;s:33:"Consequatur labore officiis quae.";}', 52, 0, 3, 325.236614, 326.236614, NULL, NULL, NULL, 454.00, 1, '2022-03-24 01:14:00', 1, 'dolorem-distinctio-et-quidem-repellendus-eveniet-ut-qui', 'a:2:{i:0;i:36;i:1;i:48;}', 'Blanditiis itaque voluptas impedit qui.', 'Which shall sing?\' \'Oh, YOU sing,\' said the March Hare. The Hatter was the first position in dancing.\' Alice said; but was dreadfully puzzled by the hedge!\' then silence, and then keep tight hold of.', 1, 1, NULL, '2022-03-19 01:14:30', '2022-03-21 01:14:30'),
	(18, 2, 'Nulla id voluptates qui officiis suscipit molestiae autem.', NULL, 10, 'Bashirian-Kshlerin', 2, 'iure', 'Used', 'Alice. \'You must be,\' said the White Rabbit, \'and that\'s a fact.\' Alice did not notice this question, but hurriedly went on, \'that they\'d let Dinah stop in the kitchen. \'When I\'M a Duchess,\' she.', 'Dolor eum aut ducimus nihil esse officiis. Error sapiente sint velit facilis sapiente accusamus. Asperiores eum dolores incidunt eos labore et officiis aspernatur. Qui quod rerum omnis nemo qui nihil ea. Totam quas pariatur magni ut dolorum enim. Voluptate atque repudiandae nemo non sed rerum. Quidem optio tempore veritatis. Dolor debitis dicta quam qui. Ipsa illo totam voluptatem maiores voluptatem ipsum qui. Deserunt fuga inventore qui sint quasi voluptas. Et quae nesciunt eos non vel cumque. Et occaecati sapiente neque enim dolorem rem magnam. Expedita vitae cumque ducimus consequuntur dolorum autem nam labore. In voluptatem id placeat in ipsam. Commodi officiis excepturi amet laboriosam. Magnam recusandae repellendus deserunt expedita pariatur deleniti. Distinctio consequatur ipsa ut nemo aliquam ipsa aut. Incidunt labore dolor illum nihil nobis. Natus optio quod porro ut alias rerum. Blanditiis rerum consequatur magnam alias doloribus similique nihil. Sunt ut culpa aut incidunt at ipsum hic non. Repudiandae necessitatibus asperiores sapiente cumque. Architecto tempore enim quas dolorum blanditiis nihil voluptatum. Voluptatem enim deleniti deserunt iusto totam animi. Consequatur odio doloremque iure exercitationem aut dolorem delectus. Quam nihil aliquam est eaque sed cumque. Velit cupiditate corporis explicabo repellat commodi. Autem ipsum et beatae quis quaerat. Ut et qui iure est necessitatibus.', 'a:7:{i:0;s:44:"Sit et blanditiis dolores quia doloribus ut.";i:1;s:53:"Sed veniam distinctio voluptas et nobis incidunt qui.";i:2;s:32:"Aut eum dolorem id molestiae ut.";i:3;s:62:"Asperiores aut placeat velit voluptatem velit rerum voluptate.";i:4;s:28:"Rerum sequi et ratione quis.";i:5;s:55:"Libero facilis reprehenderit omnis perferendis tempore.";i:6;s:38:"At pariatur non quisquam dolores esse.";}', 35, 0, 3, 393.272900, 547.272900, 508.272900, '2022-03-25 01:14:00', '2022-04-07 01:14:00', 106.00, 1, '2022-03-23 01:14:00', 1, 'cupiditate-qui-distinctio-ut-eligendi', 'a:3:{i:0;i:23;i:1;i:35;i:2;i:42;}', 'Modi vero deleniti similique error.', 'Cheshire cat,\' said the Mock Turtle with a bound into the loveliest garden you ever eat a bat?\' when suddenly, thump! thump! down she came rather late, and the whole pack rose up into a small.', 1, 1, NULL, '2022-03-15 01:14:30', '2022-03-24 01:14:30'),
	(19, 1, 'Dolore veritatis omnis autem itaque.', NULL, 18, 'Kassulke, Legros and Roob', 2, 'necessitatibus', 'Refurbished', 'Gryphon said, in a large cauldron which seemed to be lost: away went Alice after it, and finding it very hard indeed to make SOME change in my kitchen AT ALL. Soup does very well to say which), and.', 'Dicta et dicta quae ipsam neque non. Suscipit quasi amet praesentium. Doloribus voluptatum voluptatem iusto pariatur. Omnis fugit quis provident ullam repellendus. Aut eaque sapiente nobis velit non. Fuga eos a libero asperiores optio ad. Ut cum sunt aliquid nobis. Beatae nulla doloribus modi voluptatum. Omnis sed mollitia aliquid nihil consequatur. Voluptatem accusantium velit et quia. Soluta molestiae debitis et ratione voluptas libero autem. Occaecati magni eveniet atque hic quia qui. Enim natus similique ex soluta voluptas ullam reiciendis repudiandae. Id qui veritatis non totam tempore. Qui sapiente eligendi aperiam suscipit sit quasi. Sed et dolores est totam dolores earum voluptatem. Deleniti consequatur veniam porro voluptatibus tempora quasi necessitatibus et. Natus nesciunt autem aliquid laboriosam. Quibusdam ea in et et soluta dolores. Iure ex amet eius voluptas nisi ut occaecati. Voluptatum debitis illo eum aperiam asperiores quo veniam quas. Quibusdam aliquam minus veniam ullam aspernatur quae id omnis. Dolor iure quae architecto rerum. Voluptatibus ducimus recusandae voluptates cum tempore dolor sed eos. Qui rerum magni dolores praesentium cumque nulla soluta. Quo et vitae dolorum quae dolorem qui ex praesentium. Et sint ut qui hic. Earum mollitia voluptatem distinctio consectetur eum architecto. Consequuntur rerum omnis nemo odio.', 'a:7:{i:0;s:60:"Facilis cumque sequi perspiciatis quod qui ipsa aliquid eos.";i:1;s:35:"In voluptate porro eum dicta harum.";i:2;s:58:"Eos assumenda reprehenderit cum est nesciunt molestiae ea.";i:3;s:46:"Quo nemo natus in quod provident eligendi eum.";i:4;s:36:"Fuga dolor perferendis aut nobis et.";i:5;s:46:"Ducimus eos et dolorum vitae vitae cupiditate.";i:6;s:63:"Sint laborum dignissimos voluptatem magnam est optio molestiae.";}', 62, 0, 3, 121.690767, 204.690767, 99.690767, '2022-03-25 01:14:00', '2022-04-06 01:14:00', 1518.00, 1, '2022-03-22 01:14:00', 1, 'ut-ipsum-soluta-minima-unde-commodi-dolorem-ab', 'a:2:{i:0;i:14;i:1;i:28;}', 'Delectus magni et sit odit.', 'I can\'t get out again. That\'s all.\' \'Thank you,\' said Alice, \'we learned French and music.\' \'And washing?\' said the Mock Turtle at last, with a yelp of delight, which changed into alarm in another.', 0, 1, NULL, '2022-03-11 01:14:30', '2022-03-22 01:14:30'),
	(20, 5, 'Deleniti ad ab nulla consequuntur unde rerum.', NULL, 36, 'Green, Stokes and Goyette', 2, 'nihil', 'Refurbished', 'Dinah, tell me who YOU are, first.\' \'Why?\' said the Caterpillar. Alice folded her hands, wondering if anything would EVER happen in a very interesting dance to watch,\' said Alice, \'a great girl like.', 'Nulla magnam velit ipsam asperiores. Explicabo quia exercitationem est rerum illum. Aut harum nihil est. Fugiat natus nostrum doloribus non. Et ut aliquam consequatur. Odit deleniti et similique quia qui. Omnis omnis nostrum sapiente quod debitis fugiat. Molestiae in voluptatum autem laborum asperiores. Et aut id modi quibusdam est. Dolor velit qui aut quisquam cupiditate. Placeat cum deserunt quos sequi et rerum aut. Quam ducimus nulla molestiae quam. Vitae magnam assumenda adipisci explicabo. Provident quo perferendis ad nostrum. Delectus hic dolorem optio sed et ullam. Facilis laborum adipisci fugiat labore. Iste reprehenderit ea eligendi sed ratione qui quidem accusamus. A quos voluptatum voluptatem neque. Consectetur odit voluptatem voluptatem. Accusamus provident quia sed repellendus. Non omnis saepe harum recusandae et minus nisi. Veritatis est est est laborum qui qui quia. Quia laboriosam qui ex occaecati architecto. Et rerum recusandae nesciunt aperiam. Aspernatur pariatur debitis sed. Autem debitis est autem rerum libero vel. Aliquid eveniet aliquam aut tenetur eveniet dolorum ab. Fugit fuga hic sint expedita. Repellendus dignissimos nemo repudiandae est sed. Aut consequuntur ex aut itaque. Cumque consectetur cumque sapiente laboriosam. Quia ut nesciunt aut et velit rerum saepe. A et in assumenda. Voluptatem voluptates atque modi saepe quia quis nulla. Velit qui optio fuga esse quibusdam et ab. Quas consequatur sint quis natus eum numquam.', 'a:7:{i:0;s:45:"Expedita est ipsam nulla quo nam maxime unde.";i:1;s:52:"Cupiditate a porro eaque voluptatibus sit sed ullam.";i:2;s:37:"Est voluptate perspiciatis eos earum.";i:3;s:41:"Dolores et natus iure numquam aperiam in.";i:4;s:37:"Quia et veniam in distinctio laborum.";i:5;s:51:"Et laudantium illo quibusdam placeat deserunt ipsa.";i:6;s:40:"Dignissimos dolor animi dolor doloribus.";}', 23, 0, 3, 246.400000, 311.400000, NULL, NULL, NULL, 798.00, 0, '2022-03-23 01:14:00', 1, 'quo-excepturi-exercitationem-impedit-ad-cupiditate-at-et-suscipit', 'a:3:{i:0;i:1;i:1;i:34;i:2;i:43;}', 'Magnam quos et totam est.', 'I\'m not myself, you see.\' \'I don\'t think they play at all a proper way of keeping up the little golden key, and unlocking the door of which was a large caterpillar, that was lying under the table.', 0, 1, NULL, '2022-03-14 01:14:30', '2022-03-17 01:14:30'),
	(21, 3, 'Est exercitationem dolores et qui.', NULL, 17, 'Gleichner-Doyle', 3, 'quibusdam', 'New', 'Alice, \'but I haven\'t had a pencil that squeaked. This of course, I meant,\' the King sharply. \'Do you know about it, you know.\' \'And what are YOUR shoes done with?\' said the Hatter, \'I cut some more.', 'Maxime eos pariatur modi aut saepe dolor porro. Laborum temporibus voluptatum voluptatem eos numquam blanditiis. Nesciunt fugiat et placeat molestiae consequatur accusantium. Et explicabo quis non. Quis eos molestiae in. Quo optio hic illo voluptatem consectetur. Consequuntur delectus eum earum deserunt accusantium magni. Debitis eum cumque ea. Qui voluptatem quia esse sit placeat est quam nam. Occaecati nobis laboriosam deserunt quasi eligendi omnis consequatur. Quas nulla fuga dignissimos alias. Cum reiciendis quas cupiditate qui odio non. Enim voluptatem culpa consequatur. Eius et omnis nihil nihil possimus vel. Dolores qui nesciunt consequatur est pariatur. Ut beatae molestiae sunt placeat. Quia consequuntur autem architecto excepturi non. Voluptas repudiandae ea vel quidem molestias aut. Ut minima corporis velit nobis quia nisi. Quibusdam dolores laboriosam quis alias. Nemo modi totam debitis. Expedita rerum aut in dolore quaerat nihil fugit. Reiciendis ut et ratione quasi et deserunt. Qui eos blanditiis delectus vel expedita vitae. Quisquam est eum quos sed et iusto. Ratione qui et excepturi. Consectetur quae id reprehenderit velit officia. Consequatur ut fugiat nam fugit placeat sequi. Et vero a qui et sint. Ad illo consequatur illo dolor ea quasi porro. Optio aut quam eum ex praesentium sapiente. Nemo nobis blanditiis eos sapiente eum.', 'a:7:{i:0;s:58:"Consequatur placeat voluptas aperiam id adipisci delectus.";i:1;s:70:"Qui dolore dolor aspernatur adipisci consequatur laboriosam molestiae.";i:2;s:45:"Saepe ut quae dolorum accusantium id officia.";i:3;s:42:"Consectetur quaerat tempore nobis ut nemo.";i:4;s:73:"Nesciunt occaecati tempora soluta voluptate sint consequuntur doloremque.";i:5;s:62:"Impedit omnis dolores hic est quas inventore rerum blanditiis.";i:6;s:63:"Sequi est consequatur voluptas ipsa ut delectus voluptas ipsam.";}', 81, 0, 3, 236.000000, 431.000000, NULL, NULL, NULL, 1941.00, 0, '2022-03-24 01:14:00', 1, 'explicabo-id-doloremque-magni-quae-quam-numquam', 'a:3:{i:0;i:7;i:1;i:33;i:2;i:45;}', 'Nobis consequatur molestiae quia.', 'I hadn\'t mentioned Dinah!\' she said to the Hatter. \'Nor I,\' said the Gryphon hastily. \'Go on with the bones and the words \'EAT ME\' were beautifully marked in currants. \'Well, I\'ll eat it,\' said.', 1, 1, NULL, '2022-03-15 01:14:30', '2022-03-11 01:14:30'),
	(22, 3, 'Fuga assumenda aut doloribus rerum laborum debitis eos cupiditate.', NULL, 45, 'Lemke-Feest', 2, 'autem', 'New', 'Caterpillar. This was quite pale (with passion, Alice thought), and it was written to nobody, which isn\'t usual, you know.\' \'Not at first, the two creatures, who had meanwhile been examining the.', 'Recusandae non doloremque et exercitationem suscipit. Et ipsum culpa nesciunt neque. Molestiae sit ad sint quod quam quae maiores est. Unde laboriosam ut voluptatem accusantium voluptate. Quia voluptatum saepe perferendis cum adipisci. Eos dolores sed ut consequatur mollitia voluptates. Et rerum repellendus omnis culpa maxime suscipit. Molestiae exercitationem deserunt odio hic expedita facilis. Et voluptas consectetur mollitia ut est. Consequatur dolor tempore qui officiis sit rerum ex et. Soluta eligendi iusto libero quis nobis dolorem. Sit molestiae sint et iure quae. Ex omnis laborum eaque illo quis esse autem. Perferendis quibusdam voluptatibus illo. Repellat similique et architecto non error magnam. Molestiae repellat sapiente reiciendis vel voluptate. Consequatur voluptatibus ut sint alias harum. Ducimus in nam vel id unde aperiam. Laboriosam laboriosam ipsum voluptate eligendi nihil. Autem dicta aut placeat voluptatem accusamus et tenetur. Explicabo sunt qui ipsam quos optio tempore quibusdam quaerat. Sequi quis id magni quod sit. Commodi reprehenderit reiciendis similique praesentium libero et est. Non sed neque rem laudantium autem. Optio voluptate voluptate est perspiciatis qui rem. Quis quidem temporibus non quam at aliquid neque rerum. Ut cupiditate aut non necessitatibus eos omnis est ducimus. Distinctio et rerum consequatur expedita voluptas earum.', 'a:7:{i:0;s:51:"Quae corrupti autem qui est iusto debitis corporis.";i:1;s:30:"Magni ea eos perspiciatis sit.";i:2;s:50:"Repellat architecto sed et unde eos quaerat nulla.";i:3;s:27:"Amet accusantium sed dolor.";i:4;s:46:"Veniam aperiam accusamus voluptas nesciunt id.";i:5;s:50:"Voluptates ratione assumenda ducimus aut suscipit.";i:6;s:34:"Quo ratione qui accusamus facilis.";}', 85, 0, 3, 323.211800, 367.211800, 143.211800, '2022-03-25 01:14:00', '2022-04-08 01:14:00', 1076.00, 1, '2022-03-24 01:14:00', 1, 'facilis-assumenda-ut-fugit-voluptatem-eum-est', 'a:2:{i:0;i:32;i:1;i:38;}', 'Nam itaque consequuntur sunt quibusdam.', 'Hatter, \'I cut some more tea,\' the March Hare. \'I didn\'t write it, and kept doubling itself up very sulkily and crossed over to the fifth bend, I think?\' \'I had NOT!\' cried the Gryphon, \'you first.', 1, 1, NULL, '2022-03-11 01:14:30', '2022-03-12 01:14:30'),
	(23, 5, 'Molestiae rem sint itaque hic adipisci.', NULL, 48, 'Lemke-Feest', 4, 'suscipit', 'New', 'Distraction, Uglification, and Derision.\' \'I never went to work throwing everything within her reach at the bottom of a tree. \'Did you say "What a pity!"?\' the Rabbit in a loud, indignant voice, but.', 'Veritatis architecto ut itaque fuga voluptas. Ipsum sint doloribus dolor vel eaque velit labore molestias. Ipsam delectus in ut quidem. Ut odit suscipit quia et voluptas nihil. Nesciunt laudantium ipsum veritatis ex sed nam commodi. Repudiandae minima necessitatibus eveniet corrupti. Exercitationem quis et aut omnis. Rerum ut nisi illo quisquam culpa beatae dolor. Nostrum quas consequatur aut ratione fugiat voluptate quia nisi. Ab autem sapiente eos repudiandae ut fuga nostrum non. Et iste quasi quidem eum est voluptates aliquid. Quia adipisci non eaque ut et quae praesentium. Iste dolorem eveniet vel cupiditate. Odio et est voluptatum architecto libero adipisci alias. Id adipisci in deleniti accusantium magni. Numquam et ex recusandae quod. Qui numquam sed aperiam quia esse. Quae unde reprehenderit quibusdam quia maiores fuga omnis. Repudiandae est enim laudantium officiis et omnis. Sed culpa asperiores iure voluptates enim corrupti. Non assumenda quae similique laudantium qui libero voluptas quidem. Et sunt quis labore debitis dolorem temporibus qui est. Est enim et nostrum possimus voluptas. Hic rem id architecto dicta soluta. Recusandae dignissimos cumque quia repudiandae et quis. Aut consequatur consequatur delectus sed in quia. Aspernatur odit quibusdam ducimus. Eum doloremque animi laboriosam autem officia minima omnis. Adipisci quo eligendi ducimus quam eos.', 'a:7:{i:0;s:58:"Cupiditate est tempora dolores voluptate perspiciatis qui.";i:1;s:45:"Et veniam illo in et quo asperiores ea vitae.";i:2;s:42:"Rerum nulla accusamus minima veniam atque.";i:3;s:57:"Quia aperiam dolores et dicta cupiditate molestiae nihil.";i:4;s:24:"Ut voluptatem quia nisi.";i:5;s:56:"Molestiae illum beatae repellendus aut nihil dicta odit.";i:6;s:39:"Consequatur quos aut eligendi possimus.";}', 18, 0, 3, 378.000000, 422.000000, NULL, NULL, NULL, 1237.00, 1, '2022-03-22 01:14:00', 1, 'voluptas-sit-perferendis-perspiciatis', 'a:2:{i:0;i:34;i:1;i:35;}', 'Debitis velit qui exercitationem libero ipsam quis ullam.', 'Hatter hurriedly left the court, \'Bring me the list of singers. \'You may go,\' said the Dormouse, after thinking a minute or two she stood still where she was saying, and the words a little, and then.', 1, 1, NULL, '2022-03-10 01:14:30', '2022-03-13 01:14:30'),
	(24, 2, 'Accusamus totam voluptate est recusandae magnam.', NULL, 49, 'Bashirian-Kshlerin', 1, 'ad', 'Refurbished', 'The Frog-Footman repeated, in the middle, wondering how she would gather about her pet: \'Dinah\'s our cat. And she\'s such a neck as that! No, no! You\'re a serpent; and there\'s no room to open her.', 'Aut non atque suscipit et facilis alias qui. Asperiores minima ut sit atque omnis aliquam. Voluptas ipsam ab earum eum unde ullam. Voluptas cupiditate dolores adipisci iste quaerat. Dolorum beatae a qui quae molestias quae repellendus dicta. Sit ut consequatur atque. In omnis pariatur et quis. Iusto dolor eius deserunt neque pariatur. Quidem corporis eum architecto molestiae corporis omnis. Quisquam quos porro similique eum quod eius ipsam explicabo. Est adipisci qui ex consequatur. Vel fuga possimus doloremque aperiam iusto. Ab ratione repellendus et rerum laboriosam ut. Quasi eum numquam nihil in exercitationem. Atque at ex autem. Omnis maxime architecto totam omnis. Cumque voluptatibus aut delectus ea dolores quas. Repellendus modi autem corrupti earum. Impedit maxime ut dicta reiciendis voluptas tempora facere voluptas. Modi sit autem ad inventore eaque non. Impedit accusantium iste veritatis dolorem sit. Ut numquam soluta nisi voluptatibus voluptatem ratione. Nobis eum qui ab veniam. Explicabo quasi modi assumenda architecto ipsam non. Vitae officiis perspiciatis quibusdam et aut labore ut. Atque delectus fuga in sint laborum aspernatur. Aut occaecati sequi animi harum. Magni quidem necessitatibus ea accusamus dolorem incidunt natus. Expedita quae laudantium iure accusantium. Repellat eos nam quia at earum et sit odit. Ut expedita unde facilis perspiciatis eum perferendis deleniti tempore.', 'a:7:{i:0;s:42:"Et reiciendis porro in quo earum ab quasi.";i:1;s:52:"Inventore nihil aut ratione necessitatibus et dolor.";i:2;s:51:"Animi voluptatum placeat nam laboriosam quia nihil.";i:3;s:43:"Saepe itaque voluptatem et sit maxime quia.";i:4;s:40:"Et voluptas necessitatibus saepe fugiat.";i:5;s:61:"Architecto rerum atque quo labore repellat sapiente pariatur.";i:6;s:49:"Ipsa vero ullam aut dolore aperiam beatae quo ad.";}', 81, 0, 3, 242.716200, 309.716200, NULL, NULL, NULL, 1962.00, 0, '2022-03-24 01:14:00', 1, 'consequatur-dolorem-aut-aspernatur-quo-nisi', 'a:3:{i:0;i:4;i:1;i:20;i:2;i:32;}', 'Natus quia atque assumenda fugit facere corrupti.', 'Lizard, who seemed too much of a water-well,\' said the King. \'I can\'t remember things as I get it home?\' when it saw mine coming!\' \'How do you know about this business?\' the King had said that day.', 0, 1, NULL, '2022-03-18 01:14:30', '2022-03-14 01:14:30'),
	(25, 3, 'Ea quo cum quis id totam officiis.', NULL, 47, 'Lemke-Feest', 4, 'qui', 'New', 'Mock Turtle: \'nine the next, and so on.\' \'What a curious croquet-ground in her haste, she had been (Before she had looked under it, and then a voice outside, and stopped to listen. The Fish-Footman.', 'Dolor sint maiores ut voluptate dolore labore. Ipsa mollitia reiciendis deleniti voluptatem est. Culpa et itaque quidem dolorem. Dolorum voluptatibus eius iste ex aut. Veniam qui saepe quo blanditiis. Dignissimos cumque et commodi iusto. Reiciendis sed enim optio quo error sit. Expedita voluptate soluta repellat illo. Eveniet iste magnam error laudantium quia aut. Aut modi velit facilis voluptates ullam et odio deleniti. Laborum ut modi in quaerat facilis nam. Libero temporibus ea iusto voluptatem facere. Est unde nihil et nisi distinctio sed explicabo. Omnis distinctio dolore asperiores provident et quo id maxime. Animi ut beatae quis laborum. Esse aut quo id aut et quisquam excepturi aspernatur. Numquam praesentium dolorum est molestiae. Repellat dolorem amet sed. Quibusdam dolores labore aut dignissimos ut dolores natus exercitationem. Repellendus fuga rerum est. Est expedita qui dolorum ipsam iure. Aut id cumque officia ea consequuntur voluptas qui. Dolore voluptatem dolores est sunt. Aut recusandae ratione ad cupiditate cumque laboriosam eveniet. Minima nisi eveniet sunt. Dolorem ipsum et sapiente quae ex perspiciatis quo. Est hic perferendis illo suscipit nihil et soluta. Dolores repellendus enim mollitia eum illo at suscipit. Dolore consequatur error quas doloribus maxime. Minus nihil voluptatem in eos voluptas in. Odio quia quos totam exercitationem et unde ipsa dignissimos.', 'a:7:{i:0;s:41:"Consequuntur quia nemo at pariatur totam.";i:1;s:50:"Qui deserunt expedita similique adipisci mollitia.";i:2;s:27:"Dolor fugiat natus aliquid.";i:3;s:45:"Eum nobis asperiores et fugiat minima veniam.";i:4;s:50:"Atque molestiae recusandae qui cumque accusantium.";i:5;s:34:"Laudantium quia et exercitationem.";i:6;s:35:"Et incidunt et ipsum illo et harum.";}', 49, 0, 3, 199.335030, 241.335030, 45.335030, '2022-03-25 01:14:00', '2022-04-16 01:14:00', 1005.00, 1, '2022-03-23 01:14:00', 1, 'eius-ipsum-pariatur-eaque-dolores-est-nihil', 'a:3:{i:0;i:3;i:1;i:10;i:2;i:41;}', 'Quia recusandae voluptate qui ipsa quia iusto.', 'I\'m a deal too far off to the end: then stop.\' These were the cook, to see you again, you dear old thing!\' said the Duchess. An invitation from the time she heard a little way off, panting, with its.', 1, 1, NULL, '2022-03-23 01:14:30', '2022-03-18 01:14:30'),
	(26, 2, 'Iste aliquam dolores dolores est.', NULL, 16, 'Gleichner-Doyle', 3, 'sit', 'Refurbished', 'Writhing, of course, to begin with,\' the Mock Turtle, who looked at it gloomily: then he dipped it into his cup of tea, and looked along the course, here and there. There was a real nose; also its.', 'Quasi dolores aut sint eligendi recusandae. Error sequi voluptatem dolores sint dolor. Molestiae a dolorem officiis ut repudiandae. Nemo aut tenetur velit in. Similique delectus et qui odit commodi dolores ut ducimus. Odit aut quis velit officia non provident. Quam sed qui quidem harum laudantium officia non maxime. Unde sit et dolore sit. In est rerum laboriosam. Veritatis aliquid odio quia. Quasi cum ut quia sint blanditiis. Eos voluptatem esse recusandae eos qui libero. Quia sunt ut sit eum. Blanditiis labore totam pariatur enim. Dolores quae sed aliquid tenetur et. Doloribus odit autem iusto sint. Commodi accusamus iure neque rem est. Sit facilis ad est cupiditate rem itaque dolorum. Illo dicta tenetur aut voluptates. Minima et placeat placeat possimus laudantium non id. Ipsa et unde possimus voluptate. Sapiente corrupti occaecati est sed quis. Natus nam laborum at ea sed id minus qui. Enim corporis odio architecto aspernatur vel qui. Sapiente sunt perferendis ducimus fugiat asperiores sapiente. Recusandae qui dolorem fugit doloremque ut accusantium. Et ea amet rerum dolorum aspernatur consequuntur. Minus rem corporis expedita sequi enim iusto labore. Blanditiis tempora sit saepe commodi voluptatem. Voluptas quia velit saepe tenetur. Omnis non aliquam eum nisi vel vitae. Recusandae et voluptatum quod ipsum alias impedit. Dignissimos et perferendis asperiores magni hic. Blanditiis architecto alias sint. Et illum perspiciatis error illum non et.', 'a:7:{i:0;s:47:"Omnis amet veritatis dicta consectetur officia.";i:1;s:36:"Et non ut alias autem facere itaque.";i:2;s:48:"Nihil veritatis consequatur facere labore autem.";i:3;s:45:"Eos adipisci laborum dolorem nihil vero sunt.";i:4;s:50:"Est dignissimos qui quas eius iusto ducimus nihil.";i:5;s:70:"Consequatur voluptatum quas et mollitia officiis et inventore ratione.";i:6;s:53:"Corporis deserunt vitae ea quae nobis omnis deserunt.";}', 79, 0, 3, 69.699763, 210.699763, NULL, NULL, NULL, 1573.00, 0, '2022-03-24 01:14:00', 1, 'vel-ut-quia-voluptatem-occaecati-et-incidunt-enim', 'a:3:{i:0;i:4;i:1;i:39;i:2;i:45;}', 'Ut occaecati exercitationem aut qui quam architecto quam voluptatem.', 'Alice hastily; \'but I\'m not myself, you see.\' \'I don\'t see,\' said the Caterpillar called after her. \'I\'ve something important to say!\' This sounded promising, certainly: Alice turned and came back.', 0, 1, NULL, '2022-03-21 01:14:30', '2022-03-17 01:14:30'),
	(27, 3, 'Consequuntur vel adipisci labore et maiores.', NULL, 37, 'Bartell LLC', 2, 'molestias', 'Used', 'Rabbit angrily. \'Here! Come and help me out of the house before she came suddenly upon an open place, with a large plate came skimming out, straight at the Cat\'s head began fading away the moment.', 'Laborum ea accusantium magni velit ut voluptatum placeat. Voluptatem aut eaque dolorem occaecati. Aut praesentium ut illum quia dolorum non sed. Recusandae dolorem vitae veniam ducimus similique. Sed officia eius consequuntur voluptatum voluptas dolorem ipsum. Non consequatur nemo officiis atque aut exercitationem qui. Aut nesciunt maiores ut et velit aut. Facere voluptatibus vitae aut. Aperiam quae quo repellat qui. Quidem cumque minima autem. Qui laborum earum dicta molestiae suscipit aut. Sit maxime recusandae velit est minus dolores. Consequatur ipsa nulla sequi tempore maxime omnis beatae. Omnis dolores et debitis neque voluptates. Qui ipsa ipsum minus unde dolorum excepturi. Aliquid eius aut doloremque rerum est est est vel. Distinctio et eos veritatis autem. Alias et perspiciatis aut id hic consequatur. Consequatur id eius beatae hic. Laudantium vel quia omnis cupiditate rerum qui id culpa. Non mollitia non accusantium reprehenderit sunt repellat. Fugiat minus eligendi minus harum harum quam fuga. Est autem quis laboriosam facilis accusamus. Voluptatibus accusantium dolorem velit suscipit. Laboriosam delectus pariatur officia assumenda. Laborum quis qui necessitatibus tenetur doloremque consequatur. Cum aut dolorum illo aperiam facere quibusdam aperiam reiciendis. Voluptate at consequatur consequatur. Quos possimus consequatur odit quidem perferendis. Ex commodi suscipit laudantium dolore fugit. Est est minus eos quo deserunt sint occaecati.', 'a:7:{i:0;s:42:"Ut voluptatem temporibus dolore voluptate.";i:1;s:61:"Voluptas dolores et soluta placeat perspiciatis aut deleniti.";i:2;s:22:"Nam esse ab sed nihil.";i:3;s:38:"Dolores at eum et nostrum consequatur.";i:4;s:57:"Nihil ipsam dignissimos ipsa deleniti repellat velit aut.";i:5;s:43:"Sapiente commodi totam earum quia iusto ut.";i:6;s:49:"Non culpa non vel enim ipsum dignissimos dolorum.";}', 21, 0, 3, 143.538454, 294.538454, NULL, NULL, NULL, 230.00, 0, '2022-03-22 01:14:00', 1, 'voluptatem-magni-maxime-qui-non-rerum-nobis-dolorem', 'a:2:{i:0;i:8;i:1;i:41;}', 'Vel eveniet facilis et.', 'Was kindly permitted to pocket the spoon: While the Owl had the dish as its share of the Mock Turtle said: \'no wise fish would go round and swam slowly back to finish his story. CHAPTER IV. The.', 1, 1, NULL, '2022-03-23 01:14:30', '2022-03-19 01:14:30'),
	(28, 2, 'Esse quos commodi et autem.', NULL, 46, 'Lemke-Feest', 3, 'nihil', 'Refurbished', 'My notion was that she was talking. \'How CAN I have dropped them, I wonder?\' And here poor Alice began to tremble. Alice looked very uncomfortable. The moment Alice appeared, she was as long as you.', 'Provident ad aut odio culpa voluptatum reprehenderit. Et autem dignissimos hic ea veniam. Aut delectus ullam reiciendis amet suscipit ut illum. Error laborum omnis et magni unde et unde. Sequi exercitationem eveniet numquam delectus cupiditate. Libero odio voluptatem distinctio ullam quo eum maxime. Laboriosam aperiam quas et qui dignissimos voluptas ullam. Quos recusandae a sequi dolorem sint laboriosam voluptate. Nihil tempore voluptatem sed veniam nam officia quo. Molestiae corrupti a et sed velit dolore. Repellat voluptatem nam non fuga odio. Est pariatur ut at est. Dolores illo qui quia quam cupiditate. Ut dolor mollitia temporibus possimus explicabo. Necessitatibus aperiam vel est sit. Esse qui iste omnis occaecati dolor. Quia sed quia quos incidunt asperiores. Quia unde ut illo autem id. Sapiente similique minima quia doloribus modi odit dolores sed. Perferendis fugit assumenda cupiditate eos magnam. Quaerat dolore rerum quia delectus voluptatem libero. Sequi laboriosam hic eos aliquid omnis ut eos. Quam autem est aperiam aliquam et ratione. Sunt cum consequatur consequatur eligendi tempore nisi culpa cupiditate. Dolorem quibusdam voluptas impedit omnis nostrum atque. Non voluptas impedit vel dolorum. Optio veniam enim quaerat culpa libero. Harum enim omnis dolor explicabo molestiae sequi. Id non autem non culpa itaque magni mollitia. Provident eum quisquam dignissimos voluptatum corporis.', 'a:7:{i:0;s:33:"Nisi autem sed temporibus ea sed.";i:1;s:39:"Sit quia impedit quas veniam fugit qui.";i:2;s:45:"Qui nostrum eum sint at quibusdam ut dolores.";i:3;s:51:"Illum veniam eos voluptatum vitae mollitia commodi.";i:4;s:26:"Est sunt iure itaque iste.";i:5;s:40:"Aut ab qui sequi eos est necessitatibus.";i:6;s:35:"Eos ea ea consequuntur eum dolorum.";}', 20, 0, 3, 369.016125, 422.016125, 254.016125, '2022-03-25 01:14:00', '2022-04-15 01:14:00', 1958.00, 1, '2022-03-23 01:14:00', 1, 'itaque-et-nulla-perspiciatis-similique-tempore-dolores', 'a:2:{i:0;i:0;i:1;i:33;}', 'Est velit officia consectetur veniam necessitatibus sint et aut.', 'Come on!\' So they got their tails in their mouths--and they\'re all over with William the Conqueror.\' (For, with all speed back to the Mock Turtle went on. Her listeners were perfectly quiet till she.', 0, 1, NULL, '2022-03-17 01:14:30', '2022-03-19 01:14:30'),
	(29, 2, 'Aut vel at blanditiis earum.', NULL, 35, 'Kassulke, Legros and Roob', 2, 'facere', 'New', 'Queen in a wondering tone. \'Why, what a delightful thing a Lobster Quadrille is!\' \'No, indeed,\' said Alice. \'Oh, don\'t bother ME,\' said Alice in a minute. Alice began to repeat it, when a sharp hiss.', 'Perferendis sint quis voluptas accusamus asperiores placeat voluptatem. Ab laboriosam sunt atque sed consequuntur labore. Pariatur neque eos iusto aut et impedit. Mollitia mollitia error earum non nisi et voluptatem. Reprehenderit numquam eius quisquam temporibus unde sunt. Ipsa velit beatae necessitatibus doloribus. Deleniti blanditiis necessitatibus ut eum provident modi fuga. Esse non tempora veniam architecto. Dolor iure quia aut. Excepturi sequi quo sapiente consequatur. Omnis aut sunt odit eveniet. Ut sit fuga deleniti iure est tempore veritatis. Possimus ut autem excepturi aut dignissimos voluptatem. Similique necessitatibus qui deserunt cumque numquam. Quibusdam autem consectetur iusto. Cum rerum voluptates ea culpa eveniet. Est illo nobis nesciunt. Quaerat autem libero minus eligendi. Cum aperiam qui laudantium. Ducimus et qui voluptatem. Omnis totam et in itaque. Architecto dicta et maxime facilis harum. Itaque velit quis impedit ut. Tenetur dolores laboriosam est qui quibusdam distinctio sed. Quia sint cupiditate quaerat sit quaerat consectetur. In cum est quae aut. Quas cum et autem maxime provident voluptatem nam aut. In saepe odio magni eligendi aut. Repellat optio hic voluptatem voluptas cum ut. Placeat ut et velit et. Qui in iusto odio commodi ut eius velit. Aliquam blanditiis ratione dolor temporibus et. Ex cumque sit reiciendis.', 'a:7:{i:0;s:45:"Architecto dolore aliquid quia vitae omnis a.";i:1;s:35:"Unde nesciunt repellat nam debitis.";i:2;s:49:"Quo expedita libero expedita consequatur aut sit.";i:3;s:47:"Eum et atque corporis beatae sit ab sed facere.";i:4;s:48:"Officia et magni pariatur odit consequatur nemo.";i:5;s:30:"Odio sed dolore eligendi quam.";i:6;s:38:"Omnis magnam quibusdam et et sapiente.";}', 31, 0, 3, 160.788761, 211.788761, NULL, NULL, NULL, 406.00, 1, '2022-03-23 01:14:00', 1, 'voluptates-aut-dolores-quo', 'a:2:{i:0;i:10;i:1;i:27;}', 'Laborum temporibus est necessitatibus alias esse fuga quasi.', 'I should think it would feel very uneasy: to be a walrus or hippopotamus, but then she heard a little worried. \'Just about as curious as it settled down again, the cook took the thimble, looking as.', 0, 1, NULL, '2022-03-17 01:14:30', '2022-03-17 01:14:30'),
	(30, 5, 'Fuga nostrum atque quidem ipsum facilis excepturi id.', NULL, 43, 'Quitzon-Maggio', 3, 'unde', 'Refurbished', 'Hatter: \'it\'s very easy to know your history, she do.\' \'I\'ll tell it her,\' said the King, with an M--\' \'Why with an M?\' said Alice. \'Why, there they are!\' said the Caterpillar sternly. \'Explain.', 'Natus est optio reprehenderit et reprehenderit at. Ipsum aut voluptatem rerum voluptates. Atque perspiciatis est dignissimos quis. Aut est qui et. Mollitia est eum velit optio vitae sapiente magnam odio. Et eius deserunt id dolorum dignissimos. Distinctio est reprehenderit qui maiores aspernatur aut consequatur. Quisquam tempora ea hic qui. Eligendi natus possimus nihil totam cupiditate ipsa veritatis. Ut fugiat pariatur eius iusto. Rerum et placeat aut praesentium. Aut laboriosam nam eum et veritatis impedit. Eius asperiores consectetur sapiente quis sed. Voluptatum quaerat facere exercitationem perferendis. Molestias iure doloribus quos nobis. Rerum sequi enim sapiente ut omnis dolor voluptatibus. Non consequatur optio repellendus. Laudantium eligendi modi iure repellendus harum. Voluptas et quibusdam perferendis. Molestias atque velit nam doloribus quibusdam voluptas alias est. Doloremque non eaque sequi sint fuga. Placeat impedit repellendus dolor nihil soluta quam omnis sed. Molestiae quia id voluptatem. Numquam similique sequi quos itaque necessitatibus possimus et quibusdam. Qui voluptatum quisquam commodi praesentium. Ut neque atque quia nobis ut consequatur. Voluptatum placeat libero fugiat in porro. Officiis beatae eum ut ipsam et ad amet. Quod accusamus sit quisquam quod hic. Excepturi nulla iure vel praesentium. Beatae et et est quae sed labore reprehenderit. Sunt quasi et a rerum.', 'a:7:{i:0;s:70:"Voluptatem illum nostrum architecto aliquid quo accusantium molestias.";i:1;s:39:"Facilis fugit maiores sunt consequatur.";i:2;s:25:"Qui quasi est laudantium.";i:3;s:65:"Autem et blanditiis est sed molestiae minus dolores consequuntur.";i:4;s:23:"Velit ullam et sunt ut.";i:5;s:27:"Consequatur placeat in aut.";i:6;s:63:"Voluptatibus doloremque minima dolor fuga officia dolore neque.";}', 20, 0, 3, 157.647913, 240.647913, 200.647913, '2022-03-25 01:14:00', '2022-04-06 01:14:00', 615.00, 0, '2022-03-24 01:14:00', 1, 'eveniet-necessitatibus-minima-esse-similique-pariatur', 'a:3:{i:0;i:0;i:1;i:7;i:2;i:29;}', 'Et illo ab adipisci itaque eius.', 'I\'ve got to grow larger again, and said, very gravely, \'I think, you ought to tell you--all I know I have none, Why, I haven\'t been invited yet.\' \'You\'ll see me there,\' said the Duchess: \'and the.', 0, 1, NULL, '2022-03-18 01:14:30', '2022-03-13 01:14:30'),
	(31, 1, 'Ipsa dignissimos aperiam tempore perspiciatis quas asperiores ipsa blanditiis.', NULL, 1, 'Jenkins, Schmidt and Leuschke', 3, 'asperiores', 'Refurbished', 'I can\'t put it more clearly,\' Alice replied in a tone of great dismay, and began to say to itself in a court of justice before, but she felt certain it must make me giddy.\' And then, turning to the.', 'Qui sed ab est iure aliquam. Corrupti commodi est provident praesentium laborum dolore. Esse sequi minus quaerat. Labore in officiis et repellat a voluptas et. Ullam nesciunt rerum aut perferendis omnis quis aut. Nihil aut exercitationem molestiae expedita. Quis voluptatibus in consequatur et. Mollitia pariatur et facilis ab eos. Vitae saepe non vitae eum sunt ipsam. Iusto blanditiis quia molestiae. Dolor blanditiis omnis nobis et incidunt enim beatae voluptatum. Delectus ipsum quia et qui delectus tenetur officia. Esse atque atque placeat ducimus quasi soluta. Qui rerum quae ut repellendus tempore reprehenderit et totam. Modi doloremque natus illum dolore numquam est id. Similique officia perferendis aliquid hic aut sequi. Est mollitia saepe dolor debitis quas reiciendis rerum. A omnis quia ut error sunt delectus qui at. Qui officia sit molestias tenetur. Eius ut alias est explicabo eum pariatur. Blanditiis eum amet reprehenderit deserunt. Ut laudantium sit sit itaque. Libero consectetur adipisci alias suscipit. Deserunt sequi aut maxime odit est. Laborum perspiciatis praesentium iure ipsam rerum. In corporis est voluptate ea. Eveniet incidunt ut earum porro ratione. Voluptas eligendi dolor et in. Itaque tempore ipsum at nobis illum placeat. Illo aspernatur officiis eveniet repellendus corrupti reiciendis. Quia natus ab occaecati ut quia nulla atque corporis. Nihil aut nam tenetur fugit amet ab vero.', 'a:7:{i:0;s:46:"Vero consequuntur reprehenderit facilis omnis.";i:1;s:27:"Omnis porro nulla et ipsum.";i:2;s:58:"Molestiae totam omnis iste laudantium iusto id distinctio.";i:3;s:57:"Qui placeat quibusdam assumenda saepe quasi molestiae et.";i:4;s:23:"Sunt quasi cumque quam.";i:5;s:28:"Aut adipisci ut porro optio.";i:6;s:25:"Et error iure culpa quia.";}', 95, 0, 3, 152.375730, 274.375730, 216.375730, '2022-03-25 01:14:00', '2022-03-28 01:14:00', 251.00, 1, '2022-03-22 01:14:00', 1, 'asperiores-voluptatibus-quaerat-enim', 'a:2:{i:0;i:7;i:1;i:30;}', 'Quasi est iure sit repudiandae consequatur distinctio.', 'Queen in a low voice, to the part about her other little children, and make THEIR eyes bright and eager with many a strange tale, perhaps even with the distant green leaves. As there seemed to be in.', 1, 1, NULL, '2022-03-15 01:14:30', '2022-03-23 01:14:30'),
	(32, 5, 'Quo quia ut voluptas dolorem voluptatibus sint neque.', NULL, 11, 'Bashirian-Kshlerin', 2, 'soluta', 'Used', 'Cat, as soon as the Lory hastily. \'I thought you did,\' said the Rabbit say to itself, \'Oh dear! Oh dear! I\'d nearly forgotten that I\'ve got to?\' (Alice had no pictures or conversations in it, \'and.', 'Dolor aut mollitia optio mollitia maxime. Totam ex facere voluptatem praesentium mollitia. Qui sunt omnis quos accusamus vero rem. Quo repellendus sit in nihil. Delectus beatae rerum eveniet quisquam nostrum. Sit earum possimus reprehenderit facere velit dolorum laboriosam temporibus. Nemo facilis magnam consequuntur id qui facere qui. Quia accusantium earum occaecati. Necessitatibus in dolor temporibus mollitia. Eaque sint labore et rem. Distinctio neque hic qui tempore quam et natus. Rerum incidunt tempore et et. Qui similique nihil quam ut. Voluptates assumenda perferendis at ut sed et. Dolorem laboriosam porro sed sed. Est praesentium excepturi dolor doloremque. Et et et amet nesciunt distinctio sit ut eveniet. Exercitationem id quidem et sunt quo voluptatem. Aut necessitatibus et nemo laborum quas dolorem voluptate. Cum neque et veniam voluptas eum reprehenderit ea enim. Quia aut officia rerum quam fugit. Culpa occaecati ipsam voluptas eveniet recusandae iure. Adipisci facere atque dolores eligendi nisi. Dicta necessitatibus libero aut. Et autem tempore enim quo quia exercitationem qui. Deleniti sint suscipit soluta adipisci quia nisi. Incidunt recusandae blanditiis qui eos cumque. Quisquam ea aperiam quia molestiae. Aut culpa inventore consequatur ut dolorum qui. Ex qui qui earum alias. Adipisci nihil voluptatum repudiandae tempora dolorum totam explicabo.', 'a:7:{i:0;s:46:"Debitis vero ullam nam autem dolores rerum id.";i:1;s:50:"Placeat cupiditate ut qui hic laborum voluptas et.";i:2;s:42:"Molestiae ut iste et nulla voluptatem sed.";i:3;s:35:"Et illo voluptatem iste et dolorem.";i:4;s:63:"In amet consequatur impedit ipsam corporis et voluptates neque.";i:5;s:38:"Rerum iure quae deserunt qui harum in.";i:6;s:35:"Voluptatibus rem culpa esse et sit.";}', 20, 0, 3, 140.999481, 232.999481, NULL, NULL, NULL, 1275.00, 1, '2022-03-22 01:14:00', 1, 'voluptate-non-aut-aut-commodi-ut-in-mollitia-dolores', 'a:3:{i:0;i:1;i:1;i:9;i:2;i:15;}', 'Qui non officia et.', 'Lory, with a T!\' said the youth, \'as I mentioned before, And have grown most uncommonly fat; Yet you finished the guinea-pigs!\' thought Alice. The King turned pale, and shut his note-book hastily.', 0, 1, NULL, '2022-03-13 01:14:30', '2022-03-25 01:14:30'),
	(33, 3, 'Repudiandae id qui et aut.', NULL, 32, 'Lemke-Feest', 1, 'enim', 'Used', 'Gryphon only answered \'Come on!\' cried the Gryphon. \'It\'s all her riper years, the simple rules their friends had taught them: such as, that a red-hot poker will burn you if you please! "William the.', 'Doloremque harum non saepe enim. Minima culpa et consequatur voluptas atque inventore. Quisquam est fugit architecto temporibus velit officia ut. Consequatur aut recusandae porro nulla reprehenderit. Beatae consectetur sapiente non ratione. Reprehenderit sed suscipit enim facere aut dignissimos. Ipsum nisi laboriosam commodi est unde cum alias. Nostrum ab ut deserunt qui. Et in illum ut nihil laboriosam rem tempora architecto. Libero consequatur ut ullam perferendis. Rerum doloremque provident est ea deleniti. Recusandae dignissimos quisquam et totam omnis sapiente nobis. Voluptas vel omnis accusamus sed maiores est maiores quia. Dolorem debitis et optio odio. Aspernatur rerum quia doloribus cum eum dolorem unde. Eum alias dolores et ipsam voluptas et repudiandae. Iure repellendus reiciendis dolorem. Reprehenderit quis saepe est architecto accusantium qui. Sit praesentium ullam sunt ipsam. Aut eos eligendi nisi necessitatibus necessitatibus. Ex inventore et eum provident ipsam ut voluptatem reprehenderit. Aliquam reprehenderit nihil dolorem aperiam eaque ut explicabo. Eum minus molestias ad. Aut at consequatur fugit et quos praesentium omnis maxime. Harum eligendi minima et distinctio amet libero. Dolores tempore possimus qui sit repellendus quisquam repudiandae. Accusamus quia consectetur praesentium quos ipsum. Magnam temporibus provident quasi iste. Optio placeat qui quasi maiores ut provident.', 'a:7:{i:0;s:62:"Omnis ea a aspernatur nobis voluptatem hic adipisci molestiae.";i:1;s:56:"Ut quia nulla voluptatibus voluptas sunt neque eligendi.";i:2;s:63:"Sed minus maiores ex consequatur error ipsa officiis molestiae.";i:3;s:40:"Iure aspernatur modi aliquid vitae quas.";i:4;s:22:"Quae ut magni commodi.";i:5;s:45:"Voluptas eum cumque dolor a quo quo adipisci.";i:6;s:34:"Qui sapiente ipsum quia fuga quia.";}', 83, 0, 3, 246.240000, 354.240000, 265.240000, '2022-03-25 01:14:00', '2022-04-05 01:14:00', 811.00, 1, '2022-03-23 01:14:00', 1, 'debitis-similique-saepe-assumenda-repellat', 'a:3:{i:0;i:3;i:1;i:11;i:2;i:19;}', 'Molestias laboriosam dolorem neque ullam aspernatur quod porro.', 'Cat, and vanished again. Alice waited patiently until it chose to speak again. In a little now and then, \'we went to work at once set to work throwing everything within her reach at the bottom of a.', 1, 1, NULL, '2022-03-23 01:14:30', '2022-03-24 01:14:30'),
	(34, 2, 'Nulla cum ut voluptatem corrupti velit aliquam.', NULL, 11, 'Kunze-Gutmann', 5, 'vel', 'Refurbished', 'I never heard of "Uglification,"\' Alice ventured to remark. \'Tut, tut, child!\' said the Mouse. \'--I proceed. "Edwin and Morcar, the earls of Mercia and Northumbria, declared for him: and even.', 'Perspiciatis velit consequatur quia sunt. Quis sunt fuga tempora. Rerum cumque aut iste. Aut neque dolorem corrupti ut minima aut ad. Quam id optio est perspiciatis corporis qui corrupti. Repudiandae officiis iste dolor rem delectus et. Natus dolore aut fuga eveniet quis fugiat. Voluptatum omnis qui fuga et esse. Nulla dolor voluptates accusamus qui facilis architecto deserunt. Eum corporis doloremque commodi minima provident quis tenetur nisi. A dolore mollitia ipsum quia voluptate. Aut omnis cupiditate voluptas quod necessitatibus voluptas culpa. Id iure vitae eligendi sapiente vel qui labore. In qui debitis veritatis neque alias delectus quae. Architecto aut rem quaerat officia. Illum molestiae sapiente magni commodi possimus blanditiis sunt. Ducimus ipsa ipsum aliquam voluptas et minus. Omnis nam ipsum voluptatem dolor vero dolorem asperiores. Quia consectetur nesciunt aut esse ipsam esse. Est quidem ut aut odio ut amet unde. Molestias cupiditate magni delectus repellat harum sit voluptatibus. Mollitia laborum similique recusandae aut cumque et impedit. Et voluptatum eum ut laudantium veniam rerum. Sed rem fugiat velit alias ad quas perferendis. Vel aperiam iste sit magnam et earum et ipsum. Neque et recusandae error aperiam et. Illo omnis quod quod dolorem ut libero recusandae. Quisquam reprehenderit in saepe et. In ut aut esse officiis. Odio aspernatur eum rerum.', 'a:7:{i:0;s:43:"Consequuntur sint ut rerum ab esse dolorem.";i:1;s:58:"Neque et suscipit est quaerat quo assumenda qui molestias.";i:2;s:59:"Qui vel assumenda ipsa id adipisci cupiditate voluptas aut.";i:3;s:39:"Aut ut laborum provident quisquam unde.";i:4;s:58:"Tempora accusantium voluptatem aspernatur enim recusandae.";i:5;s:46:"Sed distinctio reiciendis omnis ea quam iusto.";i:6;s:63:"Fugiat ipsa dolor voluptas temporibus praesentium repellat sed.";}', 17, 0, 3, 332.556000, 468.556000, NULL, NULL, NULL, 985.00, 1, '2022-03-23 01:14:00', 1, 'est-corrupti-ipsa-quod-animi-neque-aut', 'a:2:{i:0;i:3;i:1;i:47;}', 'Porro illo facilis blanditiis sunt.', 'Mouse heard this, it turned round and round goes the clock in a very interesting dance to watch,\' said Alice, and she jumped up on to her ear. \'You\'re thinking about something, my dear, YOU must.', 1, 1, NULL, '2022-03-24 01:14:30', '2022-03-25 17:49:22'),
	(35, 5, 'Eos similique ullam ut et architecto dolor et autem.', NULL, 32, 'Jenkins, Schmidt and Leuschke', 3, 'vitae', 'Used', 'Majesty,\' he began. \'You\'re a very interesting dance to watch,\' said Alice, seriously, \'I\'ll have nothing more to do with you. Mind now!\' The poor little thing grunted in reply (it had left off.', 'Aliquid porro expedita debitis magnam quis. Blanditiis ab voluptatem distinctio blanditiis laudantium. Accusamus commodi iure quasi tempora porro. Assumenda ut cum unde voluptatem reiciendis sunt. Ut aut consequatur amet et molestias ea. Aliquam et ut est dolor rerum illo sapiente. Consequatur voluptas vel consequatur sed alias. Tenetur ex sunt labore magni. Eos asperiores sint ut soluta ut et. Distinctio sunt veritatis doloremque ut nemo sint reiciendis. Praesentium iste voluptates natus expedita dolores dolor quis. Optio ducimus ducimus odit atque aliquid corporis impedit non. Est officiis non sit laboriosam ipsa sed. Excepturi ipsa optio eum voluptatem voluptatem architecto quis. Distinctio sit veritatis ipsa quod. Odit quis illum facere nihil. Sint fuga voluptatum ipsum vitae adipisci itaque autem enim. Voluptas esse porro est repellendus minus numquam ad. Iure nulla illum suscipit hic dolorem. Distinctio aut veniam ut provident quod aut. Tenetur excepturi dolorum consequatur consequatur et. Debitis qui quasi sed consequatur quo aspernatur alias. Perferendis placeat tempora et non voluptas. Ut quisquam et suscipit blanditiis. Delectus et quia tempora voluptas. Consequatur omnis natus nihil harum eligendi nihil a. Voluptates quae non sit aut aspernatur. Culpa sequi enim eaque aut. Ut sed qui nesciunt neque eius quasi est consectetur.', 'a:7:{i:0;s:50:"Deserunt libero reiciendis similique vero vero at.";i:1;s:41:"Impedit voluptas omnis quod voluptas qui.";i:2;s:27:"Unde possimus inventore ut.";i:3;s:46:"Quasi architecto molestias facilis optio vero.";i:4;s:48:"Aut possimus harum ipsa natus itaque velit vero.";i:5;s:53:"Ipsa recusandae totam ipsum voluptatem et blanditiis.";i:6;s:45:"Maiores quos totam sit nemo et voluptate non.";}', 17, 0, 3, 252.000000, 300.000000, NULL, NULL, NULL, 715.00, 0, '2022-03-22 01:14:00', 1, 'dicta-eos-sed-quae-et', 'a:2:{i:0;i:20;i:1;i:35;}', 'Eum vel aspernatur ducimus et modi voluptate illum voluptatum.', 'Mock Turtle recovered his voice, and, with tears running down his brush, and had to stop and untwist it. After a time there were three gardeners at it, busily painting them red. Alice thought to.', 0, 1, NULL, '2022-03-18 01:14:30', '2022-03-15 01:14:30'),
	(36, 5, 'Vel nihil nostrum doloribus molestias asperiores quia sequi.', NULL, 21, 'Jenkins, Schmidt and Leuschke', 1, 'consequuntur', 'Refurbished', 'Dormouse began in a great crash, as if it began ordering people about like mad things all this time. \'I want a clean cup,\' interrupted the Gryphon. \'Turn a somersault in the wind, and was surprised.', 'Unde iste ut corporis voluptas hic. Numquam libero rem consequuntur. Quia nihil exercitationem voluptas sunt. Quidem quo pariatur earum aut. Quia amet neque impedit omnis. Ea et illum adipisci temporibus aspernatur est et et. Doloribus qui iure incidunt expedita aliquam quo. Veritatis enim est quo quo id natus itaque. Autem voluptatem quia repellat temporibus deserunt. Modi sunt corrupti in quasi vel. Voluptates pariatur eius harum repudiandae. Omnis veritatis vitae labore facilis molestias eius doloremque. Numquam non aliquid velit voluptatibus est quis harum. Ut pariatur animi ad qui deleniti sapiente. Odio ut explicabo consequatur dolore pariatur. Distinctio nihil occaecati iure dolorem similique. Recusandae architecto vel autem et. Ut rerum facilis maiores veniam dolores ea illo deserunt. Voluptatem ipsam omnis autem dolore deleniti. Beatae laudantium ut tempore rerum. Exercitationem quo harum a et magnam. Labore ut nihil nam cumque perspiciatis labore autem. Harum veritatis facere aut. Aliquid occaecati sed eveniet tempore est fugiat corporis tempora. Explicabo rerum autem necessitatibus accusamus. Debitis doloremque doloremque autem quam sint. Necessitatibus laborum harum et. Voluptatum aut vero asperiores. Rerum corrupti natus doloremque quia corrupti voluptas in. Quisquam consectetur aperiam eius tempora. Animi accusantium perspiciatis et dignissimos quas. Cupiditate tempora nihil quis.', 'a:7:{i:0;s:66:"Adipisci aut voluptas distinctio eligendi laboriosam sed corrupti.";i:1;s:69:"Eveniet consequatur expedita accusamus delectus dolorem ut occaecati.";i:2;s:25:"Quis ut aliquam vel quia.";i:3;s:40:"Illo et ut magnam nesciunt qui voluptas.";i:4;s:57:"Vero illum perspiciatis commodi autem rerum iusto facere.";i:5;s:39:"Cupiditate odit at sequi reiciendis et.";i:6;s:48:"Eaque eaque dicta eum sit et quod in voluptatem.";}', 33, 0, 3, 51.600000, 113.600000, NULL, NULL, NULL, 497.00, 1, '2022-03-22 01:14:00', 1, 'et-nobis-ut-et-eum-repellat-quasi', 'a:2:{i:0;i:15;i:1;i:20;}', 'Omnis excepturi odit ullam repellendus dolorum.', 'YOU manage?\' Alice asked. The Hatter looked at poor Alice, that she was nine feet high. \'I wish I could say if I fell off the top of her sister, as well say that "I see what was on the bank, with.', 0, 1, NULL, '2022-03-20 01:14:30', '2022-03-21 01:14:30'),
	(37, 3, 'Ullam est quo placeat veritatis pariatur eos reprehenderit.', NULL, 20, 'Bartell LLC', 1, 'maiores', 'New', 'Footman remarked, \'till tomorrow--\' At this the whole she thought it must be Mabel after all, and I shall fall right THROUGH the earth! How funny it\'ll seem to come before that!\' \'Call the next.', 'Itaque est libero voluptatum voluptas nostrum. Nisi odio voluptatem dolorem ex distinctio quam. Doloribus voluptas numquam rerum veritatis cupiditate incidunt. Tenetur doloribus tenetur est occaecati et natus consequuntur. Voluptatem laudantium voluptatem vel aspernatur neque voluptas. Debitis quasi libero quas nam. Quia assumenda eius quia asperiores nemo veniam. Voluptatem distinctio repudiandae sit inventore recusandae. Labore accusantium sit rerum sed culpa. Quisquam architecto ab corporis. Enim vero non corrupti quibusdam qui. Qui delectus debitis iusto repudiandae et in. Explicabo saepe consequuntur dolor ad debitis et molestiae. Maxime expedita nostrum maxime. Officiis in et exercitationem magnam inventore eos optio. Ipsa modi assumenda similique exercitationem. Occaecati nam sit accusamus eveniet. Et iure distinctio et hic magni dicta. Et libero et qui nam ut laudantium aut. Aut omnis minus debitis libero animi qui totam. Aliquam eius velit odio incidunt fuga quis possimus accusamus. Sint quaerat nulla odit velit. Omnis ut amet eos nam voluptate est aliquid. Explicabo adipisci dicta error aliquam vel commodi. Expedita repellendus architecto est officia nostrum aut doloremque labore. Excepturi magni et omnis numquam quaerat id eveniet. Aliquid et sit qui odit eligendi facere tenetur. Illo optio facilis voluptatem quibusdam tenetur.', 'a:7:{i:0;s:33:"Aliquam ut aut recusandae itaque.";i:1;s:44:"Ut porro rem vero quis quibusdam et aut eos.";i:2;s:42:"Deleniti sapiente ad alias esse voluptate.";i:3;s:52:"Dolores tempora nemo sint similique consequatur aut.";i:4;s:45:"Vero et laborum consequatur quis facilis aut.";i:5;s:69:"Ea aliquid voluptas rerum exercitationem ratione rerum inventore aut.";i:6;s:32:"Sint repellat mollitia sapiente.";}', 53, 0, 3, 199.500000, 221.500000, NULL, NULL, NULL, 802.00, 0, '2022-03-22 01:14:00', 1, 'autem-est-quo-dolorem-quia-voluptates-eum-veniam-voluptatibus', 'a:3:{i:0;i:3;i:1;i:9;i:2;i:11;}', 'Asperiores sed est et excepturi.', 'I must have been that,\' said the Queen. \'You make me larger, it must make me smaller, I can listen all day about it!\' and he checked himself suddenly: the others all joined in chorus, \'Yes, please.', 1, 1, NULL, '2022-03-16 01:14:30', '2022-03-25 01:14:30'),
	(38, 1, 'Qui eos explicabo impedit impedit tempore autem eum mollitia.', NULL, 33, 'Bashirian-Hahn', 4, 'exercitationem', 'New', 'OUTSIDE.\' He unfolded the paper as he could think of nothing better to say it out again, and Alice was very provoking to find that she had got burnt, and eaten up by wild beasts and other unpleasant.', 'Autem et quis aut facilis dolorum cum. Qui eos temporibus nam a alias. Doloremque cupiditate recusandae odit blanditiis. Natus pariatur quia voluptatem quis quae et autem. Non dolorum ipsa eaque. Quis facere et tempore iste. Quidem quos ipsum eum sint eaque repellendus. Quia odio voluptatum tenetur ea. Tempora reiciendis numquam et itaque est impedit ab dolor. Veniam est rem pariatur vitae aut sapiente. Ex beatae eos nulla beatae sint itaque. Mollitia illum dicta ipsa. Excepturi vel labore sit aut voluptatem culpa fuga. In nostrum voluptates earum illum qui sequi iure. Quam ut aspernatur voluptatum. Quia pariatur in delectus. Enim recusandae vero delectus eligendi et eum. Dolor quaerat quas omnis molestiae fuga placeat. Occaecati et eligendi sunt natus aut et quia. A dicta modi quisquam in. Est aperiam eos voluptatibus cum modi sit. Non modi dolore esse exercitationem excepturi et. Quaerat unde rerum consequatur dolor consequatur et qui. Voluptatibus sapiente ut quibusdam maiores aliquid. Repellendus aliquid corporis nulla odit quisquam esse fugiat. Incidunt iusto et quia sunt eligendi. Eos debitis corporis magni quia ut sit. Velit repellendus deleniti molestiae nam tempore. Et et perferendis et harum. Debitis rerum sint hic. Tempora qui dolorem tempore quidem. Aut qui dolor odio sint et quibusdam qui. Fuga esse cupiditate voluptates repellat officiis occaecati. Odit accusamus et placeat a. Sit id vero est et aliquam soluta non.', 'a:7:{i:0;s:57:"Odio est earum molestiae animi reiciendis sed distinctio.";i:1;s:36:"Pariatur quasi voluptatem explicabo.";i:2;s:66:"Perspiciatis temporibus quisquam suscipit rerum qui quibusdam sed.";i:3;s:30:"Totam sit dolorum error error.";i:4;s:39:"Est quibusdam dolorem placeat ea ipsum.";i:5;s:47:"Explicabo illum eum quo ducimus cupiditate vel.";i:6;s:37:"Amet quia ut velit repellat voluptas.";}', 76, 0, 3, 377.000000, 564.000000, NULL, NULL, NULL, 1596.00, 1, '2022-03-23 01:14:00', 1, 'omnis-accusamus-animi-nam-quod-dolorem-similique', 'a:2:{i:0;i:28;i:1;i:30;}', 'Nostrum eum ut est ea.', 'Caterpillar. This was such a capital one for catching mice--oh, I beg your pardon!\' said the Duchess, \'as pigs have to ask them what the next moment she felt sure it would be only rustling in the.', 0, 1, NULL, '2022-03-13 01:14:30', '2022-03-20 01:14:30'),
	(39, 3, 'Quo et est totam consequatur debitis voluptatem perspiciatis.', NULL, 46, 'Gaylord, Dicki and Wisoky', 4, 'occaecati', 'Used', 'Mock Turtle yawned and shut his eyes.--\'Tell her about the right word) \'--but I shall have some fun now!\' thought Alice. \'I\'ve read that in about half no time! Take your choice!\' The Duchess took.', 'Laboriosam voluptas nulla magni nemo. Consequuntur soluta ut labore aliquam cum pariatur. Deserunt vel consectetur et veritatis totam consequatur fuga. Et et rerum quae fugit. Corporis et omnis officiis quae velit. Qui ipsam voluptatem et nihil accusantium. Quidem voluptas facere expedita est vel et. Exercitationem assumenda quam delectus quia vero laudantium autem. Labore molestiae accusantium aut perspiciatis ut. Ipsum qui ea adipisci voluptas optio et. Ex voluptatum voluptatum et omnis minima. Non sunt consequatur consequuntur. Exercitationem ut quasi sit aperiam sint. Tempore harum alias repudiandae molestiae velit nobis veniam. Dolore voluptatem tempora voluptatem omnis est. Facere incidunt impedit ut et est nostrum nulla. Dolores aut dolor quis reprehenderit molestias omnis velit. Rerum ab minima amet dolorem qui sunt. Tempore et sequi temporibus quaerat velit. Aliquam doloremque quod est sed sint. Aut voluptatibus vel dolor omnis quasi culpa. Dolor autem alias cupiditate. Architecto pariatur hic expedita voluptatem et. Ut commodi dolor ea veritatis sint. Sequi et sunt minima asperiores unde. Et velit rerum nulla velit ipsum qui et sit. Iure et et pariatur. Facilis est id omnis alias quisquam odit. Perspiciatis soluta dolor ratione incidunt molestiae qui. Culpa aperiam doloribus voluptatem voluptas sapiente est. Accusamus itaque aut sit.', 'a:7:{i:0;s:35:"Voluptatem distinctio molestiae ut.";i:1;s:44:"Quod debitis nemo qui laudantium nam facere.";i:2;s:27:"Tempora mollitia porro est.";i:3;s:77:"Veniam reiciendis molestiae sapiente veritatis exercitationem et et nesciunt.";i:4;s:29:"Labore aspernatur ipsa alias.";i:5;s:31:"Qui quisquam ratione enim nemo.";i:6;s:40:"Dolor non neque et alias enim nihil est.";}', 69, 0, 3, 107.190000, 134.190000, NULL, NULL, NULL, 1169.00, 1, '2022-03-23 01:14:00', 1, 'adipisci-corrupti-odit-earum-consequatur', 'a:2:{i:0;i:4;i:1;i:46;}', 'Saepe mollitia necessitatibus corporis aut.', 'IX. The Mock Turtle in the wood, \'is to grow up again! Let me see: four times seven is--oh dear! I wish I hadn\'t to bring but one; Bill\'s got the other--Bill! fetch it here, lad!--Here, put \'em up.', 0, 1, NULL, '2022-03-12 01:14:30', '2022-03-10 01:14:30'),
	(40, 5, 'Rem commodi odio dicta quam.', NULL, 23, 'Bartell LLC', 4, 'saepe', 'Used', 'It means much the same thing, you know.\' \'And what are they doing?\' Alice whispered to the Gryphon. \'I mean, what makes them so shiny?\' Alice looked up, and began smoking again. This time there were.', 'Aut praesentium accusamus eligendi eveniet. Ab exercitationem ab excepturi in sed eos sint. Magni et aut est et. Consequatur non recusandae dolorem ea nostrum deserunt sunt. Eos eos et sed hic est. Sequi voluptates dicta nisi nesciunt vitae aliquam et. Quis tempore dignissimos amet est pariatur vel. Ad sit non vel impedit et. Expedita voluptas deleniti aut ut iure. Quibusdam ratione adipisci natus a laborum reprehenderit tempore. Modi qui cum vero illum et animi voluptatem. Alias maiores similique voluptatem quia ut rerum ab. Autem quaerat ut sequi repudiandae autem accusamus. Ut nisi maiores quidem quisquam illum. Ut quis alias porro. Quia magni delectus nihil tempore voluptas vel placeat vitae. Officia porro temporibus nam animi. Ipsum cumque distinctio vel nisi facere. Itaque repellat et at est aliquid consectetur aut. Et incidunt temporibus quasi eligendi. Qui quos cumque dolore unde esse. Reprehenderit commodi quod impedit hic delectus eum. Autem voluptates non sit expedita. Sed pariatur fugiat inventore odit. Modi mollitia rerum autem veniam et quia consequatur. Quod voluptas et assumenda id consequatur. Impedit ullam sint unde eligendi. Quam mollitia voluptatum a dicta minima. Corporis repellat omnis et ipsum dolor rerum asperiores et. Voluptatum laborum est eum quidem consequuntur. Fugiat laudantium qui aut voluptatum accusantium. Doloribus unde dolores et. Odit incidunt et nihil aut tenetur quia.', 'a:7:{i:0;s:57:"Architecto illo ratione sunt molestiae qui qui inventore.";i:1;s:33:"Sit nisi quas ut quam laboriosam.";i:2;s:67:"Omnis molestiae quas ea esse accusantium cupiditate porro officiis.";i:3;s:53:"Alias et dignissimos eum suscipit est harum cum sunt.";i:4;s:42:"Consequatur quis voluptas fuga officia et.";i:5;s:31:"Ducimus officia sit illo dolor.";i:6;s:43:"Enim omnis ea accusamus ex sit accusantium.";}', 22, 0, 3, 178.476000, 209.476000, NULL, NULL, NULL, 1233.00, 1, '2022-03-22 01:14:00', 1, 'dignissimos-rerum-autem-in-iure-quidem', 'a:2:{i:0;i:22;i:1;i:24;}', 'Fuga odio vitae sit ducimus.', 'ME,\' said Alice indignantly. \'Let me alone!\' \'Serpent, I say again!\' repeated the Pigeon, but in a long, low hall, which was lit up by a row of lodging houses, and behind them a railway station.).', 1, 1, NULL, '2022-03-25 01:14:30', '2022-03-24 01:14:30'),
	(41, 1, 'Sed consequuntur adipisci quia molestiae error.', NULL, 36, 'Stiedemann Inc', 1, 'omnis', 'New', 'It\'s enough to try the thing yourself, some winter day, I will just explain to you how it was growing, and very neatly and simply arranged; the only difficulty was, that if something wasn\'t done.', 'Omnis provident vel similique officia. Sed quo porro provident enim facere earum est. Id et totam doloribus laudantium ut eligendi rem. Asperiores rerum molestias vitae culpa in consectetur. Quibusdam quis occaecati esse in vitae dolorem. Ut provident rerum asperiores voluptas quos eum ex dolor. Vitae tempora et sequi ad. Alias minus corporis nobis aut doloribus repellat occaecati sint. Sed omnis eos hic quasi nobis iure. Numquam aut tempora et dicta. Eos mollitia eos iste et quae. Ratione sed mollitia dicta quibusdam odit est. Explicabo deserunt sit adipisci. Atque quae totam quasi voluptas. Eos reprehenderit ut molestias et. Eligendi repudiandae sint incidunt vel qui aut quasi est. Illo et natus in. Id ut facilis qui quaerat eos ut error. Quis non nostrum cupiditate doloribus autem ullam deserunt. Expedita facilis aspernatur placeat est minus. Iusto ipsa nihil ratione ea. Dolore perspiciatis sit omnis et ut deleniti corporis. Culpa nulla ex porro explicabo. Sit quam quod sed dolor. Deleniti et at et occaecati quasi ea. Magni asperiores voluptatum cum recusandae sed sint. Voluptatem nobis minus quae corrupti rerum. Ex qui maxime ab deleniti numquam itaque culpa in. Esse veritatis earum qui voluptatem. Fuga reprehenderit vel labore quo voluptate voluptas asperiores. Animi dolorem et qui deleniti odit molestiae. Beatae tenetur quasi autem veritatis. Et ut ratione qui necessitatibus. Est non ut recusandae.', 'a:7:{i:0;s:40:"Nihil sed error aut sit ea qui officiis.";i:1;s:29:"Dolor aut beatae officia qui.";i:2;s:46:"Amet aut quam tenetur ex corrupti magnam sunt.";i:3;s:35:"Autem aspernatur animi omnis ipsum.";i:4;s:34:"Repellendus est deleniti ut vitae.";i:5;s:48:"In aut dolore laboriosam ab inventore ut facere.";i:6;s:55:"Earum consequatur explicabo deleniti accusamus impedit.";}', 77, 0, 3, 111.064293, 218.064293, NULL, NULL, NULL, 974.00, 1, '2022-03-22 01:14:00', 1, 'nobis-repudiandae-ut-enim-nobis-qui-nemo', 'a:2:{i:0;i:14;i:1;i:29;}', 'Vitae dolorum tempora officia.', 'Improve his shining tail, And pour the waters of the edge of her head on her face brightened up at this moment Five, who had been jumping about like that!\' By this time the Mouse was speaking, so.', 0, 1, NULL, '2022-03-14 01:14:30', '2022-03-23 01:14:30'),
	(42, 3, 'Exercitationem qui ut deleniti nihil.', NULL, 11, 'Bartell LLC', 1, 'nesciunt', 'Refurbished', 'Tell us all about it!\' and he hurried off. Alice thought she had not long to doubt, for the Duchess said after a few yards off. The Cat only grinned when it grunted again, and she told her sister.', 'Aut reprehenderit vel accusantium rerum. Asperiores vel qui ipsum tenetur amet. Omnis sunt possimus quia. Dolor placeat repellat cupiditate alias ducimus laboriosam eos. Enim sequi vero quaerat iusto. Odit autem quisquam sed non aut. Fugit iste voluptatem necessitatibus eum corporis quisquam. Incidunt a est aut amet vel aut eveniet. Amet aut rem voluptatibus nostrum recusandae unde omnis consequuntur. Consequatur aut maiores explicabo deleniti est dicta voluptate pariatur. Natus non voluptas magni id sint aliquid quisquam quasi. Culpa sunt nobis porro sunt sunt quos. Quia harum necessitatibus similique. Placeat aperiam ut facere et ipsam vel praesentium. Nisi debitis error aut est mollitia consequuntur. Consequuntur quos sit dolorem non quaerat quia ullam. Sunt unde architecto voluptatem distinctio. Autem quam eaque molestiae qui. Ratione aut non a sed velit. Repellendus dolorum qui natus qui in et. Dolorum inventore veniam amet delectus. Id nemo aut harum porro quod vero illo nemo. Earum doloribus quibusdam occaecati quam eos. Accusamus fuga dolorem nulla ducimus mollitia ut. Saepe aut consequatur vero. Omnis labore corporis esse facere corporis totam labore explicabo. Dolores odit placeat sed repellat ex sed. Sequi aut asperiores blanditiis eligendi. Qui praesentium vel repellendus voluptates sit dolores. Et vel temporibus perspiciatis maxime atque eum qui eum. Saepe sint dolorem deserunt. Distinctio beatae qui esse facere. Sint eligendi error ad sunt.', 'a:7:{i:0;s:60:"Enim sed expedita neque doloremque excepturi itaque facilis.";i:1;s:55:"Id doloremque repudiandae id natus reprehenderit vitae.";i:2;s:42:"Velit doloribus et explicabo esse autem a.";i:3;s:52:"Eius exercitationem debitis nisi quae quia mollitia.";i:4;s:47:"Aliquam reiciendis magni ipsum facere suscipit.";i:5;s:36:"Quia tenetur ullam nihil blanditiis.";i:6;s:46:"Dolorum minima qui eum repudiandae nam cum in.";}', 89, 0, 3, 266.000000, 313.000000, NULL, NULL, NULL, 1943.00, 0, '2022-03-24 01:14:00', 1, 'veritatis-molestias-adipisci-reprehenderit-quia-non', 'a:3:{i:0;i:9;i:1;i:13;i:2;i:15;}', 'Corporis illo quia aut non sed.', 'Just at this moment the door of which was the first day,\' said the Mock Turtle: \'nine the next, and so on.\' \'What a funny watch!\' she remarked. \'It tells the day and night! You see the Mock Turtle.', 0, 1, NULL, '2022-03-10 01:14:30', '2022-03-25 17:42:18'),
	(43, 4, 'Molestias aperiam aspernatur esse.', NULL, 28, 'Gaylord, Dicki and Wisoky', 2, 'et', 'New', 'Time, and round Alice, every now and then; such as, \'Sure, I don\'t take this child away with me,\' thought Alice, \'they\'re sure to do that,\' said Alice. \'Why?\' \'IT DOES THE BOOTS AND SHOES.\' the.', 'Iure vel dolor autem eos temporibus qui. Velit in qui nihil eligendi ipsum. Quia ut quos voluptatem et velit. Dolor minus enim sit. Ab et voluptate vero laborum. Facilis facilis quia laudantium sed. Nisi quia quisquam culpa voluptas. Deleniti tenetur unde est quia. Impedit maxime quas veritatis qui voluptate odit. Pariatur rem cumque qui hic repudiandae. Qui vel nemo et quae. Ut quia non minima voluptates. Nulla iste laboriosam deserunt dolor sint fuga eligendi. Rerum sapiente ut facere repellat dolores vitae asperiores veniam. Rerum eos ratione facere aspernatur. Nesciunt at explicabo et. Fugiat non expedita minima accusamus nostrum. Vel unde similique illum tempora qui et. Commodi sint magnam aperiam quos esse quis. Consequatur sed odio repudiandae id. Atque et rerum voluptas voluptatum et omnis. Voluptas et est quam. Minus consequatur earum et suscipit quidem eos est. Officia aspernatur est nisi voluptatem. Id sint quia sint error nisi et commodi. Harum mollitia repellat aperiam at est eos provident ab. Maiores numquam dolores vel iusto totam. Eos est voluptatibus non iusto. Ipsum consequatur totam natus veniam perspiciatis illo aut. Et omnis corporis minus qui. Blanditiis debitis omnis cupiditate ex est earum. Minus quis non atque qui.', 'a:7:{i:0;s:53:"Numquam voluptate ipsum qui dolores animi numquam et.";i:1;s:65:"Et odio dolor magni ratione impedit consequuntur temporibus enim.";i:2;s:32:"Ipsa saepe non numquam repellat.";i:3;s:54:"Perspiciatis cum ad quis dolor distinctio odio sit ut.";i:4;s:34:"Consequatur et autem provident ut.";i:5;s:47:"Magnam nihil labore optio rerum est et et odit.";i:6;s:28:"Modi optio consequuntur nam.";}', 26, 0, 3, 103.910837, 215.910837, NULL, NULL, NULL, 370.00, 0, '2022-03-24 01:14:00', 1, 'qui-deserunt-dolore-temporibus-nisi-adipisci', 'a:2:{i:0;i:7;i:1;i:13;}', 'Necessitatibus cum perferendis et quod aut.', 'Queen never left off staring at the bottom of a muchness"--did you ever saw. How she longed to change the subject. \'Ten hours the first sentence in her pocket, and pulled out a box of comfits.', 1, 1, NULL, '2022-03-23 01:14:30', '2022-03-12 01:14:30'),
	(44, 1, 'Quasi cupiditate dignissimos labore ducimus blanditiis in.', NULL, 48, 'acme', 5, 'ipsam', 'New', 'Alice thought over all the things between whiles.\' \'Then you keep moving round, I suppose?\' said Alice. \'Why, there they are!\' said the White Rabbit, who was a dead silence. Alice noticed with some.', 'Temporibus quasi impedit facilis vel est. Dolorum est dolor aliquid culpa. Omnis aut quidem molestias voluptatem et est quaerat velit. Repellat ut totam vel necessitatibus autem corporis quis fuga. Officia occaecati dignissimos unde cumque non officiis. A repellat fugiat voluptatem aperiam impedit deserunt quibusdam. Reiciendis aut quasi tenetur dolorem libero dicta vitae. Voluptatum enim illo officiis ex distinctio deleniti. Nisi qui earum adipisci repellat. Consequatur nihil velit quae facilis illum soluta et corrupti. Perspiciatis illum rerum delectus consequatur aperiam. Quod odit in velit alias. Corrupti ut vel ea aut voluptatem laudantium. Possimus corrupti ratione voluptatem. Error commodi fugit quia et. Nisi repudiandae repellat voluptas expedita quia ut. Enim aut debitis saepe sit repellendus quidem nihil. Corrupti et et et voluptas dolores laudantium id. Est nulla reprehenderit quo. Consequatur nihil officia mollitia nam sint a. Iusto occaecati itaque velit qui qui quaerat vero. Et dicta qui ut. Officiis ipsum labore incidunt nobis repellendus. Atque nulla ut et ipsum maiores ad pariatur. Consequatur mollitia quaerat beatae quibusdam. Ea totam voluptatibus nam ipsa consequatur sapiente. Minus dolorem veritatis vitae. Dolores aut dolores consequatur itaque sint. Non quam ratione officia quia molestiae nam iusto. Totam ut non molestiae ut excepturi eius.', 'a:7:{i:0;s:45:"Quae consequatur dignissimos quibusdam rerum.";i:1;s:50:"Quaerat vitae sint et earum numquam illum ducimus.";i:2;s:39:"Possimus voluptate quo aspernatur quos.";i:3;s:45:"Quis facere ut temporibus vitae repellat vel.";i:4;s:44:"Dignissimos nemo animi est autem aspernatur.";i:5;s:45:"Omnis eaque iste voluptas nesciunt nihil sit.";i:6;s:54:"Id et quis delectus eius ex assumenda tempore impedit.";}', 60, 0, 3, 332.971905, 441.971905, 132.971905, '2022-03-25 01:14:00', '2022-04-09 01:14:00', 184.00, 0, '2022-03-24 01:14:00', 1, 'voluptatibus-tempora-quae-aut-laudantium-mollitia-perferendis', 'a:2:{i:0;i:7;i:1;i:17;}', 'Accusantium illum omnis vero et.', 'Mouse. \'--I proceed. "Edwin and Morcar, the earls of Mercia and Northumbria--"\' \'Ugh!\' said the Mock Turtle went on. \'We had the dish as its share of the reeds--the rattling teacups would change to.', 0, 1, NULL, '2022-03-25 01:14:30', '2022-03-18 01:14:30'),
	(45, 3, 'Quo ab mollitia aperiam officia.', NULL, 29, 'Quitzon-Maggio', 1, 'iste', 'Used', 'Time!\' \'Perhaps not,\' Alice replied in an encouraging opening for a minute or two, and the whole head appeared, and then another confusion of voices--\'Hold up his head--Brandy now--Don\'t choke.', 'Et facere eveniet necessitatibus pariatur ab sunt. Veritatis dolorem et voluptas velit. Iure a officia explicabo amet praesentium. Ea omnis omnis rerum nisi voluptatum quo nemo. Ea earum ut omnis possimus omnis atque. Non sunt est omnis nam. Aut doloremque ut eligendi consectetur dolores velit. Architecto earum veritatis quae ullam rerum. Debitis harum sunt et et minus. Minima sint in est aut hic ea. Ipsam eveniet maxime voluptatum dolorem. Maiores eum ex iste quas. Occaecati aut quia in. Aut asperiores necessitatibus provident quibusdam quia. Nam quis beatae error. Pariatur consectetur aut rerum perspiciatis. Ut sunt in qui qui delectus rem. Natus vel molestias quia deserunt id. Reprehenderit quasi enim ut consequuntur ut. Necessitatibus doloremque dolore ut possimus inventore ullam. Optio natus exercitationem dicta similique quam. Architecto consequatur fuga est qui voluptatem. A quis quam placeat fugiat aspernatur aut culpa. Sed soluta voluptas beatae aliquid ut quis accusamus. A esse magni voluptatem facere. Distinctio saepe non et dolorem est modi. Quod esse minus voluptatum sit autem blanditiis aut. Est explicabo vel eum autem. Beatae aliquam illum ab. Occaecati earum recusandae sunt aut. Assumenda beatae omnis atque assumenda omnis dicta. Et qui labore beatae et. Quo a quasi repudiandae fuga illum nobis doloribus. Nesciunt ipsa illum voluptas consequatur quia quidem. Quis in sit consectetur unde expedita.', 'a:7:{i:0;s:37:"Doloremque quidem at atque excepturi.";i:1;s:54:"Pariatur harum voluptas omnis fugit consequatur rerum.";i:2;s:46:"Suscipit sequi maiores ad est laboriosam quod.";i:3;s:56:"Cum deserunt dicta explicabo voluptates reiciendis quos.";i:4;s:47:"Voluptatum est odit est quo ut consectetur eos.";i:5;s:36:"Ab ut dolorum nesciunt eum nesciunt.";i:6;s:37:"Et suscipit vel officiis optio neque.";}', 24, 0, 3, 279.372722, 425.372722, NULL, NULL, NULL, 997.00, 0, '2022-03-22 01:14:00', 1, 'quod-ipsa-id-est-quia-ea', 'a:2:{i:0;i:28;i:1;i:31;}', 'Est voluptatem et unde maiores.', 'Alice; \'living at the sudden change, but she was getting quite crowded with the day of the Gryphon, and the fan, and skurried away into the sky all the unjust things--\' when his eye chanced to fall.', 0, 1, NULL, '2022-03-19 01:14:30', '2022-03-16 01:14:30'),
	(46, 4, 'Necessitatibus provident omnis ut.', NULL, 35, 'Gleichner-Doyle', 3, 'et', 'Refurbished', 'May it won\'t be raving mad after all! I almost wish I\'d gone to see you again, you dear old thing!\' said the Caterpillar. \'I\'m afraid I don\'t take this young lady tells us a story.\' \'I\'m afraid I.', 'Sed culpa assumenda aliquid vero. Fugit minima ut sunt voluptas vel. Similique officiis aperiam voluptatem recusandae dolorem praesentium. Qui iusto earum aut sed cum sed. Et dicta et enim ex. Nulla ut non maiores. Ipsum ut consectetur dolores esse laborum et ipsam. Vel sit magnam qui eum aspernatur quidem saepe ipsam. Ut ex voluptatum nulla minus laborum veniam illo est. Quibusdam quo labore repudiandae harum expedita non quis. Ducimus repudiandae dolores quas deleniti adipisci. Eaque laborum et maiores ad unde voluptate. Aut ea aliquid ea. Quis consequatur quasi autem est quo. Nisi nisi sit quia similique quod ut et. Corrupti eius sed impedit et culpa. Nihil alias consequatur consequatur dolores. Voluptatem perspiciatis ipsum aliquid blanditiis blanditiis velit. Ab praesentium possimus natus sit deserunt. Officiis molestias esse quis tenetur quia accusamus. Pariatur esse aliquam corporis qui officiis. Officiis a recusandae maiores tenetur ipsum. Qui magni velit voluptatem. Quia quo pariatur et quia vel. Impedit ut aperiam est voluptatem. Eum facere tenetur autem. Sed facere aliquid esse quo laborum. Reprehenderit incidunt quia culpa ad. Corporis quod quisquam amet. Dolores id velit quaerat accusantium ullam id cum. Error vero molestiae dolor veritatis quia et. Voluptas ut esse sit ratione. Ipsam incidunt fugit exercitationem totam laboriosam. Nihil et et est consequatur.', 'a:7:{i:0;s:38:"Ea autem facilis minus sit illo omnis.";i:1;s:52:"Officiis similique architecto repellendus molestiae.";i:2;s:64:"Odio neque repellendus magnam nobis voluptatibus voluptate odio.";i:3;s:42:"Sunt sunt quia qui ut delectus non beatae.";i:4;s:42:"In eius debitis consectetur quis aut quis.";i:5;s:40:"Praesentium vel sunt quidem consequatur.";i:6;s:58:"Labore neque blanditiis sit architecto nemo unde suscipit.";}', 42, 0, 3, 302.792700, 463.792700, 402.792700, '2022-03-25 01:14:00', '2022-04-12 01:14:00', 493.00, 1, '2022-03-22 01:14:00', 1, 'eius-facere-eaque-dicta-velit', 'a:2:{i:0;i:9;i:1;i:24;}', 'Nulla perspiciatis delectus sint qui consectetur dolorem.', 'Hatter. \'You might just as the Caterpillar decidedly, and he says it\'s so useful, it\'s worth a hundred pounds! He says it kills all the things get used up.\' \'But what happens when one eats cake, but.', 1, 1, NULL, '2022-03-24 01:14:30', '2022-03-24 01:14:30'),
	(47, 1, 'Dolorem quidem dolores vel minima ullam repellat labore.', NULL, 46, 'acme', 1, 'alias', 'Refurbished', 'Alice, and she drew herself up on tiptoe, and peeped over the edge of the other side, the puppy made another rush at the bottom of a procession,\' thought she, \'if people had all to lie down on the.', 'Ab et quia quae voluptatem repellat sint explicabo occaecati. Sapiente tempore quo iste labore. Autem eaque perspiciatis aut sunt. Voluptatem deserunt id aut maiores id nihil. Et provident aspernatur quae exercitationem. Quo quia ipsam fugiat consequatur non vel. Delectus cupiditate cumque minus quam sunt incidunt. Distinctio est recusandae sed rerum. Velit dolorem aut quis. Optio sequi odio unde delectus sapiente. Quia doloremque doloribus commodi animi unde sit doloremque. Blanditiis quae id porro voluptatem placeat ut. Et placeat nobis explicabo est. Omnis consequatur sequi nesciunt. Unde quidem ab voluptates itaque tenetur. Et quis quia suscipit qui accusantium ipsum rerum. Libero ullam consequatur eaque consequatur id cum. Distinctio consequuntur et asperiores modi unde aut magni. Consectetur commodi sint molestiae nobis. Culpa labore totam voluptas eveniet quibusdam. Sint ducimus consequatur ea qui qui. Officia et aut iure non dignissimos reprehenderit dolorem. Voluptatem dolorum illum perferendis vero nulla. Atque et et corrupti adipisci nisi eaque. Harum quae nesciunt ratione et aut. Repellendus non accusamus earum autem nesciunt natus vitae. Quos occaecati vitae vitae neque asperiores culpa. Voluptates ut officiis velit sit doloribus numquam. Ut explicabo maxime dolorum facilis repellat aut. Non id odit sint dignissimos. Qui quidem ipsum aliquam est. Recusandae explicabo exercitationem quidem illum.', 'a:7:{i:0;s:32:"Rerum fugit vel excepturi neque.";i:1;s:38:"Et dolor voluptas dolores adipisci ab.";i:2;s:56:"Inventore suscipit minus earum quisquam optio explicabo.";i:3;s:43:"Quia dignissimos ipsam animi illum ut ipsa.";i:4;s:26:"Minus sint ut veniam iure.";i:5;s:45:"Voluptatem consectetur sit accusantium ipsam.";i:6;s:32:"Enim omnis fugit at ea sapiente.";}', 23, 0, 3, 122.333400, 195.333400, NULL, NULL, NULL, 471.00, 0, '2022-03-24 01:14:00', 1, 'consequatur-ipsa-fugiat-ratione-earum-et-assumenda', 'a:3:{i:0;i:20;i:1;i:21;i:2;i:36;}', 'Tempore modi quis illo sed.', 'Panther took pie-crust, and gravy, and meat, While the Duchess asked, with another hedgehog, which seemed to be rude, so she went on, \'if you don\'t like them!\' When the sands are all dry, he is gay.', 1, 1, NULL, '2022-03-10 01:14:30', '2022-03-25 01:14:30'),
	(48, 5, 'Voluptate rerum quia delectus laborum dolore unde.', NULL, 35, 'Kunze-Gutmann', 1, 'ducimus', 'Refurbished', 'Alice dear!\' said her sister; \'Why, what a Mock Turtle said: \'no wise fish would go through,\' thought poor Alice, and looking at the March Hare took the cauldron of soup off the subjects on his.', 'Fugit voluptas in optio labore vel nisi. Cum occaecati qui voluptatem facilis. Enim eum cumque in neque excepturi id. Aut quo molestias dicta quis excepturi. Voluptates et sed aperiam. Corrupti earum quia ut. Aliquam dignissimos fugiat nisi sed et. Earum cupiditate sit debitis autem sunt hic non. Doloremque tempora magnam aut animi deserunt nemo aperiam. Assumenda nemo facere et dolor maiores id nesciunt debitis. Et assumenda distinctio minima. Expedita cumque ut incidunt nulla nemo veritatis. Assumenda ipsum quis eum rerum et velit. Eius qui neque sint sit odit. A optio quis ratione deserunt excepturi perferendis doloribus. Id deserunt quo rerum cupiditate fuga est illo architecto. Voluptatem rerum aut praesentium laudantium rem quod. Libero ut reiciendis laboriosam nostrum non tempora. Omnis eos omnis perferendis est ex praesentium. Aut corrupti sint quo quae. Neque adipisci recusandae reprehenderit maxime omnis. Aspernatur quis similique ipsum accusantium. Quia voluptatem consequuntur deleniti cum sit deserunt aut. Sit et praesentium dolorem doloremque eos laborum. Cumque impedit aspernatur velit ut enim est. Eos voluptas expedita ut omnis. Officia amet vero architecto laborum rem. Illum sunt officia distinctio dolores voluptas. Amet quae nemo velit tempore vel dolorem. Sed ut assumenda aliquid nihil et aperiam atque. Fugiat ea est unde eius eos voluptates.', 'a:7:{i:0;s:22:"Id commodi nobis sint.";i:1;s:46:"Qui earum hic est perspiciatis nihil voluptas.";i:2;s:39:"Eum doloremque et corrupti est placeat.";i:3;s:31:"Impedit qui dolorem quam illum.";i:4;s:37:"Atque esse sed exercitationem beatae.";i:5;s:59:"Temporibus quam aliquid qui doloremque quod fuga molestiae.";i:6;s:24:"Illum id quasi nam odit.";}', 23, 0, 3, 118.541573, 239.541573, 163.541573, '2022-03-25 01:14:00', '2022-04-11 01:14:00', 413.00, 0, '2022-03-23 01:14:00', 1, 'rem-et-laudantium-temporibus-facere-iusto-neque', 'a:3:{i:0;i:2;i:1;i:32;i:2;i:36;}', 'Neque quisquam minus rerum hic nemo est et.', 'TOOK A WATCH OUT OF ITS WAISTCOAT-POCKET, and looked at Alice, and sighing. \'It IS a long tail, certainly,\' said Alice more boldly: \'you know you\'re growing too.\' \'Yes, but I think I may as well as.', 1, 1, NULL, '2022-03-24 01:14:30', '2022-03-24 01:14:30'),
	(49, 2, 'Quos dolores cum laudantium alias.', NULL, 16, 'Gaylord, Dicki and Wisoky', 4, 'iure', 'Refurbished', 'Just then her head struck against the door, and knocked. \'There\'s no sort of lullaby to it in a sorrowful tone, \'I\'m afraid I can\'t be civil, you\'d better finish the story for yourself.\' \'No, please.', 'Illo totam placeat hic non temporibus possimus. Qui perferendis non corporis sunt aut qui. Aut maiores adipisci vel nam esse. Est aut non nam et ut. Omnis expedita assumenda sunt eveniet quis quia error. Voluptas tempora dicta quia voluptatem voluptatem sed. Quod quod ex enim impedit similique. Voluptate laudantium consequatur aut. Et consequatur ad cupiditate dolores. Repellat adipisci qui enim in laborum. Qui officia sint sit est magni dolores aut. Nulla quo vero deleniti velit natus. Reiciendis sit enim necessitatibus ipsam ea ab. Qui incidunt earum quae. Ratione cumque rerum voluptates ut. Neque facilis dicta et aspernatur cupiditate et non. Molestias voluptas optio molestiae explicabo unde ex quis unde. Modi praesentium aut rem neque ipsum. Tempora vel sit et fuga sunt numquam. Ullam veniam commodi quae vero sit quibusdam. Laborum et ut aut repudiandae amet. Voluptas quo sint eligendi dolore cumque. Autem natus temporibus sed amet et rerum. Quia ex ut qui reiciendis. Sint non quam consequuntur laboriosam sed voluptas expedita. Fuga et provident corrupti officia laborum ab aperiam omnis. Voluptas hic dignissimos minus. Hic rerum error quasi quaerat ipsam veniam hic deserunt. Ab maiores dolores error sed. Aspernatur eos beatae ea aut rerum iusto quas. Aut repellat autem accusamus rem. Ipsa est dolores sunt voluptas. Eveniet nobis corporis ut amet assumenda. Nihil et mollitia sunt dolorum asperiores nihil qui corporis.', 'a:7:{i:0;s:26:"Ut laudantium quod at aut.";i:1;s:49:"Amet consequatur eum quia exercitationem est aut.";i:2;s:46:"Beatae perspiciatis iusto enim omnis nesciunt.";i:3;s:75:"Consequuntur et quibusdam illum voluptatem saepe molestiae similique optio.";i:4;s:34:"Sit molestiae et illo saepe dicta.";i:5;s:30:"Id corrupti repellendus harum.";i:6;s:21:"Odio dolores sint id.";}', 91, 0, 3, 264.939400, 285.939400, NULL, NULL, NULL, 422.00, 0, '2022-03-24 01:14:00', 1, 'iste-quidem-saepe-et-quibusdam', 'a:3:{i:0;i:6;i:1;i:14;i:2;i:45;}', 'Provident doloremque possimus odio sapiente et libero.', 'Alice, \'but I haven\'t had a door leading right into a doze; but, on being pinched by the Queen ordering off her knowledge, as there seemed to think to herself, \'it would be wasting our breath.".', 0, 1, NULL, '2022-03-13 01:14:30', '2022-03-13 01:14:30'),
	(50, 4, 'Incidunt possimus voluptatem voluptatem voluptatibus.', NULL, 38, 'Gleichner-Doyle', 2, 'sunt', 'New', 'Alice soon began talking to herself, in a hot tureen! Who for such dainties would not give all else for two Pennyworth only of beautiful Soup? Pennyworth only of beautiful Soup? Beau--ootiful.', 'Laboriosam nihil vitae facere unde. Voluptas nemo nisi est ullam aut cupiditate enim. Et laborum quae omnis in. Velit magnam eum ut architecto aut ut. Aspernatur eius dolorem officia nihil. Est ab consectetur non ad. Beatae facere provident vero aliquid accusamus. Magnam iure non debitis. Ut iure corporis quam dicta ullam. Hic ex totam perferendis aut reiciendis odio. Occaecati sunt voluptatibus unde quidem. Architecto dicta exercitationem et consequatur. Dolores amet reiciendis earum. Sit rem ut ut qui. Excepturi nobis voluptas iure sint aut et sunt. Illum hic porro veniam rerum dolorem earum. Deserunt qui accusamus tenetur dolorem id. Consequuntur et totam porro. Maiores voluptatem quae quidem eum nemo doloribus vero. Aut nesciunt consequatur quisquam amet excepturi esse. Esse et veritatis dolor et corporis quidem consequatur culpa. Ipsam illo tenetur quam consequuntur fugit ut earum at. Beatae explicabo ut ipsa nihil. Aut consequatur maxime omnis architecto. Nihil nesciunt quis incidunt vel. Est quo quia nulla sit eum rerum fugiat. Ea minus et consequatur sapiente et voluptas. Cum laboriosam eos vel eum laborum et minima aliquam. Modi nobis et suscipit aspernatur. Laudantium laborum non qui sunt excepturi est eos. Et dolore voluptatibus ipsam nemo. Assumenda id dolores ut commodi. Optio inventore voluptatem facilis velit aut sit esse. Rerum vel omnis doloribus ea dolore asperiores et. Aut maxime alias harum in.', 'a:7:{i:0;s:47:"Consequuntur laborum ratione ea eos dolor quod.";i:1;s:20:"Ut non sint placeat.";i:2;s:44:"Ad et sit nesciunt sed tenetur fugiat neque.";i:3;s:29:"Enim delectus laboriosam eum.";i:4;s:53:"Autem quaerat quia minima qui necessitatibus dolorum.";i:5;s:38:"Nam sit quo tempora a id rerum veniam.";i:6;s:46:"Maiores atque velit dolor fugit qui et facere.";}', 60, 0, 3, 352.760369, 456.760369, 261.760369, '2022-03-25 01:14:00', '2022-03-30 01:14:00', 805.00, 0, '2022-03-23 01:14:00', 1, 'sapiente-totam-provident-omnis-quia', 'a:3:{i:0;i:33;i:1;i:43;i:2;i:45;}', 'Quia deleniti sed porro mollitia.', 'Lory, with a growl, And concluded the banquet--] \'What IS a long time with great curiosity. \'Soles and eels, of course,\' the Gryphon at the window.\' \'THAT you won\'t\' thought Alice, \'as all the.', 0, 1, NULL, '2022-03-24 01:14:30', '2022-03-19 01:14:30'),
	(51, 1, 'Accusantium ipsa rerum et reiciendis.', NULL, 33, 'Bartell LLC', 4, 'velit', 'New', 'Let me think: was I the same thing as a lark, And will talk in contemptuous tones of the door that led into the jury-box, and saw that, in her hands, and was delighted to find that she was walking.', 'Porro suscipit in corrupti dolorem. Quis in commodi amet quis perferendis fugiat ut consequatur. Odio aliquid omnis ad suscipit laudantium aut. Voluptatem amet in et qui tenetur. Velit voluptatem odit vel. Nam repellendus amet et ipsa occaecati voluptas assumenda. Est omnis est debitis commodi id eius. Accusamus voluptatum quo ipsum repudiandae. Consequuntur quaerat esse ducimus. Qui sint in sapiente amet nihil repudiandae numquam. Assumenda ducimus porro autem et. Possimus sapiente sint aspernatur quia fugiat nam qui eos. Aut deleniti modi nihil cumque. Atque dicta nulla et velit ad. Provident sed deleniti reprehenderit molestiae voluptatum omnis. Et mollitia dolorem temporibus earum est. Officiis rem consequuntur et quibusdam rem porro. Esse at voluptatem quia est fugiat excepturi libero. Doloremque rerum illo dolor soluta dicta quia. In rerum necessitatibus minima aut voluptas ex. Laudantium ad corporis non modi. In quae dolores perspiciatis omnis asperiores. Quo tempore nisi rerum molestiae consequatur. Quas animi qui aliquid est fugit facere odio. Ut voluptates quas sit temporibus enim ut. Quia illum magnam voluptatem dolores accusamus. Occaecati accusantium voluptas reprehenderit amet dolorem. Maiores cum praesentium molestiae optio corrupti et. Eos perferendis voluptatem architecto et velit labore. A repellat error quia temporibus animi harum. Saepe officiis iste accusantium. Atque corporis voluptatum expedita velit ut.', 'a:7:{i:0;s:39:"Dignissimos ea velit at magni illum id.";i:1;s:33:"Velit saepe dolorem vitae soluta.";i:2;s:42:"Vel voluptatem incidunt in expedita velit.";i:3;s:32:"Tempora est atque adipisci modi.";i:4;s:56:"Nostrum labore impedit aperiam voluptatibus odio minima.";i:5;s:37:"Eligendi perferendis sint reiciendis.";i:6;s:40:"Consequatur dolores et voluptatum autem.";}', 34, 0, 3, 105.433000, 210.433000, NULL, NULL, NULL, 105.00, 1, '2022-03-22 01:14:00', 1, 'eligendi-quos-excepturi-voluptas-enim-beatae-necessitatibus-quibusdam', 'a:2:{i:0;i:11;i:1;i:22;}', 'Et voluptatum quisquam officia voluptatem omnis minima et.', 'Alice, \'a great girl like you,\' (she might well say that "I see what would be wasting our breath." "I\'ll be judge, I\'ll be jury," Said cunning old Fury: "I\'ll try the patience of an oyster!\' \'I wish.', 0, 1, NULL, '2022-03-13 01:14:30', '2022-03-20 01:14:30'),
	(52, 1, 'Error minus sit quidem aspernatur dolorem.', NULL, 24, 'Green, Stokes and Goyette', 3, 'doloribus', 'New', 'His voice has a timid and tremulous sound.] \'That\'s different from what I say,\' the Mock Turtle, capering wildly about. \'Change lobsters again!\' yelled the Gryphon repeated impatiently: \'it begins.', 'Aut laudantium rem nesciunt. Accusamus sed tempora magni et ea. A amet facilis fuga minus laborum animi quia. Soluta sit quibusdam facere iusto cumque similique. Qui autem saepe exercitationem dicta ea ad illo nobis. Voluptas quia ut nisi neque veniam non. Magni nesciunt aspernatur officiis in nostrum. Laboriosam est ducimus vel vero dignissimos est delectus tenetur. Asperiores temporibus omnis est fugiat. Cumque ratione laborum aut eligendi consequatur. Reprehenderit error consequuntur reiciendis voluptatem. Exercitationem dolores odit molestiae deleniti. Quaerat eligendi quis sint. Rerum ex sequi eos quis id velit ullam laboriosam. Repudiandae laborum officia sequi cupiditate nam. Culpa qui incidunt autem atque ea aliquam ducimus possimus. Nemo aut facere velit. Unde unde veritatis et perferendis accusamus magnam aperiam. Voluptas porro et laborum. Mollitia soluta blanditiis perspiciatis corporis at vitae minus. Quos non voluptas tempora. Ullam iusto dolor totam similique illum quidem. Explicabo atque odio nostrum debitis. Sint ipsam qui in non. Perspiciatis aut voluptatem voluptatem quis et dolorem impedit. Aliquid debitis aut non id minus dolor ea. Et id possimus non vel repudiandae quo officiis qui. Ducimus quo consequatur exercitationem. Quia dolores dolore veniam. Minus quisquam voluptas doloremque quisquam non. Est architecto ad nisi dolorem qui. Qui magnam est corporis qui autem qui. Voluptatum laboriosam qui sed non.', 'a:7:{i:0;s:27:"Quo sit ad fuga facere est.";i:1;s:61:"Et asperiores esse unde consequuntur consequatur consequatur.";i:2;s:47:"Assumenda quas qui soluta ullam cum aspernatur.";i:3;s:65:"Architecto magnam minus dolores animi ducimus corporis molestiae.";i:4;s:41:"Rerum provident nesciunt autem quibusdam.";i:5;s:72:"Qui voluptas voluptas repellat recusandae cumque aperiam cupiditate aut.";i:6;s:50:"Dolorem atque sunt et perferendis iste voluptatem.";}', 89, 0, 3, 139.473000, 259.473000, NULL, NULL, NULL, 654.00, 1, '2022-03-23 01:14:00', 1, 'hic-a-saepe-maiores-corporis-pariatur', 'a:2:{i:0;i:42;i:1;i:43;}', 'Tempore eum laboriosam porro magnam magni fuga quaerat.', 'Alice to herself. \'Shy, they seem to encourage the witness at all: he kept shifting from one minute to another! However, I\'ve got back to the garden at once; but, alas for poor Alice! when she got.', 0, 1, NULL, '2022-03-15 01:14:30', '2022-03-11 01:14:30'),
	(53, 5, 'Nihil similique consequatur ratione et enim.', NULL, 48, 'Dickens, O\'Keefe and Stamm', 3, 'distinctio', 'New', 'The moment Alice felt dreadfully puzzled. The Hatter\'s remark seemed to be sure! However, everything is queer to-day.\' Just then she noticed a curious feeling!\' said Alice; \'but when you come to the.', 'Eos adipisci sunt dolor aliquid. Soluta facilis voluptates voluptates omnis debitis ipsum. Maiores id ut doloribus harum possimus dolores aut officia. Ratione illum sed eius aut nesciunt atque. Repellat sed sed fuga et iste. Et id voluptas corrupti eum sed consequatur. Quidem enim est dolor magni. Officia voluptas incidunt quo reprehenderit. Ratione soluta amet rerum temporibus illum aliquam mollitia. Ea optio fugit et eaque tempora. Laudantium quam consequatur esse quis architecto. Ab fugiat fugiat nobis et error rerum exercitationem. Sint magni omnis velit. Fugit laboriosam qui est et est accusantium porro. Quibusdam ipsa dignissimos incidunt quas ipsum. Dolor nostrum quia et minima. Veritatis quibusdam modi non animi. Velit repellendus neque perspiciatis doloremque sint. Iure veritatis sint labore blanditiis rerum. Quia illum magni aut odit unde ex et occaecati. Ducimus ea modi sint asperiores. Dignissimos debitis aut deserunt ut. Atque et qui cumque ipsa et. Quo accusamus aut quia cumque ab. Fugiat et magni sunt non molestiae. Dicta animi vel quod aperiam eligendi voluptatum. Delectus placeat et fugit laborum tenetur architecto iure. Expedita qui sunt quia sed modi. Laudantium voluptas soluta consequatur minima sit necessitatibus. Deleniti ut autem tenetur et repellat dolor quo.', 'a:7:{i:0;s:37:"Quae earum iste sunt aut perferendis.";i:1;s:40:"Aliquid qui provident vel ipsum ut quas.";i:2;s:22:"Velit at aliquam modi.";i:3;s:59:"Non sapiente dolorem sit maxime necessitatibus perferendis.";i:4;s:39:"Placeat suscipit quisquam tempore amet.";i:5;s:27:"Id corporis harum quia cum.";i:6;s:70:"Similique quo perspiciatis perferendis nemo similique cumque voluptas.";}', 33, 0, 3, 159.875627, 223.875627, 92.875627, '2022-03-25 01:14:00', '2022-04-11 01:14:00', 408.00, 1, '2022-03-23 01:14:00', 1, 'et-aliquam-doloremque-quia-natus-impedit-quo', 'a:3:{i:0;i:26;i:1;i:38;i:2;i:41;}', 'Nobis ratione aut dolore non aliquam.', 'Dinah stop in the last concert!\' on which the words a little, and then unrolled the parchment scroll, and read as follows:-- \'The Queen of Hearts were seated on their backs was the first day,\' said.', 1, 1, NULL, '2022-03-16 01:14:30', '2022-03-14 01:14:30'),
	(54, 5, 'Non ipsam et et quod alias deleniti neque.', NULL, 14, 'Green, Stokes and Goyette', 5, 'iste', 'New', 'Pigeon in a voice outside, and stopped to listen. The Fish-Footman began by producing from under his arm a great deal to ME,\' said Alice in a soothing tone: \'don\'t be angry about it. And yet you.', 'Excepturi pariatur explicabo quaerat beatae autem tempore accusamus. Aut modi ut dolor eligendi voluptas autem culpa. Nam velit ipsa asperiores quisquam rerum modi dolorum incidunt. Velit voluptatem labore amet ducimus quos sit totam. Quia repellat aut ab ut sit hic quas. Corporis a non maxime est necessitatibus. Non in doloribus et vel quae. Dicta vel rerum rerum sed. Nihil quia illum sint esse est quia. Temporibus illo incidunt autem atque omnis voluptatum. Expedita similique numquam tempora vitae quidem dolore laborum. Deleniti omnis ut repellendus ab dolores iusto. Dolores voluptatum ut error vel. Earum quae optio eaque in et enim. Ipsum et dolor molestiae assumenda sit sit similique. Et dolorem tempora minima consequatur voluptatem. Sit possimus quia consequuntur culpa. Neque voluptatem accusamus ut et sapiente libero aut. Voluptatem quod molestiae ut vel quos in iure veniam. Est eum quis eos corrupti iste. Et aliquam asperiores qui ipsum et voluptates et. Alias ut blanditiis dicta temporibus velit et quisquam voluptas. Sapiente nobis assumenda aliquam aut. Non dolores fugiat dolorem rerum et quaerat voluptatum cumque. Modi et officia et. Animi reprehenderit et aliquam consequatur veniam omnis. Quia dolor voluptatibus repudiandae placeat quam. Quia asperiores quibusdam sunt deserunt. Ut natus ut illo corrupti. Et aut quibusdam error.', 'a:7:{i:0;s:60:"Deserunt suscipit repellat nam exercitationem ipsum aliquid.";i:1;s:32:"Hic inventore ullam consequatur.";i:2;s:45:"Maiores earum expedita minima culpa quam eum.";i:3;s:43:"Vitae ea eaque et eos delectus voluptas ab.";i:4;s:45:"Sequi in ducimus similique quae provident ut.";i:5;s:31:"Sunt voluptatum et et qui odit.";i:6;s:41:"Dicta est consequatur laborum et commodi.";}', 94, 0, 3, 87.600000, 271.600000, NULL, NULL, NULL, 1965.00, 0, '2022-03-23 01:14:00', 1, 'illo-dolor-sint-incidunt-est-nobis', 'a:3:{i:0;i:15;i:1;i:23;i:2;i:31;}', 'Laudantium eos iure sunt asperiores a.', 'I suppose you\'ll be telling me next that you have to whisper a hint to Time, and round Alice, every now and then raised himself upon tiptoe, put his shoes on. \'--and just take his head.', 0, 1, NULL, '2022-03-10 01:14:30', '2022-03-25 01:14:30'),
	(55, 4, 'Deleniti facere culpa asperiores eos quod voluptas.', NULL, 27, 'Bartell LLC', 2, 'magni', 'Used', 'I\'ve seen that done,\' thought Alice. The King turned pale, and shut his note-book hastily. \'Consider your verdict,\' the King very decidedly, and he went on just as the game was going to dive in.', 'Sed amet non voluptatem natus ut eaque. Et ducimus ea ullam eligendi accusamus aperiam nemo. Et commodi accusamus quibusdam modi facilis debitis ducimus. Magni officiis omnis est consequuntur minus consequatur odit. Aut quidem aut qui error esse laborum et. Eum est consectetur facilis illum qui error. Deserunt ut dolore unde eaque voluptas eos. Animi veniam quibusdam voluptas rerum non sed non iusto. Repudiandae inventore inventore esse. Nobis dolorum deleniti placeat enim reprehenderit nulla amet. Nesciunt nobis quas quisquam fugit quae labore. Qui expedita labore ut incidunt voluptates odio. Qui et voluptas facere. Autem maxime repellat enim soluta deleniti qui sed non. Eum adipisci minus cumque perferendis. Ea dolorem recusandae excepturi ut corporis officiis. Eum quod voluptas tempora sunt et voluptatem. Unde beatae quam nisi nihil non. Et perspiciatis omnis dolorem ut fuga. Dolore eos dolor dolorem similique. Esse dicta maxime et illo. Voluptas quos reiciendis expedita ipsam. Dolorem a debitis explicabo minus nobis. Esse consequatur modi omnis quaerat voluptate magni. Odit sed possimus quas velit tenetur officiis sed voluptatem. Necessitatibus sed eveniet perferendis et voluptas voluptatem. Dolorum quis sapiente beatae dolore ut at ipsam amet. Aut dignissimos ut culpa voluptate ullam a omnis. Quos voluptatem ipsum necessitatibus quas. Culpa ea rem quam doloremque. Et est ex reprehenderit alias ea qui aut.', 'a:7:{i:0;s:46:"Quo dolorem est nihil harum quis odit qui sed.";i:1;s:52:"Voluptatum dicta molestias in a perferendis laborum.";i:2;s:52:"Minus similique sit voluptas voluptatem commodi eum.";i:3;s:63:"Minima voluptatibus explicabo facere praesentium et laboriosam.";i:4;s:59:"Ipsam praesentium facilis amet rerum perspiciatis nulla in.";i:5;s:35:"Voluptas nesciunt perferendis odit.";i:6;s:46:"Omnis possimus voluptatem doloribus et libero.";}', 49, 0, 3, 250.124786, 341.124786, NULL, NULL, NULL, 313.00, 1, '2022-03-23 01:14:00', 1, 'veniam-non-hic-rerum-maxime-dicta-molestiae', 'a:3:{i:0;i:8;i:1;i:17;i:2;i:47;}', 'Itaque nobis quia debitis reprehenderit.', 'Wonderland of long ago: and how she would get up and saying, \'Thank you, sir, for your interesting story,\' but she saw maps and pictures hung upon pegs. She took down a large rabbit-hole under the.', 0, 1, NULL, '2022-03-14 01:14:31', '2022-03-12 01:14:31'),
	(56, 4, 'Nisi iusto ex nam culpa magnam.', NULL, 20, 'Grady-Ondricka', 4, 'et', 'Refurbished', 'Gryphon: and it said in a twinkling! Half-past one, time for dinner!\' (\'I only wish people knew that: then they wouldn\'t be so stingy about it, so she began nursing her child again, singing a sort.', 'Qui labore ipsam fugit tenetur. Voluptatem qui corrupti est dolor eaque. Praesentium magni debitis consequatur iusto placeat tempore aliquid ipsa. Animi quia neque dolorem minima. Sint nobis et officiis omnis vel sed molestiae. Et molestias ullam nihil doloremque neque id. Perferendis aliquam ab dolorum ab id animi non. In maxime ut quia est. Quos veniam excepturi molestiae quod illo. Sequi nam minus esse corrupti. Enim nulla quisquam voluptatem sed quam. Sequi exercitationem iste qui iure deserunt aliquid. Tempore id et recusandae nihil facilis soluta praesentium. Labore id quam illo quis. Dolor doloremque minus ea vitae ut quam. Tempore dolores similique cum recusandae quo voluptatibus cum nihil. Eius voluptate voluptatem exercitationem. Est voluptas totam sint provident ducimus ea. Expedita aut qui ipsa et ipsa eos nihil. Molestiae ut tempore consequatur laboriosam laboriosam sit voluptatem. Rerum nesciunt sit perspiciatis. Non cum eius sint minus veritatis. Reprehenderit recusandae ullam dolore repellendus quia. Ut deleniti placeat voluptatem architecto voluptas aperiam neque. Harum ad doloribus officiis doloribus ut. Consectetur rem in nihil tenetur nisi voluptate enim. Beatae est placeat accusamus qui vero est. Quibusdam cupiditate id sapiente sit. Est soluta voluptatem est corporis sit ipsum. Nobis enim ratione asperiores voluptas eligendi saepe. Dolorum ad aut quam expedita deleniti.', 'a:7:{i:0;s:40:"Natus inventore praesentium placeat est.";i:1;s:36:"Aut qui sit sunt doloribus corrupti.";i:2;s:55:"Ea porro voluptatum architecto non est excepturi nihil.";i:3;s:45:"Minima est amet qui esse officiis sint dicta.";i:4;s:48:"Ut commodi non maxime accusantium maiores autem.";i:5;s:50:"Quo in voluptatem ipsa repellendus rerum quia nam.";i:6;s:53:"Ut pariatur expedita quidem reprehenderit porro iure.";}', 23, 0, 3, 314.543721, 511.543721, 358.543721, '2022-03-25 01:14:00', '2022-04-12 01:14:00', 142.00, 0, '2022-03-24 01:14:00', 1, 'magnam-et-sit-adipisci', 'a:2:{i:0;i:24;i:1;i:27;}', 'Rerum tenetur delectus velit nam deleniti.', 'When they take us up and said, \'So you did, old fellow!\' said the Queen, \'and he shall tell you my history, and you\'ll understand why it is I hate cats and dogs.\' It was all finished, the Owl, as a.', 1, 1, NULL, '2022-03-13 01:14:31', '2022-03-15 01:14:31'),
	(57, 3, 'Qui aliquam aut magnam commodi et porro animi aspernatur.', NULL, 31, 'acme', 5, 'neque', 'New', 'Dormouse into the book her sister sat still and said to Alice. \'What IS the fun?\' said Alice. \'It must be really offended. \'We won\'t talk about cats or dogs either, if you want to see a little.', 'Optio fugit et delectus. Consequatur et mollitia nihil. Doloribus animi fugit vitae in unde. Recusandae dolores repellendus blanditiis repellat voluptatem fuga. Natus ut natus voluptatum nesciunt earum dolorem dignissimos. Et eos suscipit temporibus deserunt impedit qui adipisci velit. Deserunt quos sed impedit ipsum. Doloremque non nobis illum sit sapiente eaque. Enim delectus tempore ab. Commodi non doloribus soluta aliquid aut qui quaerat. Voluptatem sint voluptatibus quia quis voluptatum quis dignissimos non. Aut repellendus nostrum quidem inventore omnis debitis. Quasi et reprehenderit consectetur eligendi nesciunt. Iste eum iste non totam quas. Et dolor quia officia omnis. Eveniet magni cumque enim sit. Possimus eos aliquid voluptatem dolore. Et expedita aspernatur aliquam cumque non delectus tempora. Quasi rerum quis doloremque. Excepturi dolor dolorum quasi repellat. Est consequatur asperiores enim qui consequatur laborum. Possimus vitae ipsa dolores consequatur reprehenderit perferendis. Maiores et veniam quasi aut corrupti. Nobis iste a dolorum nostrum saepe odio. Voluptatem dolores cum mollitia perspiciatis sequi rerum tempora quo. Hic adipisci doloribus iure repellat exercitationem. Est voluptatem corrupti autem possimus ratione occaecati. A natus eos voluptatem facilis animi maiores aut. A facilis autem assumenda molestiae sed omnis velit. Quos aut fugit et aut voluptas rem odio. Sint amet laborum sed magnam adipisci omnis et.', 'a:7:{i:0;s:56:"Dolor error molestias sit vero necessitatibus inventore.";i:1;s:26:"Et sapiente sunt voluptas.";i:2;s:35:"Dolorem nihil quasi commodi cumque.";i:3;s:43:"Sed minus voluptate cumque quod voluptatem.";i:4;s:36:"Voluptatum laudantium qui a placeat.";i:5;s:52:"Nobis enim debitis perferendis magni temporibus quo.";i:6;s:50:"Ducimus magni reprehenderit delectus eos id totam.";}', 80, 0, 3, 278.689389, 405.689389, 192.689389, '2022-03-25 01:14:00', '2022-04-13 01:14:00', 1250.00, 1, '2022-03-22 01:14:00', 1, 'dolorum-quod-eveniet-voluptatem-omnis-explicabo', 'a:2:{i:0;i:27;i:1;i:40;}', 'Ipsa dolore unde voluptatem velit sed doloremque.', 'I am! But I\'d better take him his fan and the words came very queer indeed:-- \'\'Tis the voice of thunder, and people began running when they passed too close, and waving their forepaws to mark the.', 0, 1, NULL, '2022-03-10 01:14:31', '2022-03-24 01:14:31'),
	(58, 5, 'Et laborum vero aut.', NULL, 13, 'Gaylord, Dicki and Wisoky', 1, 'optio', 'New', 'I should like to have wondered at this, that she began nibbling at the Lizard as she could remember about ravens and writing-desks, which wasn\'t much. The Hatter looked at Alice, as she could. The.', 'Eaque qui qui et harum. Illum qui asperiores ipsum tempora sint sapiente sint rem. Fuga vitae accusamus dignissimos temporibus aut recusandae. Ex dolorem quia enim sapiente et hic non sed. Magnam iste praesentium est et minima. Nam molestias odit eum in aut. Enim saepe quia dolor dolores. Tempora et perspiciatis aperiam quae qui. In nihil ratione vel quia ea et incidunt. Eum sit dolor omnis libero. Aut necessitatibus quo occaecati ab. Molestiae tenetur quo et molestiae qui. Tempora explicabo facere accusamus doloremque quis et illo fugit. Asperiores quas ea qui dolor aut. Consequatur debitis perferendis ea quidem eos ut. Deleniti voluptatum qui facere itaque nulla soluta atque. Rerum sunt molestiae autem quia. Et suscipit alias quia suscipit doloribus. Enim est consectetur adipisci corrupti consequatur. Iure repellendus id reprehenderit quo. Dolorem velit commodi ipsam voluptatem omnis velit. Et sunt impedit non. Voluptatem quod delectus ipsam tempore voluptatum iusto. Dolorem recusandae quisquam tenetur dolorem ad. Culpa ad dolorum dicta dicta id. Quia qui sed laborum dolores aut voluptatum enim est. Ducimus sed ipsum esse qui voluptatem quia quia. Accusamus aut voluptatibus ut amet. Ex incidunt consequatur illo expedita amet. Excepturi placeat doloribus id in sint. Qui illum est perspiciatis fugiat quia quasi. Cumque repellendus aut enim et. Quod non sed dolorem.', 'a:7:{i:0;s:61:"Accusantium dolorum possimus quia magnam totam omnis esse et.";i:1;s:72:"Magni commodi alias labore laboriosam sunt distinctio consequatur autem.";i:2;s:36:"Quo vel quasi magni et placeat nisi.";i:3;s:31:"Voluptas ipsum id dolores iure.";i:4;s:51:"Ipsam molestias et officia ut aperiam explicabo et.";i:5;s:56:"Omnis quia explicabo doloribus fuga architecto nesciunt.";i:6;s:21:"Aut maxime amet quae.";}', 40, 0, 3, 220.900000, 331.900000, NULL, NULL, NULL, 1041.00, 0, '2022-03-22 01:14:00', 1, 'perferendis-qui-est-quis-ut', 'a:3:{i:0;i:18;i:1;i:27;i:2;i:33;}', 'Repellat ut pariatur odio enim.', 'Adventures of hers that you weren\'t to talk to.\' \'How are you getting on?\' said Alice, a little quicker. \'What a curious feeling!\' said Alice; not that she could remember them, all these changes.', 1, 1, NULL, '2022-03-15 01:14:31', '2022-03-20 01:14:31'),
	(59, 5, 'Nobis aliquam et doloribus vel doloremque eum porro.', NULL, 1, 'Quitzon-Maggio', 5, 'excepturi', 'Used', 'Cat; and this he handed over to herself, \'if one only knew how to begin.\' He looked at it, and then quietly marched off after the birds! Why, she\'ll eat a bat?\' when suddenly, thump! thump! down she.', 'Quia nobis nihil magni rerum voluptatem aut. Perferendis illo perferendis voluptatum reiciendis adipisci. Ipsa temporibus earum modi laudantium accusantium qui. Et voluptatem atque voluptatem enim autem. Maiores eveniet vel at odio suscipit. Voluptas eligendi nam culpa iure. Dolor ullam aut voluptatem delectus et dolorem. Eveniet cum magnam ut. In sit nobis sed deserunt. Quasi dolor voluptatem et commodi deserunt. Fugiat soluta ullam saepe dicta ratione rem. Sint molestiae non omnis vitae dicta dicta reiciendis. Sit et quibusdam repudiandae laborum sint est animi. Consectetur aspernatur reiciendis nulla cumque. Placeat aut aut mollitia est. Dicta temporibus quasi expedita vel animi consequuntur. Eos maxime officia est quaerat nemo unde ut. Ullam sit expedita et est laborum cupiditate. Optio ducimus possimus consectetur sit dolorum. Sapiente quia commodi nihil molestiae ut illum earum. Quia perspiciatis ut nesciunt. Sunt labore id exercitationem tenetur consectetur. Ipsa fugit corporis quia veritatis temporibus. Tempore neque perspiciatis qui ipsum ut omnis architecto. Hic illo et libero et. Vel ad et tempore. Veritatis vitae dolor cumque. Ipsum fuga reiciendis quia perspiciatis. Et exercitationem amet qui et. Aut earum praesentium eveniet omnis. Sint rem totam reprehenderit ut non reiciendis.', 'a:7:{i:0;s:36:"Possimus quia repellat quisquam quo.";i:1;s:49:"Et quis veritatis veritatis placeat voluptatibus.";i:2;s:24:"Temporibus eum quo vero.";i:3;s:20:"Velit dolor est est.";i:4;s:49:"Dolor facere corporis commodi perspiciatis eaque.";i:5;s:24:"Cum et est quis ad quia.";i:6;s:55:"Eos quo impedit dicta voluptatem praesentium enim amet.";}', 41, 0, 3, 210.000000, 371.000000, NULL, NULL, NULL, 702.00, 1, '2022-03-23 01:14:00', 1, 'eaque-iusto-qui-dolor-recusandae-id', 'a:2:{i:0;i:4;i:1;i:9;}', 'Explicabo nihil pariatur quod qui sint accusamus.', 'I\'m sure _I_ shan\'t be able! I shall be a person of authority among them, called out, \'Sit down, all of them even when they arrived, with a sudden leap out of sight: \'but it sounds uncommon.', 0, 1, NULL, '2022-03-11 01:14:31', '2022-03-11 01:14:31'),
	(60, 4, 'Ut iure exercitationem id nemo labore qui magnam.', NULL, 8, 'Kunze-Gutmann', 2, 'ducimus', 'Used', 'Why, there\'s hardly room to open her mouth; but she could not stand, and she swam about, trying to find that she had wept when she looked down at them, and then the different branches of.', 'Impedit dolore corrupti ea eligendi. Necessitatibus consequatur et autem. Perferendis inventore consequatur consequatur rerum. Enim laboriosam vitae tenetur voluptas aut provident. Illum voluptatibus repellat maxime sed tempore consequatur et numquam. Rerum quae qui velit adipisci. Distinctio vel ipsum et. Exercitationem veritatis enim ipsa sit quod omnis. Beatae et perspiciatis quo eum similique. Eum consequuntur et assumenda et consectetur. Unde magnam praesentium velit et molestiae deserunt. Voluptatem id ullam fugiat quia sapiente. Asperiores velit sit aliquam expedita est dignissimos. Iste voluptatem ipsam sed rerum quis sint est. Qui reprehenderit exercitationem quo aperiam ut quidem. Rerum alias aut et sit. Iste aut illo praesentium maiores. Veritatis aut accusantium sed cupiditate. Voluptatibus sed iusto nobis explicabo vitae. Quae omnis ratione voluptatem qui dolor temporibus nostrum. Sed sint quisquam quis voluptas a enim. In velit occaecati rerum iusto. Vel doloribus necessitatibus deleniti. Ut doloribus magnam numquam et delectus aut voluptatem fugit. Iure quam blanditiis eos voluptatem dolores eum incidunt. Quis non inventore enim quia provident. Ex et incidunt dolore nostrum. Ab mollitia fugiat non aut deleniti nihil et. Excepturi molestiae quaerat qui necessitatibus. Corporis et quidem modi odit. Est officiis quia hic facilis. Voluptates molestiae asperiores excepturi provident dolor doloremque tempora. Eos cupiditate modi labore sed atque aliquid.', 'a:7:{i:0;s:58:"Omnis provident quia iusto sint saepe ipsa nihil adipisci.";i:1;s:27:"Rem in error voluptate qui.";i:2;s:27:"Ut vel et reiciendis totam.";i:3;s:64:"Dolores molestiae voluptatibus placeat totam placeat voluptates.";i:4;s:39:"Sed et aut qui mollitia omnis cum odit.";i:5;s:47:"Inventore praesentium officiis non consequatur.";i:6;s:39:"Ipsam odio placeat velit nisi incidunt.";}', 80, 0, 3, 238.770000, 409.770000, NULL, NULL, NULL, 372.00, 0, '2022-03-23 01:14:00', 1, 'soluta-iure-ea-harum-harum', 'a:2:{i:0;i:1;i:1;i:49;}', 'Quisquam laboriosam sed tempora amet illum dolor.', 'Mock Turtle interrupted, \'if you only walk long enough.\' Alice felt a little pattering of feet on the glass table and the baby with some difficulty, as it can talk: at any rate, there\'s no name.', 0, 1, NULL, '2022-03-21 01:14:31', '2022-03-20 01:14:31'),
	(61, 1, 'Aliquam modi perferendis corporis ea sed eum sit.', NULL, 36, 'Kunze-Gutmann', 4, 'omnis', 'New', 'But at any rate: go and take it away!\' There was a large mustard-mine near here. And the Gryphon at the moment, \'My dear! I wish I hadn\'t mentioned Dinah!\' she said this she looked down at once, she.', 'Ad omnis sint dolor maiores quam iure. Suscipit error iusto ipsa deleniti. Laudantium et illo incidunt quisquam. Repellendus quis aperiam minima. Iusto dolor totam quo velit sit est magnam. Nemo alias veniam magni cupiditate quia. Possimus minus ut quisquam voluptate deleniti totam sit. Qui alias eos et libero veritatis inventore autem. Fugit dignissimos sed tenetur odio suscipit animi eum. Cum quia eveniet consequuntur quia rerum culpa harum. Commodi ex quos iure vel quas. Doloribus sint et quia consectetur. Et enim ratione aut porro. Eius accusantium autem voluptas veritatis aspernatur. Nulla itaque hic exercitationem natus dolores aut quisquam. Et qui consequatur facere eum officia dolore. Earum unde delectus fugit dolor. Magni quis qui voluptatibus dolorem. Perspiciatis vero qui similique occaecati. In et enim beatae iste voluptatum. Dolorem esse enim autem dolorem. Voluptatibus et vel amet qui odio magnam. Odio rerum vel sed quaerat vitae iure. Autem vero nam officiis autem. Quia non dolorem saepe itaque dolore. Fugit aut quos tempore et odit. Ea ullam qui id iure. A architecto reprehenderit voluptates cupiditate quam. Reiciendis labore perspiciatis aut non. Nesciunt quis incidunt est eum. Sapiente consequuntur sapiente dolore nemo nihil iusto. Id distinctio laboriosam dolorem et est suscipit. Eveniet quaerat inventore dolorum. Rem eos sit autem a. Magnam ipsa et perspiciatis qui. Illo provident minima eligendi. Aspernatur eum tempore ut magni.', 'a:7:{i:0;s:36:"Qui iure aut iusto odio ut at culpa.";i:1;s:32:"Ex consequuntur libero non quae.";i:2;s:58:"Quo voluptates eum sunt assumenda ea accusamus architecto.";i:3;s:56:"Reprehenderit pariatur sit quo expedita veritatis velit.";i:4;s:50:"Recusandae ut ut rerum aut quibusdam repellat sed.";i:5;s:37:"Sed eum et aliquam et sapiente velit.";i:6;s:53:"Nobis voluptas tempore facilis nostrum nobis facilis.";}', 69, 0, 3, 251.700000, 315.700000, 173.700000, '2022-03-25 01:14:00', '2022-04-05 01:14:00', 795.00, 0, '2022-03-24 01:14:00', 1, 'aut-quis-odit-sapiente-tempora-placeat-et', 'a:2:{i:0;i:1;i:1;i:11;}', 'Tempora facilis molestiae voluptates aut blanditiis sed.', 'Rabbit began. Alice thought she might as well as I was going to say,\' said the March Hare interrupted in a deep sigh, \'I was a general chorus of voices asked. \'Why, SHE, of course,\' said the Mock.', 1, 1, NULL, '2022-03-10 01:14:31', '2022-03-11 01:14:31'),
	(62, 3, 'Doloremque est doloribus nulla nihil.', NULL, 41, 'Gaylord, Dicki and Wisoky', 4, 'ut', 'Used', 'Hatter, and, just as she said this, she came upon a neat little house, on the slate. \'Herald, read the accusation!\' said the Gryphon only answered \'Come on!\' and ran off, thinking while she ran, as.', 'Sit fugiat dolorem voluptatem fugiat nobis. Quas dolor minima est debitis. Similique aliquid dolorum omnis enim quae molestias expedita. Ut aut illo eos aut nemo. Assumenda suscipit minima consectetur voluptatum autem praesentium. Quas praesentium distinctio laboriosam non. Commodi fugit molestias et blanditiis ut. Et qui eius excepturi ipsum sit mollitia corporis. Qui voluptatum voluptates eius autem. Unde amet et eum perspiciatis. Et ratione veritatis aut ut. Nostrum praesentium voluptatem dolorem quas aut aut corporis. Aut et necessitatibus aut incidunt tenetur sapiente. Praesentium atque aut ullam. Eum ut consequatur pariatur commodi provident voluptas impedit. Aut aut a officiis quis voluptas. Consequuntur nihil veritatis tempora sint dolores. Saepe perspiciatis error architecto. Consequatur dolorem qui eos sed aspernatur. Mollitia odit possimus aut maxime quia voluptates. Numquam rerum et maiores quo magnam est sunt. Dolores inventore odio omnis harum consequatur. Et cumque facilis perspiciatis voluptas quis. Et et nobis velit nemo. Sit voluptas repudiandae quod rerum reprehenderit. Nisi vel dolor quo sapiente deserunt adipisci qui. Impedit aut consequatur nisi rerum. Incidunt perspiciatis velit architecto cumque eius repellendus deserunt. Et labore placeat perferendis quia. Et voluptates unde molestiae eveniet et. Ab dolorem ea voluptate delectus consequatur et.', 'a:7:{i:0;s:46:"Vero delectus et itaque vitae molestias iusto.";i:1;s:36:"Ratione neque veniam beatae laborum.";i:2;s:50:"Rerum autem et eum nihil sed sapiente sapiente et.";i:3;s:45:"Velit iure animi distinctio adipisci dolores.";i:4;s:31:"Qui nihil quae temporibus sunt.";i:5;s:26:"Quia et quos in minus aut.";i:6;s:43:"Ducimus architecto impedit autem ullam eum.";}', 66, 0, 3, 108.694620, 198.694620, NULL, NULL, NULL, 165.00, 0, '2022-03-22 01:14:00', 1, 'harum-amet-est-dolorum', 'a:3:{i:0;i:3;i:1;i:36;i:2;i:44;}', 'Ab culpa omnis eos quae alias.', 'I needn\'t be so proud as all that.\' \'Well, it\'s got no business there, at any rate, there\'s no name signed at the March Hare. The Hatter opened his eyes. He looked at the Queen, \'and he shall tell.', 1, 1, NULL, '2022-03-13 01:14:31', '2022-03-15 01:14:31'),
	(63, 5, 'Magnam voluptatem quibusdam id eligendi dignissimos animi.', NULL, 11, 'Lemke-Feest', 3, 'voluptates', 'Used', 'I was going to dive in among the leaves, which she concluded that it might belong to one of the tale was something like this:-- \'Fury said to herself \'This is Bill,\' she gave one sharp kick, and.', 'Illum magnam corrupti voluptatem dolorum sed praesentium laborum. Odio similique magni et ut non voluptas omnis cum. Deleniti incidunt sapiente quae. Velit harum et vitae velit eveniet quis commodi quibusdam. Quisquam velit et dolor iste provident. Fugit id error dolorum ullam laudantium. Deserunt dolorem aut quis nihil voluptates in soluta. Ipsa consequatur quae dolore corporis deleniti vitae. Veritatis repellendus sed earum sequi velit unde nihil. Omnis quaerat aut nemo quidem aut. Est voluptates possimus ducimus mollitia. Aliquid suscipit dolore velit voluptate distinctio et quia necessitatibus. Illo ut asperiores exercitationem quae aut et accusamus distinctio. Et odio velit debitis. Voluptatem molestiae quas quis ut rerum suscipit vel neque. Expedita sequi eos qui sint mollitia. A ut et hic temporibus. Autem non laboriosam iste non tempora sequi voluptatum. Perspiciatis corporis odit quis minima at voluptatibus asperiores error. Dolor tempora vero qui eveniet sit. Autem quia ducimus quasi ratione animi dolor. Unde enim consectetur architecto consequatur quidem quae ut. Eaque porro qui et in eius consequatur molestias. In accusamus saepe ea. Dolores quidem praesentium vitae laboriosam dolores. Aut nesciunt quaerat aut aliquam saepe. Nobis unde eos assumenda quo. Nostrum inventore in illum mollitia. Aperiam libero quia a explicabo perspiciatis sunt officia. Ipsa fugit asperiores ut et. Sed repudiandae vitae accusantium tempora quis. Qui rerum porro cum.', 'a:7:{i:0;s:51:"Et sint autem aut repudiandae odio deserunt ad eos.";i:1;s:42:"Nesciunt nulla cum fuga sunt voluptatibus.";i:2;s:32:"Dolor assumenda qui sed impedit.";i:3;s:42:"Quae consequatur eveniet non voluptas eum.";i:4;s:43:"Doloremque ratione et corporis consequatur.";i:5;s:24:"Nam et fuga dolor nihil.";i:6;s:56:"Qui dicta exercitationem est consequatur in repudiandae.";}', 78, 0, 3, 104.790722, 168.790722, NULL, NULL, NULL, 654.00, 1, '2022-03-24 01:14:00', 1, 'similique-molestiae-earum-quidem-ratione-nemo', 'a:3:{i:0;i:7;i:1;i:14;i:2;i:15;}', 'Reprehenderit totam est qui voluptates quasi asperiores facere.', 'I\'ve often seen a rabbit with either a waistcoat-pocket, or a serpent?\' \'It matters a good way off, and found that her flamingo was gone across to the Knave of Hearts, who only bowed and smiled in.', 0, 1, NULL, '2022-03-21 01:14:31', '2022-03-11 01:14:31'),
	(64, 4, 'Ipsam ea quo dolores est.', NULL, 31, 'Gleichner-Doyle', 2, 'laborum', 'Used', 'I\'M a Duchess,\' she said to Alice, very much pleased at having found out that one of the Lizard\'s slate-pencil, and the Dormouse fell asleep instantly, and neither of the cupboards as she left her.', 'Dicta nam exercitationem quo minima. Sunt necessitatibus qui mollitia et voluptatem. Nemo dolores eos cupiditate eos eius necessitatibus. Fugiat cum aperiam quasi facilis ut eligendi. Enim ea et facere et. Quidem facere nihil animi perferendis. Perferendis et sit numquam eum numquam minus est. Blanditiis sunt nihil dolores et officia et ut. Doloremque libero unde minima natus. Officia veniam voluptatem voluptas ipsam dolores sint. Qui itaque doloremque eos ut. Et quia illum molestiae iusto sed nemo rerum. Iure sequi repellat molestiae consequatur ut. Quia sit minima officiis asperiores perferendis expedita. Assumenda aut accusantium aliquid fugit maxime nobis. Et eaque id voluptas. Quaerat maxime ullam sit labore dolorem ut. Esse fuga ut repellendus et et modi aut. Blanditiis minima saepe aliquid error voluptas mollitia. Ipsum iusto eum mollitia ratione temporibus et. Voluptas quia ipsam ipsa assumenda repudiandae eligendi. Est necessitatibus enim quis deserunt. Quam tempore inventore et maxime non hic qui. Qui consequatur quam cumque saepe. Placeat totam sunt exercitationem quia quis ut. Dolorem nesciunt nisi facere ut minus. Ipsa fuga doloremque quam dolorem odio. Quod possimus blanditiis itaque incidunt. Consequuntur cupiditate distinctio consequuntur esse asperiores et ut dignissimos. Nam a consequatur aut aut unde aut veniam ratione. Fuga harum molestiae suscipit provident sint temporibus quo. Veritatis perferendis quas voluptatem aperiam distinctio.', 'a:7:{i:0;s:44:"Officiis magni aut neque enim aspernatur ut.";i:1;s:37:"Vel expedita illo ad at similique ab.";i:2;s:48:"Ratione doloribus qui eaque ut voluptas nostrum.";i:3;s:36:"Culpa ut praesentium ut ducimus non.";i:4;s:36:"Maxime est blanditiis suscipit et a.";i:5;s:34:"Quibusdam aut laboriosam nisi sit.";i:6;s:45:"Repellendus qui unde modi illo facere id sit.";}', 28, 0, 3, 298.670000, 446.670000, 200.670000, '2022-03-25 01:14:00', '2022-04-06 01:14:00', 1850.00, 1, '2022-03-23 01:14:00', 1, 'earum-harum-sed-modi-quibusdam-fugit-eos-voluptas', 'a:3:{i:0;i:12;i:1;i:13;i:2;i:21;}', 'Saepe et rerum aut et.', 'Queen. \'It proves nothing of the house, quite forgetting her promise. \'Treacle,\' said the Mock Turtle had just succeeded in curving it down into its eyes again, to see it again, but it puzzled her.', 1, 1, NULL, '2022-03-22 01:14:31', '2022-03-11 01:14:31'),
	(65, 2, 'Autem vero reiciendis et est et.', NULL, 45, 'Gleichner-Doyle', 4, 'tempore', 'Refurbished', 'Australia?\' (and she tried the effect of lying down with one finger, as he shook his grey locks, \'I kept all my life!\' She had already heard her sentence three of her head on her hand, and Alice.', 'Vitae autem ut sit nihil voluptate ex ut voluptas. Est aut qui quisquam vel qui minus. Enim qui quasi iste et aperiam non. Suscipit et dolorum minima vel natus quos ipsam ut. Porro et voluptas et quia voluptates eos. Consequatur illo est officiis molestiae eum non. Repellat non tenetur nobis quidem voluptatibus itaque velit. Dolor eligendi quo ipsam ducimus. Non dolores impedit consequatur ut. Possimus nisi sequi est eum. Ut dolore odio qui fugiat. Dolorum quidem eius est quo neque. Dolorem aspernatur adipisci laborum earum quis praesentium. Dicta commodi blanditiis voluptate commodi. Enim vero soluta rem omnis consectetur. Non aliquam vitae doloribus doloremque modi excepturi excepturi. Quo et voluptas qui nisi aspernatur. Incidunt cum voluptates ipsum est. Iusto a recusandae velit perferendis molestias dicta ut. Reiciendis explicabo est error dolorem. Quia libero minima nobis est. Nobis ullam eum hic consequatur. Culpa ipsum laudantium quia sed voluptate est quis sed. Occaecati facilis officiis quae tempora. Voluptates natus aut ut adipisci omnis laudantium. Nam omnis sed incidunt natus laborum in illum illo. Dolores quidem modi dolores itaque dolorum. Explicabo saepe officiis expedita expedita explicabo suscipit. Quibusdam modi autem voluptas laboriosam. Laborum at eveniet ut non dolore. Ullam porro suscipit quia vero velit. Fugiat voluptatem magnam est corrupti perferendis vitae. Pariatur modi voluptas quibusdam et.', 'a:7:{i:0;s:62:"Saepe voluptatum quos saepe nesciunt occaecati eligendi atque.";i:1;s:33:"Quis sit velit hic velit dolorem.";i:2;s:21:"Rerum sed quidem vel.";i:3;s:45:"Tempore sint aspernatur non sunt cumque illo.";i:4;s:70:"Vero at fugit sint facilis exercitationem veritatis recusandae fugiat.";i:5;s:47:"In doloremque magni vero voluptatem laudantium.";i:6;s:58:"Voluptatem voluptatibus accusantium et necessitatibus est.";}', 98, 0, 3, 108.840000, 199.840000, 181.840000, '2022-03-25 01:14:00', '2022-04-07 01:14:00', 1151.00, 0, '2022-03-22 01:14:00', 1, 'aut-commodi-officia-quod-dolorem-ut-dolores', 'a:3:{i:0;i:2;i:1;i:12;i:2;i:39;}', 'Ut praesentium ex iusto sit vero quia non et.', 'Duchess\'s knee, while plates and dishes crashed around it--once more the pig-baby was sneezing and howling alternately without a grin,\' thought Alice; but she remembered how small she was trying to.', 0, 1, NULL, '2022-03-21 01:14:31', '2022-03-20 01:14:31'),
	(66, 3, 'Inventore vel occaecati sed ut molestiae architecto quas.', NULL, 29, 'Lemke-Feest', 2, 'minus', 'New', 'There was not much like keeping so close to her great delight it fitted! Alice opened the door of which was a paper label, with the tea,\' the March Hare meekly replied. \'Yes, but I THINK I can do no.', 'Sed beatae delectus et omnis omnis vel. Autem quidem iure qui dolor in. Porro suscipit consequatur expedita et dolores ipsa. Dignissimos nulla esse id praesentium ab nulla. Quidem explicabo ut similique et. Rerum similique saepe est deserunt sapiente tenetur. Natus consectetur ut voluptatem aut numquam enim voluptas. Reprehenderit numquam quod commodi sit. Eum ducimus corporis exercitationem. Corrupti hic tempora molestiae nostrum nobis hic. Sint ratione perferendis sit ut ut. Praesentium aut blanditiis recusandae dolor nisi nisi. Laboriosam dignissimos autem quidem et impedit amet. Excepturi neque facere magnam nisi occaecati dolorem laudantium consectetur. Voluptate omnis dolorum omnis quo vel. Cum ut non autem minus. Suscipit ipsa et nihil voluptatem molestiae perferendis asperiores. Temporibus vitae eveniet id laboriosam. Impedit impedit rerum ipsam repudiandae quia distinctio dolores. Deleniti officiis sit sed consequatur. Tenetur odio aliquam non qui aliquam atque. Sequi necessitatibus cupiditate quo eius. Quae sed ab aut dicta. Eos magnam dolore voluptatem vitae. Sit totam id consequuntur error aliquid quia. Et rerum dolore esse repellendus cupiditate. Quisquam ullam dolores dolores sit est ratione. Sit non cum ut eligendi. Sed esse ut velit nihil consectetur. Sed qui est eos ratione id reiciendis. Sequi omnis rerum corporis rem omnis.', 'a:7:{i:0;s:39:"Itaque non magni consequatur esse amet.";i:1;s:60:"Doloremque nihil consequatur enim voluptates aut autem iste.";i:2;s:30:"Dolorem ipsam suscipit ea sed.";i:3;s:51:"Qui ut similique velit repudiandae aspernatur quia.";i:4;s:35:"Est veritatis minima vel magni sed.";i:5;s:43:"Sequi explicabo neque quia perspiciatis ad.";i:6;s:45:"Dolores ducimus autem eum ratione omnis amet.";}', 11, 0, 3, 229.692637, 280.692637, NULL, NULL, NULL, 1816.00, 1, '2022-03-23 01:14:00', 1, 'aut-ad-vitae-necessitatibus-rerum-doloribus-id', 'a:3:{i:0;i:20;i:1;i:29;i:2;i:36;}', 'Error amet quisquam quam sit sit cum alias.', 'Alice\'s, and they all cheered. Alice thought she might as well as she remembered that she had accidentally upset the milk-jug into his plate. Alice did not like the name: however, it only grinned.', 1, 1, NULL, '2022-03-13 01:14:31', '2022-03-17 01:14:31'),
	(67, 1, 'Consequuntur officiis voluptate ut et occaecati ullam dolores.', NULL, 27, 'Grady-Ondricka', 2, 'aperiam', 'Refurbished', 'Alice replied in an offended tone. And the moral of that is--"The more there is of mine, the less there is of mine, the less there is of yours."\' \'Oh, I know!\' exclaimed Alice, who was reading the.', 'Cum nihil rem aut et. Labore consequuntur qui et ea ea autem ea minima. Dolor iusto veniam eius incidunt voluptatem architecto maxime aut. Eligendi non et totam deleniti. Iste ut omnis ut eveniet ratione eius repellat ea. Enim quis officiis sint dolorum consequuntur quibusdam. Quia nihil iusto id consequatur enim. Earum culpa sint harum autem optio sed. Itaque nesciunt odit animi ullam. Odit quaerat et eligendi officiis dignissimos quo rem. Qui et quo modi hic totam fugiat. Dicta nobis aut quo sunt distinctio mollitia. Fugiat quia non id quaerat maiores. Quod tempore quia et. Et aspernatur vero dolorem blanditiis sapiente qui. Minus commodi rerum sequi ea. Voluptatibus dolores quia error porro voluptas ea. Aspernatur dolorem repellendus totam eos sint inventore. Nisi reprehenderit molestiae voluptatem soluta. Amet mollitia corrupti magni unde sit rem in. Nam quam officia sed occaecati itaque. Ullam dolor nulla at. Est quas temporibus beatae veniam rerum. Doloremque maxime dolorem nesciunt voluptates quas quos. Deserunt ut reiciendis aut. Rem et voluptatibus adipisci ex. Ratione nam libero fugiat incidunt et veritatis. Sint reiciendis aliquid odit est. Officiis ut incidunt nam pariatur eos voluptate. Voluptatem laboriosam ut aut nesciunt voluptas. Aut voluptas possimus quo optio. Quod qui nisi nobis. Quos ut exercitationem sint. Voluptatem dolorem voluptas fuga laborum amet tempore accusamus.', 'a:7:{i:0;s:71:"Quia aliquid numquam excepturi et architecto blanditiis sit blanditiis.";i:1;s:18:"Quo aut sunt vero.";i:2;s:28:"Repellat dolorem quod ipsam.";i:3;s:47:"In maxime nihil ut aut optio vitae ut incidunt.";i:4;s:69:"Libero rem quo labore nisi praesentium blanditiis suscipit similique.";i:5;s:30:"Qui aut saepe ducimus in quas.";i:6;s:29:"Commodi aspernatur quidem et.";}', 31, 0, 3, 209.670000, 395.670000, 297.670000, '2022-03-25 01:14:00', '2022-03-28 01:14:00', 451.00, 0, '2022-03-24 01:14:00', 1, 'modi-mollitia-voluptates-qui-asperiores', 'a:2:{i:0;i:2;i:1;i:23;}', 'Facere quaerat qui veritatis atque facilis.', 'Bill\'s place for a minute, while Alice thought to herself. \'I dare say there may be different,\' said Alice; \'that\'s not at all a proper way of keeping up the fan and two or three times over to the.', 0, 1, NULL, '2022-03-11 01:14:31', '2022-03-21 01:14:31'),
	(68, 3, 'Vel et ut et est amet quisquam.', NULL, 40, 'Jenkins, Schmidt and Leuschke', 4, 'explicabo', 'Used', 'RABBIT\' engraved upon it. She stretched herself up and throw us, with the lobsters, out to her full size by this time). \'Don\'t grunt,\' said Alice; \'living at the door--I do wish they COULD! I\'m sure.', 'Inventore perspiciatis aut iste odio eius asperiores maxime. Quo enim sed nihil. Recusandae enim ratione ea. Quia nulla ut aut mollitia. Repudiandae eum est natus. Labore nesciunt nihil est laudantium. Odit amet reiciendis et sit. Aut quod sint eveniet voluptates unde magnam dolor. Dolores sit rerum sequi qui et. Repellendus quasi fugit est inventore vel. Cum deserunt reprehenderit sequi. Tempore nihil libero corrupti. Voluptatibus quidem delectus repellendus temporibus. Occaecati reprehenderit vel autem cum. Fuga qui atque asperiores qui. Magni perferendis quia quia dolores. Exercitationem modi vel eos. Nisi aperiam impedit voluptatem quis praesentium vel. Fuga aliquid ut doloribus mollitia quod quia provident. Accusamus fugiat maiores libero. Consectetur ipsa et illo et debitis nulla ea. Maxime tempora debitis quod non odio. Et perferendis ea nihil voluptatum nam expedita. Nemo id saepe repudiandae enim atque vero. In molestiae quas vel optio accusamus aspernatur officiis. Aut sunt quisquam dignissimos dolores magni. Ut blanditiis occaecati beatae. Aliquam illo cumque ut et sapiente. Alias distinctio consectetur illum similique molestiae nobis. Ea vero ut suscipit quos quia. Enim molestiae recusandae ducimus sapiente rerum. Aliquid ducimus sed corrupti non molestiae in. Perspiciatis quia eos et sint possimus. Similique similique nobis eos voluptas eum eos. Aut sapiente ut sed exercitationem consectetur veritatis repellendus.', 'a:7:{i:0;s:54:"Ratione nihil nesciunt iure unde id tempora inventore.";i:1;s:38:"Eos consequatur tempora itaque est id.";i:2;s:57:"Repudiandae voluptate consequatur corporis molestiae sit.";i:3;s:55:"Hic qui error dolores laboriosam iure ut voluptatum ab.";i:4;s:68:"Non voluptatibus similique itaque laboriosam rerum voluptatem nihil.";i:5;s:51:"Sit consequatur omnis pariatur non ullam aut omnis.";i:6;s:46:"Officia velit omnis rerum veritatis iste esse.";}', 28, 0, 3, 159.000000, 321.000000, 318.000000, '2022-03-25 01:14:00', '2022-04-14 01:14:00', 1443.00, 0, '2022-03-23 01:14:00', 1, 'voluptatem-omnis-aut-dolor-voluptatem-dolore-quas-consectetur', 'a:2:{i:0;i:2;i:1;i:18;}', 'Est eveniet dolorem nobis voluptas excepturi sint.', 'While she was about a foot high: then she walked off, leaving Alice alone with the dream of Wonderland of long ago: and how she would manage it. \'They must go and get ready to sink into the way of.', 0, 1, NULL, '2022-03-13 01:14:31', '2022-03-22 01:14:31'),
	(69, 3, 'Adipisci voluptatem ratione deleniti ad ut enim aut explicabo.', NULL, 1, 'Dickens, O\'Keefe and Stamm', 2, 'omnis', 'Used', 'He moved on as he found it advisable--"\' \'Found WHAT?\' said the Queen. An invitation from the roof. There were doors all round the hall, but they were all ornamented with hearts. Next came an angry.', 'Autem tenetur temporibus quo itaque recusandae et et. Cumque id earum quo. Architecto nulla vel deserunt maxime. Voluptatem quae et velit qui non et asperiores. Eos eveniet tenetur reprehenderit. Aut cupiditate ea autem. Est dicta reiciendis aut sint reprehenderit et. Dolor aut qui voluptatibus nulla consequuntur. Accusantium rerum voluptatem ea nesciunt minima id aut. In ducimus qui voluptatem fuga nisi consectetur dolores. Iure dolores tempora corrupti animi est. Adipisci eaque id blanditiis nesciunt velit adipisci. In nesciunt enim possimus illo ipsam. Quam temporibus ducimus pariatur sit amet autem. Reprehenderit dolore est porro et minima. Et recusandae similique sit dolorem atque voluptas. Rerum quaerat dolorum magnam incidunt aut. Alias recusandae aspernatur quia est. Eius rem magni eos odio neque. Perferendis neque odio quia id. Amet eius eius omnis ipsum esse sit quia magni. Dignissimos nemo optio possimus. Sint eaque fugiat iusto quaerat rerum recusandae totam. Distinctio sed amet id possimus eligendi in. Doloribus ut deleniti sunt voluptatem. Magni fugiat accusamus blanditiis aut praesentium. Aspernatur eveniet amet quisquam similique. Sit adipisci ad enim a est. Quia voluptatem eum dolor possimus et quas doloribus. Rerum reprehenderit vel non. Quisquam amet repellat dignissimos rerum voluptas. Molestiae quia ab omnis expedita. Reiciendis aut ut quis fugit.', 'a:7:{i:0;s:39:"Quis aliquid nesciunt consequatur quod.";i:1;s:55:"Distinctio quae voluptas illo sit voluptas sed dolores.";i:2;s:41:"Nesciunt nemo dolores ut qui possimus ex.";i:3;s:49:"Aut nam fugit neque laboriosam non saepe ut sint.";i:4;s:66:"Officiis vel quis ea temporibus atque necessitatibus ab accusamus.";i:5;s:34:"Explicabo et ipsum alias delectus.";i:6;s:38:"Aut architecto voluptates et delectus.";}', 28, 0, 3, 167.219200, 201.219200, NULL, NULL, NULL, 135.00, 0, '2022-03-22 01:14:00', 1, 'quo-nihil-qui-qui-explicabo-nam', 'a:2:{i:0;i:18;i:1;i:23;}', 'At tenetur unde id earum quos hic quis.', 'Alice angrily. \'It wasn\'t very civil of you to sit down without being seen, when she caught it, and very angrily. \'A knot!\' said Alice, \'we learned French and music.\' \'And washing?\' said the King.', 0, 1, NULL, '2022-03-20 01:14:31', '2022-03-17 01:14:31'),
	(70, 4, 'Eos dolor laborum id perferendis maxime amet placeat.', NULL, 43, 'Kunze-Gutmann', 1, 'incidunt', 'Refurbished', 'Those whom she sentenced were taken into custody by the carrier,\' she thought; \'and how funny it\'ll seem, sending presents to one\'s own feet! And how odd the directions will look! ALICE\'S RIGHT.', 'Quia magni commodi officiis rerum quos iure voluptatum voluptas. Eligendi natus ad qui tempore consectetur sed. Non velit enim enim eos repellat iste animi. Vel veritatis dolorem sed quas illum non cupiditate. Rerum ratione ut nesciunt. Doloribus quaerat corporis totam amet praesentium delectus et. Sed laborum architecto omnis nobis. Quia qui aliquam quis culpa. Est qui et cum aliquid veritatis omnis esse. Eos adipisci et cumque assumenda et voluptas ab. Minus temporibus consequatur et accusamus. Fugit quia voluptatem perferendis minima ducimus atque. Necessitatibus eligendi architecto nisi cumque. Debitis quis ut sit distinctio voluptatem iusto. Dolores porro harum aut tempore esse est. Et excepturi ullam repellendus deserunt eos. Labore doloremque delectus molestiae. Laudantium nobis omnis totam veritatis quam vel. Dignissimos corporis magni eligendi reiciendis et nobis libero. Aperiam deserunt dolorem voluptatem ea culpa possimus non. Est voluptatem et numquam ut sit ducimus animi. Qui laboriosam id rem vero dolorum quis error sit. Rerum laborum et voluptates asperiores quia. Itaque id voluptate ad aperiam. Iste voluptate ut voluptates incidunt accusantium. Culpa nihil vel quasi inventore dolorum nesciunt repudiandae quae. Ut inventore vero id explicabo. Quam provident quas voluptatem et porro similique error sint. Fugit in aut magnam ipsum distinctio quia mollitia totam.', 'a:7:{i:0;s:51:"Asperiores corrupti sint non minima sit voluptatem.";i:1;s:65:"Occaecati voluptas molestiae molestias sit praesentium inventore.";i:2;s:25:"Hic a nemo enim pariatur.";i:3;s:34:"Nesciunt quas quisquam modi vitae.";i:4;s:27:"Quia enim et in recusandae.";i:5;s:35:"Sequi eaque eos ut sed repudiandae.";i:6;s:37:"Repellat qui soluta alias reiciendis.";}', 12, 0, 3, 371.650000, 485.650000, NULL, NULL, NULL, 325.00, 1, '2022-03-24 01:14:00', 1, 'omnis-autem-inventore-illum-deleniti', 'a:3:{i:0;i:14;i:1;i:25;i:2;i:48;}', 'Quibusdam possimus delectus quaerat repellendus tempore.', 'Said his father; \'don\'t give yourself airs! Do you think I can find out the answer to it?\' said the Duchess; \'and the moral of THAT is--"Take care of themselves."\' \'How fond she is such a long tail.', 1, 1, NULL, '2022-03-25 01:14:31', '2022-03-13 01:14:31'),
	(71, 4, 'Modi exercitationem totam dolor cumque.', NULL, 28, 'Dickens, O\'Keefe and Stamm', 2, 'est', 'Refurbished', 'There was a little timidly: \'but it\'s no use going back to the jury. They were just beginning to grow larger again, and made believe to worry it; then Alice, thinking it was her dream:-- First, she.', 'Officiis et et facere at dolores perferendis impedit. Qui qui totam beatae recusandae repellat et. Quas perferendis praesentium enim ut quia. Sed at minima molestias voluptas ut et. Alias excepturi quas distinctio sunt sequi ipsa. Vel qui voluptatem eligendi maiores quaerat amet deleniti. Illum ex at porro deleniti. Nam eius laudantium beatae qui. Eius nihil quae ullam commodi voluptas. Ea omnis aut expedita voluptatem exercitationem tempora. Porro laboriosam sed error accusamus. Quas libero dolore non eum amet aspernatur. Consequuntur sit debitis aut sint dicta est. Consequatur et dolorum possimus voluptatibus doloribus. Dolorem nostrum iste dolores earum cupiditate ratione odit. Ipsa omnis quis excepturi in ab minus laudantium quo. Aspernatur nihil placeat enim nihil sit quas cumque. Ea inventore quae et sit sunt dolor soluta. Ut molestiae labore voluptatem. Ipsum sed qui illo. Sunt qui quasi numquam vel. Suscipit repellat distinctio quibusdam dolore esse est. Est quo minima et expedita est quia. Natus eum rem distinctio consequuntur. Facere ratione est consequuntur. Asperiores nostrum ad dolor. Ipsam quaerat aut dignissimos sunt aut sit. Repellat ut facilis cum similique quam sit. Non eius officiis necessitatibus unde. Voluptates nobis placeat ex rerum inventore sit. Eos pariatur fugit ratione omnis natus a mollitia dolor.', 'a:7:{i:0;s:50:"Qui et officia ea rerum recusandae aut aspernatur.";i:1;s:49:"Optio ea ea explicabo consequuntur recusandae et.";i:2;s:38:"Reiciendis dolores debitis recusandae.";i:3;s:44:"In sint ipsum sit labore laboriosam in sunt.";i:4;s:29:"Omnis eum dolore quia et sed.";i:5;s:39:"Accusantium quibusdam quia consectetur.";i:6;s:40:"Dolores impedit id vero assumenda dicta.";}', 61, 0, 3, 182.728300, 203.728300, 150.728300, '2022-03-25 01:14:00', '2022-04-04 01:14:00', 748.00, 0, '2022-03-22 01:14:00', 1, 'qui-et-quia-provident-tempore-quod-reprehenderit-et-recusandae', 'a:2:{i:0;i:21;i:1;i:31;}', 'Qui autem sed qui et temporibus quo delectus.', 'Alice started to her usual height. It was all very well as she listened, or seemed to listen, the whole thing very absurd, but they all stopped and looked at it, and finding it very hard indeed to.', 0, 1, NULL, '2022-03-13 01:14:31', '2022-03-14 01:14:31'),
	(72, 1, 'Sit qui vel sed tenetur.', NULL, 33, 'Bashirian-Hahn', 2, 'neque', 'Used', 'Mock Turtle drew a long way. So they had any dispute with the next thing is, to get hold of anything, but she did not answer, so Alice soon came upon a low voice, \'Your Majesty must cross-examine.', 'Molestias dolores porro animi voluptatibus ipsa. Tenetur voluptates et ratione exercitationem. Non animi sit quam voluptas inventore et odit aut. Est labore facilis iusto cumque tenetur. Veritatis modi ullam minus incidunt. Enim quam tenetur maiores rerum suscipit ut rerum. Ratione et nulla unde. Ut quisquam minima aliquam vitae ea non aspernatur. Odio rerum consectetur qui porro et at commodi. Voluptas non itaque culpa rerum voluptatem repudiandae ab. Sequi quibusdam et magni dolorum est. Qui voluptas nemo tenetur repudiandae beatae est corrupti. Debitis quaerat in dolorum reiciendis. Quaerat velit praesentium odit ea. Quia et libero rem placeat sit minima explicabo aut. Odio rerum quisquam officiis ut dolorem. Consequatur iusto inventore tempore maiores. Dolorem distinctio perspiciatis exercitationem rem. Quidem doloribus corrupti ullam soluta dolore accusamus. Distinctio aliquid voluptatibus cupiditate. Sit voluptates tempora hic ducimus qui iure ducimus. Repudiandae omnis eum optio enim est ab. Rerum id neque corrupti fugit nesciunt. Dolores dolorem soluta molestias temporibus. Voluptatibus est pariatur quas sed. Autem itaque aut accusantium in. Necessitatibus voluptas perferendis et. Deserunt rerum enim quae tempora accusamus. Consequatur sed repellendus sed corrupti incidunt voluptate saepe. Quam accusamus voluptatum necessitatibus at quis eum et rerum.', 'a:7:{i:0;s:57:"Praesentium rerum saepe expedita dolorem ullam animi qui.";i:1;s:43:"Voluptatibus temporibus magnam velit alias.";i:2;s:38:"Iste ad et ea maiores eius voluptatem.";i:3;s:43:"Nostrum dolores odio et libero sunt minima.";i:4;s:31:"Voluptas repudiandae ab ut qui.";i:5;s:54:"Doloribus neque qui rerum veniam fugiat facilis minus.";i:6;s:60:"Delectus eum cupiditate libero quo sunt consectetur ea quia.";}', 25, 0, 3, 285.000000, 465.000000, NULL, NULL, NULL, 962.00, 0, '2022-03-23 01:14:00', 1, 'dicta-ab-dolores-omnis-distinctio-totam', 'a:2:{i:0;i:25;i:1;i:28;}', 'Est dolore qui et.', 'How she longed to change the subject,\' the March Hare interrupted in a wondering tone. \'Why, what are they doing?\' Alice whispered to the other: he came trotting along in a great hurry. An enormous.', 0, 1, NULL, '2022-03-24 01:14:31', '2022-03-14 01:14:31'),
	(73, 5, 'Ut placeat omnis ut adipisci quibusdam.', NULL, 8, 'Grady-Ondricka', 4, 'eum', 'Refurbished', 'Was kindly permitted to pocket the spoon: While the Panther were sharing a pie--\' [later editions continued as follows The Panther took pie-crust, and gravy, and meat, While the Panther received.', 'Dolorem quo voluptatem corrupti ducimus expedita velit. Assumenda consequuntur in cupiditate consequatur. Rerum et cumque ex non aut dolores saepe iste. Ex tenetur atque minus doloremque culpa. Atque quia ut voluptatem distinctio vitae voluptatem aliquam amet. Natus veritatis officia pariatur. Accusamus aperiam et veritatis ducimus quis enim quia. Perferendis est et dignissimos. Nulla consequatur eius eos error unde. Ducimus repellat libero blanditiis earum. Distinctio ut autem dolor minima. A ut sit minus molestiae consequatur. Ut impedit consectetur libero facere nam quia maiores. Sint consequuntur quia aperiam exercitationem odio. Quia sit soluta dolorem alias. Est et voluptate optio velit. Nam consectetur deleniti laudantium sunt necessitatibus reprehenderit sed. Eos eligendi expedita est voluptate. Eaque voluptas laboriosam voluptas velit. Ut sint eligendi est ex ut. Est dignissimos sit impedit ut ut. Repudiandae itaque ut modi asperiores sint tempora. Doloribus quidem et est dignissimos. Adipisci rem omnis omnis sequi. Vel nemo ipsum quos qui ipsa. Consequatur minima quia et accusamus voluptatem magni. In esse necessitatibus sed dignissimos. Doloremque et nulla vitae voluptatem iste placeat ut. Perspiciatis reiciendis deserunt repellat eveniet et non ut enim. Omnis vel consequatur eos earum dolorem. Alias velit in atque ipsum suscipit illo ad qui. Mollitia quia aliquid quidem fugiat atque. Aut laudantium vero et. Esse dolorem consequuntur facere laudantium quis.', 'a:7:{i:0;s:37:"Iusto consequuntur quo ea enim magni.";i:1;s:36:"Molestias molestias animi dolore ut.";i:2;s:29:"Error qui autem est voluptas.";i:3;s:43:"Non enim aut animi quis totam sunt qui sit.";i:4;s:70:"Voluptates sint adipisci blanditiis dolore consequatur illum hic unde.";i:5;s:31:"Et reprehenderit eaque tenetur.";i:6;s:28:"Veniam vero tempore maiores.";}', 84, 0, 3, 75.726000, 126.726000, NULL, NULL, NULL, 1493.00, 1, '2022-03-24 01:14:00', 1, 'veniam-atque-et-voluptatem-est-autem-ullam', 'a:2:{i:0;i:0;i:1;i:12;}', 'Culpa repudiandae sed ex mollitia fugiat.', 'Dinah stop in the middle, nursing a baby; the cook and the shrill voice of thunder, and people began running about in all their simple sorrows, and find a number of changes she had put on his.', 0, 1, NULL, '2022-03-24 01:14:31', '2022-03-17 01:14:31'),
	(74, 3, 'Error placeat in maiores.', NULL, 41, 'Green, Stokes and Goyette', 3, 'ea', 'Refurbished', 'Alice cautiously replied, not feeling at all what had become of me?\' Luckily for Alice, the little door: but, alas! either the locks were too large, or the key was lying on their slates, and then.', 'Molestiae quisquam et quas atque. Qui ut voluptate amet ea quibusdam. Voluptas qui qui ut possimus. In velit est accusantium iusto alias. Quaerat id unde cumque sit velit. Vitae ut beatae rerum eos. Dignissimos illum est at omnis. Ad consectetur sint consequatur illo quasi voluptatem laborum. Vel et repudiandae labore explicabo. Quod nisi eum error nihil. Impedit et ducimus sequi harum saepe. Et aut incidunt laboriosam. Aut itaque aut quia at est. Voluptas nihil vitae sed officia qui natus voluptatem. Ut reprehenderit placeat tempore laudantium. Tenetur qui ratione beatae vero et rerum ullam. Enim autem eum voluptatum et. Dolore ab aut enim ad. Labore voluptatum soluta dolorem est enim non sed. Autem et dolores omnis dolorem vitae iste dolor quia. Non modi pariatur et delectus laboriosam. Neque omnis accusamus nihil quia libero temporibus tempore magni. Est cum error qui fuga culpa veritatis voluptate cumque. Doloremque vel minus quo ex quaerat. Minus aliquam ea expedita. Aut minima aut eius nihil fuga iusto. Aut beatae beatae eligendi vel. Qui nisi vel perferendis ut eos ipsum. Provident culpa modi facere sequi. Facilis ea qui quam unde. Aliquid id possimus fugit minima voluptas consequatur laboriosam deleniti. Suscipit quo sint blanditiis quam vel et. Ut ut qui culpa sit nihil. Molestiae dicta sapiente voluptates.', 'a:7:{i:0;s:37:"Natus neque earum aut fugit suscipit.";i:1;s:54:"Aspernatur nam rerum repellendus expedita non impedit.";i:2;s:27:"Eum odio accusamus commodi.";i:3;s:54:"Voluptas porro asperiores est accusamus rerum eveniet.";i:4;s:57:"Ipsa sint quibusdam quo expedita animi possimus adipisci.";i:5;s:50:"Sapiente perspiciatis sit assumenda nam sit fugit.";i:6;s:46:"Ut est reiciendis non unde nam sit voluptates.";}', 99, 0, 3, 152.200000, 298.200000, 280.200000, '2022-03-25 01:14:00', '2022-04-08 01:14:00', 1610.00, 0, '2022-03-22 01:14:00', 1, 'aperiam-quia-non-eum-nihil-quas-ex-reprehenderit', 'a:2:{i:0;i:1;i:1;i:13;}', 'Est magnam sit ut quas unde dicta voluptate.', 'WHAT? The other guests had taken advantage of the busy farm-yard--while the lowing of the baby, and not to be seen--everything seemed to be Involved in this way! Stop this moment, I tell you!\' said.', 1, 1, NULL, '2022-03-17 01:14:31', '2022-03-13 01:14:31'),
	(75, 1, 'Illo ipsa consequatur minus itaque totam et quas.', NULL, 15, 'Kunze-Gutmann', 4, 'ut', 'Refurbished', 'Dormouse was sitting on a crimson velvet cushion; and, last of all the party sat silent for a dunce? Go on!\' \'I\'m a poor man, your Majesty,\' said Two, in a hurry to get an opportunity of showing off.', 'Qui in eos necessitatibus quidem ad recusandae reiciendis. Deleniti quia nostrum non facere accusamus voluptas. Occaecati blanditiis nesciunt aut dolorum quia labore. Quis saepe qui repellendus voluptates et voluptate. Sed sit in tempore error praesentium. Atque nihil animi eos dolor quod eos. Similique voluptas vero eos rem. Eaque ab blanditiis quaerat accusantium labore quia ut similique. Veniam eveniet consequatur sed hic iure voluptatibus molestiae. Qui sunt et doloremque quia at tempora voluptatem ullam. Aut totam sequi aut ipsa aut a. Et asperiores quis aut aut sunt est. Id recusandae ipsum officia. Ullam omnis quasi quia voluptates quasi ipsam illo. Consequatur optio ab voluptatibus voluptatem deserunt. Vero expedita amet assumenda enim magni. Doloremque quidem rerum quisquam et quidem animi. Et dolorem pariatur non illo sit enim sequi qui. Est consequuntur architecto aut fuga exercitationem nihil fuga. Autem voluptatibus voluptatem hic. Quasi ipsa porro sed consequatur. Reprehenderit eum exercitationem consequuntur. Dolore et non quod aut. Ducimus eaque dolorum ut ut aliquid. Molestiae explicabo vitae reprehenderit ut ut vitae quo eveniet. Quis autem ut doloremque cum optio. Sint quasi totam est dolores pariatur consequatur dolores. Dignissimos dolores illum amet reiciendis aut ipsa. Aliquam aut beatae officia officiis quia et aspernatur.', 'a:7:{i:0;s:41:"Praesentium voluptate et vel consectetur.";i:1;s:22:"Autem et explicabo id.";i:2;s:68:"Voluptate sed voluptate consequatur recusandae ipsum nobis dolor ut.";i:3;s:31:"Magnam aut aut sed atque omnis.";i:4;s:42:"Voluptas atque distinctio earum dicta cum.";i:5;s:46:"Est possimus enim molestiae dolore modi harum.";i:6;s:54:"Omnis qui rerum dolor laboriosam dolores officiis est.";}', 24, 0, 3, 369.922000, 558.922000, 400.922000, '2022-03-25 01:14:00', '2022-03-28 01:14:00', 945.00, 1, '2022-03-23 01:14:00', 1, 'amet-rerum-similique-quaerat-id-est-et-ut', 'a:3:{i:0;i:8;i:1;i:18;i:2;i:37;}', 'Laboriosam excepturi saepe voluptas.', 'At this the White Rabbit, with a melancholy way, being quite unable to move. She soon got it out into the Dormouse\'s place, and Alice looked at them with one finger; and the March Hare. \'Sixteenth,\'.', 0, 1, NULL, '2022-03-10 01:14:31', '2022-03-21 01:14:31'),
	(76, 5, 'Aut eum porro hic architecto.', NULL, 10, 'Bashirian-Kshlerin', 5, 'fugiat', 'Refurbished', 'Alice, \'it\'s very rude.\' The Hatter looked at Alice, as the door of which was full of smoke from one foot up the other, and growing sometimes taller and sometimes shorter, until she made out that.', 'Quia saepe inventore dolores aut voluptas similique. Pariatur ducimus laboriosam quam. Blanditiis molestiae itaque ea. Doloremque natus est ut qui deserunt sunt. Qui qui sit amet facere est culpa. In earum fugit incidunt. Enim fugiat aut aut non sed. Beatae est numquam necessitatibus omnis aut eum ut. Quia dolores illum velit eius sed est ut. Ipsa ullam rerum deserunt ex voluptatem eum repudiandae. Similique incidunt voluptatum non esse ab. Eius pariatur amet est atque rerum est veniam est. Quam quas ipsum omnis rerum nihil. Necessitatibus assumenda neque recusandae vel voluptatem odit voluptatum. Impedit odit laborum ducimus quo aut nobis aut. Cumque voluptatem officia iste. Voluptas accusantium modi adipisci. At eos iste pariatur. Ipsum maxime at doloremque unde rerum. Et enim veritatis quia cumque veritatis eligendi. Quia est at consequatur dolores qui quas nesciunt sunt. Illo nihil nisi vel ipsa molestias consequatur aliquam. Nemo nesciunt amet veritatis vitae sed. Commodi a expedita distinctio. Voluptates explicabo corrupti aspernatur et nihil veritatis labore neque. Sit esse eius quo doloribus amet. In et vitae ea aut qui consectetur dicta. Exercitationem quo laboriosam et voluptate. Qui est omnis hic quia sed libero quos est. Fugit autem quasi vel nulla ut quam quia. Quis nisi voluptates ea sunt aut quo. Saepe eum libero omnis aperiam. Est impedit tempore libero voluptatem saepe deserunt ullam.', 'a:7:{i:0;s:54:"Placeat reiciendis rerum sed exercitationem itaque ad.";i:1;s:69:"Voluptatem totam inventore necessitatibus saepe earum assumenda quas.";i:2;s:53:"Ut laborum quis eligendi corporis aspernatur impedit.";i:3;s:20:"Dicta a fugiat quam.";i:4;s:61:"Excepturi magni laudantium sunt et sunt facilis sed sapiente.";i:5;s:39:"Sed nobis voluptates natus numquam est.";i:6;s:65:"Quisquam voluptas consequatur cum consequatur voluptas molestiae.";}', 58, 0, 3, 315.146960, 382.146960, NULL, NULL, NULL, 975.00, 1, '2022-03-23 01:14:00', 1, 'reprehenderit-accusantium-possimus-ratione-voluptatibus', 'a:2:{i:0;i:4;i:1;i:15;}', 'Dolores nobis omnis provident nobis similique eaque.', 'Alice, as she could not remember ever having heard of "Uglification,"\' Alice ventured to ask. \'Suppose we change the subject,\' the March Hare said in a great letter, nearly as she spoke--fancy.', 0, 1, NULL, '2022-03-18 01:14:31', '2022-03-16 01:14:31'),
	(77, 1, 'Fuga et commodi eum quis itaque in voluptatibus.', NULL, 47, 'Bashirian-Kshlerin', 5, 'omnis', 'Used', 'Alice replied, so eagerly that the Mouse to tell me the list of the sense, and the turtles all advance! They are waiting on the second verse of the cakes, and was going to say,\' said the White.', 'Sit eius maiores molestiae nihil similique dolores assumenda. Laboriosam at et delectus. Ipsam dignissimos ut libero ullam possimus. Sunt saepe expedita ut rerum amet error optio. Voluptas nemo cupiditate molestiae eaque rerum tempora. Quod ipsa vero ipsam dicta nihil. Et voluptatem quae sit iusto sapiente repudiandae dolorem. Vel nobis voluptatibus aliquam voluptatem odit. Atque iure aut architecto soluta maxime. Qui quisquam consequatur aliquid quo sed sunt est. Dolor ad quia blanditiis magnam est qui. Earum repellendus voluptate commodi alias placeat. Quos et sapiente debitis rerum nesciunt quaerat delectus ipsa. Asperiores a explicabo odio cumque cumque officiis. Provident quaerat doloremque optio. Quam ut et esse neque qui. Et aperiam qui quas deleniti rerum omnis. Et adipisci eaque qui debitis. Modi repellendus nulla laboriosam ut enim. Eveniet id aut molestias enim ratione impedit. Adipisci molestiae qui voluptatem unde et. Sed labore quos possimus doloribus. Ut quod beatae incidunt neque non. Inventore quis dolores nulla. Dolorem necessitatibus dicta laudantium quidem. Itaque quas cupiditate aut saepe sed et aut. Corporis incidunt assumenda quia quibusdam aut. A voluptatem necessitatibus quis ab similique. Omnis et et ut iste laudantium. Necessitatibus delectus doloremque et quia vitae quasi. Qui repudiandae odio numquam explicabo praesentium consequatur. Id nesciunt molestias at dolorem molestiae illum eligendi. Facilis sint consectetur ut nihil ipsam.', 'a:7:{i:0;s:33:"Sed voluptas minima eos mollitia.";i:1;s:79:"Beatae officia perspiciatis omnis dolorum cupiditate totam consectetur tempore.";i:2;s:28:"Quia quam natus perferendis.";i:3;s:47:"Soluta omnis magni veritatis nostrum excepturi.";i:4;s:41:"Necessitatibus ipsam est provident atque.";i:5;s:41:"Earum vero enim quos sunt exercitationem.";i:6;s:49:"Tempora omnis sed ipsum ut sequi ab beatae fugit.";}', 17, 0, 3, 71.392000, 210.392000, 177.392000, '2022-03-25 01:14:00', '2022-04-06 01:14:00', 1033.00, 0, '2022-03-24 01:14:00', 1, 'illo-suscipit-minima-autem-alias-sed', 'a:2:{i:0;i:18;i:1;i:26;}', 'Veritatis molestiae optio et soluta qui.', 'Rabbit noticed Alice, as she could. The next thing was waving its right ear and left foot, so as to go down the little golden key and hurried upstairs, in great disgust, and walked two and two, as.', 1, 1, NULL, '2022-03-22 01:14:31', '2022-03-11 01:14:31'),
	(78, 4, 'Ut eveniet laudantium omnis cumque beatae.', NULL, 30, 'Shanahan-Kiehn', 1, 'praesentium', 'Used', 'Crab, a little hot tea upon its nose. The Dormouse slowly opened his eyes. He looked at it again: but he now hastily began again, using the ink, that was trickling down his cheeks, he went on to.', 'Architecto impedit cumque dolorem. Similique sit itaque a cumque ratione nisi. Praesentium inventore omnis fugiat nostrum et ea. Aliquam et aut rerum nisi rerum. Magnam voluptates eaque commodi numquam beatae. Rem reiciendis quam tempore aut veniam amet. Et non delectus quidem magni et odit adipisci. Cum et natus dolores et molestias fuga est explicabo. Et non at quam deleniti deserunt eveniet deserunt et. Inventore et veniam vel asperiores ipsam sint. Error nobis rem molestiae dolorum et atque. Est nesciunt ad velit vero sunt debitis nostrum. Sit voluptate est est officia cumque illum est autem. Dolor quia qui necessitatibus est. Possimus quia dolor commodi eaque. Dicta sed modi corrupti ex. Veritatis repellendus blanditiis molestias minima. Ratione recusandae et quaerat illum non velit non voluptatem. Est quia sequi labore adipisci id quo. Maxime sunt ipsum et qui. Cupiditate aut aut expedita. Non voluptatem consequatur iusto atque eligendi labore sed. Consequatur et aut illum ut repellendus sunt quia. Omnis vitae autem excepturi vel iste. Voluptas vero pariatur sed quidem nisi possimus rerum. Molestias et aut et. Dolor reprehenderit cum quia quo ipsum repellat. Voluptatem reprehenderit harum officiis maiores veritatis aliquam. At consequatur aut in ab vitae ad molestiae. Atque voluptatem alias nulla voluptatem asperiores consequatur voluptatem.', 'a:7:{i:0;s:55:"Perspiciatis rerum qui repudiandae quibusdam est dicta.";i:1;s:43:"Debitis unde at libero et libero inventore.";i:2;s:45:"Ut quisquam consectetur deserunt repudiandae.";i:3;s:30:"Impedit et ut quo tempora est.";i:4;s:43:"Nihil earum tenetur accusantium dolores ut.";i:5;s:53:"Voluptate quos quos sapiente non dolores repudiandae.";i:6;s:44:"Repudiandae blanditiis quia dolor magnam ut.";}', 30, 0, 3, 156.577901, 239.577901, NULL, NULL, NULL, 1927.00, 1, '2022-03-23 01:14:00', 1, 'voluptatem-temporibus-reiciendis-sunt-a-eum-hic', 'a:2:{i:0;i:5;i:1;i:18;}', 'Et voluptas doloribus quis dolorem.', 'And he got up very sulkily and crossed over to the other side will make you a song?\' \'Oh, a song, please, if the Mock Turtle. Alice was more than nine feet high. \'Whoever lives there,\' thought.', 0, 1, NULL, '2022-03-19 01:14:31', '2022-03-19 01:14:31'),
	(79, 1, 'Laboriosam et nihil esse suscipit quia facilis cumque.', NULL, 37, 'Gaylord, Dicki and Wisoky', 3, 'quisquam', 'Refurbished', 'First, however, she waited patiently. \'Once,\' said the Hatter, \'or you\'ll be asleep again before it\'s done.\' \'Once upon a low trembling voice, \'--and I hadn\'t quite finished my tea when I got up in.', 'Rerum ut dicta est omnis. Sunt sed at voluptate illo commodi distinctio et. Aut repellendus nemo eos quae dolorem deleniti saepe. Alias fuga sit cupiditate sit rem et. A et velit sed reiciendis voluptatem voluptas. Non et omnis quisquam distinctio qui. Est magni molestiae mollitia animi ab id. Magnam porro laboriosam eum saepe neque quidem. Voluptatum dolorem eum et alias quia. Asperiores velit distinctio est molestiae sunt. Est atque voluptatem quod exercitationem libero in exercitationem voluptatum. Accusamus at optio repellendus alias est id. Aut repellat doloribus quos minus et. Harum aut voluptatem maxime sit corrupti omnis exercitationem. Sint porro voluptas sapiente. Assumenda enim ut nam animi culpa corrupti. Soluta aut et consectetur corrupti. Facere rerum accusamus aut harum sequi. Iste quia quod qui doloribus aut ducimus doloremque. Sit delectus in non. Aliquid perspiciatis illum fuga qui. Maxime doloremque voluptatem pariatur eveniet reiciendis a in. Et ut accusamus et dolorem optio veniam. Reprehenderit voluptatibus voluptates maiores earum illum rem fugit aut. Neque sit numquam in. Ad voluptas delectus nostrum quod. Non vel ipsum sed voluptatum ut vel. Aperiam tenetur eligendi sit officiis eligendi perferendis sint. Dolorum velit assumenda sint officiis omnis quo aut molestiae. Consectetur voluptatum nihil ut. Facere praesentium sint quisquam excepturi dignissimos et.', 'a:7:{i:0;s:61:"Veritatis nostrum aspernatur reprehenderit in qui quo minima.";i:1;s:56:"Facilis voluptas optio eum necessitatibus iusto debitis.";i:2;s:57:"Officiis tenetur vero consequatur architecto eum aperiam.";i:3;s:58:"Molestiae rerum qui voluptatem commodi et doloremque sint.";i:4;s:59:"Sint quibusdam sit sit eius fugiat et repellat consequatur.";i:5;s:33:"Omnis error reiciendis fuga iure.";i:6;s:39:"Similique non magni consequatur magnam.";}', 85, 0, 3, 220.838761, 414.838761, NULL, NULL, NULL, 372.00, 0, '2022-03-22 01:14:00', 1, 'non-atque-sint-amet-est-vel-facilis-voluptas-voluptatibus', 'a:2:{i:0;i:14;i:1;i:28;}', 'Aut fugiat nesciunt amet voluptate hic sunt.', 'Cat, and vanished. Alice was too slippery; and when she next peeped out the verses on his slate with one eye, How the Owl had the dish as its share of the door and found quite a new kind of.', 0, 1, NULL, '2022-03-16 01:14:31', '2022-03-11 01:14:31'),
	(80, 4, 'Quos consequatur sed laboriosam quo nulla corrupti in.', NULL, 51, 'Jenkins, Schmidt and Leuschke', 5, 'minima', 'New', 'I meant,\' the King said to herself, as she was now, and she had never before seen a good deal until she had been found and handed them round as prizes. There was a little queer, won\'t you?\' \'Not a.', 'Et ut numquam commodi quidem explicabo veniam. Provident eligendi doloribus asperiores repellendus sit. Necessitatibus aut quo perspiciatis ex in repellat magnam iusto. Commodi commodi omnis reprehenderit nemo reiciendis est dolor. Aperiam harum ad velit corrupti et pariatur sint. Ea delectus voluptatem nihil consectetur minus quos. Sequi laudantium cumque voluptas molestiae enim temporibus porro. Optio qui doloribus vel veritatis inventore. Illum et nihil voluptatem eligendi deserunt vel eius voluptas. Consequatur sed qui quis ipsa reprehenderit et vero. Soluta quo quia aut veniam facere. Iure officia eius sed. Libero ea neque natus nobis quibusdam fuga suscipit cumque. Maxime deserunt et tempore voluptatibus. Beatae atque repudiandae est eos. Architecto atque facere fugit beatae optio ea. Ut temporibus exercitationem consequatur delectus nostrum et autem tempora. Incidunt repellendus qui rerum. Magnam ex qui corporis tempora est nam incidunt. Minima eaque nesciunt mollitia in. Rerum dolores voluptatem beatae et repudiandae alias. Et odit iusto laudantium velit facilis et pariatur sed. Voluptate corporis consequuntur et et reiciendis. Dolores nemo et illo itaque. Ratione et dolor et sed officiis. Earum consequatur aliquid tempora distinctio sit. Odio aut in et sapiente tenetur laboriosam architecto. Qui et id cupiditate voluptas est qui ex. Unde nulla dolor et ducimus autem.', 'a:7:{i:0;s:28:"Sit quibusdam qui omnis rem.";i:1;s:33:"Dolor ut ullam qui culpa officia.";i:2;s:62:"Officiis recusandae perspiciatis nihil sint pariatur deserunt.";i:3;s:25:"Eum rerum cum blanditiis.";i:4;s:50:"Molestiae quo molestiae atque ut officia suscipit.";i:5;s:33:"Quisquam qui sed neque libero et.";i:6;s:39:"Quis iusto sit voluptate laborum magni.";}', 66, 0, 3, 174.000000, 259.000000, 87.000000, '2022-03-25 01:14:00', '2022-04-06 01:14:00', 969.00, 0, '2022-03-24 01:14:00', 1, 'deleniti-aliquid-aspernatur-temporibus-ipsa-qui-explicabo', 'a:3:{i:0;i:16;i:1;i:38;i:2;i:41;}', 'Ad sapiente sint impedit et odit excepturi quas.', 'YOU must cross-examine THIS witness.\' \'Well, if I fell off the fire, and at once crowded round her, calling out in a wondering tone. \'Why, what are they made of?\' \'Pepper, mostly,\' said the Mock.', 1, 1, NULL, '2022-03-20 01:14:31', '2022-03-18 01:14:31'),
	(81, 4, 'Voluptatem debitis saepe eveniet repudiandae voluptatem.', NULL, 34, 'Bashirian-Kshlerin', 1, 'odio', 'New', 'Gryphon. \'I mean, what makes them so often, you know.\' \'Not the same tone, exactly as if she did not venture to say when I got up this morning, but I can\'t get out again. The Mock Turtle sighed.', 'Doloremque unde dolore provident harum sed dicta voluptate error. Rerum modi omnis ratione molestiae et. Voluptatibus ipsam consequatur dolores et praesentium magni. Consequuntur reprehenderit sit asperiores quas quo veritatis nisi. Eos deleniti velit tempora non suscipit exercitationem. Asperiores quam tempora officiis quis quae maxime. Et eius aut labore placeat corrupti fugiat non. Perferendis nihil doloremque dolorum ullam consectetur iure. Inventore assumenda distinctio sint ad. Inventore doloribus laborum sunt et sit aut aliquid. Qui sunt adipisci nulla natus quidem. Totam maiores labore dicta iste expedita et qui. Quo dicta quis nulla et occaecati. Praesentium libero sapiente hic placeat nam. Iste perferendis et molestiae consequatur fugit numquam id. Pariatur et molestiae quis enim explicabo harum. Debitis laudantium facere esse modi esse corrupti excepturi. Unde harum id illum aut. Sit libero magnam totam corporis debitis. Reprehenderit a numquam praesentium non perferendis. Accusamus provident porro quae tempora rerum. Ut odit ut assumenda aut molestiae corrupti tempore magni. A magni est neque dolore tempore. Fuga aut deserunt sint eos et deleniti. Aspernatur illum fugiat consequatur laudantium ea. Eligendi facilis necessitatibus labore. Consectetur rerum consectetur recusandae vitae delectus error. Culpa nam nostrum quis minus. Sapiente culpa ratione in ipsam. Eaque quas libero magni dolorum voluptatum architecto dolorum.', 'a:7:{i:0;s:40:"Ut aliquid incidunt vel fugit nam totam.";i:1;s:47:"Fugiat voluptas rerum aut vero quaerat et fuga.";i:2;s:48:"Alias aut mollitia occaecati quis molestias quo.";i:3;s:61:"Non sed voluptate repellendus in possimus voluptates sit qui.";i:4;s:49:"Modi veniam sint porro facilis omnis dolorem sed.";i:5;s:29:"Vel accusamus saepe mollitia.";i:6;s:28:"Laborum et numquam iure sit.";}', 26, 0, 3, 369.822042, 459.822042, NULL, NULL, NULL, 1495.00, 1, '2022-03-22 01:14:00', 1, 'eum-ut-vel-nesciunt-consequatur', 'a:2:{i:0;i:0;i:1;i:12;}', 'Ut et sapiente et voluptatibus ab aperiam eveniet.', 'Mabel after all, and I shall only look up in spite of all the things between whiles.\' \'Then you should say "With what porpoise?"\' \'Don\'t you mean "purpose"?\' said Alice. \'I don\'t think they play at.', 1, 1, NULL, '2022-03-23 01:14:31', '2022-03-22 01:14:31'),
	(82, 2, 'Quia quia minus et ut voluptas labore sequi.', NULL, 7, 'Bashirian-Kshlerin', 1, 'dolorem', 'New', 'Between yourself and me.\' \'That\'s the most interesting, and perhaps as this is May it won\'t be raving mad--at least not so mad as it spoke. \'As wet as ever,\' said Alice doubtfully: \'it.', 'Rerum beatae consequatur enim fugit. Voluptates sit cupiditate fugiat eius rerum. Vel est eius eaque voluptatem deserunt. Quos ipsum sit consequatur. Quo veniam illo ut qui. Tempore sint consequatur quia autem laudantium. Et molestiae at veritatis earum ut odio facilis ab. Quasi distinctio aut impedit reiciendis aut facere. Error dolor quasi qui repellat rerum. Ut neque quaerat quo consequuntur ut ullam molestiae asperiores. Ducimus at mollitia et. Et molestiae nobis rerum porro. Culpa id dolorem sequi alias quaerat. Fugit sed ipsa voluptatem iste sunt sunt eos. Magni sequi sit nihil aut ut delectus cumque. Quibusdam velit non sint aperiam qui sint hic. Officia eligendi temporibus cum doloremque iure fugiat. Commodi enim rerum non rem modi ea nisi. Quaerat explicabo quae rem qui eaque dolorem. Ut molestiae omnis sunt saepe sed vel. Molestiae repudiandae enim cum molestiae qui laborum. Nemo perferendis eum est ratione. Nesciunt et quo laboriosam est. Ratione accusamus quaerat deleniti debitis nulla. Aut harum ea porro architecto. Numquam dolor ut nostrum ut. Ab sed omnis necessitatibus atque dicta fuga minus maiores. Omnis et dignissimos perspiciatis consequatur temporibus. Nihil eum voluptatibus fuga consequuntur et perspiciatis dolorum. Facilis debitis qui sunt architecto culpa. Minus iure qui velit et eligendi omnis. Quaerat magni voluptatem veritatis iusto velit.', 'a:7:{i:0;s:56:"Dolorem suscipit et enim doloribus provident recusandae.";i:1;s:58:"Repudiandae cumque iste voluptatum incidunt ab quis nihil.";i:2;s:46:"Hic consequatur perspiciatis distinctio minus.";i:3;s:58:"Excepturi necessitatibus deleniti totam impedit veritatis.";i:4;s:33:"Fuga ullam et nihil ipsa ut fuga.";i:5;s:32:"Molestias et quia omnis quaerat.";i:6;s:46:"Maxime pariatur porro quis possimus inventore.";}', 16, 0, 3, 163.396719, 241.396719, NULL, NULL, NULL, 1073.00, 0, '2022-03-23 01:14:00', 1, 'error-reprehenderit-quaerat-omnis-saepe-est-hic', 'a:2:{i:0;i:4;i:1;i:19;}', 'Commodi rerum quia in tempore.', 'THAT direction,\' the Cat remarked. \'Don\'t be impertinent,\' said the March Hare said to Alice, she went on growing, and she told her sister, who was reading the list of singers. \'You may not have.', 0, 1, NULL, '2022-03-15 01:14:31', '2022-03-12 01:14:31'),
	(83, 1, 'Qui fuga vero sint tempora nihil aliquam.', NULL, 45, 'Jenkins, Schmidt and Leuschke', 5, 'et', 'New', 'I can reach the key; and if it likes.\' \'I\'d rather finish my tea,\' said the Dormouse, who was gently brushing away some dead leaves that had fallen into the sky all the jurymen are back in a.', 'Placeat blanditiis eum ab et sint et fugit. Modi earum harum fugiat at corporis in. Repellat veritatis non quibusdam eius. Ex et ullam dicta temporibus incidunt corrupti. Qui aut dignissimos quidem aliquam. Eligendi qui maiores et deleniti. Rerum quisquam pariatur velit alias ut. Rerum ipsa ea sit excepturi. Consequatur quaerat aspernatur velit in voluptatibus architecto. Eveniet et consequatur excepturi eaque magni laudantium blanditiis. Qui tempore adipisci quibusdam dolor voluptas. Omnis deserunt magni quas voluptates praesentium ad maiores facilis. Odio et qui beatae qui hic aut autem. Eos exercitationem dolore culpa optio consectetur. Aut error magni at expedita ipsam pariatur voluptates aut. Earum eaque aut iste dolore aspernatur non minus. Non porro et facere velit ut et tenetur. Dolor pariatur inventore error iure. Ut rerum quo accusamus temporibus praesentium est. Aut illo illo et aut. Similique quia voluptas delectus id voluptates dolorum ut. Sapiente omnis cumque quo qui neque. Eveniet itaque beatae corporis alias vel. Vel voluptatem architecto quae vel ut maxime. Accusantium dolores dignissimos temporibus facere. Necessitatibus aliquam et hic quia quia velit atque. Recusandae ut quas animi. Tempora esse voluptatem est animi enim quasi consequuntur omnis. Et architecto molestiae doloribus id dolorem non dolor. Dolores omnis voluptatem molestiae tempora ullam voluptatem aliquid.', 'a:7:{i:0;s:42:"Nihil eveniet quod quas voluptatibus sint.";i:1;s:43:"Porro ut numquam debitis veniam in maiores.";i:2;s:51:"Excepturi neque aut perspiciatis quia qui repellat.";i:3;s:41:"Eligendi nemo molestiae est ut illo odio.";i:4;s:31:"Odio maxime odit ipsa illo vel.";i:5;s:52:"Deleniti facilis voluptas nihil ea nesciunt et sunt.";i:6;s:46:"Eum consequatur unde quaerat quo et illum quo.";}', 62, 0, 3, 358.691889, 478.691889, NULL, NULL, NULL, 791.00, 1, '2022-03-22 01:14:00', 1, 'culpa-atque-modi-tempora-error-porro-dolorem-vero', 'a:3:{i:0;i:6;i:1;i:15;i:2;i:18;}', 'Consequatur ipsum quasi at.', 'Said his father; \'don\'t give yourself airs! Do you think I can go back by railway,\' she said to herself as she remembered that she looked down at once, while all the arches are gone from this side.', 0, 1, NULL, '2022-03-14 01:14:31', '2022-03-21 01:14:31'),
	(84, 2, 'At et sed qui nihil nostrum libero aut.', NULL, 48, 'Kassulke, Legros and Roob', 2, 'voluptates', 'Refurbished', 'Alice crouched down among the bright eager eyes were nearly out of his great wig.\' The judge, by the hand, it hurried off, without waiting for the White Rabbit, with a sigh: \'he taught Laughing and.', 'Impedit eum accusantium voluptas necessitatibus dolor temporibus. Sunt explicabo eius aliquid aut eum. Voluptas nihil amet qui cupiditate. Reiciendis voluptatem soluta dolorum ut. Excepturi autem ea aut sequi. Aliquam laudantium quae quia et sequi quia non. Sed iusto veritatis quod autem dolore. Nesciunt amet ab saepe ut sapiente ut. Porro dolores quidem alias non rem eum non atque. Excepturi debitis nihil ipsam ea ad tempore. Nulla deleniti assumenda omnis omnis qui. Beatae laboriosam ipsum nihil minima earum rerum voluptatem. Non fugit dolor quia voluptas eum qui voluptas. Non corporis consequatur eos dolorem. Corporis ut rerum perspiciatis quia eum qui quia aut. Corrupti ducimus et odio fugit ut dolorem officia. Ut tempore quasi blanditiis commodi. Quae voluptatem id ex voluptatem maxime nam eius. Quia architecto nulla velit cumque quasi voluptate modi. Reprehenderit similique id ut mollitia maxime. Alias in cumque aut quia soluta atque. Est non ducimus quia laboriosam est. Officia aliquam voluptatibus ut. Molestiae qui nihil mollitia iusto a voluptatem qui. Ut voluptas laborum aliquam. Vero nihil fugit voluptas exercitationem. Necessitatibus aperiam ipsam sit. Rerum minima recusandae qui pariatur nihil. Non et natus voluptatum molestiae. Aut quidem nobis alias et. Deserunt alias quis eveniet neque earum. Temporibus est sed suscipit.', 'a:7:{i:0;s:57:"Consequatur sit minus ullam rerum ipsum hic aut mollitia.";i:1;s:61:"Ad voluptates numquam et eveniet et voluptas consequatur nam.";i:2;s:34:"Sunt velit ipsa impedit excepturi.";i:3;s:54:"Ullam ullam repellat voluptatem nemo esse eos aliquam.";i:4;s:37:"Et facere deserunt ducimus voluptate.";i:5;s:24:"Cupiditate sed ut omnis.";i:6;s:57:"Assumenda placeat esse dolore magni voluptatem eum nobis.";}', 19, 0, 3, 230.439401, 373.439401, NULL, NULL, NULL, 386.00, 0, '2022-03-22 01:14:00', 1, 'molestiae-nam-omnis-qui-sit-vel-hic', 'a:2:{i:0;i:19;i:1;i:37;}', 'Voluptas sunt dolorum cum occaecati sequi excepturi officiis adipisci.', 'Alice hastily, afraid that she was up to them to be treated with respect. \'Cheshire Puss,\' she began, in a low, hurried tone. He looked anxiously over his shoulder as he spoke. \'UNimportant, of.', 1, 1, NULL, '2022-03-22 01:14:31', '2022-03-11 01:14:31'),
	(85, 1, 'Quia aut explicabo reprehenderit quia.', NULL, 22, 'Kunze-Gutmann', 2, 'sint', 'Used', 'Alice, \'to speak to this mouse? Everything is so out-of-the-way down here, and I\'m sure she\'s the best of educations--in fact, we went to school every day--\' \'I\'VE been to her, And mentioned me to.', 'Et nihil assumenda ut. Voluptas magni assumenda itaque natus. Voluptatem dicta architecto sunt quos consequuntur. Facere debitis rerum aut quo aut. Id odit qui eos quasi aut. Vel et laudantium perferendis quaerat. Aperiam amet facere consequuntur corporis quia. Quia sint et quaerat. Quibusdam quas quis eum cumque et quod. Quia voluptas assumenda at veniam et. Voluptatibus minima voluptate excepturi quia aut quae aut est. Natus alias quam earum possimus animi. Consequuntur fuga id repudiandae qui neque similique. Reiciendis consequatur consequuntur omnis in. Sed alias repudiandae nihil et voluptas expedita. Consequatur ab consequatur nemo voluptatem quia quasi. Culpa quisquam consequatur occaecati facere exercitationem esse. Facere accusamus error minus aut rerum ut. Consequatur et laudantium eligendi. Hic reiciendis provident velit sapiente suscipit. Cupiditate velit tenetur est cum quasi doloribus aperiam. Autem blanditiis doloribus eum iusto. Et expedita quod autem aut voluptates magnam. Et corrupti sed rerum non iusto similique ducimus. Dicta reiciendis quia voluptatem aspernatur et et qui. Aut et qui veritatis natus. Ab ab ipsam aut. In eius magnam voluptas occaecati fuga. Consequatur saepe hic omnis blanditiis cupiditate ipsa. Molestiae culpa sit exercitationem perspiciatis doloremque eaque aut. Consequatur autem assumenda omnis. Sint explicabo consectetur eaque labore id.', 'a:7:{i:0;s:46:"Dolor et earum rem nemo qui vel incidunt quia.";i:1;s:40:"Neque optio incidunt itaque sit dolores.";i:2;s:43:"Molestiae velit corporis non odio delectus.";i:3;s:45:"Rerum ratione sapiente perspiciatis voluptas.";i:4;s:55:"Id explicabo quia commodi dolore atque excepturi minus.";i:5;s:33:"Et doloremque quia beatae ex non.";i:6;s:62:"Nostrum nesciunt odio distinctio repellendus porro in est eum.";}', 57, 0, 3, 193.920757, 202.920757, 190.920757, '2022-03-25 01:14:00', '2022-04-15 01:14:00', 1382.00, 0, '2022-03-22 01:14:00', 1, 'iusto-et-officia-et-sed-nihil-sequi-vel', 'a:3:{i:0;i:7;i:1;i:32;i:2;i:43;}', 'Quo autem laborum ut et.', 'Mouse, who was peeping anxiously into its nest. Alice crouched down among the leaves, which she had brought herself down to nine inches high. CHAPTER VI. Pig and Pepper For a minute or two she stood.', 1, 1, NULL, '2022-03-16 01:14:31', '2022-03-23 01:14:31'),
	(86, 4, 'Non esse fugit est reprehenderit.', NULL, 16, 'Bashirian-Hahn', 4, 'qui', 'New', 'They were just beginning to get in at the place of the Lizard\'s slate-pencil, and the poor child, \'for I never was so much contradicted in her pocket, and was coming to, but it just at present--at.', 'Quae enim sit iste suscipit. Reprehenderit voluptatibus alias rerum. Et aliquid molestiae quia autem dolorem tenetur libero debitis. Fugit dolorem qui impedit enim illo. Autem et velit culpa eum. Totam vel provident commodi quidem est. Molestiae repellendus earum natus possimus veniam expedita. Ex eum omnis nihil ipsa aliquid. Tempore debitis molestias et placeat debitis ex ab. Dolores neque est dolores et et. Necessitatibus similique tenetur vitae dolorem corrupti omnis officiis. Ullam eum dolor aut autem repellat. Iusto ipsa quia quis voluptas et autem. Laudantium expedita fugiat eos modi. Ut repellat nisi nobis assumenda et. Iusto iure sunt et nam numquam. Molestias voluptas consequatur occaecati libero. Qui tenetur fuga cupiditate quisquam velit. Error ullam non eum possimus voluptatibus dignissimos sapiente. Optio necessitatibus eaque voluptas. Dolor explicabo molestiae rerum fuga. Consequatur eaque sed maxime placeat similique laboriosam. A tempora sit cumque quidem eveniet fugit dolorem. Explicabo earum perferendis vel non nulla ducimus. Non labore distinctio at hic facere exercitationem. Repudiandae libero deserunt nulla saepe et et vero excepturi. Facilis quos dolor laboriosam consectetur. Assumenda eveniet corporis non quia sint. Ea labore veniam ea cum qui dolore. Et libero eligendi eveniet corrupti. Repellat amet esse similique at. Accusantium minus laborum labore nihil. Aut molestias ut iure suscipit sequi eum.', 'a:7:{i:0;s:30:"Et voluptates quasi qui et ut.";i:1;s:46:"Qui consequatur expedita itaque autem facilis.";i:2;s:34:"Ea tempore doloribus nostrum unde.";i:3;s:26:"Autem ut ipsum distinctio.";i:4;s:45:"Iusto reprehenderit quo est quaerat magni et.";i:5;s:47:"Ea cumque aut atque ut nesciunt autem voluptas.";i:6;s:52:"Explicabo assumenda quae consequatur exercitationem.";}', 32, 0, 3, 155.693100, 268.693100, NULL, NULL, NULL, 1080.00, 1, '2022-03-24 01:14:00', 1, 'id-sed-quod-dolore-excepturi-ratione', 'a:3:{i:0;i:27;i:1;i:37;i:2;i:49;}', 'Odio hic vitae consequatur omnis laboriosam ratione.', 'King. \'Shan\'t,\' said the King. \'Nearly two miles high,\' added the Gryphon, and the two creatures, who had spoken first. \'That\'s none of my own. I\'m a deal faster than it does.\' \'Which would NOT be.', 0, 1, NULL, '2022-03-25 01:14:31', '2022-03-25 01:14:31'),
	(87, 4, 'Rem in cum laboriosam consequatur.', NULL, 33, 'Bashirian-Kshlerin', 1, 'laborum', 'Refurbished', 'March Hare. \'Sixteenth,\' added the Gryphon, and the Dormouse shall!\' they both sat silent for a minute, trying to touch her. \'Poor little thing!\' It did so indeed, and much sooner than she had hurt.', 'Tempore ducimus amet omnis. Corporis et earum nihil laborum. Minus laudantium enim voluptatum et repellat et vero. Sit sint autem est et nisi a repellat dolor. Ratione aut consectetur rerum aliquam minus. Numquam repellendus sit eos est amet sequi. Iste illum et ipsam nihil cumque quidem. Sit eos quis cupiditate dolores qui. Nihil quaerat inventore error cupiditate alias et molestiae. Quia molestias molestiae et modi maiores est deleniti. At deleniti dignissimos dolores culpa consequuntur cupiditate explicabo. Laborum nihil praesentium et sit dignissimos quia quo. Earum minus tempora ducimus reprehenderit. Iusto quos nihil rerum voluptas. Reprehenderit aut quasi rerum atque qui. Dolore blanditiis dolores harum aut. Omnis iste temporibus qui deleniti est. Voluptas velit in laborum aperiam et. Porro vitae repellendus aperiam quaerat amet at. Quidem quia aspernatur dolorem sit accusantium molestiae. Placeat consequuntur in beatae dicta. Veniam nostrum beatae et quia dignissimos accusantium explicabo. Possimus sunt voluptates rerum omnis. Blanditiis quos ea corrupti et debitis deleniti. Accusantium autem corrupti dolorem earum aut eos quos. Animi dolores aut sint quia consequatur possimus. Nisi amet suscipit architecto nesciunt perferendis vero. Eligendi et qui molestias dolorem modi ipsa praesentium eius. Quaerat architecto id fugit quo rem facere consequatur. Laudantium ut expedita velit. Eaque magnam sint ut inventore ex laboriosam.', 'a:7:{i:0;s:41:"Laboriosam in in optio tempore provident.";i:1;s:31:"Et ratione nesciunt dolores ut.";i:2;s:52:"Nihil id officiis rerum laudantium architecto animi.";i:3;s:56:"Repudiandae nostrum autem itaque provident qui incidunt.";i:4;s:33:"Dolor laudantium rem repellendus.";i:5;s:32:"Aut qui voluptatum animi ut non.";i:6;s:48:"Numquam nihil iste consequuntur sint blanditiis.";}', 9, 0, 3, 114.000000, 135.000000, 117.000000, '2022-03-25 01:14:00', '2022-04-04 01:14:00', 1070.00, 1, '2022-03-24 01:14:00', 1, 'quia-ut-voluptatem-et-saepe', 'a:3:{i:0;i:1;i:1;i:3;i:2;i:6;}', 'Aut ipsam sequi veniam vel voluptatem et excepturi.', 'Alice very meekly: \'I\'m growing.\' \'You\'ve no right to grow up again! Let me think: was I the same thing, you know.\' \'I don\'t know what you were never even spoke to Time!\' \'Perhaps not,\' Alice.', 1, 1, NULL, '2022-03-11 01:14:31', '2022-03-19 01:14:31'),
	(88, 3, 'Suscipit dolorum architecto adipisci pariatur non soluta.', NULL, 11, 'Bashirian-Hahn', 4, 'molestias', 'Refurbished', 'IS the same as they used to come out among the trees had a wink of sleep these three weeks!\' \'I\'m very sorry you\'ve been annoyed,\' said Alice, a little feeble, squeaking voice, (\'That\'s Bill,\'.', 'Minus vitae et repudiandae dolorem. Sed dolor assumenda quaerat laudantium natus. Veritatis dolore cumque accusantium labore aperiam quibusdam tenetur consequuntur. Suscipit quis similique sed consequatur et et magnam nihil. Veritatis vel est culpa sit aut. Iure voluptas reprehenderit praesentium nihil. Aut sint culpa placeat. Non architecto et consequatur consectetur dolorem cum. Debitis eius vel consequatur dolorum. Qui quis magnam aut quasi ut natus. Unde qui dolores aliquid maxime ipsa. Rerum consequatur debitis facere neque veritatis officia sit. Quidem non voluptate et ex laudantium. Est quos eos blanditiis aut enim accusamus rem. Rerum accusamus sit neque dolores quo optio modi. Omnis magnam et dignissimos nihil quos. Molestiae laboriosam quis repellat quam. Iusto dolor amet repellendus quo inventore doloribus. Id molestiae odit minus molestias corrupti ut aut. Sapiente iusto modi tenetur rerum. Aut harum nisi quia aut maiores. Non sint vitae ut hic laboriosam. Qui perspiciatis quo nisi velit. Aut unde cum ducimus unde provident ex. Quae ipsam quidem omnis quis qui. Voluptatibus nisi distinctio soluta. Veniam dolores expedita accusantium deserunt commodi quis aliquid sed. Voluptas cumque quia rem. Et repudiandae maiores fugit totam totam quaerat non. Aperiam natus quam totam voluptatum. Sit aut nostrum natus. Voluptas maiores dolorem autem asperiores quidem reiciendis iure.', 'a:7:{i:0;s:31:"Labore id et aut dolorem quasi.";i:1;s:41:"Harum nam iste omnis maxime iste aliquam.";i:2;s:37:"Magnam est impedit maxime laboriosam.";i:3;s:26:"Vitae pariatur debitis id.";i:4;s:42:"Veritatis id dolor hic doloribus ea culpa.";i:5;s:61:"Consequuntur nobis aut error aut voluptatibus quasi mollitia.";i:6;s:56:"Vel repellendus odio totam dolorem voluptas in et eaque.";}', 18, 0, 3, 349.989000, 403.989000, 244.989000, '2022-03-25 01:14:00', '2022-03-29 01:14:00', 1514.00, 0, '2022-03-23 01:14:00', 1, 'est-ipsam-sunt-cumque-delectus', 'a:3:{i:0;i:0;i:1;i:6;i:2;i:29;}', 'Occaecati voluptatem in architecto facilis.', 'I\'d nearly forgotten that I\'ve got to see if she was shrinking rapidly; so she began thinking over other children she knew the right size, that it was just saying to herself, for this curious child.', 1, 1, NULL, '2022-03-21 01:14:31', '2022-03-14 01:14:31'),
	(89, 4, 'Aperiam voluptas qui ut.', NULL, 46, 'Quitzon-Maggio', 5, 'sunt', 'Used', 'I must have been a RED rose-tree, and we won\'t talk about her and to stand on their faces, so that by the hedge!\' then silence, and then said \'The fourth.\' \'Two days wrong!\' sighed the Hatter. \'Does.', 'Eligendi quis velit velit repellat doloribus qui et. Non sunt temporibus ipsum quia perferendis ex exercitationem. Sunt similique soluta dicta cum placeat magni voluptatem. Perferendis quidem nobis placeat sunt atque vero consequuntur. Itaque libero unde rem dolorem. Velit voluptate ipsum quidem quia. Animi itaque consequuntur deserunt sed magni placeat ratione. Vel consequuntur est vel et quasi dolor. At repudiandae inventore impedit voluptas voluptatem. Reiciendis in natus nemo non hic. Eligendi maiores corporis ut consequatur atque. Sequi animi et ut et. Et quod qui cupiditate quasi expedita consequatur odio. Qui nihil et culpa voluptatem illo. Repudiandae voluptates laudantium quia et et. Asperiores labore maxime qui. Quod in vero sunt quis ut. Repellendus et doloribus ea velit reprehenderit voluptatem esse. Accusamus voluptas eos soluta cupiditate temporibus enim sunt. Omnis omnis molestiae dolorem dolor enim dolor. Commodi quia nostrum voluptate magni illo tenetur. Vel omnis sit consequatur debitis tempore excepturi dolorum. Quia nulla sit officiis sint doloribus. Neque doloribus beatae aperiam ipsam. A et ut consequatur dolorum sint. Enim et quis reprehenderit. Maxime quis fuga laborum mollitia. Consectetur quia sequi maiores aperiam. Voluptate alias et fugiat doloremque.', 'a:7:{i:0;s:65:"Asperiores perspiciatis commodi harum quia quasi minima adipisci.";i:1;s:54:"Sunt inventore dolores nesciunt distinctio voluptatum.";i:2;s:37:"Repudiandae molestiae repellat saepe.";i:3;s:50:"Et aliquid soluta quis tenetur qui qui temporibus.";i:4;s:36:"Dignissimos id quis qui saepe eaque.";i:5;s:42:"Qui et eum tempore voluptas quia pariatur.";i:6;s:39:"Ducimus aut vel non et blanditiis ipsa.";}', 29, 0, 3, 95.788640, 197.788640, NULL, NULL, NULL, 889.00, 0, '2022-03-24 01:14:00', 1, 'qui-placeat-cupiditate-a-voluptates', 'a:2:{i:0;i:30;i:1;i:41;}', 'Sed quasi suscipit dolorem incidunt.', 'Our family always HATED cats: nasty, low, vulgar things! Don\'t let him know she liked them best, For this must ever be A secret, kept from all the party were placed along the sea-shore--\' \'Two.', 1, 1, NULL, '2022-03-20 01:14:31', '2022-03-12 01:14:31'),
	(90, 5, 'Est nihil ea error doloremque.', NULL, 45, 'Bashirian-Hahn', 4, 'animi', 'Refurbished', 'Hatter said, tossing his head sadly. \'Do I look like one, but the tops of the tale was something like this:-- \'Fury said to herself, being rather proud of it: for she could guess, she was beginning.', 'Iusto ab impedit impedit eius est soluta velit. Earum culpa velit sit molestiae ea illum. Et ab illo voluptate dolor dicta cumque odio libero. Fugiat dolor voluptatem ratione dolor unde amet sed. Et corrupti sunt id sed tempora sed voluptatem magni. Molestias harum in aut repellat quis. Ad consequatur eaque molestiae voluptate eligendi nam nisi delectus. Sunt delectus voluptates ea blanditiis molestias ut ipsam. Explicabo repudiandae et ipsam et ut. Illo nam maiores adipisci. Ea consectetur ipsa voluptatibus excepturi ea. Dignissimos ex molestias est consequatur quia adipisci ullam. Ea explicabo a cum rem aut ipsa architecto. Et quasi labore est tempora officiis. Placeat voluptate magni et dolor id magnam temporibus. Est ipsam recusandae a officiis ut quos. Praesentium quisquam reprehenderit voluptate voluptatem. Sed consequuntur debitis dolores doloremque eaque error. Tenetur explicabo non odit est. Doloribus alias impedit aut impedit. Ex veritatis eum corrupti sunt. Recusandae dolorem et dolores eum quas quia voluptas. Sit maiores est aspernatur magni voluptatem deleniti. Minus consequatur ea nesciunt facilis dolor numquam dolores. Eius expedita sequi quia qui amet. Cum aut expedita sequi hic. Dolore iusto quae voluptas laudantium pariatur atque. Libero dolorem in architecto debitis nisi quis nihil. Et impedit cupiditate ut rerum itaque ducimus laborum. Necessitatibus eveniet sint iusto aut vitae perspiciatis. Porro nesciunt ratione est optio ratione sed.', 'a:7:{i:0;s:38:"Sit iste illo libero debitis voluptas.";i:1;s:63:"Velit molestias delectus sint voluptas maxime inventore fugiat.";i:2;s:31:"Eius ratione et quos animi est.";i:3;s:61:"Reiciendis asperiores modi rerum maiores sed repudiandae eum.";i:4;s:34:"Facere neque in minima voluptates.";i:5;s:30:"Nihil eum aliquam repellendus.";i:6;s:62:"Nostrum rerum praesentium distinctio reprehenderit voluptatum.";}', 53, 0, 3, 290.029200, 297.029200, 186.029200, '2022-03-25 01:14:00', '2022-04-03 01:14:00', 439.00, 1, '2022-03-22 01:14:00', 1, 'dolores-recusandae-pariatur-molestiae-quam', 'a:3:{i:0;i:11;i:1;i:20;i:2;i:29;}', 'Consectetur necessitatibus et facere et exercitationem nostrum voluptas.', 'Seaography: then Drawling--the Drawling-master was an immense length of neck, which seemed to be a queer thing, to be almost out of breath, and said to herself, and shouted out, \'You\'d better not do.', 1, 1, NULL, '2022-03-11 01:14:31', '2022-03-21 01:14:31'),
	(91, 3, 'Aut est sed sint deleniti quidem.', NULL, 26, 'acme', 3, 'ut', 'Used', 'She took down a large arm-chair at one and then another confusion of voices--\'Hold up his head--Brandy now--Don\'t choke him--How was it, old fellow? What happened to me! I\'LL soon make you grow.', 'Velit ut est beatae repudiandae dolore debitis. Ut dignissimos inventore sed assumenda sunt. Qui commodi deserunt in rerum. Alias est autem at. Nobis non quaerat voluptatibus voluptatem minima culpa. Cum excepturi eveniet debitis odio. Nostrum perspiciatis libero iste at soluta. Consectetur corrupti voluptas excepturi in labore dicta amet. Aliquam adipisci cumque aut alias itaque omnis unde. Perferendis consequatur ipsa ipsum fuga est dolorem. Adipisci voluptas quae sequi molestiae adipisci. Alias harum dolorum neque qui. Labore beatae consequuntur ut quod cupiditate quaerat aut. Sunt ut fugit quia sunt maxime. Voluptatum ab ut debitis voluptatem incidunt voluptas nisi. Id maxime nemo consequatur asperiores sequi. Temporibus nemo facere quae iure qui et. Voluptatum praesentium et sunt quia voluptas eaque. Temporibus quo quo ipsa enim assumenda quibusdam repellendus. Aut corporis expedita non esse voluptates. Veritatis iure quo quis atque natus. Quae ratione et vero vel sapiente enim. Nihil consequuntur fugiat omnis illo. Et saepe sequi magni numquam. Expedita odit enim labore animi debitis. Dolorem aliquam dicta minus atque officiis. Neque rerum unde laudantium quod. Odio et accusantium quis dolores itaque soluta est dolores. Voluptatem dolorum reiciendis eligendi aut aut odit quia. Expedita facilis officia voluptatibus aliquam ab.', 'a:7:{i:0;s:45:"Ut doloremque vel ullam blanditiis accusamus.";i:1;s:41:"Repellendus mollitia nostrum perferendis.";i:2;s:59:"Rerum nihil consequatur aliquam eos minus quibusdam libero.";i:3;s:61:"Corporis accusantium quia voluptate enim et deleniti eos eos.";i:4;s:41:"Sed illo est asperiores quod est dolorum.";i:5;s:48:"Maxime animi et est velit cupiditate rerum iste.";i:6;s:42:"Explicabo rerum deleniti qui aliquid quos.";}', 45, 0, 3, 57.922830, 138.922830, NULL, NULL, NULL, 255.00, 1, '2022-03-23 01:14:00', 1, 'et-id-saepe-dolorem-saepe-et-voluptas-rerum', 'a:3:{i:0;i:9;i:1;i:16;i:2;i:24;}', 'Ipsam error et voluptatem maiores totam quaerat.', 'She ate a little bit of stick, and tumbled head over heels in its hurry to get rather sleepy, and went on planning to herself how this same little sister of hers that you never had to pinch it to.', 1, 1, NULL, '2022-03-10 01:14:31', '2022-03-22 01:14:31'),
	(92, 3, 'Dicta ea nihil dolores animi.', NULL, 49, 'acme', 4, 'tenetur', 'New', 'Alice had no very clear notion how delightful it will be the right size again; and the March Hare went \'Sh! sh!\' and the little magic bottle had now had its full effect, and she heard a little.', 'Ut nisi laborum autem impedit fugit quibusdam. Corrupti natus aut excepturi animi et nisi enim. Beatae tempora eaque eos ut porro aliquam ipsa aspernatur. Minus possimus nemo cumque eos in. Commodi porro laudantium sed blanditiis eligendi tempore illum. Commodi molestiae iusto numquam ut sint non blanditiis. Quo occaecati numquam quo harum perferendis. Et non iste et nesciunt. Dolorem et id corrupti et quisquam ratione ratione. Autem modi et soluta aut natus. Molestias sapiente placeat consectetur optio. Et ut voluptate minus reprehenderit et aut occaecati. Voluptatem delectus quo rerum eum repudiandae. Sed qui ut autem blanditiis et et maiores quasi. Voluptate hic sapiente sed. Porro similique sed omnis corporis delectus. Tempore voluptates recusandae praesentium iusto. Cumque minus sed qui voluptates fugit tenetur. Ipsam et eum quas et ea. Quis voluptas assumenda autem et non dolor. Quae quod autem iure qui esse. Aut quod impedit dolore et. Et et facere est dicta. Et debitis aperiam voluptatum voluptatem voluptas porro. Delectus aut fuga totam aliquam non quis. Vel omnis est in consectetur voluptatem vel. Omnis neque cupiditate velit pariatur maxime sint hic. Eos quas quibusdam temporibus quos odio iste aut. Quibusdam harum dolores incidunt fuga sit. Voluptatem voluptatum voluptatem mollitia nulla. Voluptates voluptas repellendus praesentium nisi iure voluptate. Qui temporibus quia quis. Numquam suscipit dolores in recusandae magni quibusdam ut.', 'a:7:{i:0;s:42:"Mollitia alias nesciunt consequatur neque.";i:1;s:46:"Ut iusto cum adipisci dolores aliquam quaerat.";i:2;s:43:"Id atque voluptatibus animi autem quisquam.";i:3;s:54:"Sed maxime rerum perferendis beatae officia neque sed.";i:4;s:43:"Enim autem vel pariatur quasi ut veritatis.";i:5;s:30:"Suscipit ipsum id eum debitis.";i:6;s:40:"Aut libero dicta sit aut sit laboriosam.";}', 64, 0, 3, 254.588100, 326.588100, NULL, NULL, NULL, 222.00, 0, '2022-03-24 01:14:00', 1, 'molestiae-explicabo-dolor-quisquam-distinctio-asperiores', 'a:2:{i:0;i:2;i:1;i:35;}', 'Voluptate cum consequatur sed.', 'AND WASHING--extra."\' \'You couldn\'t have done just as well as if a fish came to the law, And argued each case with MINE,\' said the Mock Turtle yawned and shut his eyes.--\'Tell her about the temper.', 0, 1, NULL, '2022-03-20 01:14:31', '2022-03-19 01:14:31'),
	(93, 2, 'Soluta voluptas placeat eos voluptatum earum.', NULL, 21, 'Kunze-Gutmann', 4, 'aut', 'Refurbished', 'I could not remember ever having seen in her head, and she said to Alice, very earnestly. \'I\'ve had nothing else to say a word, but slowly followed her back to them, and the poor little juror (it.', 'Esse eum natus nihil et. Soluta unde ut quia. Nostrum saepe optio vero impedit quia et ab sed. Facere sed necessitatibus delectus quam. Accusamus sit et natus consequatur reiciendis. Omnis et amet enim corrupti. Quis nihil velit vitae laudantium. Ipsa culpa dolorem fugiat error nesciunt voluptas. Dicta aut voluptatem modi voluptatem sit. Quasi cupiditate laudantium tempora adipisci. Sapiente distinctio repudiandae corporis ea eum ea. Optio aut fugiat sit tempora minima optio. Minus nesciunt eaque error asperiores alias dolorum necessitatibus. Qui dolor et temporibus consequuntur et itaque. Aut et deleniti ex quaerat ad molestiae omnis ea. Aspernatur quia quibusdam iure omnis repudiandae. Eius omnis qui quas laboriosam architecto nobis voluptatibus. Illum ut aut et consequatur deleniti. Quia placeat quibusdam quia mollitia a molestiae. Nemo ipsa quisquam et distinctio et. Eum mollitia earum esse velit et saepe magnam porro. Officia aut omnis et voluptates. Fuga quaerat qui porro. Voluptatem omnis dolores facere enim. Sequi nemo itaque ratione ab eius. Omnis adipisci quaerat aliquid non vitae repudiandae suscipit. Beatae laborum cum fugiat. Labore blanditiis nemo eum est molestias a. Quidem qui est rerum aliquam possimus quia. Eaque beatae eveniet vitae mollitia incidunt qui recusandae fugit. Sit alias aperiam quasi ullam blanditiis. Similique sequi adipisci illo laboriosam. Quia quo voluptas ipsa quisquam et nam provident. Dolor et unde a velit.', 'a:7:{i:0;s:39:"Et fugit accusamus ut architecto earum.";i:1;s:36:"Minima ducimus ipsam sunt dicta sit.";i:2;s:27:"Eligendi rem debitis earum.";i:3;s:34:"Qui voluptatem accusamus rerum ex.";i:4;s:44:"Nesciunt omnis facere quia inventore in aut.";i:5;s:38:"Quia sint eum ut unde molestias earum.";i:6;s:18:"Iure aut minus ut.";}', 83, 0, 3, 355.165918, 498.165918, 448.165918, '2022-03-25 01:14:00', '2022-04-04 01:14:00', 1680.00, 0, '2022-03-24 01:14:00', 1, 'explicabo-sunt-non-autem-nemo-ullam-eum', 'a:3:{i:0;i:11;i:1;i:36;i:2;i:40;}', 'Ut dolor eos esse rem voluptatibus quibusdam aut.', 'I\'ll set Dinah at you!\' There was no use now,\' thought poor Alice, \'to pretend to be two people. \'But it\'s no use in crying like that!\' \'I couldn\'t help it,\' she said to herself, as she tucked her.', 0, 1, NULL, '2022-03-23 01:14:31', '2022-03-17 01:14:31'),
	(94, 2, 'Commodi fugiat voluptatem maxime esse nam explicabo est.', NULL, 31, 'Shanahan-Kiehn', 1, 'officia', 'Used', 'So you see, so many lessons to learn! Oh, I shouldn\'t want YOURS: I don\'t like them!\' When the sands are all pardoned.\' \'Come, THAT\'S a good deal on where you want to see that queer little toss of.', 'Voluptate sed et ut dolores consequuntur et magnam sint. Repellendus perspiciatis possimus in. Et adipisci nisi eum minima sint. Odio aut porro veniam ad. Commodi beatae vero a expedita omnis. Fugit ipsam facere error aut eius quia possimus. Qui asperiores placeat eaque nihil. Ducimus ab ad ea. Blanditiis voluptatem eos totam eaque atque perspiciatis. Enim distinctio et et quo voluptas deleniti. Quos ut ipsum maxime eum aliquam saepe at. Sequi consequatur et commodi laboriosam quis. Occaecati quod vel voluptatem omnis. Tempore atque at ad neque at occaecati quaerat. Quibusdam velit quisquam aut occaecati laudantium. Perferendis in magni at quam animi praesentium animi officiis. Sit quidem vero sed ad aperiam. Corrupti quis autem enim recusandae non aut. Dolorum laborum numquam iste laudantium voluptates est. Vel soluta dolores est. Aut officia porro repellat qui corrupti at rerum et. Consequatur vel et voluptas fugiat voluptas. Ea doloribus in est aliquam ipsum aut. Eum mollitia dolores vitae ad. Sint minus qui est error veritatis. Reiciendis quae ipsa et. Recusandae voluptatem voluptas voluptatem ut. Quod modi quo hic praesentium aliquam. Itaque error animi assumenda nostrum quae voluptatem. Eos ut suscipit adipisci est omnis. Nulla dolor laboriosam voluptatibus maiores voluptates libero distinctio.', 'a:7:{i:0;s:38:"Id omnis aut recusandae est est velit.";i:1;s:45:"Est expedita eaque ducimus rerum praesentium.";i:2;s:32:"Qui error eos officiis qui quas.";i:3;s:39:"Velit et voluptas placeat est eligendi.";i:4;s:29:"In rerum ut porro doloremque.";i:5;s:37:"Quis porro velit nostrum ut voluptas.";i:6;s:48:"Necessitatibus sint ratione et doloribus dolore.";}', 94, 0, 3, 93.008100, 234.008100, NULL, NULL, NULL, 1114.00, 1, '2022-03-24 01:14:00', 1, 'facilis-et-rerum-dolorum-praesentium', 'a:2:{i:0;i:28;i:1;i:29;}', 'Illum optio ducimus sint tempore.', 'Gryphon hastily. \'Go on with the Queen,\' and she could not be denied, so she began thinking over other children she knew, who might do very well to say it over) \'--yes, that\'s about the temper of.', 1, 1, NULL, '2022-03-15 01:14:31', '2022-03-13 01:14:31'),
	(95, 1, 'Numquam impedit nostrum esse vitae.', NULL, 13, 'Shanahan-Kiehn', 1, 'quas', 'Refurbished', 'Queen of Hearts, and I had not gone (We know it was the White Rabbit read out, at the March Hare was said to the three gardeners instantly jumped up, and there was nothing else to say \'creatures,\'.', 'Eos sunt veritatis rerum voluptatibus et ipsum. Reiciendis maxime alias pariatur quae nisi repellat. Laboriosam at delectus illum in dignissimos ut iste. Autem consectetur ut nihil. Modi eum eum sit nobis numquam et molestiae. Numquam error eum totam atque. Nihil qui vero est. In et sunt quidem minus. Aut voluptates consectetur eos id. Et quia similique qui sit amet eaque aut. At laborum qui beatae voluptatem dolor omnis libero. Nesciunt ab eum optio velit aspernatur eos. Inventore repellat expedita alias est nesciunt culpa debitis. Voluptas voluptatem recusandae voluptate magni. Qui et ea dolorem ut. Voluptate ut dolor ut consequuntur. Cupiditate voluptas pariatur est id similique minus quis. Velit quia et eligendi culpa. Nulla iusto quia maxime minus qui. Nihil et natus a aliquam labore in et. Praesentium qui accusantium animi earum iste dolor odio velit. Fuga eius sed deserunt libero. Eos non odio qui mollitia non earum laboriosam. Necessitatibus aut corporis et culpa libero dolorum perferendis. Itaque aut illum minus omnis magnam laboriosam. Magnam enim eius sed dolorem. Enim non ut sint nesciunt provident aut error. Culpa debitis beatae explicabo repellat et aut. Enim molestiae magni et. Laboriosam voluptate magnam omnis commodi rerum suscipit nostrum. Et quod illum error fugiat vel sed. Dolores voluptas unde et facilis sapiente.', 'a:7:{i:0;s:53:"In praesentium molestiae dolor fuga distinctio ut ut.";i:1;s:64:"Dolores voluptas optio et amet alias consequatur temporibus eos.";i:2;s:51:"Sit sapiente culpa debitis ut in repellat possimus.";i:3;s:62:"Fuga est iste ad incidunt magnam minima blanditiis architecto.";i:4;s:35:"Veniam et minus qui aut cupiditate.";i:5;s:47:"Libero in voluptatem ea minima reiciendis quia.";i:6;s:58:"Dicta non maiores et quae reprehenderit autem eveniet qui.";}', 92, 0, 3, 293.953058, 357.953058, NULL, NULL, NULL, 1195.00, 0, '2022-03-23 01:14:00', 1, 'similique-voluptatem-dolor-sint-qui', 'a:3:{i:0;i:16;i:1;i:22;i:2;i:23;}', 'Minus amet deleniti ipsa aut adipisci qui vitae.', 'Alice. \'And where HAVE my shoulders got to? And oh, my poor hands, how is it directed to?\' said the Gryphon, \'you first form into a doze; but, on being pinched by the fire, and at once took up the.', 1, 1, NULL, '2022-03-19 01:14:31', '2022-03-16 01:14:31'),
	(96, 4, 'Incidunt id aperiam qui est qui ipsum.', NULL, 42, 'Jenkins, Schmidt and Leuschke', 2, 'qui', 'New', 'In a little timidly, for she had sat down again into its face in her hands, wondering if anything would EVER happen in a very interesting dance to watch,\' said Alice, a good deal to ME,\' said Alice.', 'Sit dignissimos autem explicabo doloremque nam voluptatem quos. Error dolor nobis quia molestiae. Enim iusto ut quo ab necessitatibus. Deserunt corporis neque officiis. Et facere beatae earum. Sit nesciunt rerum provident incidunt maxime labore eos quae. Aliquam a perferendis mollitia exercitationem. Quia dignissimos sunt et sapiente laudantium. Consequatur aspernatur eius est autem modi itaque nostrum culpa. Libero laboriosam ratione et nam sunt. Quaerat eligendi nesciunt aut sapiente. Aliquid voluptas error dolorem. Ullam quas error fuga in. Qui omnis quidem possimus repellat doloribus. Autem unde dolorem consequatur quae esse. Eos dolorum et rem sunt et deserunt esse commodi. Consequatur facilis qui consequuntur laborum iure quidem sunt. Sit provident voluptas illo fugit minima. Quia velit vero similique illo vitae neque. Qui sunt distinctio ducimus ut. Rem repudiandae maiores voluptatem in sit eos. Consequatur harum quam numquam sapiente perferendis nihil. Sunt saepe quod dolorem nesciunt. Officiis odit voluptatem deserunt velit. Quisquam maxime et aut veniam asperiores et officia. Rem in sint nisi. Itaque corrupti dolor maiores sunt. Velit earum labore aliquam. Saepe rerum et in quae voluptas sint blanditiis. Quo vel quidem eveniet voluptatibus nobis sed. Nihil quia velit architecto adipisci voluptas excepturi quae. Assumenda unde reprehenderit qui id et iure.', 'a:7:{i:0;s:36:"Qui deserunt unde odit facilis quia.";i:1;s:42:"Et maxime reiciendis facere quo iste quia.";i:2;s:35:"Officia quia assumenda repellendus.";i:3;s:41:"Accusantium tempora corporis beatae illo.";i:4;s:30:"Debitis minus harum minima id.";i:5;s:28:"Aut dolor alias beatae quis.";i:6;s:69:"Porro totam id numquam explicabo doloremque dignissimos voluptatibus.";}', 83, 0, 3, 132.000000, 231.000000, 209.000000, '2022-03-25 01:14:00', '2022-04-08 01:14:00', 895.00, 0, '2022-03-23 01:14:00', 1, 'tenetur-iure-explicabo-dolores-nobis', 'a:3:{i:0;i:11;i:1;i:16;i:2;i:23;}', 'Tempora officia est nulla sapiente deserunt dolor.', 'And the executioner myself,\' said the Caterpillar took the opportunity of adding, \'You\'re looking for them, but they were lying on the floor, and a large piece out of a muchness?\' \'Really, now you.', 1, 1, NULL, '2022-03-16 01:14:31', '2022-03-22 01:14:31'),
	(97, 1, 'Aut atque neque natus voluptatem vel nihil.', NULL, 16, 'Gleichner-Doyle', 4, 'a', 'Used', 'Alice, and sighing. \'It IS the same height as herself; and when she caught it, and on both sides at once. The Dormouse shook itself, and began whistling. \'Oh, there\'s no use their putting their.', 'Qui consequatur omnis quia. Voluptatem et rerum provident autem. Repellat repellat quam aut laboriosam vel. Sunt at dicta et eos commodi. Incidunt voluptatum ea non eos pariatur sit impedit. Earum ut enim praesentium sunt beatae non. Aut iste vero et saepe temporibus est. Vero maiores at optio quaerat ea nesciunt iusto. Fuga totam omnis amet id est voluptatem. Provident reprehenderit rerum reiciendis sequi debitis nam. Eos et praesentium quia et. At repudiandae rerum minima quis temporibus aliquid. Assumenda at soluta voluptates asperiores cumque sint. Soluta velit ea occaecati. Similique atque aut sint adipisci aliquid accusamus omnis. Quidem sed alias ut ducimus quidem est velit. Sunt ad facere quisquam quia optio ut. Aperiam numquam enim nobis. Unde laborum ut iste ut molestiae aut laudantium. Labore saepe qui vitae sed iste voluptatem. Dolore dolore officiis voluptatum eligendi fuga. Repudiandae ad similique ipsa a ipsam. Necessitatibus iusto tempore laboriosam eos dolores eaque quia. Impedit sapiente id commodi quam tempore consectetur eveniet officiis. Veniam sapiente quisquam doloribus aut dolor deleniti ea rerum. Consequatur quis ut mollitia ut consequatur illo. Eius voluptatem dolorum doloremque omnis. Et eveniet nulla aut eius. Sint eligendi corporis a. Corrupti architecto omnis qui facere quas. Quisquam eum laborum quia eius laudantium ullam enim.', 'a:7:{i:0;s:34:"Doloremque aut est repellat sequi.";i:1;s:20:"Aut et et qui ut at.";i:2;s:45:"Dolorem labore delectus blanditiis accusamus.";i:3;s:51:"Cumque inventore enim quo veritatis illum qui sunt.";i:4;s:57:"Iusto ut debitis odio maxime quibusdam ut necessitatibus.";i:5;s:70:"Consequuntur facilis ut atque voluptatem praesentium minima occaecati.";i:6;s:45:"Ut iure ex dolor delectus sed facilis fugiat.";}', 79, 0, 3, 58.500000, 220.500000, 211.500000, '2022-03-25 01:14:00', '2022-04-04 01:14:00', 1652.00, 1, '2022-03-22 01:14:00', 1, 'consequatur-quia-cum-consequuntur-quo-ratione-doloremque-reiciendis', 'a:2:{i:0;i:30;i:1;i:47;}', 'Voluptatum doloremque enim perferendis et nihil.', 'THESE?\' said the Duchess. \'Everything\'s got a moral, if only you can have no sort of knot, and then hurried on, Alice started to her chin in salt water. Her first idea was that you never to lose.', 0, 1, NULL, '2022-03-13 01:14:31', '2022-03-18 01:14:31'),
	(98, 2, 'Quaerat consectetur ratione corporis excepturi qui ad ea.', NULL, 28, 'Bashirian-Kshlerin', 3, 'nostrum', 'Used', 'I learn music.\' \'Ah! that accounts for it,\' said the March Hare had just begun \'Well, of all her knowledge of history, Alice had been (Before she had never left off staring at the top of it. She.', 'Hic ut excepturi provident cupiditate. Qui consequatur ea harum in fugiat impedit. Ex et est quis non a voluptate. Occaecati ut alias aliquam aut voluptates consequuntur autem sed. Maiores magnam facilis dolore est ad. Quisquam vero vel minus odio inventore odio. Ad laudantium ipsam voluptatibus eos consequatur ab. Velit nihil aut assumenda deserunt blanditiis aspernatur cumque. Cum aut pariatur modi optio. Sed reiciendis odit ab reprehenderit ex. Rerum ut sed fugit aut ut perspiciatis. Eaque non et distinctio quo inventore et minus fuga. Repudiandae excepturi in odit aut. Quidem odit ratione porro non. Cum sit neque optio ipsum et vel. Rem placeat doloribus est ratione. Et aliquid doloremque dolores magni ullam voluptatum. Fugiat aut aut quas sunt perferendis voluptas voluptatem. Quasi reiciendis voluptatum commodi labore. Voluptatem et suscipit culpa dolorem earum. Vitae non officia sint quaerat fuga culpa dolorem. Id et praesentium architecto. Velit praesentium ipsa voluptatem occaecati minima. Mollitia ab voluptatem vitae eveniet laboriosam dolores est optio. Explicabo aut nisi ab deserunt atque qui. Quod veritatis doloremque consequatur nam porro. Consequatur incidunt sit qui rerum corporis id possimus odio. Magnam est sunt non. Recusandae explicabo consectetur quasi rerum placeat quaerat. Rem eum soluta veritatis sit eius et. Porro quia voluptatem laudantium assumenda quis.', 'a:7:{i:0;s:59:"Minus aliquid neque tempora doloribus excepturi facilis ut.";i:1;s:43:"Sit facere occaecati necessitatibus dolore.";i:2;s:38:"Illo non enim eum ut dolores corrupti.";i:3;s:41:"Quis quidem quas dolor aliquam quae esse.";i:4;s:45:"Maiores laboriosam tempora ullam repudiandae.";i:5;s:51:"Maiores exercitationem cumque eius doloremque sint.";i:6;s:31:"Omnis eum similique laboriosam.";}', 17, 0, 3, 191.600000, 278.600000, 159.600000, '2022-03-25 01:14:00', '2022-03-29 01:14:00', 1187.00, 1, '2022-03-23 01:14:00', 1, 'occaecati-illum-et-voluptatem-aspernatur-sit', 'a:3:{i:0;i:23;i:1;i:27;i:2;i:47;}', 'Dolor commodi ut sed molestiae ea.', 'TWO little shrieks, and more puzzled, but she thought there was a little more conversation with her head! Off--\' \'Nonsense!\' said Alice, in a great hurry, muttering to itself \'Then I\'ll go round a.', 1, 1, NULL, '2022-03-24 01:14:31', '2022-03-10 01:14:31'),
	(99, 2, 'Deserunt sunt dicta voluptatem et laudantium totam numquam.', NULL, 24, 'Bashirian-Kshlerin', 1, 'quis', 'Refurbished', 'English!\' said the King; and the White Rabbit read:-- \'They told me he was going to shrink any further: she felt a violent blow underneath her chin: it had been, it suddenly appeared again.', 'Atque neque esse tenetur aliquid blanditiis non. Saepe et voluptate incidunt aut. Repellendus non dolore sed molestias porro rerum in distinctio. Vero architecto vitae natus adipisci in optio. Facilis voluptatem et repellat. Vel debitis aut libero non corrupti dolores sit. Consequatur autem hic ut. Deserunt eveniet vitae minima eveniet est corrupti. Ipsam ut laboriosam iste repellendus nulla et. Veritatis corporis eos ducimus. Id necessitatibus sed sed. Ad quia quam aut et quod. Dolores beatae et voluptatum veritatis est. Consequatur accusantium laborum vitae aliquid. Voluptatem deserunt dolorem ad in in. Earum sunt id quo voluptates sunt. Quos adipisci ipsam aliquid odio blanditiis repudiandae voluptatibus ea. Voluptatem quia sapiente provident perspiciatis. Quis et possimus voluptate ea quo earum. Quia porro vel aut delectus ut repellat quis. In rerum dolorum quis excepturi. Et dolorem voluptas sint quia rerum voluptatem qui. Recusandae et architecto nihil sit deserunt accusantium reiciendis. Dolorum velit debitis omnis mollitia dolor. Id distinctio quas veniam est sit. Occaecati error qui ducimus id nulla. Amet rerum illum quo vero est sunt. Sit dolore sit id velit voluptas vel eos. Qui eum veniam culpa eius cum adipisci occaecati non. Sed in debitis voluptatibus temporibus ut. Architecto ut eius suscipit aut magnam molestias qui hic. Beatae culpa soluta corrupti sapiente iste recusandae. Beatae magnam non repellat quos non iure. Repudiandae vel voluptates omnis ad.', 'a:7:{i:0;s:47:"Ea fugit laudantium repellat earum aperiam sed.";i:1;s:34:"Corporis aut perspiciatis est qui.";i:2;s:40:"Exercitationem omnis ex quam voluptatem.";i:3;s:29:"Qui nobis ad aliquam tenetur.";i:4;s:68:"Asperiores laudantium maiores minus quis quia provident dignissimos.";i:5;s:53:"Nostrum deserunt libero dolor dolor vero placeat eos.";i:6;s:53:"Quas sed nihil incidunt quis ipsum et exercitationem.";}', 54, 0, 3, 82.299268, 219.299268, NULL, NULL, NULL, 1157.00, 1, '2022-03-22 01:14:00', 1, 'excepturi-necessitatibus-quos-sequi-voluptatem-quasi-ex', 'a:2:{i:0;i:4;i:1;i:27;}', 'Et repudiandae rem nihil voluptatum dolorem.', 'Alice in a louder tone. \'ARE you to leave off this minute!\' She generally gave herself very good height indeed!\' said the King. \'I can\'t remember half of them--and it belongs to a mouse, you know.', 1, 1, NULL, '2022-03-25 01:14:31', '2022-03-10 01:14:31'),
	(100, 1, 'Esse officiis est voluptas rerum.', NULL, 43, 'Shanahan-Kiehn', 1, 'incidunt', 'Refurbished', 'Alice. \'Now we shall have to whisper a hint to Time, and round Alice, every now and then; such as, \'Sure, I don\'t like the name: however, it only grinned when it had some kind of serpent, that\'s all.', 'Impedit pariatur natus impedit praesentium sit animi enim. Enim expedita nulla et natus dicta. Magni qui eligendi non voluptas aut dolorem delectus est. A asperiores in eveniet. Beatae recusandae omnis repellendus ipsa. Animi numquam odit doloribus velit esse. Pariatur tempore optio nulla delectus vel corporis. Quae praesentium eos quo eligendi voluptatem et voluptatem. Ullam nisi non consequatur aliquam. Ut neque atque esse dolores recusandae omnis distinctio. Dignissimos sit impedit autem quibusdam odit dolores. Ea quaerat est aut et vel velit dolores. Nesciunt doloribus corrupti deserunt ad. Quo necessitatibus enim esse quisquam ex iure qui dolores. Id magnam molestiae necessitatibus aut repellat. Velit sed sunt est et quis. Eveniet eaque dolorem nam tempore tempora ipsa repudiandae aliquam. Est commodi odio odio voluptas nostrum sequi fugit. Iure harum laboriosam commodi. Ut architecto maiores aut id et quos. Quasi illum necessitatibus iste autem ex. Itaque neque asperiores voluptatum nostrum ipsam distinctio. Molestias dolores a aut dolores. Eligendi est aut delectus non. Aut necessitatibus reiciendis iure velit numquam et omnis. Est et labore in placeat aut non hic. Nemo qui molestiae facilis repellat ipsum aspernatur eaque. Et aperiam omnis voluptates maxime. Asperiores qui veniam sit quibusdam dolore quam. Aut dignissimos adipisci adipisci repudiandae sapiente.', 'a:7:{i:0;s:37:"Sunt quia occaecati similique soluta.";i:1;s:49:"Nostrum voluptatem modi ex in et quibusdam animi.";i:2;s:30:"Qui cum quia nostrum corporis.";i:3;s:38:"Officia quaerat assumenda omnis atque.";i:4;s:41:"Sapiente aut nesciunt quia quae sed quis.";i:5;s:62:"Ex id voluptatem et qui voluptas asperiores numquam accusamus.";i:6;s:67:"Qui consectetur earum dignissimos perspiciatis eaque eaque dolorum.";}', 9, 0, 3, 315.506200, 461.506200, 351.506200, '2022-03-25 01:14:00', '2022-04-02 01:14:00', 882.00, 1, '2022-03-22 01:14:00', 1, 'quibusdam-vitae-id-quisquam-possimus-optio-voluptatibus-est-ullam', 'a:3:{i:0;i:16;i:1;i:32;i:2;i:36;}', 'Dicta doloribus soluta quo ut ut omnis eum.', 'The Queen had only one who got any advantage from the Gryphon, and the m--\' But here, to Alice\'s side as she spoke. \'I must go and take it away!\' There was a table in the house if it likes.\' \'I\'d.', 1, 1, NULL, '2022-03-11 01:14:31', '2022-03-20 01:14:31'),
	(101, 1, 'Enim doloremque eius veritatis minus labore voluptatibus.', NULL, 25, 'Kunze-Gutmann', 1, 'aut', 'New', 'He got behind Alice as she did not get hold of it; so, after hunting all about for it, while the rest of the ground.\' So she set off at once: one old Magpie began wrapping itself up very carefully.', 'Ut iste soluta laboriosam non eaque ipsum rerum qui. Ut dolorem alias voluptates saepe consequuntur. Omnis harum explicabo quo esse dignissimos dolor. Voluptatem enim et dignissimos vitae et sed ut. Delectus iusto eligendi totam dolorem. Iusto natus ex est veritatis facere. Magnam consequatur quos quos laboriosam impedit architecto recusandae. Eum quos illo eos error soluta cupiditate. Praesentium necessitatibus rerum officiis error. Impedit in beatae eveniet ipsum omnis. Autem molestiae rerum dolores fugiat fugit voluptatem. Est asperiores amet dolorem debitis cumque non id. Occaecati ratione aperiam similique asperiores autem. Quia sed qui accusamus id sequi et laboriosam. Quo quos voluptatem quo reprehenderit quisquam porro repellat qui. Corporis eos est repellendus rerum nulla tempore dolorem. Non et placeat consequuntur alias qui. Repellat laudantium sed voluptatem. Voluptas qui voluptatem tenetur aliquam quas voluptatibus animi natus. Est aut quo vero dolor. Voluptatibus velit repellat assumenda. Est aliquam veniam neque atque. Enim quisquam minima sunt nisi deleniti quae. Porro unde sed corporis et id consequatur. Et sit ut quidem exercitationem. Ratione molestias aut fugit voluptate fuga maiores cumque. Est porro corrupti molestias temporibus ullam at aut. Aliquam perspiciatis qui non eos qui. Doloremque ea quos ut incidunt reprehenderit dolor. Dolores accusamus eos veniam consectetur aut. Aut molestiae unde explicabo tempora ut voluptatem recusandae.', 'a:7:{i:0;s:62:"Deserunt enim veritatis porro maiores perspiciatis reiciendis.";i:1;s:36:"Quidem nobis vel voluptatem impedit.";i:2;s:63:"Sed reprehenderit dicta magnam minus ullam molestiae est velit.";i:3;s:36:"Voluptas dignissimos ipsa voluptate.";i:4;s:40:"Numquam alias iste molestias doloremque.";i:5;s:37:"Ut perferendis tempora velit aperiam.";i:6;s:58:"Et doloremque et mollitia molestiae praesentium quae odio.";}', 23, 0, 3, 160.357600, 165.357600, 37.357600, '2022-03-25 01:14:00', '2022-04-09 01:14:00', 1063.00, 1, '2022-03-22 01:14:00', 1, 'rem-dicta-iste-cumque-quia', 'a:3:{i:0;i:7;i:1;i:17;i:2;i:45;}', 'Eligendi culpa eum architecto fugiat.', 'I suppose I ought to go nearer till she got back to my boy, I beat him when he finds out who I am! But I\'d better take him his fan and gloves--that is, if I fell off the top of his shrill little.', 0, 1, NULL, '2022-03-10 01:14:31', '2022-03-12 01:14:31'),
	(102, 1, 'Quas sapiente sit nihil distinctio.', NULL, 14, 'Quitzon-Maggio', 3, 'aperiam', 'New', 'Very soon the Rabbit noticed Alice, as she left her, leaning her head to feel which way I ought to go among mad people,\' Alice remarked. \'Right, as usual,\' said the Caterpillar. \'Is that the Mouse.', 'Voluptatem ducimus non ipsum eligendi et officia. Nisi voluptatem esse laborum voluptas earum voluptatibus. Sint fugit soluta sunt consequuntur eos sequi. Illum voluptas tempora assumenda consequatur sed. Nostrum quidem voluptatem praesentium illum. Cupiditate adipisci et voluptas odio. Laboriosam sit rem est consequatur reiciendis itaque. Et at dolor ratione deserunt. Nobis provident et quas cumque. Possimus eaque similique repellendus odit. Ducimus magni voluptatem at iure soluta reiciendis rem. Ea porro sit exercitationem incidunt consequatur voluptatem. Maxime et voluptas sapiente cum et. Ut esse magni et error. Dignissimos quis nulla est. Illum suscipit est ut. Occaecati magnam ipsum illum rerum dicta. Earum quam necessitatibus enim quo eum maiores sit. Rem suscipit quo voluptate magnam. Eveniet odit est deserunt est voluptatem et fugit. Sed similique voluptas ut quisquam voluptas beatae eius. Ab et voluptatem ea incidunt reiciendis excepturi. Perspiciatis hic consequatur voluptates tenetur. Et eaque vel deserunt. Provident architecto numquam officia. In cumque enim quasi nobis est accusantium iusto est. Corrupti commodi aut iusto. Maiores tenetur eius optio est et. Cum ut illo velit quibusdam ducimus dicta. Ab voluptates et consectetur corrupti eveniet neque. Sit tempora nam totam commodi eum nulla minima aperiam. At inventore voluptatibus maxime qui aut exercitationem.', 'a:7:{i:0;s:44:"Laudantium beatae officia rerum atque nobis.";i:1;s:63:"Excepturi nihil dolorem sequi consequatur nihil et praesentium.";i:2;s:42:"Ad quaerat voluptatum delectus id aliquid.";i:3;s:60:"Reiciendis expedita voluptatibus nihil accusantium eius hic.";i:4;s:34:"Et veritatis autem molestiae quam.";i:5;s:33:"Et quia neque aut necessitatibus.";i:6;s:31:"Autem est quia minus et sit at.";}', 45, 0, 3, 302.800000, 89.000000, NULL, NULL, NULL, 1763.00, 1, '2022-03-24 01:15:00', 1, 'modi-adipisci-occaecati-deleniti-tenetur-odit-distinctio-reprehenderit', 'a:3:{i:0;i:9;i:1;i:19;i:2;i:22;}', 'Est dolorem minus sit voluptas.', 'I\'ll tell you more than three.\' \'Your hair wants cutting,\' said the King, who had been anything near the door of the crowd below, and there they lay sprawling about, reminding her very much.', 0, 1, NULL, '2022-03-11 01:15:16', '2022-03-13 01:15:16'),
	(103, 1, 'Aliquid qui ut quas dolor ipsum nihil et.', NULL, 18, 'Gleichner-Doyle', 3, 'nesciunt', 'New', 'And she tried to say it over) \'--yes, that\'s about the same thing a bit!\' said the Cat, \'if you only kept on good terms with him, he\'d do almost anything you liked with the game,\' the Queen say only.', 'Eligendi omnis fugit et voluptatem occaecati amet unde. Cupiditate eum molestiae necessitatibus praesentium. Nam vel et autem ducimus esse ab rem. Fugiat occaecati molestiae molestiae non. Aut et recusandae recusandae. Et doloremque excepturi hic. Sit vitae excepturi perspiciatis nihil earum magnam est cupiditate. Blanditiis voluptatum repellat aperiam eum. Exercitationem veniam totam quos excepturi quia neque. Quaerat aliquam in amet enim ut. Praesentium similique reprehenderit voluptatem qui libero. Enim dolor eligendi est voluptas dolores. Deserunt et necessitatibus totam. Aspernatur est eum est. Expedita omnis similique fugit aliquam minus. Non laudantium nam sit ut aut nemo. Dicta rerum expedita molestiae consequuntur nihil. Voluptatibus blanditiis aspernatur maiores qui. Sed est odio at. Aut nihil reprehenderit labore aspernatur quis culpa. Doloribus dolores aut dolorem possimus rerum. Et qui velit aut et repudiandae molestias tempora. Rem et deserunt esse reprehenderit nobis. Rerum sed eligendi voluptatum porro. Eaque consequuntur dolores quisquam error quasi. Quia autem consequuntur recusandae. Corrupti atque veritatis qui ducimus laudantium eligendi. Laborum dolorem nam placeat quas aut quasi animi et. Provident et magnam quia laudantium enim quis recusandae voluptatum. Ad occaecati voluptate voluptatem neque qui sunt optio. Eum unde et accusamus inventore.', 'a:7:{i:0;s:45:"Minima magnam aut dolorem quod dolor et unde.";i:1;s:41:"Vitae recusandae qui et autem id iste et.";i:2;s:29:"Et ut ipsum quaerat corrupti.";i:3;s:59:"Aut cupiditate quibusdam omnis officiis quia facilis saepe.";i:4;s:42:"Magnam voluptatem ut quidem aut est porro.";i:5;s:51:"Quia totam dicta blanditiis amet totam saepe sequi.";i:6;s:56:"Perferendis explicabo assumenda itaque quae non aliquid.";}', 77, 0, 3, 100.600000, 95.000000, 20.000000, '2022-03-25 01:15:00', '2022-04-08 01:15:00', 551.00, 1, '2022-03-22 01:15:00', 1, 'porro-qui-molestiae-dicta-tempora-aut-fuga', 'a:2:{i:0;i:23;i:1;i:40;}', 'Eius incidunt temporibus eum enim.', 'Mock Turtle sighed deeply, and began, in a hurry: a large flower-pot that stood near. The three soldiers wandered about in a sorrowful tone, \'I\'m afraid I\'ve offended it again!\' For the Mouse only.', 0, 1, NULL, '2022-03-11 01:15:17', '2022-03-20 01:15:17'),
	(104, 1, 'Placeat tempore esse cupiditate blanditiis ducimus eum voluptatem.', NULL, 4, 'acme', 2, 'error', 'Refurbished', 'Alice didn\'t think that very few little girls of her hedgehog. The hedgehog was engaged in a Little Bill It was the first figure,\' said the Duchess, who seemed too much pepper in that soup!\' Alice.', 'Mollitia enim aperiam est molestias harum. Optio sit quae in alias. Quia ut totam ullam qui neque repellendus consequatur eum. Qui officiis suscipit vel. Officia explicabo animi autem. Quia quo ducimus rerum consequatur eum. Rerum impedit tenetur ut et rem consequatur. Nemo nihil eos molestiae rerum. Magnam quibusdam consequatur necessitatibus tempore voluptates ut hic. Ipsam ut voluptates reprehenderit magni impedit quas et. Qui magni aliquam quia doloribus. Dolorem nobis est quidem ipsum. In dolore id dolores molestias et suscipit. Iure mollitia asperiores consequatur ratione. Nesciunt eaque maiores animi dolores quas aliquam. Officia quod quis voluptatem voluptatem cum eligendi et. Ea non et dignissimos quo. Reprehenderit ut nesciunt consequatur facere asperiores iste voluptatem. Sint inventore laborum dicta non. Expedita atque necessitatibus omnis neque minus. Beatae deleniti quia et id labore inventore. Dolorem delectus sunt unde rerum. Atque accusantium dolorem dolore. Quae possimus suscipit beatae nam repellendus commodi laudantium. Et eius et perferendis et. Qui voluptas rerum suscipit et sed non. Molestiae ut praesentium unde. Qui error distinctio debitis dolores sed. Consectetur sunt illum neque. Nobis impedit quam voluptatum aut est illum voluptates. Cumque et quaerat amet totam ut. Beatae laborum dolores beatae odio illo minus.', 'a:7:{i:0;s:65:"Officiis eum omnis voluptatibus voluptates reprehenderit non non.";i:1;s:51:"Vitae voluptate neque est blanditiis unde hic ipsa.";i:2;s:60:"Autem et magni voluptatem dignissimos non et dolorem quidem.";i:3;s:38:"Ipsa rem quas accusamus quas sapiente.";i:4;s:34:"Maiores tenetur autem tempore non.";i:5;s:45:"Vel rerum et adipisci placeat non cupiditate.";i:6;s:52:"Sunt et velit nisi sit unde saepe doloremque veniam.";}', 94, 0, 3, 81.000000, 69.000000, 14.000000, '2022-03-25 01:15:00', '2022-04-14 01:15:00', 289.00, 0, '2022-03-23 01:15:00', 1, 'odio-sit-repellendus-non-officia-explicabo-est', 'a:2:{i:0;i:5;i:1;i:46;}', 'Doloremque rerum quo placeat dolorem sed sit.', 'VERY good opportunity for repeating his remark, with variations. \'I shall do nothing of the cakes, and was coming back to the other, trying every door, she found herself in a great letter, nearly as.', 1, 1, NULL, '2022-03-11 01:15:18', '2022-03-20 01:15:18'),
	(105, 1, 'Sequi aut quam voluptas itaque.', NULL, 16, 'Gleichner-Doyle', 5, 'doloremque', 'Refurbished', 'I suppose?\' said Alice. \'Who\'s making personal remarks now?\' the Hatter with a knife, it usually bleeds; and she soon made out that one of the Queen ordering off her knowledge, as there seemed to be.', 'Quia maxime odio saepe expedita unde aut. Molestias quae dolores magni. Molestias non eos ab similique. Id eos culpa dolores deserunt. Dolore consequuntur itaque sit voluptatum ipsum illum vel. Perferendis numquam hic quae pariatur dolores. Eos similique sit amet perspiciatis. Nemo atque quas enim cum et autem id. Eum illo dignissimos dolor sunt. Tempore illo repudiandae nisi quod omnis eius. Reprehenderit deserunt nihil quae minima eius. Dolor veniam magnam corrupti qui. A rerum adipisci velit qui est necessitatibus. Sunt non debitis fugit nulla minima voluptatem. Exercitationem eum reiciendis architecto voluptates at. Quibusdam quisquam laboriosam sit nesciunt distinctio ex. Nihil sed ut autem et. Dolorem eaque vero impedit maiores. Sit animi corporis non adipisci temporibus quas. Eos sint iure molestiae vel tenetur nihil voluptatibus. Dolores dicta sunt quaerat consequatur libero. Recusandae repudiandae repudiandae optio sunt. Alias in iste porro officia tenetur exercitationem distinctio. Et dolor omnis delectus enim. Commodi vel voluptatem voluptate tenetur at aut. Sunt est quo possimus labore excepturi quod molestiae. Vel qui non voluptatem qui quam. Dolores est voluptatem illum neque harum numquam. Quia nulla vel in rerum libero hic earum. Et quia libero officia voluptatibus sit mollitia illo. Tempora cumque voluptatem repellat dolorem maxime. Ea veniam et et facere nisi aut debitis.', 'a:7:{i:0;s:37:"Est quo quia minus perferendis iusto.";i:1;s:32:"Eligendi voluptatem quo eos sit.";i:2;s:60:"Similique fugiat asperiores minus aspernatur qui asperiores.";i:3;s:55:"Molestiae perferendis omnis consequatur voluptatem vel.";i:4;s:35:"Sit ad natus libero qui voluptatem.";i:5;s:29:"Atque nam nobis qui voluptas.";i:6;s:43:"Vero voluptatem accusamus eos voluptatibus.";}', 91, 0, 3, 241.160773, 84.000000, NULL, NULL, NULL, 825.00, 0, '2022-03-22 01:15:00', 1, 'non-ea-nihil-voluptates-est-aliquam-exercitationem-sit-adipisci', 'a:2:{i:0;i:6;i:1;i:10;}', 'Voluptatum ut nobis error tenetur et.', 'I wish you wouldn\'t mind,\' said Alice: \'allow me to him: She gave me a good many voices all talking together: she made it out loud. \'Thinking again?\' the Duchess was VERY ugly; and secondly, because.', 1, 1, NULL, '2022-03-20 01:15:18', '2022-03-21 01:15:18'),
	(106, 1, 'Sapiente dolor ratione id voluptas magni.', NULL, 48, 'Shanahan-Kiehn', 2, 'sed', 'Used', 'I\'m afraid, but you might do something better with the tea,\' the Hatter asked triumphantly. Alice did not venture to ask help of any use, now,\' thought poor Alice, \'when one wasn\'t always growing.', 'Neque optio incidunt accusamus tenetur tempora eum harum. Culpa recusandae id cum est. Repellat consectetur repudiandae doloribus beatae consequatur veniam. Est facilis vel sunt facilis et deserunt molestias. Neque assumenda placeat eaque et inventore harum iste. Veritatis odio at nemo omnis tempore illo libero eum. Odio omnis excepturi rerum aut enim eos sint. At eum recusandae vitae ut libero at ea. Quasi ut qui hic eveniet inventore. Minus temporibus adipisci enim totam dolorem explicabo quaerat. Sapiente beatae sit ducimus voluptatem quis. Et quo facere magni repellendus. Vitae quia dicta consequatur sed sit sed harum. Dolor itaque et aliquid tempora id animi. Cumque ad ut quasi blanditiis aliquam. Nemo iure adipisci voluptas unde. Architecto dolorem eum sequi perferendis omnis facilis et. Saepe delectus distinctio sint excepturi nostrum. Recusandae aperiam quia fugiat nesciunt. Molestiae nobis quia nulla veritatis. Quaerat quibusdam iure unde odio ullam optio. Et minima nihil laudantium eos. Ea nihil eos doloremque expedita iure sit. Ex eum odit est ut laboriosam hic. Enim fuga ab voluptatem autem ipsa tempore quo. Incidunt doloremque ex voluptas quas assumenda. Non aut incidunt quo voluptas. Consequatur consectetur nam rerum ad quia voluptas ea. Aspernatur quia dolores qui similique fuga quas. Velit dolores ut minima. Sit aut dolor commodi aliquam delectus quia. Laborum similique repellat odio omnis explicabo.', 'a:7:{i:0;s:35:"Est reprehenderit autem distinctio.";i:1;s:41:"Fuga laboriosam maiores nisi sit in quia.";i:2;s:26:"Cum similique hic nostrum.";i:3;s:41:"Sunt molestiae rerum explicabo vel vitae.";i:4;s:58:"Officiis tempora omnis iusto praesentium est aut et alias.";i:5;s:41:"Voluptas quia placeat quaerat omnis iste.";i:6;s:39:"Aliquid sit voluptatum et sit mollitia.";}', 49, 0, 3, 65.675325, 24.000000, 14.000000, '2022-03-25 01:15:00', '2022-04-04 01:15:00', 1331.00, 0, '2022-03-23 01:15:00', 1, 'ab-dolorum-sit-consectetur-itaque-impedit', 'a:3:{i:0;i:18;i:1;i:25;i:2;i:44;}', 'Atque enim a fugiat corporis odit natus.', 'I\'ve tried to curtsey as she spoke. \'I must go and live in that poky little house, on the English coast you find a number of cucumber-frames there must be!\' thought Alice. One of the same thing, you.', 1, 1, NULL, '2022-03-20 01:15:19', '2022-03-19 01:15:19'),
	(107, 2, 'Nobis voluptates amet ipsum eos.', NULL, 43, 'Bashirian-Hahn', 5, 'est', 'Used', 'Tarts? The King turned pale, and shut his note-book hastily. \'Consider your verdict,\' he said to herself, (not in a hurry to change the subject,\' the March Hare will be the right thing to eat some.', 'Id dolorem voluptatem provident rerum. Perspiciatis magni veritatis dolore expedita velit iusto est. Provident ut sit sit saepe. Doloribus quisquam quos cum rerum eligendi. Voluptas qui atque voluptas vero maxime. Molestiae iusto iure quae sint. Dignissimos quia sit numquam est. Sequi quas consectetur dolore error excepturi vero ullam iste. Vero et minus dolorum eveniet et voluptatem. Assumenda hic nihil dolorem suscipit non quisquam. Odit eligendi omnis maxime porro veritatis tempore ad. Vel ea dolor sit ipsa voluptatum. Illo occaecati dolorum perspiciatis quis aut praesentium non. Et non neque iure voluptatem quisquam dolores error. Aliquam iusto quia corrupti praesentium. Quisquam omnis atque adipisci aut odit fugiat sapiente. Voluptatem quia voluptatem rem dignissimos. Alias quisquam ipsam corrupti labore. Quia ut iusto quae tempora. Doloremque ab labore voluptate. Consequatur tempora cupiditate facere. Doloribus deserunt ipsum ad accusamus. Vitae iure laborum molestiae consequatur saepe placeat cum est. Minima explicabo qui eaque ipsam voluptas. Et est expedita reiciendis ad et quia et quod. Sed nisi sunt non ex. Vero quis cupiditate est quia repellat est porro fugit. Aut quam autem qui qui commodi. Rerum tenetur veritatis laudantium ut eos quia. Explicabo reiciendis natus dolorum quasi sit et facilis. Non voluptatem hic harum velit qui nisi quia. Et at velit voluptatem sed. Libero quia nihil rem error quia sed. Nulla ad maiores natus similique eum non incidunt.', 'a:7:{i:0;s:56:"Est porro odit minus corrupti repellendus maiores eaque.";i:1;s:58:"Eaque voluptatem in corporis dignissimos exercitationem a.";i:2;s:32:"Sed minus quia ad ut nisi rerum.";i:3;s:79:"Dolorem asperiores sunt quasi exercitationem magni molestias quaerat inventore.";i:4;s:58:"Natus voluptatibus animi ab porro eos maxime eaque facere.";i:5;s:66:"Nulla sequi molestiae beatae necessitatibus quod non voluptatibus.";i:6;s:41:"Eaque quis fugiat molestiae optio facere.";}', 47, 0, 3, 348.530591, 94.000000, NULL, NULL, NULL, 128.00, 1, '2022-03-22 01:15:00', 1, 'ut-et-nemo-adipisci-optio-a-delectus-nihil-voluptatem', 'a:2:{i:0;i:12;i:1;i:38;}', 'Qui blanditiis voluptatem vitae quibusdam dolor voluptas.', 'HAVE tasted eggs, certainly,\' said Alice in a louder tone. \'ARE you to death."\' \'You are old,\' said the Hatter: \'let\'s all move one place on.\' He moved on as he spoke, \'we were trying--\' \'I see!\'.', 0, 1, NULL, '2022-03-12 01:15:19', '2022-03-13 01:15:19');
/*!40000 ALTER TABLE `inventories` ENABLE KEYS */;

-- Dumping structure for table zcart2511.inventory_packaging
CREATE TABLE IF NOT EXISTS `inventory_packaging` (
  `packaging_id` int(10) unsigned NOT NULL,
  `inventory_id` bigint(20) unsigned NOT NULL,
  `created_at` timestamp NULL DEFAULT NULL,
  `updated_at` timestamp NULL DEFAULT NULL,
  KEY `inventory_packaging_packaging_id_index` (`packaging_id`),
  KEY `inventory_packaging_inventory_id_index` (`inventory_id`),
  CONSTRAINT `inventory_packaging_inventory_id_foreign` FOREIGN KEY (`inventory_id`) REFERENCES `inventories` (`id`) ON DELETE CASCADE,
  CONSTRAINT `inventory_packaging_packaging_id_foreign` FOREIGN KEY (`packaging_id`) REFERENCES `packagings` (`id`) ON DELETE CASCADE
) ENGINE=InnoDB DEFAULT CHARSET=utf8 COLLATE=utf8_unicode_ci;

-- Dumping data for table zcart2511.inventory_packaging: ~0 rows (approximately)
/*!40000 ALTER TABLE `inventory_packaging` DISABLE KEYS */;
/*!40000 ALTER TABLE `inventory_packaging` ENABLE KEYS */;

-- Dumping structure for table zcart2511.invoices
CREATE TABLE IF NOT EXISTS `invoices` (
  `id` int(10) unsigned NOT NULL AUTO_INCREMENT,
  `user_id` bigint(20) DEFAULT NULL,
  `shop_id` int(11) DEFAULT NULL,
  `provider_id` varchar(255) COLLATE utf8_unicode_ci NOT NULL,
  `total` decimal(8,2) DEFAULT NULL,
  `tax` decimal(8,2) DEFAULT NULL,
  `card_country` varchar(255) COLLATE utf8_unicode_ci DEFAULT NULL,
  `billing_state` varchar(255) COLLATE utf8_unicode_ci DEFAULT NULL,
  `billing_zip` varchar(255) COLLATE utf8_unicode_ci DEFAULT NULL,
  `billing_country` varchar(255) COLLATE utf8_unicode_ci DEFAULT NULL,
  `created_at` timestamp NULL DEFAULT NULL,
  `updated_at` timestamp NULL DEFAULT NULL,
  PRIMARY KEY (`id`),
  KEY `invoices_created_at_index` (`created_at`),
  KEY `invoices_user_id_index` (`user_id`),
  KEY `invoices_shop_id_index` (`shop_id`)
) ENGINE=InnoDB DEFAULT CHARSET=utf8 COLLATE=utf8_unicode_ci;

-- Dumping data for table zcart2511.invoices: ~0 rows (approximately)
/*!40000 ALTER TABLE `invoices` DISABLE KEYS */;
/*!40000 ALTER TABLE `invoices` ENABLE KEYS */;

-- Dumping structure for table zcart2511.jobs
CREATE TABLE IF NOT EXISTS `jobs` (
  `id` bigint(20) unsigned NOT NULL AUTO_INCREMENT,
  `queue` varchar(255) COLLATE utf8_unicode_ci NOT NULL,
  `payload` longtext COLLATE utf8_unicode_ci NOT NULL,
  `attempts` tinyint(3) unsigned NOT NULL,
  `reserved_at` int(10) unsigned DEFAULT NULL,
  `available_at` int(10) unsigned NOT NULL,
  `created_at` int(10) unsigned NOT NULL,
  PRIMARY KEY (`id`),
  KEY `jobs_queue_index` (`queue`)
) ENGINE=InnoDB DEFAULT CHARSET=utf8 COLLATE=utf8_unicode_ci;

-- Dumping data for table zcart2511.jobs: ~0 rows (approximately)
/*!40000 ALTER TABLE `jobs` DISABLE KEYS */;
/*!40000 ALTER TABLE `jobs` ENABLE KEYS */;

-- Dumping structure for table zcart2511.languages
CREATE TABLE IF NOT EXISTS `languages` (
  `id` int(10) unsigned NOT NULL AUTO_INCREMENT,
  `code` varchar(255) COLLATE utf8_unicode_ci NOT NULL,
  `php_locale_code` varchar(255) COLLATE utf8_unicode_ci NOT NULL,
  `language` text COLLATE utf8_unicode_ci NOT NULL,
  `order` int(11) NOT NULL DEFAULT '100',
  `rtl` tinyint(1) DEFAULT '0',
  `active` tinyint(1) DEFAULT '0',
  `deleted_at` timestamp NULL DEFAULT NULL,
  `created_at` timestamp NULL DEFAULT NULL,
  `updated_at` timestamp NULL DEFAULT NULL,
  PRIMARY KEY (`id`),
  UNIQUE KEY `languages_code_unique` (`code`)
) ENGINE=InnoDB AUTO_INCREMENT=24 DEFAULT CHARSET=utf8 COLLATE=utf8_unicode_ci;

-- Dumping data for table zcart2511.languages: ~23 rows (approximately)
/*!40000 ALTER TABLE `languages` DISABLE KEYS */;
INSERT INTO `languages` (`id`, `code`, `php_locale_code`, `language`, `order`, `rtl`, `active`, `deleted_at`, `created_at`, `updated_at`) VALUES
	(1, 'en', 'en_US', 'English', 1, 0, 1, NULL, '2022-03-25 01:12:47', '2022-03-25 01:12:47'),
	(2, 'es', 'es_ES', 'Spanish', 2, 0, 1, '2022-03-25 16:04:22', '2022-03-25 01:12:47', '2022-03-25 16:04:22'),
	(3, 'fa', 'fa_IR', 'Persian', 3, 1, 1, '2022-03-25 16:04:34', '2022-03-25 01:12:47', '2022-03-25 16:04:34'),
	(4, 'bn', 'bn_BD', 'Bangla (Bangali)', 4, 0, 1, '2022-03-25 16:04:28', '2022-03-25 01:12:47', '2022-03-25 16:04:28'),
	(5, 'ar', 'ar_AE', 'Arabic', 100, 1, 1, NULL, '2022-03-25 01:12:47', '2022-03-25 16:02:09'),
	(6, 'zh', 'zh_CN', 'Chinese', 100, 0, 0, '2022-03-25 16:02:19', '2022-03-25 01:12:47', '2022-03-25 16:02:19'),
	(7, 'hi', 'hi_IN', 'Hindi', 100, 0, 0, '2022-03-25 16:02:25', '2022-03-25 01:12:47', '2022-03-25 16:02:25'),
	(8, 'da', 'da_DK', 'Danish', 100, 0, 0, '2022-03-25 16:04:16', '2022-03-25 01:12:47', '2022-03-25 16:04:16'),
	(9, 'de', 'de_DE', 'German', 100, 0, 0, '2022-03-25 16:02:56', '2022-03-25 01:12:47', '2022-03-25 16:02:56'),
	(10, 'el', 'el_GR', 'Greek', 100, 0, 0, '2022-03-25 16:02:33', '2022-03-25 01:12:47', '2022-03-25 16:02:33'),
	(11, 'fr', 'fr_FR', 'French', 100, 0, 0, '2022-03-25 16:02:41', '2022-03-25 01:12:47', '2022-03-25 16:02:41'),
	(12, 'he', 'he_IL', 'Hebrew', 100, 1, 0, '2022-03-25 16:04:10', '2022-03-25 01:12:47', '2022-03-25 16:04:10'),
	(13, 'nl', 'nl_NL', 'Dutch', 100, 0, 0, '2022-03-25 16:02:49', '2022-03-25 01:12:47', '2022-03-25 16:02:49'),
	(14, 'no', 'no_NO', 'Norwegian', 100, 0, 0, '2022-03-25 16:03:59', '2022-03-25 01:12:47', '2022-03-25 16:03:59'),
	(15, 'pt', 'pt', 'Portuguese', 100, 0, 0, '2022-03-25 16:03:53', '2022-03-25 01:12:47', '2022-03-25 16:03:53'),
	(16, 'pt_PT', 'pt_PT', 'Portuguese', 100, 0, 0, '2022-03-25 16:03:02', '2022-03-25 01:12:47', '2022-03-25 16:03:02'),
	(17, 'ru', 'ru_RU', 'Russian', 100, 0, 0, '2022-03-25 16:03:08', '2022-03-25 01:12:47', '2022-03-25 16:03:08'),
	(18, 'sv', 'sv_SE', 'Swedish', 100, 0, 0, '2022-03-25 16:03:15', '2022-03-25 01:12:47', '2022-03-25 16:03:15'),
	(19, 'th', 'th_TH', 'Thai', 100, 0, 0, '2022-03-25 16:03:23', '2022-03-25 01:12:47', '2022-03-25 16:03:23'),
	(20, 'tr', 'tr_TR', 'Turkish', 100, 0, 0, '2022-03-25 16:01:48', '2022-03-25 01:12:47', '2022-03-25 16:01:48'),
	(21, 'id', 'id_ID', 'Indonesian', 100, 0, 0, '2022-03-25 16:03:28', '2022-03-25 01:12:47', '2022-03-25 16:03:28'),
	(22, 'vi', 'vi_VN', 'Vietnamese', 100, 0, 0, '2022-03-25 16:03:41', '2022-03-25 01:12:47', '2022-03-25 16:03:41'),
	(23, 'uk', 'uk_UA', 'Ukrainian', 100, 0, 0, '2022-03-25 16:03:48', '2022-03-25 01:12:47', '2022-03-25 16:03:48');
/*!40000 ALTER TABLE `languages` ENABLE KEYS */;

-- Dumping structure for table zcart2511.manufacturers
CREATE TABLE IF NOT EXISTS `manufacturers` (
  `id` int(10) unsigned NOT NULL AUTO_INCREMENT,
  `shop_id` int(10) unsigned DEFAULT NULL,
  `name` varchar(255) COLLATE utf8_unicode_ci NOT NULL,
  `slug` varchar(200) COLLATE utf8_unicode_ci NOT NULL,
  `email` varchar(255) COLLATE utf8_unicode_ci DEFAULT NULL,
  `url` text COLLATE utf8_unicode_ci,
  `phone` varchar(255) COLLATE utf8_unicode_ci DEFAULT NULL,
  `description` longtext COLLATE utf8_unicode_ci,
  `country_id` int(10) unsigned DEFAULT NULL,
  `active` tinyint(1) NOT NULL DEFAULT '1',
  `deleted_at` timestamp NULL DEFAULT NULL,
  `created_at` timestamp NULL DEFAULT NULL,
  `updated_at` timestamp NULL DEFAULT NULL,
  PRIMARY KEY (`id`),
  UNIQUE KEY `manufacturers_slug_unique` (`slug`)
) ENGINE=InnoDB AUTO_INCREMENT=17 DEFAULT CHARSET=utf8 COLLATE=utf8_unicode_ci;

-- Dumping data for table zcart2511.manufacturers: ~16 rows (approximately)
/*!40000 ALTER TABLE `manufacturers` DISABLE KEYS */;
INSERT INTO `manufacturers` (`id`, `shop_id`, `name`, `slug`, `email`, `url`, `phone`, `description`, `country_id`, `active`, `deleted_at`, `created_at`, `updated_at`) VALUES
	(1, 4, 'acme', 'acme', 'maryjane.daugherty@gmail.com', 'http://ortiz.com/', '(434) 867-8277', 'Natus quidem repudiandae illo ducimus nam incidunt aliquam. Odit cum ad aut excepturi. Et est excepturi illum deleniti molestiae magnam. In veniam placeat fugit eaque. Doloremque et explicabo ipsam aut. Et tempora ratione enim voluptatum cum officia. Quidem eos nihil dolorem et ipsa. Illum praesentium suscipit in eaque autem quis sapiente.', 732, 1, NULL, '2022-03-25 01:13:57', '2022-03-25 01:13:57'),
	(2, 3, 'Quitzon-Maggio', 'quitzon-maggio', 'skessler@keeling.com', 'http://bogan.com/dicta-odit-dolore-autem-nisi-exercitationem-dolorem', '1-646-466-7295', 'Qui quibusdam illum qui culpa ad repellat eaque. Sit omnis facere necessitatibus ut esse. Molestiae omnis sint aliquid ut rerum sapiente architecto et. Officiis voluptatem similique dolorum rem. Facere illum qui similique officiis omnis et. Voluptate quaerat ad quia aperiam odio cupiditate sed. Ut eaque voluptatibus enim non. Nihil consequuntur nemo similique enim at corrupti natus placeat.', 44, 1, NULL, '2022-03-25 01:13:57', '2022-03-25 01:13:57'),
	(3, 4, 'Kassulke, Legros and Roob', 'kassulke-legros-and-roob', 'eupton@sanford.com', 'http://reynolds.com/ab-alias-debitis-sequi', '818.892.0165', 'Earum corporis accusamus eius mollitia quaerat ut occaecati ut. Accusamus odio quidem vel reiciendis voluptatibus et dolor accusantium. Laborum sed qui sunt autem nisi. Numquam atque eius reiciendis sit. Commodi rerum mollitia totam optio dolorem dolorum. Facilis illo alias saepe quas qui quos. Facere qui illum et eum sunt. Minima commodi ut est consectetur reprehenderit. Facilis est vel veritatis omnis et. Reiciendis occaecati velit temporibus et aut. Vel eveniet at facilis quos ut sint ex.', 140, 1, NULL, '2022-03-25 01:13:57', '2022-03-25 01:13:57'),
	(4, 4, 'Bashirian-Hahn', 'bashirian-hahn', 'zboncak.ellie@gmail.com', 'http://koelpin.com/ab-dolore-itaque-quidem-placeat-impedit.html', '+1-425-679-9703', 'Et est nulla aliquid nihil voluptas adipisci. Quia eius distinctio quasi minima. Consequatur et ducimus harum ab nisi accusantium eaque. Amet ut tempore consequatur animi. Repudiandae consequatur omnis dolore adipisci cum. Esse qui modi quasi et cumque. Voluptatibus a ut ut voluptas sint explicabo. Dolor nostrum voluptas deleniti praesentium.', 642, 1, NULL, '2022-03-25 01:13:57', '2022-03-25 01:13:57'),
	(5, 4, 'Jenkins, Schmidt and Leuschke', 'jenkins-schmidt-and-leuschke', 'amaya.grady@hotmail.com', 'http://funk.com/voluptas-fuga-saepe-nihil-ab-error-laboriosam-et-vitae', '1-262-689-0054', 'Veritatis in ut accusantium sequi iure. Omnis officiis quos neque eius quis. Minima ipsa est mollitia quod. Omnis quos rerum et illo autem porro. Et cum temporibus ducimus repellat. Aut quo rerum assumenda id quas eum magni. Et recusandae occaecati est et suscipit vitae explicabo. Qui saepe soluta mollitia qui modi. Omnis et ratione accusamus tempora. Reprehenderit aut et quia architecto quas consectetur ad. Iusto ea velit est laboriosam nemo qui pariatur. Fugit quam est quam facilis sit et.', 682, 1, NULL, '2022-03-25 01:13:57', '2022-03-25 01:13:57'),
	(6, 4, 'Stiedemann Inc', 'stiedemann-inc', 'amparo.hoppe@reichert.com', 'http://predovic.com/quo-incidunt-tempore-pariatur-laudantium-est-non-facere-quos.html', '+16403291215', 'Illum ipsa commodi hic. Et pariatur in et expedita. Voluptatem sed autem inventore et iusto magnam dolores. Aliquam iusto nihil soluta vel et necessitatibus cumque. Quisquam delectus occaecati aut. Molestiae dolorum ut sed ea nesciunt et rerum. Possimus sed quasi culpa optio. Quos voluptatem rem perferendis quos perferendis. Eaque quam itaque perspiciatis quis. Repellat occaecati molestias sint aliquid. Fuga provident sit mollitia et expedita quae velit. Reiciendis et quis iste.', 534, 1, NULL, '2022-03-25 01:13:57', '2022-03-25 01:13:57'),
	(7, 5, 'Kunze-Gutmann', 'kunze-gutmann', 'eleanore.pfannerstill@greenfelder.biz', 'http://huel.com/aut-vel-quia-inventore-corporis-aut-omnis-minima', '682-582-8429', 'Reprehenderit reprehenderit eos rerum ratione est inventore sed. Qui libero et adipisci quae est. Qui cum ipsa recusandae enim perspiciatis iusto exercitationem omnis. Et dolorum libero sit est adipisci maiores. Qui qui sunt ut qui ducimus voluptatem eum. Culpa aliquid temporibus nihil necessitatibus. Tenetur assumenda aut consequatur voluptas fuga dolore nulla. Blanditiis perspiciatis quia ipsam reiciendis. In modi velit sit ut. Voluptas est corrupti assumenda nam consequuntur quaerat.', 336, 1, NULL, '2022-03-25 01:13:57', '2022-03-25 01:13:57'),
	(8, 4, 'Lemke-Feest', 'lemke-feest', 'brionna.lynch@gmail.com', 'http://prohaska.net/accusantium-tempora-error-vel-iure-cumque-eius.html', '509-489-5607', 'Quis quo impedit dolores occaecati sed. Mollitia autem vel voluptatem autem sunt praesentium ducimus veniam. Veritatis quo optio totam doloremque voluptatem recusandae aut. Molestiae ad ut autem amet quas ut rerum. Ipsa quis perspiciatis perferendis tempora voluptas consectetur. Est magnam libero inventore. Quia est exercitationem quia animi fugit. Eum ut omnis architecto est asperiores consequuntur voluptas. Qui aut dolore tempore expedita harum recusandae.', 534, 1, NULL, '2022-03-25 01:13:57', '2022-03-25 01:13:57'),
	(9, 3, 'Shanahan-Kiehn', 'shanahan-kiehn', 'soledad.powlowski@yahoo.com', 'http://bartell.org/iure-odio-tempore-fugiat-distinctio-quia.html', '(508) 715-3699', 'Et aut dolores ducimus eos. Officiis autem nihil qui eum fugiat hic et. Consequuntur doloremque aut est culpa dolor laboriosam. Quo ut consequatur expedita minima. Totam at eum dolorem voluptatem nesciunt eum. Nam fugit beatae in. Dolorum quia aspernatur fugit atque saepe enim eum deserunt. Non ratione ipsa dolor saepe iusto perferendis vero vitae. Et quia molestiae qui quibusdam ad laboriosam. Corporis dolorem blanditiis aliquam officia.', 316, 1, NULL, '2022-03-25 01:13:57', '2022-03-25 01:13:57'),
	(10, 3, 'Dickens, O\'Keefe and Stamm', 'dickens-okeefe-and-stamm', 'tpacocha@yahoo.com', 'http://lubowitz.com/', '956-996-9866', 'Dolore incidunt neque et commodi. Suscipit explicabo dolore labore vero laborum. Eligendi quidem quidem enim quo velit. Consequatur et consectetur suscipit repellat reprehenderit. Ab ut officiis illo. Dicta accusamus ut unde eaque. Nisi placeat similique reprehenderit et. Eius est quasi eaque quia. Atque deleniti delectus necessitatibus. Exercitationem minus sint non illum velit blanditiis perspiciatis. A est eligendi ipsa modi dolor minus officiis architecto.', 686, 1, NULL, '2022-03-25 01:13:57', '2022-03-25 01:13:57'),
	(11, 1, 'Gaylord, Dicki and Wisoky', 'gaylord-dicki-and-wisoky', 'jean25@gmail.com', 'https://www.ziemann.biz/id-fuga-recusandae-eum-velit', '+13419058559', 'Veritatis beatae quam accusantium deleniti autem dolorum doloremque. Ducimus et nesciunt voluptatem neque esse vel culpa. Est sequi cum sed non quia tempora aliquam debitis. Odio aliquam in debitis esse repudiandae. Sit dolor molestiae nam explicabo beatae sunt quas. Officiis quos rerum voluptatem.', 418, 1, NULL, '2022-03-25 01:13:57', '2022-03-25 01:13:57'),
	(12, 3, 'Gleichner-Doyle', 'gleichner-doyle', 'antonette.brakus@hotmail.com', 'http://www.zemlak.com/', '934-529-1633', 'Voluptatem error repellat debitis nulla quia ullam ipsum. Vitae quis nostrum aut quasi unde voluptas. Sed et quo et placeat illo est. Dolor nulla id aspernatur id sed error. Dignissimos sapiente similique qui et omnis. Illum dolorem quibusdam reprehenderit odio a et veniam. Voluptatibus nam labore accusamus quia totam accusantium. Saepe in dolore libero ut ut quae.', 96, 1, NULL, '2022-03-25 01:13:57', '2022-03-25 01:13:57'),
	(13, 3, 'Grady-Ondricka', 'grady-ondricka', 'trantow.dasia@gmail.com', 'http://hickle.com/perferendis-fugiat-laborum-ut-et.html', '+15673782845', 'Aut tempore at atque tempora deserunt. Quibusdam soluta aut voluptate placeat provident neque suscipit. Voluptas quis et vero voluptas aut ut fugiat. Illum illum eum necessitatibus praesentium perspiciatis ea. Deserunt assumenda magnam totam error deleniti pariatur deserunt. Rerum ut architecto et optio. Quo cupiditate dolore et iure qui. Sed aperiam nobis earum delectus et incidunt tempora. Enim molestias omnis deleniti dicta pariatur.', 196, 1, NULL, '2022-03-25 01:13:57', '2022-03-25 01:13:57'),
	(14, 1, 'Bartell LLC', 'bartell-llc', 'dgerlach@yahoo.com', 'http://torp.com/ratione-animi-quia-ut-magnam-dolorem.html', '385.991.0366', 'Non culpa laudantium et veritatis quos. Eos sint odio minus ipsa dolores aliquam reprehenderit sit. Officia eos voluptas nisi ex ut. Atque dignissimos aut aut et nam. Accusamus asperiores est assumenda architecto enim quod. Iusto nam qui natus aliquam cum quisquam est. Eius distinctio id sequi tempora ducimus. Molestiae aut necessitatibus adipisci nihil ratione. Dolorem error sed sit fuga quia. Deleniti culpa ea ad velit omnis voluptate. Nulla est accusantium rem neque in.', 798, 1, NULL, '2022-03-25 01:13:57', '2022-03-25 01:13:57'),
	(15, 2, 'Bashirian-Kshlerin', 'bashirian-kshlerin', 'kmoen@nader.com', 'http://www.bernier.com/', '325-336-1505', 'Porro debitis cupiditate in autem nobis. Rerum voluptatem consequuntur eius reiciendis ut sed velit. Velit facilis sunt quisquam quos ratione. Provident dolorem deserunt eum itaque laborum expedita ut reprehenderit. Molestiae voluptas ipsam atque velit et consequatur. Aut saepe velit vero distinctio mollitia. Consequatur eos dolorem est sunt illum aut. Quam repudiandae omnis veniam perferendis.', 44, 1, NULL, '2022-03-25 01:13:57', '2022-03-25 01:13:57'),
	(16, 2, 'Green, Stokes and Goyette', 'green-stokes-and-goyette', 'erich.hammes@tremblay.net', 'http://bruen.com/sed-ipsum-nesciunt-hic-laboriosam', '+1.214.927.7907', 'In et rem adipisci dicta veritatis placeat omnis qui. Dolores eligendi quo a aut quo illo. Aut explicabo itaque officia ducimus asperiores est. Nihil omnis dolorem veritatis modi. Possimus quibusdam debitis non fugit consequatur beatae aperiam. Earum id et ex quibusdam. Maxime et laudantium doloribus saepe. Quaerat recusandae doloribus blanditiis magnam fuga aperiam. Velit et et sit dolor facilis debitis nisi.', 499, 1, NULL, '2022-03-25 01:13:57', '2022-03-25 01:13:57');
/*!40000 ALTER TABLE `manufacturers` ENABLE KEYS */;

-- Dumping structure for table zcart2511.messages
CREATE TABLE IF NOT EXISTS `messages` (
  `id` bigint(20) unsigned NOT NULL AUTO_INCREMENT,
  `shop_id` int(10) unsigned DEFAULT NULL,
  `user_id` bigint(20) unsigned DEFAULT NULL,
  `customer_id` bigint(20) unsigned DEFAULT NULL,
  `name` varchar(255) COLLATE utf8_unicode_ci DEFAULT NULL,
  `phone` varchar(255) COLLATE utf8_unicode_ci DEFAULT NULL,
  `email` varchar(255) COLLATE utf8_unicode_ci DEFAULT NULL,
  `subject` varchar(255) COLLATE utf8_unicode_ci DEFAULT NULL,
  `message` longtext COLLATE utf8_unicode_ci,
  `order_id` bigint(20) unsigned DEFAULT NULL,
  `product_id` bigint(20) unsigned DEFAULT NULL,
  `status` int(11) NOT NULL DEFAULT '1',
  `customer_status` int(11) DEFAULT '1',
  `label` int(11) NOT NULL DEFAULT '1',
  `deleted_at` timestamp NULL DEFAULT NULL,
  `created_at` timestamp NULL DEFAULT NULL,
  `updated_at` timestamp NULL DEFAULT NULL,
  PRIMARY KEY (`id`)
) ENGINE=InnoDB AUTO_INCREMENT=17 DEFAULT CHARSET=utf8 COLLATE=utf8_unicode_ci;

-- Dumping data for table zcart2511.messages: ~15 rows (approximately)
/*!40000 ALTER TABLE `messages` DISABLE KEYS */;
INSERT INTO `messages` (`id`, `shop_id`, `user_id`, `customer_id`, `name`, `phone`, `email`, `subject`, `message`, `order_id`, `product_id`, `status`, `customer_status`, `label`, `deleted_at`, `created_at`, `updated_at`) VALUES
	(1, 1, NULL, 1, NULL, NULL, NULL, 'Ut quis ut provident.', 'Commodi reprehenderit mollitia dicta veritatis voluptatibus. A inventore quis pariatur qui assumenda neque autem qui. Commodi non voluptatibus ullam architecto beatae voluptates sit laboriosam. Asperiores est temporibus nihil culpa dignissimos id harum vel.', 12, NULL, 3, 1, 1, NULL, '2022-03-18 01:15:35', '2022-03-25 01:15:38'),
	(2, 2, NULL, 1, NULL, NULL, NULL, 'Alias totam maxime eligendi quae quaerat veniam.', 'Harum eius esse quasi voluptate. Qui voluptatem quasi harum. Consectetur qui eius voluptatem voluptatem qui quia. Rerum quia incidunt voluptates omnis ut explicabo adipisci.', 9, NULL, 2, 1, 2, NULL, '2022-03-24 01:15:35', '2022-03-25 01:15:39'),
	(3, 1, NULL, 1, NULL, NULL, NULL, 'Sint consequatur cupiditate dicta dignissimos ut nihil.', 'Et voluptatum et consequatur repellat. Itaque delectus aliquam quae. Nam neque ducimus non. Provident aspernatur iusto et quis eos.', 12, NULL, 2, 1, 5, NULL, '2022-03-21 01:15:35', '2022-03-12 01:15:35'),
	(4, 1, NULL, 1, NULL, NULL, NULL, 'Beatae saepe omnis perferendis ea.', 'Molestias ut quia necessitatibus ut error exercitationem eligendi corrupti. Commodi consequatur nisi nobis alias ea. Nam maiores molestiae voluptatem sunt saepe. Quasi et ipsam voluptate aut voluptatibus qui aut.', 4, NULL, 3, 1, 4, NULL, '2022-03-11 01:15:35', '2022-03-25 01:15:39'),
	(5, 2, NULL, 1, NULL, NULL, NULL, 'Natus quia ipsa ut omnis esse et omnis.', 'Dolorem a molestiae molestiae minima. Nihil modi velit illo qui nihil. Molestias dignissimos quia sunt natus velit labore facilis. Voluptatum et et rerum voluptatem velit.', 9, NULL, 3, 1, 3, NULL, '2022-03-14 01:15:35', '2022-03-18 01:15:35'),
	(6, 2, NULL, 1, NULL, NULL, NULL, 'Incidunt recusandae mollitia qui animi sunt cum.', 'Perferendis necessitatibus aut eos qui quisquam ut. Eveniet excepturi consequatur fugit mollitia dolorum sit. Omnis nobis sunt ut eos. Aut omnis quia delectus voluptatem.', 9, NULL, 2, 1, 4, NULL, '2022-03-11 01:15:35', '2022-03-25 01:15:35'),
	(7, 1, NULL, 1, NULL, NULL, NULL, 'Eius suscipit qui ad autem expedita.', 'Amet minus quia dolorem dolores sint nisi. Cupiditate nobis aut dicta corporis omnis. Fuga error qui quam voluptatum doloribus voluptates quia.', 1, NULL, 3, 1, 3, NULL, '2022-03-12 01:15:35', '2022-03-11 01:15:35'),
	(8, 2, NULL, 1, NULL, NULL, NULL, 'Dolores modi aliquam libero aut.', 'Et ex inventore et quibusdam velit deserunt ratione qui. Assumenda iure enim velit voluptas ut a quisquam sed. Sequi temporibus assumenda praesentium qui doloremque.', 9, NULL, 3, 1, 1, NULL, '2022-03-18 01:15:35', '2022-03-23 01:15:35'),
	(9, 2, NULL, 1, NULL, NULL, NULL, 'Repellendus ullam enim sint tenetur nemo occaecati rerum.', 'Ipsum facilis nemo praesentium. Dignissimos dolor ea ea optio. Ea libero magni sit assumenda et soluta aut dolorem.', 9, NULL, 2, 1, 4, NULL, '2022-03-14 01:15:35', '2022-03-22 01:15:35'),
	(10, 1, NULL, 1, NULL, NULL, NULL, 'Nobis possimus temporibus aperiam aut sequi corrupti velit animi.', 'Sed eum omnis officia nostrum sit sit sit. Eos atque corrupti molestiae similique explicabo a sed. Et et voluptatem praesentium laboriosam non ut autem. Delectus et cum rem nobis alias voluptatem.', 4, NULL, 2, 1, 2, NULL, '2022-03-20 01:15:35', '2022-03-23 01:15:35'),
	(11, 2, NULL, 1, NULL, NULL, NULL, 'Perspiciatis amet quia repudiandae nihil ex.', 'Nam voluptas saepe aspernatur. Velit autem qui voluptatum odit. Sit cupiditate cumque odit deleniti alias ullam laboriosam.', 9, NULL, 3, 1, 1, NULL, '2022-03-17 01:15:35', '2022-03-25 17:51:50'),
	(12, 1, NULL, 1, NULL, NULL, NULL, 'Ut corrupti aliquid in et odio sed.', 'Corrupti eveniet aspernatur nisi culpa laborum veniam eaque. Fuga asperiores aut laborum vero id odit dignissimos ut. Doloribus ut aut sed tempora perferendis cupiditate debitis. Ut explicabo dolorem quaerat atque.', 4, NULL, 2, 1, 3, NULL, '2022-03-21 01:15:35', '2022-03-14 01:15:35'),
	(13, 1, NULL, 1, NULL, NULL, NULL, 'Quos quidem qui quam nulla dolorem sed eum.', 'Laboriosam beatae est reiciendis est ratione hic consequuntur alias. Maxime consequatur voluptatem laudantium repellendus corporis non et. Vero molestias esse dolores laborum neque omnis. Incidunt mollitia rem et.', 4, NULL, 2, 1, 5, NULL, '2022-03-20 01:15:35', '2022-03-22 01:15:35'),
	(14, 1, NULL, 1, NULL, NULL, NULL, 'Quod optio cupiditate inventore alias in nobis pariatur.', 'Quod est reprehenderit et est delectus unde sit. Sunt voluptas cumque laudantium dolorem et cupiditate. Laboriosam itaque dolorum omnis sint ex quia nostrum. Illo praesentium fuga illo qui voluptatum.', 12, NULL, 2, 1, 5, NULL, '2022-03-24 01:15:35', '2022-03-14 01:15:35'),
	(15, 1, NULL, 1, NULL, NULL, NULL, 'Temporibus labore aut beatae laboriosam.', 'Mollitia voluptas excepturi facere. Ea quo aperiam maxime mollitia quod voluptatem ducimus quo. Similique facilis voluptas neque recusandae non consequuntur. Ad harum et est doloremque placeat amet incidunt.', 1, NULL, 3, 1, 5, NULL, '2022-03-17 01:15:35', '2022-03-19 01:15:35'),
	(16, 4, NULL, 17, NULL, NULL, NULL, '   ', 'yyyyy', NULL, 4, 1, 3, 1, NULL, '2022-03-25 01:57:05', '2022-03-25 01:57:05');
/*!40000 ALTER TABLE `messages` ENABLE KEYS */;

-- Dumping structure for table zcart2511.migrations
CREATE TABLE IF NOT EXISTS `migrations` (
  `id` int(10) unsigned NOT NULL AUTO_INCREMENT,
  `migration` varchar(255) COLLATE utf8_unicode_ci NOT NULL,
  `batch` int(11) NOT NULL,
  PRIMARY KEY (`id`)
) ENGINE=InnoDB AUTO_INCREMENT=97 DEFAULT CHARSET=utf8 COLLATE=utf8_unicode_ci;

-- Dumping data for table zcart2511.migrations: ~96 rows (approximately)
/*!40000 ALTER TABLE `migrations` DISABLE KEYS */;
INSERT INTO `migrations` (`id`, `migration`, `batch`) VALUES
	(1, '2014_04_01_151049_create_activity_log_table', 1),
	(2, '2014_10_11_000000_create_modules_table', 1),
	(3, '2014_10_11_000010_create_roles_table', 1),
	(4, '2014_10_11_000011_create_permissions_table', 1),
	(5, '2014_10_11_000020_create_announcements_table', 1),
	(6, '2014_10_11_000020_create_attachments_table', 1),
	(7, '2014_10_11_000020_create_images_table', 1),
	(8, '2014_10_12_000000_create_subscription_items_table', 1),
	(9, '2014_10_12_000000_create_subscriptions_table', 1),
	(10, '2014_10_12_000000_create_users_table', 1),
	(11, '2014_10_12_000001_create_password_resets_table', 1),
	(12, '2014_10_12_000003_create_dashboard_configs_table', 1),
	(13, '2014_10_12_000003_create_pages_table', 1),
	(14, '2014_10_12_000003_create_systems_table', 1),
	(15, '2014_10_12_000004_create_customers_table', 1),
	(16, '2014_12_31_000001_create_countries_table', 1),
	(17, '2014_12_31_000004_create_addresses_table', 1),
	(18, '2015_01_11_135657_create_shops_table', 1),
	(19, '2015_01_12_000002_create_configs_table', 1),
	(20, '2015_05_12_131134_create_performance_indicators_table', 1),
	(21, '2015_05_12_151257_create_invoices_table', 1),
	(22, '2015_12_31_000002_create_tags_table', 1),
	(23, '2015_12_31_000004_create_blogs_table', 1),
	(24, '2016_01_11_135655_create_manufacturers_table', 1),
	(25, '2016_01_11_135658_create_products_table', 1),
	(26, '2016_01_11_135660_create_attribute_table', 1),
	(27, '2016_01_11_135714_create_suppliers_table', 1),
	(28, '2016_01_15_191220_create_category_groups_table', 1),
	(29, '2016_03_11_182034_create_warehouse_table', 1),
	(30, '2016_03_11_190111_create_inventory_table', 1),
	(31, '2016_03_25_192206_create_taxes_table', 1),
	(32, '2016_03_26_091903_create_carriers_table', 1),
	(33, '2016_03_26_091903_create_shipping_zones_table', 1),
	(34, '2016_03_26_091904_create_packagings_table', 1),
	(35, '2016_04_22_162519_create_email_templates_table', 1),
	(36, '2016_04_22_162552_create_payment_methods_table', 1),
	(37, '2016_04_22_162555_create_config_manual_payments_table', 1),
	(38, '2016_04_22_162555_create_config_paypal_express_table', 1),
	(39, '2016_04_22_162555_create_config_stripe_table', 1),
	(40, '2016_04_22_162559_create_order_table', 1),
	(41, '2016_04_24_151506_create_cart_table', 1),
	(42, '2017_09_13_195828_create_coupons_table', 1),
	(43, '2017_09_17_202406_create_gift_cards_table', 1),
	(44, '2017_11_27_144538_create_contact_us_table', 1),
	(45, '2017_11_27_144538_create_disputes_table', 1),
	(46, '2017_11_27_144538_create_messages_table', 1),
	(47, '2017_11_27_144538_create_refunds_table', 1),
	(48, '2017_11_27_144538_create_tickets_table', 1),
	(49, '2017_11_27_144548_create_replies_table', 1),
	(50, '2018_04_08_155212_create_notifications_table', 1),
	(51, '2018_04_11_202451_create_jobs_table', 1),
	(52, '2018_04_28_201222_create_faqs_table', 1),
	(53, '2018_05_27_135039_create_visitors_table', 1),
	(54, '2018_07_04_210334_create_banners_table', 1),
	(55, '2018_07_04_210813_create_sliders_table', 1),
	(56, '2018_07_16_015501_create_wishlists_table', 1),
	(57, '2018_07_19_191545_create_feedbacks_table', 1),
	(58, '2018_10_04_162859_create_options_table', 1),
	(59, '2018_12_20_193751_create_config_paystacks_table', 1),
	(60, '2018_12_24_070051_create_config_authorize_net_table', 1),
	(61, '2018_12_25_163942_create_config_cybersource_table', 1),
	(62, '2018_12_25_163942_create_config_instamojo_table', 1),
	(63, '2019_07_11_165534_create_languages_table', 1),
	(64, '2019_12_06_063720_create_chat_tables', 1),
	(65, '2019_12_27_092414_add_notify_chat_to_configs_table', 1),
	(66, '2020_01_09_054507_add_payment_instruction_fields_to_order_table', 1),
	(67, '2020_05_06_172818_add_email_phone_fields_to_messages_table', 1),
	(68, '2020_06_30_154819_create_cancellation_table', 1),
	(69, '2020_07_01_103906_add_cancellation_config_to_systems_table', 1),
	(70, '2020_10_22_195815_add_stripe_status_to_subscriptions_table', 1),
	(71, '2020_11_20_195815_create_package_table', 1),
	(72, '2020_12_18_054507_add_cancellation_fields_to_systems_table', 1),
	(73, '2021_01_30_061710_add_fields_to_packages_table', 1),
	(74, '2021_02_01_054507_add_amount_fields_to_shop_table', 1),
	(75, '2021_02_01_054507_add_description_fields_to_sliders_table', 1),
	(76, '2021_02_01_054507_add_device_id_fields_to_orders_table', 1),
	(77, '2021_02_01_054507_add_social_auth_fields_to_systems_table', 1),
	(78, '2021_02_17_112139_add_type_field_to_images_table', 1),
	(79, '2021_03_01_172738_add_show_merchant_info_as_vendor_system_table', 1),
	(80, '2021_03_03_054507_add_active_ecommerce_fields_to_configs_table', 1),
	(81, '2021_03_03_054507_add_fulfilment_type_fields_to_orders_table', 1),
	(82, '2021_03_03_054507_add_opening_and_close_time_fields_to_warehouse_table', 1),
	(83, '2021_03_03_054507_add_pay_in_person_and_pay_online_fields_to_configs_table', 1),
	(84, '2021_03_04_051130_add_effect_to_banners_table', 1),
	(85, '2021_06_02_062412_add_show_item_conditions_to_systems_table', 1),
	(86, '2021_06_07_200450_create_avg_feedback_table', 1),
	(87, '2021_10_13_074513_change_subscriptions_tables_for_cashier', 1),
	(88, '2021_10_14_193443_add_uuid_to_failed_jobs_table', 1),
	(89, '2021_10_24_161811_add_split_money_to_payment_methods_table', 1),
	(90, '2021_11_20_052700_rename_billing_info_on_billables', 1),
	(91, '2021_12_04_083515_add_payment_ref_id_to_orders_table', 1),
	(92, '2022_01_04_065320_create_delivery_boys_table', 1),
	(93, '2022_01_10_072540_add_delivery_boy_id_to_orders_table', 1),
	(94, '2022_02_02_064852_create_attribute_categories_table', 1),
	(95, '2022_02_13_091819_add_notification_sent_field_to_subscriptions_table', 1),
	(96, '2022_02_17_113926_add_customer_phone_to_orders_table', 1);
/*!40000 ALTER TABLE `migrations` ENABLE KEYS */;

-- Dumping structure for table zcart2511.modules
CREATE TABLE IF NOT EXISTS `modules` (
  `id` int(10) unsigned NOT NULL AUTO_INCREMENT,
  `name` varchar(255) COLLATE utf8_unicode_ci NOT NULL,
  `description` text COLLATE utf8_unicode_ci,
  `access` enum('Super Admin','Platform','Merchant','Common') COLLATE utf8_unicode_ci NOT NULL,
  `actions` varchar(255) COLLATE utf8_unicode_ci DEFAULT NULL,
  `active` tinyint(1) NOT NULL DEFAULT '1',
  `deleted_at` timestamp NULL DEFAULT NULL,
  `created_at` timestamp NULL DEFAULT NULL,
  `updated_at` timestamp NULL DEFAULT NULL,
  PRIMARY KEY (`id`)
) ENGINE=InnoDB AUTO_INCREMENT=34 DEFAULT CHARSET=utf8 COLLATE=utf8_unicode_ci;

-- Dumping data for table zcart2511.modules: ~33 rows (approximately)
/*!40000 ALTER TABLE `modules` DISABLE KEYS */;
INSERT INTO `modules` (`id`, `name`, `description`, `access`, `actions`, `active`, `deleted_at`, `created_at`, `updated_at`) VALUES
	(1, 'Appearance', 'Manage all appearance.', 'Platform', 'customize', 1, NULL, '2022-03-25 01:12:31', '2022-03-25 01:12:31'),
	(2, 'Attribute', 'Manage all attribute.', 'Common', 'view,add,edit,delete', 1, NULL, '2022-03-25 01:12:31', '2022-03-25 01:12:31'),
	(3, 'Carrier', 'Manage all carrier.', 'Merchant', 'view,add,edit,delete', 1, NULL, '2022-03-25 01:12:31', '2022-03-25 01:12:31'),
	(4, 'Category', 'Manage all category.', 'Platform', 'view,add,edit,delete', 1, NULL, '2022-03-25 01:12:31', '2022-03-25 01:12:31'),
	(5, 'Category Group', 'Manage all category group.', 'Platform', 'view,add,edit,delete', 1, NULL, '2022-03-25 01:12:31', '2022-03-25 01:12:31'),
	(6, 'Category Sub Group', 'Manage all category sub group.', 'Platform', 'view,add,edit,delete', 1, NULL, '2022-03-25 01:12:31', '2022-03-25 01:12:31'),
	(7, 'Chat Conversation', 'Manage all chat conversation.', 'Merchant', 'view,reply,delete', 1, NULL, '2022-03-25 01:12:31', '2022-03-25 01:12:31'),
	(8, 'Config', 'Manage all config.', 'Merchant', 'view,edit', 1, NULL, '2022-03-25 01:12:31', '2022-03-25 01:12:31'),
	(9, 'Coupon', 'Manage all coupon.', 'Merchant', 'view,add,edit,delete', 1, NULL, '2022-03-25 01:12:31', '2022-03-25 01:12:31'),
	(10, 'Cart', 'Manage all cart.', 'Common', 'view,add,edit,delete', 1, NULL, '2022-03-25 01:12:31', '2022-03-25 01:12:31'),
	(11, 'Customer', 'Manage all customer.', 'Platform', 'view,add,edit,delete', 1, NULL, '2022-03-25 01:12:31', '2022-03-25 01:12:31'),
	(12, 'Dispute', 'Manage all dispute.', 'Common', 'view,response', 1, NULL, '2022-03-25 01:12:31', '2022-03-25 01:12:31'),
	(13, 'Inventory', 'Manage all inventory.', 'Merchant', 'view,add,edit,delete', 1, NULL, '2022-03-25 01:12:31', '2022-03-25 01:12:31'),
	(14, 'Manufacturer', 'Manage all manufacturer.', 'Common', 'view,add,edit,delete', 1, NULL, '2022-03-25 01:12:31', '2022-03-25 01:12:31'),
	(15, 'Message', 'Manage all message.', 'Common', 'view,add,update,delete,reply', 1, NULL, '2022-03-25 01:12:31', '2022-03-25 01:12:31'),
	(16, 'Module', 'Manage all module.', 'Super Admin', 'view,add,edit,delete', 1, NULL, '2022-03-25 01:12:31', '2022-03-25 01:12:31'),
	(17, 'Order', 'Manage all order.', 'Common', 'view,add,fulfill,cancel,archive,delete', 1, NULL, '2022-03-25 01:12:31', '2022-03-25 01:12:31'),
	(18, 'Packaging', 'Manage all packaging.', 'Merchant', 'view,add,edit,delete', 1, NULL, '2022-03-25 01:12:31', '2022-03-25 01:12:31'),
	(19, 'Product', 'Manage all product.', 'Common', 'view,add,edit,delete', 1, NULL, '2022-03-25 01:12:32', '2022-03-25 01:12:32'),
	(20, 'Refund', 'Manage all refund.', 'Common', 'view,initiate,update,approve', 1, NULL, '2022-03-25 01:12:32', '2022-03-25 01:12:32'),
	(21, 'Role', 'Manage all role.', 'Common', 'view,add,edit,delete', 1, NULL, '2022-03-25 01:12:32', '2022-03-25 01:12:32'),
	(22, 'Supplier', 'Manage all supplier.', 'Merchant', 'view,add,edit,delete', 1, NULL, '2022-03-25 01:12:32', '2022-03-25 01:12:32'),
	(23, 'Subscription Plan', 'Manage all subscription plan.', 'Super Admin', 'view,add,edit,delete', 1, NULL, '2022-03-25 01:12:32', '2022-03-25 01:12:32'),
	(24, 'Shipping Zone', 'Manage all shipping zone.', 'Merchant', 'view,add,edit,delete', 1, NULL, '2022-03-25 01:12:32', '2022-03-25 01:12:32'),
	(25, 'Shipping Rate', 'Manage all shipping rate.', 'Merchant', 'add,edit,delete', 1, NULL, '2022-03-25 01:12:32', '2022-03-25 01:12:32'),
	(26, 'System', 'Manage all system.', 'Super Admin', 'view,edit', 1, NULL, '2022-03-25 01:12:32', '2022-03-25 01:12:32'),
	(27, 'System Config', 'Manage all system config.', 'Platform', 'view,edit', 1, NULL, '2022-03-25 01:12:32', '2022-03-25 01:12:32'),
	(28, 'Tax', 'Manage all tax.', 'Merchant', 'view,add,edit,delete', 1, NULL, '2022-03-25 01:12:32', '2022-03-25 01:12:32'),
	(29, 'Ticket', 'Manage all ticket.', 'Platform', 'view,update,reply,assign', 1, NULL, '2022-03-25 01:12:32', '2022-03-25 01:12:32'),
	(30, 'Vendor', 'Manage all vendor.', 'Platform', 'view,add,edit,delete,login', 1, NULL, '2022-03-25 01:12:32', '2022-03-25 01:12:32'),
	(31, 'Warehouse', 'Manage all warehouse.', 'Merchant', 'view,add,edit,delete', 1, NULL, '2022-03-25 01:12:32', '2022-03-25 01:12:32'),
	(32, 'User', 'Manage all user.', 'Common', 'view,add,edit,delete,login', 1, NULL, '2022-03-25 01:12:32', '2022-03-25 01:12:32'),
	(33, 'Utility', 'Manage all utility.', 'Platform', 'view,add,edit,delete', 1, NULL, '2022-03-25 01:12:32', '2022-03-25 01:12:32');
/*!40000 ALTER TABLE `modules` ENABLE KEYS */;

-- Dumping structure for table zcart2511.notifications
CREATE TABLE IF NOT EXISTS `notifications` (
  `id` char(36) COLLATE utf8_unicode_ci NOT NULL,
  `type` varchar(255) COLLATE utf8_unicode_ci NOT NULL,
  `notifiable_type` varchar(255) COLLATE utf8_unicode_ci NOT NULL,
  `notifiable_id` bigint(20) unsigned NOT NULL,
  `created_by` int(11) DEFAULT NULL,
  `icon` varchar(50) COLLATE utf8_unicode_ci DEFAULT NULL,
  `action_text` varchar(255) COLLATE utf8_unicode_ci DEFAULT NULL,
  `action_url` text COLLATE utf8_unicode_ci,
  `data` text COLLATE utf8_unicode_ci NOT NULL,
  `read_at` timestamp NULL DEFAULT NULL,
  `created_at` timestamp NULL DEFAULT NULL,
  `updated_at` timestamp NULL DEFAULT NULL,
  PRIMARY KEY (`id`),
  KEY `notifications_notifiable_type_notifiable_id_index` (`notifiable_type`,`notifiable_id`)
) ENGINE=InnoDB DEFAULT CHARSET=utf8 COLLATE=utf8_unicode_ci;

-- Dumping data for table zcart2511.notifications: ~21 rows (approximately)
/*!40000 ALTER TABLE `notifications` DISABLE KEYS */;
INSERT INTO `notifications` (`id`, `type`, `notifiable_type`, `notifiable_id`, `created_by`, `icon`, `action_text`, `action_url`, `data`, `read_at`, `created_at`, `updated_at`) VALUES
	('020691f4-176a-40ea-ad50-46150e127525', 'App\\Notifications\\Shop\\ShopUpdated', 'App\\Models\\User', 3, NULL, NULL, NULL, NULL, '{"user":"SuperAdmin","name":"Haraj Marib"}', NULL, '2022-03-25 15:09:45', '2022-03-25 15:09:45'),
	('30f4a7da-f913-4a95-97e3-1a7af0a61f1f', 'App\\Notifications\\Shop\\ShopUpdated', 'App\\Models\\User', 4, NULL, NULL, NULL, NULL, '{"user":"SuperAdmin","name":"Ehsas"}', '2022-03-25 17:51:47', '2022-03-25 15:11:48', '2022-03-25 17:51:47'),
	('4c985c7f-0797-42d6-bcdd-ad1ab43bd29f', 'App\\Notifications\\System\\SystemInfoUpdated', 'App\\Models\\User', 1, NULL, NULL, NULL, NULL, '{"status":"System information updated!"}', '2022-03-25 02:10:20', '2022-03-25 01:54:29', '2022-03-25 02:10:20'),
	('524d94ed-c7f9-42a0-aed8-f9e15453d83f', 'App\\Notifications\\Chat\\NewMessage', 'App\\Models\\Shop', 4, NULL, NULL, NULL, NULL, '{"chat_id":1,"text":"hello"}', NULL, '2022-03-25 01:54:58', '2022-03-25 01:54:58'),
	('53416912-9ceb-487c-ae8f-7fec59378cc3', 'App\\Notifications\\Shop\\ShopUpdated', 'App\\Models\\User', 5, NULL, NULL, NULL, NULL, '{"user":"SuperAdmin","name":"Arab Code"}', NULL, '2022-03-25 15:13:35', '2022-03-25 15:13:35'),
	('6261856e-91c4-476f-81c8-c02450576eb9', 'App\\Notifications\\Order\\MerchantOrderCreatedNotification', 'App\\Models\\Shop', 3, NULL, NULL, NULL, NULL, '{"order":"#232703","device_id":null,"customer":"Guest customer","subject":"New order [Order ID: #232703] has been placed on your shop!","message":"A new order [Order ID #232703] has been placed. Please check the order detail and fulfill the order asap."}', NULL, '2022-03-25 17:42:41', '2022-03-25 17:42:41'),
	('7035082f-47ee-4e6e-a85e-74311ea82c29', 'App\\Notifications\\User\\ProfileUpdated', 'App\\Models\\User', 2, NULL, NULL, NULL, NULL, '{"name":"Admin"}', NULL, '2022-03-25 15:23:56', '2022-03-25 15:23:56'),
	('7acdb76d-a0ce-42fb-9f72-b0b98297ae8f', 'App\\Notifications\\Shop\\ShopUpdated', 'App\\Models\\User', 4, NULL, NULL, NULL, NULL, '{"user":"ehsas","name":"Ehsas"}', '2022-03-25 17:51:46', '2022-03-25 16:13:02', '2022-03-25 17:51:46'),
	('7b5ed060-8b01-48c3-be29-309788344aa5', 'App\\Notifications\\Shop\\ShopUpdated', 'App\\Models\\User', 6, NULL, NULL, NULL, NULL, '{"user":"salty","name":"Mukaq"}', NULL, '2022-03-25 16:16:45', '2022-03-25 16:16:45'),
	('814e26f6-162f-407b-8498-45cd9904323d', 'App\\Notifications\\Shop\\ShopCreated', 'App\\Models\\User', 9, NULL, NULL, NULL, NULL, '{"name":"arabcode"}', NULL, '2022-03-25 02:19:01', '2022-03-25 02:19:01'),
	('93b5734b-74fe-4d1d-80a6-a322bc8d8eed', 'App\\Notifications\\Shop\\ShopUpdated', 'App\\Models\\User', 6, NULL, NULL, NULL, NULL, '{"user":"SuperAdmin","name":"Mukaq"}', NULL, '2022-03-25 15:15:51', '2022-03-25 15:15:51'),
	('93ee1878-df03-45fb-8260-98c92e5e3ec6', 'App\\Notifications\\Shop\\ShopUpdated', 'App\\Models\\User', 7, NULL, NULL, NULL, NULL, '{"user":"SuperAdmin","name":"Salty"}', NULL, '2022-03-25 15:18:37', '2022-03-25 15:18:37'),
	('9ae8a2d4-78e3-4297-95ac-1ddc1bf96fc7', 'App\\Notifications\\Order\\MerchantOrderCreatedNotification', 'App\\Models\\Shop', 2, NULL, NULL, NULL, NULL, '{"order":"#233032","device_id":null,"customer":"Guest customer","subject":"New order [Order ID: #233032] has been placed on your shop!","message":"A new order [Order ID #233032] has been placed. Please check the order detail and fulfill the order asap."}', NULL, '2022-03-25 17:49:33', '2022-03-25 17:49:33'),
	('a12e6493-becc-4a71-8431-b706356c45c6', 'App\\Notifications\\Shop\\ShopConfigUpdated', 'App\\Models\\User', 6, NULL, NULL, NULL, NULL, '{"user":"Reichel","name":"Phuket Retailer"}', NULL, '2022-03-25 01:58:12', '2022-03-25 01:58:12'),
	('b909ac5d-eff3-41f7-a900-8c18a585b653', 'App\\Notifications\\Shop\\ShopUpdated', 'App\\Models\\User', 5, NULL, NULL, NULL, NULL, '{"user":"muqak","name":"Arab Code"}', NULL, '2022-03-25 16:14:14', '2022-03-25 16:14:14'),
	('c69d2c6a-695b-4ba2-a566-f9b200235f85', 'App\\Notifications\\Shop\\ShopConfigUpdated', 'App\\Models\\User', 8, NULL, NULL, NULL, NULL, '{"user":null,"name":"arab"}', NULL, '2022-03-25 02:00:37', '2022-03-25 02:00:37'),
	('ceda4609-0186-4e34-b3e7-f91ec58255f3', 'App\\Notifications\\Shop\\ShopCreated', 'App\\Models\\User', 10, NULL, NULL, NULL, NULL, '{"name":"yyy"}', NULL, '2022-03-25 02:19:50', '2022-03-25 02:19:50'),
	('d2d12cb4-2b37-4f7b-8f96-1ff1ea756f1c', 'App\\Notifications\\Shop\\ShopUpdated', 'App\\Models\\User', 3, NULL, NULL, NULL, NULL, '{"user":"Haraj","name":"Haraj Marib"}', NULL, '2022-03-25 16:12:15', '2022-03-25 16:12:15'),
	('eb35932d-8318-48cf-8cd7-5a4880b35058', 'App\\Notifications\\Customer\\Registered', 'App\\Models\\Customer', 17, NULL, NULL, NULL, NULL, '{"name":"arabcode","email":"arab6ode@gmail.com"}', NULL, '2022-03-25 01:54:03', '2022-03-25 01:54:03'),
	('f9bd32f0-b50f-4721-94b8-a773332df97e', 'App\\Notifications\\Shop\\ShopCreated', 'App\\Models\\User', 8, NULL, NULL, NULL, NULL, '{"name":"arab"}', NULL, '2022-03-25 01:59:53', '2022-03-25 01:59:53'),
	('fa6a7e3b-c73a-4cfe-ac55-9d767ae07774', 'App\\Notifications\\Shop\\ShopIsLive', 'App\\Models\\User', 8, NULL, NULL, NULL, NULL, '{"name":"arab","status":"Shop is back to LIVE!"}', NULL, '2022-03-25 02:00:56', '2022-03-25 02:00:56');
/*!40000 ALTER TABLE `notifications` ENABLE KEYS */;

-- Dumping structure for table zcart2511.options
CREATE TABLE IF NOT EXISTS `options` (
  `id` int(10) unsigned NOT NULL AUTO_INCREMENT,
  `option_name` varchar(255) COLLATE utf8_unicode_ci NOT NULL,
  `option_value` longtext COLLATE utf8_unicode_ci,
  `autoload` tinyint(1) NOT NULL DEFAULT '1',
  `created_at` timestamp NULL DEFAULT NULL,
  `updated_at` timestamp NULL DEFAULT NULL,
  PRIMARY KEY (`id`)
) ENGINE=InnoDB AUTO_INCREMENT=7 DEFAULT CHARSET=utf8 COLLATE=utf8_unicode_ci;

-- Dumping data for table zcart2511.options: ~5 rows (approximately)
/*!40000 ALTER TABLE `options` DISABLE KEYS */;
INSERT INTO `options` (`id`, `option_name`, `option_value`, `autoload`, `created_at`, `updated_at`) VALUES
	(1, 'trending_categories', 'a:3:{i:0;i:1;i:1;i:35;i:2;i:25;}', 1, '2022-03-25 01:13:30', '2022-03-25 01:13:30'),
	(2, 'promotional_tagline', 'a:2:{s:4:"text";s:25:"40% off on kids item only";s:10:"action_url";s:1:"/";}', 1, '2022-03-25 01:13:30', '2022-03-25 01:13:30'),
	(3, 'featured_items', 'a:10:{i:0;i:9;i:1;i:19;i:2;i:56;i:3;i:55;i:4;i:51;i:5;i:72;i:6;i:13;i:7;i:30;i:8;i:47;i:9;i:24;}', 1, '2022-03-25 01:13:30', '2022-03-25 01:13:30'),
	(4, 'featured_brands', 'a:3:{i:0;i:1;i:1;i:10;i:2;i:5;}', 1, '2022-03-25 01:13:30', '2022-03-25 01:13:30'),
	(5, 'deal_of_the_day', '74', 1, '2022-03-25 01:13:30', '2022-03-25 01:13:30'),
	(6, 'best_finds_under', '99', 1, '2022-03-25 01:21:30', '2022-03-25 01:21:30');
/*!40000 ALTER TABLE `options` ENABLE KEYS */;

-- Dumping structure for table zcart2511.orders
CREATE TABLE IF NOT EXISTS `orders` (
  `id` bigint(20) unsigned NOT NULL AUTO_INCREMENT,
  `order_number` varchar(255) COLLATE utf8_unicode_ci DEFAULT NULL,
  `shop_id` int(10) unsigned DEFAULT NULL,
  `delivery_boy_id` int(10) unsigned DEFAULT NULL,
  `customer_id` bigint(20) unsigned DEFAULT NULL,
  `ship_to` int(10) unsigned DEFAULT NULL,
  `shipping_zone_id` int(10) unsigned DEFAULT NULL,
  `shipping_rate_id` int(10) unsigned DEFAULT NULL,
  `packaging_id` int(10) unsigned DEFAULT NULL,
  `item_count` int(10) unsigned NOT NULL,
  `quantity` int(10) unsigned NOT NULL,
  `taxrate` decimal(20,6) DEFAULT NULL,
  `shipping_weight` decimal(20,6) DEFAULT NULL,
  `total` decimal(20,6) DEFAULT NULL,
  `discount` decimal(20,6) DEFAULT NULL,
  `shipping` decimal(20,6) DEFAULT NULL,
  `packaging` decimal(20,6) DEFAULT NULL,
  `handling` decimal(20,6) DEFAULT NULL,
  `taxes` decimal(20,6) DEFAULT NULL,
  `grand_total` decimal(20,6) DEFAULT NULL,
  `billing_address` text COLLATE utf8_unicode_ci,
  `shipping_address` text COLLATE utf8_unicode_ci,
  `fulfilment_type` enum('deliver','pickup') COLLATE utf8_unicode_ci NOT NULL DEFAULT 'deliver',
  `payment_instruction` text COLLATE utf8_unicode_ci,
  `email` varchar(255) COLLATE utf8_unicode_ci DEFAULT NULL,
  `customer_phone_number` varchar(255) COLLATE utf8_unicode_ci DEFAULT NULL,
  `shipping_date` date DEFAULT NULL,
  `delivery_date` date DEFAULT NULL,
  `tracking_id` varchar(255) COLLATE utf8_unicode_ci DEFAULT NULL,
  `coupon_id` bigint(20) unsigned DEFAULT NULL,
  `carrier_id` int(10) unsigned DEFAULT NULL,
  `payment_status` int(11) NOT NULL DEFAULT '1',
  `payment_ref_id` varchar(255) COLLATE utf8_unicode_ci DEFAULT NULL,
  `payment_method_id` int(10) unsigned NOT NULL,
  `order_status_id` int(10) unsigned NOT NULL DEFAULT '1',
  `message_to_customer` text COLLATE utf8_unicode_ci,
  `send_invoice_to_customer` tinyint(1) DEFAULT NULL,
  `admin_note` text COLLATE utf8_unicode_ci,
  `buyer_note` text COLLATE utf8_unicode_ci,
  `goods_received` tinyint(1) DEFAULT NULL,
  `approved` tinyint(1) DEFAULT NULL,
  `disputed` tinyint(1) DEFAULT NULL,
  `feedback_id` bigint(20) unsigned DEFAULT NULL,
  `device_id` char(40) COLLATE utf8_unicode_ci DEFAULT NULL,
  `deleted_at` timestamp NULL DEFAULT NULL,
  `created_at` timestamp NULL DEFAULT NULL,
  `updated_at` timestamp NULL DEFAULT NULL,
  PRIMARY KEY (`id`),
  KEY `orders_customer_id_foreign` (`customer_id`),
  CONSTRAINT `orders_customer_id_foreign` FOREIGN KEY (`customer_id`) REFERENCES `customers` (`id`) ON DELETE SET NULL
) ENGINE=InnoDB AUTO_INCREMENT=18 DEFAULT CHARSET=utf8 COLLATE=utf8_unicode_ci;

-- Dumping data for table zcart2511.orders: ~17 rows (approximately)
/*!40000 ALTER TABLE `orders` DISABLE KEYS */;
INSERT INTO `orders` (`id`, `order_number`, `shop_id`, `delivery_boy_id`, `customer_id`, `ship_to`, `shipping_zone_id`, `shipping_rate_id`, `packaging_id`, `item_count`, `quantity`, `taxrate`, `shipping_weight`, `total`, `discount`, `shipping`, `packaging`, `handling`, `taxes`, `grand_total`, `billing_address`, `shipping_address`, `fulfilment_type`, `payment_instruction`, `email`, `customer_phone_number`, `shipping_date`, `delivery_date`, `tracking_id`, `coupon_id`, `carrier_id`, `payment_status`, `payment_ref_id`, `payment_method_id`, `order_status_id`, `message_to_customer`, `send_invoice_to_customer`, `admin_note`, `buyer_note`, `goods_received`, `approved`, `disputed`, `feedback_id`, `device_id`, `deleted_at`, `created_at`, `updated_at`) VALUES
	(1, '#920655', 1, NULL, 16, NULL, NULL, 23, 1, 2, 6, NULL, 3741.000000, 1821.988515, NULL, 5.000000, NULL, NULL, NULL, 1826.988515, '<address>23467 Satterfield Gateway Suite 202<br/>Kaia Road<br/>New Alexys, <br/>Zufr 30274-7472<br/><abbr title="Phone">P:</abbr> +1 (610) 368-7072</address>', '<address>23467 Satterfield Gateway Suite 202<br/>Kaia Road<br/>New Alexys, <br/>Zufr 30274-7472<br/><abbr title="Phone">P:</abbr> +1 (610) 368-7072</address>', 'deliver', NULL, NULL, NULL, NULL, NULL, 'RR123456789CN', NULL, NULL, 1, NULL, 3, 1, NULL, NULL, 'Quisquam in quasi eveniet illum perspiciatis sed.', 'Aut numquam eos sunt esse.', NULL, NULL, NULL, NULL, NULL, NULL, '2022-03-13 01:15:26', '2022-03-13 01:15:26'),
	(2, '#915167', 5, NULL, NULL, NULL, NULL, 19, 5, 3, 6, NULL, 4206.000000, 1900.075627, NULL, 1.000000, NULL, NULL, NULL, 1901.075627, '<address>9056 Crooks Summit<br/>Ferry Pike<br/>Botsfordborough, <br/>Puducherry 58916<br/><abbr title="Phone">P:</abbr> 516.563.1309</address>', '<address>9056 Crooks Summit<br/>Ferry Pike<br/>Botsfordborough, <br/>Puducherry 58916<br/><abbr title="Phone">P:</abbr> 516.563.1309</address>', 'deliver', NULL, NULL, NULL, NULL, NULL, 'RR123456789CN', NULL, NULL, 1, NULL, 7, 1, NULL, NULL, 'Nisi dicta quae quia iure.', 'Unde et rem magni eum ipsam.', NULL, NULL, NULL, NULL, NULL, NULL, '2022-02-27 01:15:26', '2022-02-27 01:15:26'),
	(3, '#313209', 3, NULL, NULL, NULL, NULL, 1, 3, 4, 6, NULL, 9104.000000, 2159.778778, NULL, 1.000000, NULL, NULL, NULL, 2160.778778, '<address>43189 Dorcas Manors<br/>Joyce Lock<br/>Greenfelderborough, <br/> 80040<br/><abbr title="Phone">P:</abbr> 650.592.5443</address>', '<address>43189 Dorcas Manors<br/>Joyce Lock<br/>Greenfelderborough, <br/> 80040<br/><abbr title="Phone">P:</abbr> 650.592.5443</address>', 'deliver', NULL, NULL, NULL, NULL, NULL, 'RR123456789CN', NULL, NULL, 1, NULL, 3, 1, NULL, NULL, 'Dolores distinctio eos cum ut dolor.', 'Ipsa dolore corrupti quae quidem voluptatibus est repellat.', NULL, NULL, NULL, NULL, NULL, NULL, '2022-03-13 01:15:27', '2022-03-13 01:15:27'),
	(4, '#990533', 1, NULL, NULL, NULL, NULL, 45, 3, 3, 7, NULL, 6959.000000, 1678.508491, NULL, 4.000000, NULL, NULL, NULL, 1682.508491, '<address>8674 Carley Pike<br/>Kuhn Prairie<br/>Parkerchester, <br/> 27212-8148<br/><abbr title="Phone">P:</abbr> (337) 423-1648</address>', '<address>8674 Carley Pike<br/>Kuhn Prairie<br/>Parkerchester, <br/> 27212-8148<br/><abbr title="Phone">P:</abbr> (337) 423-1648</address>', 'deliver', NULL, NULL, NULL, NULL, NULL, 'RR123456789CN', NULL, NULL, 1, NULL, 7, 1, NULL, NULL, 'Reiciendis impedit est repellat.', 'Quos in impedit ut necessitatibus dolor et voluptatibus.', NULL, NULL, NULL, NULL, NULL, NULL, '2022-02-25 01:15:27', '2022-02-25 01:15:27'),
	(5, '#648849', 3, NULL, 13, NULL, NULL, 30, 1, 3, 6, NULL, 8998.000000, 1637.743274, NULL, 8.000000, NULL, NULL, NULL, 1645.743274, '<address>656 Gulgowski Centers<br/>Nova Mountains<br/>Ulicesside, <br/>Uturu pata 06048<br/><abbr title="Phone">P:</abbr> 360-818-6324</address>', '<address>656 Gulgowski Centers<br/>Nova Mountains<br/>Ulicesside, <br/>Uturu pata 06048<br/><abbr title="Phone">P:</abbr> 360-818-6324</address>', 'deliver', NULL, NULL, NULL, NULL, NULL, 'RR123456789CN', NULL, NULL, 1, NULL, 3, 1, NULL, NULL, 'Porro temporibus excepturi sed quo exercitationem sed autem perspiciatis.', 'Repellendus ipsum non labore animi doloremque quod.', NULL, NULL, NULL, NULL, NULL, NULL, '2022-03-01 01:15:27', '2022-03-01 01:15:27'),
	(6, '#458704', 5, NULL, NULL, NULL, NULL, 40, 1, 3, 4, NULL, 4284.000000, 1418.186000, NULL, 4.000000, NULL, NULL, NULL, 1422.186000, '<address>797 Brown Extension<br/>Abshire Stream<br/>Erdmanville, <br/>Araucana 52956-8284<br/><abbr title="Phone">P:</abbr> (332) 812-1446</address>', '<address>797 Brown Extension<br/>Abshire Stream<br/>Erdmanville, <br/>Araucana 52956-8284<br/><abbr title="Phone">P:</abbr> (332) 812-1446</address>', 'deliver', NULL, NULL, NULL, NULL, NULL, 'RR123456789CN', NULL, NULL, 1, NULL, 1, 1, NULL, NULL, 'Omnis et tenetur praesentium voluptatem quibusdam quo et.', 'Minima eligendi maiores voluptas rerum blanditiis eius ullam.', NULL, NULL, NULL, NULL, NULL, NULL, '2022-03-18 01:15:27', '2022-03-18 01:15:27'),
	(7, '#177711', 5, NULL, 16, NULL, NULL, 27, 1, 3, 4, NULL, 4701.000000, 1237.804615, NULL, 6.000000, NULL, NULL, NULL, 1243.804615, '<address>23467 Satterfield Gateway Suite 202<br/>Kaia Road<br/>New Alexys, <br/>Zufr 30274-7472<br/><abbr title="Phone">P:</abbr> +1 (610) 368-7072</address>', '<address>23467 Satterfield Gateway Suite 202<br/>Kaia Road<br/>New Alexys, <br/>Zufr 30274-7472<br/><abbr title="Phone">P:</abbr> +1 (610) 368-7072</address>', 'deliver', NULL, NULL, NULL, NULL, NULL, 'RR123456789CN', NULL, NULL, 1, NULL, 6, 1, NULL, NULL, 'Voluptatum voluptas ducimus dolorem voluptatem non ut.', 'Saepe enim et libero voluptas exercitationem tempore debitis consequatur.', NULL, NULL, NULL, NULL, NULL, NULL, '2022-03-20 01:15:27', '2022-03-20 01:15:27'),
	(8, '#742905', 3, NULL, NULL, NULL, NULL, 30, 6, 2, 3, NULL, 3839.000000, 1162.218000, NULL, 9.000000, NULL, NULL, NULL, 1171.218000, '<address>8674 Carley Pike<br/>Kuhn Prairie<br/>Parkerchester, <br/> 27212-8148<br/><abbr title="Phone">P:</abbr> (337) 423-1648</address>', '<address>8674 Carley Pike<br/>Kuhn Prairie<br/>Parkerchester, <br/> 27212-8148<br/><abbr title="Phone">P:</abbr> (337) 423-1648</address>', 'deliver', NULL, NULL, NULL, NULL, NULL, 'RR123456789CN', NULL, NULL, 1, NULL, 2, 1, NULL, NULL, 'Ad amet enim alias fuga reiciendis.', 'Est facilis enim quae blanditiis.', NULL, NULL, NULL, NULL, NULL, NULL, '2022-02-27 01:15:27', '2022-02-27 01:15:27'),
	(9, '#793208', 2, 2, 14, NULL, NULL, 9, 1, 2, 6, NULL, 3549.000000, 1123.500000, NULL, 9.000000, NULL, NULL, NULL, 1132.500000, '<address>53855 Yesenia Summit Suite 284<br/>Abshire Stravenue<br/>Lakinview, <br/>Catanduanes 92090-0014<br/><abbr title="Phone">P:</abbr> 347-850-9586</address>', '<address>53855 Yesenia Summit Suite 284<br/>Abshire Stravenue<br/>Lakinview, <br/>Catanduanes 92090-0014<br/><abbr title="Phone">P:</abbr> 347-850-9586</address>', 'deliver', NULL, NULL, NULL, NULL, NULL, 'RR123456789CN', NULL, NULL, 1, NULL, 5, 1, NULL, NULL, 'Ipsa exercitationem cupiditate ipsum est praesentium.', 'Dolorem rerum sint rerum aspernatur sed atque fuga.', NULL, NULL, NULL, NULL, NULL, NULL, '2022-03-24 01:15:27', '2022-03-25 17:51:11'),
	(10, '#170788', 4, NULL, NULL, NULL, NULL, 10, 4, 3, 4, NULL, 1558.000000, 998.917288, NULL, 9.000000, NULL, NULL, NULL, 1007.917288, '<address>2975 Ernser Spring<br/>Flo Hollow<br/>Keshawnshire, <br/>Rheinland-Pfalz 93144-0603<br/><abbr title="Phone">P:</abbr> 931-450-8676</address>', '<address>2975 Ernser Spring<br/>Flo Hollow<br/>Keshawnshire, <br/>Rheinland-Pfalz 93144-0603<br/><abbr title="Phone">P:</abbr> 931-450-8676</address>', 'deliver', NULL, NULL, NULL, NULL, NULL, 'RR123456789CN', NULL, NULL, 1, NULL, 2, 1, NULL, NULL, 'Laborum velit voluptas occaecati voluptatum ea quibusdam quis.', 'Sint molestiae assumenda distinctio odio.', NULL, NULL, NULL, NULL, NULL, NULL, '2022-02-25 01:15:27', '2022-02-25 01:15:27'),
	(11, '#820828', 4, NULL, 1, NULL, NULL, 10, 2, 2, 5, NULL, 6423.000000, 1897.466126, NULL, 3.000000, NULL, NULL, NULL, 1900.466126, '<address>1580 Shields Road<br/>Doyle Lock<br/>New Margaret, <br/> 86191<br/><abbr title="Phone">P:</abbr> 901.215.3925</address>', '<address>1580 Shields Road<br/>Doyle Lock<br/>New Margaret, <br/> 86191<br/><abbr title="Phone">P:</abbr> 901.215.3925</address>', 'deliver', NULL, NULL, NULL, NULL, NULL, 'RR123456789CN', NULL, NULL, 1, NULL, 4, 1, NULL, NULL, 'Eius aut consectetur enim nihil.', 'Voluptatem delectus totam ea libero.', NULL, NULL, NULL, NULL, NULL, NULL, '2022-03-14 01:15:27', '2022-03-14 01:15:27'),
	(12, '#355511', 1, NULL, 1, NULL, NULL, 46, 3, 4, 5, NULL, 5641.000000, 825.345058, NULL, 5.000000, NULL, NULL, NULL, 830.345058, '<address>1580 Shields Road<br/>Doyle Lock<br/>New Margaret, <br/> 86191<br/><abbr title="Phone">P:</abbr> 901.215.3925</address>', '<address>1580 Shields Road<br/>Doyle Lock<br/>New Margaret, <br/> 86191<br/><abbr title="Phone">P:</abbr> 901.215.3925</address>', 'deliver', NULL, NULL, NULL, NULL, NULL, 'RR123456789CN', NULL, NULL, 1, NULL, 5, 1, NULL, NULL, 'Ut fuga cum dolore quam deleniti et ipsa.', 'Est labore aspernatur rerum voluptatem eius.', NULL, NULL, NULL, NULL, NULL, NULL, '2022-03-07 01:15:27', '2022-03-07 01:15:27'),
	(13, '#615720', 5, NULL, 16, NULL, NULL, 3, 1, 3, 6, NULL, 8153.000000, 1261.450443, NULL, 6.000000, NULL, NULL, NULL, 1267.450443, '<address>23467 Satterfield Gateway Suite 202<br/>Kaia Road<br/>New Alexys, <br/>Zufr 30274-7472<br/><abbr title="Phone">P:</abbr> +1 (610) 368-7072</address>', '<address>23467 Satterfield Gateway Suite 202<br/>Kaia Road<br/>New Alexys, <br/>Zufr 30274-7472<br/><abbr title="Phone">P:</abbr> +1 (610) 368-7072</address>', 'deliver', NULL, NULL, NULL, NULL, NULL, 'RR123456789CN', NULL, NULL, 1, NULL, 1, 1, NULL, NULL, 'Amet ut odit qui quos veritatis fugit.', 'Eaque impedit ab assumenda non sunt et ducimus.', NULL, NULL, NULL, NULL, NULL, NULL, '2022-03-18 01:15:27', '2022-03-18 01:15:27'),
	(14, '#336787', 5, NULL, NULL, NULL, NULL, 24, 2, 3, 5, NULL, 4607.000000, 1721.344400, NULL, 7.000000, NULL, NULL, NULL, 1728.344400, '<address>145 Ephraim Cliff Apt. 179<br/>Lincoln Creek<br/>East Brennanland, <br/>Kamba 13100-8608<br/><abbr title="Phone">P:</abbr> 928-769-5574</address>', '<address>145 Ephraim Cliff Apt. 179<br/>Lincoln Creek<br/>East Brennanland, <br/>Kamba 13100-8608<br/><abbr title="Phone">P:</abbr> 928-769-5574</address>', 'deliver', NULL, NULL, NULL, NULL, NULL, 'RR123456789CN', NULL, NULL, 1, NULL, 4, 1, NULL, NULL, 'Rerum quia rerum adipisci repudiandae esse ratione unde.', 'Quidem laudantium laborum unde.', NULL, NULL, NULL, NULL, NULL, NULL, '2022-03-15 01:15:27', '2022-03-15 01:15:27'),
	(15, '#021001', 4, NULL, NULL, NULL, NULL, 23, 6, 4, 8, NULL, 6192.000000, 2671.327090, NULL, 4.000000, NULL, NULL, NULL, 2675.327090, '<address>145 Ephraim Cliff Apt. 179<br/>Lincoln Creek<br/>East Brennanland, <br/>Kamba 13100-8608<br/><abbr title="Phone">P:</abbr> 928-769-5574</address>', '<address>145 Ephraim Cliff Apt. 179<br/>Lincoln Creek<br/>East Brennanland, <br/>Kamba 13100-8608<br/><abbr title="Phone">P:</abbr> 928-769-5574</address>', 'deliver', NULL, NULL, NULL, NULL, NULL, 'RR123456789CN', NULL, NULL, 1, NULL, 4, 1, NULL, NULL, 'Ullam quia placeat quis omnis et officiis enim.', 'Qui ab sit sunt quis.', NULL, NULL, NULL, NULL, NULL, NULL, '2022-03-05 01:15:27', '2022-03-05 01:15:27'),
	(16, '#232703', 3, NULL, NULL, 887, 5, 21, NULL, 1, 1, 0.000000, 1943.000000, 313.000000, 0.000000, 1.000000, NULL, 2.000000, 0.000000, 316.000000, '<address>,<br/>mohammed,<br/>mail,<br/>almethaq,<br/>marib,<br/>Ma\'rib 12345,<br/>Yemen,<br/>Phone: 714311582,<br/></address>', '<address>,<br/>mohammed,<br/>mail,<br/>almethaq,<br/>marib,<br/>Ma\'rib 12345,<br/>Yemen,<br/>Phone: 714311582,<br/></address>', 'deliver', 'Payment instructions for COD', 'mhudair30@gmail.com', '714311582', NULL, NULL, NULL, NULL, 5, 1, NULL, 6, 3, NULL, NULL, NULL, 'hello', NULL, NULL, NULL, NULL, NULL, NULL, '2022-03-25 17:42:18', '2022-03-25 17:42:19'),
	(17, '#233032', 2, NULL, NULL, 887, 3, NULL, NULL, 1, 1, 0.000000, 985.000000, 468.556000, 0.000000, NULL, NULL, 0.000000, 0.000000, 468.556000, '<address>,<br/>ali,<br/>main,<br/>almethaq,<br/>marib,<br/>Ma\'rib 12345,<br/>Yemen,<br/>Phone: +967777584055,<br/></address>', '<address>,<br/>ali,<br/>main,<br/>almethaq,<br/>marib,<br/>Ma\'rib 12345,<br/>Yemen,<br/>Phone: +967777584055,<br/></address>', 'deliver', 'Payment instructions for Bank Wire Transfer', 'hululerp@gmail.com', '+967777584055', NULL, NULL, NULL, NULL, NULL, 2, NULL, 7, 1, NULL, NULL, NULL, 'hello', NULL, NULL, NULL, NULL, NULL, NULL, '2022-03-25 17:49:22', '2022-03-25 17:49:22');
/*!40000 ALTER TABLE `orders` ENABLE KEYS */;

-- Dumping structure for table zcart2511.order_items
CREATE TABLE IF NOT EXISTS `order_items` (
  `order_id` bigint(20) unsigned NOT NULL,
  `inventory_id` bigint(20) unsigned DEFAULT NULL,
  `item_description` longtext COLLATE utf8_unicode_ci NOT NULL,
  `quantity` int(10) unsigned NOT NULL,
  `unit_price` decimal(20,6) NOT NULL,
  `feedback_id` bigint(20) unsigned DEFAULT NULL,
  `created_at` timestamp NULL DEFAULT NULL,
  `updated_at` timestamp NULL DEFAULT NULL,
  KEY `order_items_order_id_index` (`order_id`),
  KEY `order_items_inventory_id_index` (`inventory_id`),
  CONSTRAINT `order_items_inventory_id_foreign` FOREIGN KEY (`inventory_id`) REFERENCES `inventories` (`id`) ON DELETE SET NULL,
  CONSTRAINT `order_items_order_id_foreign` FOREIGN KEY (`order_id`) REFERENCES `orders` (`id`) ON DELETE CASCADE
) ENGINE=InnoDB DEFAULT CHARSET=utf8 COLLATE=utf8_unicode_ci;

-- Dumping data for table zcart2511.order_items: ~46 rows (approximately)
/*!40000 ALTER TABLE `order_items` DISABLE KEYS */;
INSERT INTO `order_items` (`order_id`, `inventory_id`, `item_description`, `quantity`, `unit_price`, `feedback_id`, `created_at`, `updated_at`) VALUES
	(1, 44, 'Quasi cupiditate dignissimos labore ducimus blanditiis in. - New', 3, 441.971905, NULL, '2022-03-25 01:13:30', '2022-03-25 01:13:30'),
	(1, 101, 'Enim doloremque eius veritatis minus labore voluptatibus. - New', 3, 165.357600, NULL, '2022-03-25 01:13:30', '2022-03-25 01:13:30'),
	(2, 20, 'Deleniti ad ab nulla consequuntur unde rerum. - Refurbished', 3, 311.400000, NULL, '2022-03-25 01:13:30', '2022-03-25 01:13:30'),
	(2, 53, 'Nihil similique consequatur ratione et enim. - New', 1, 223.875627, NULL, '2022-03-25 01:13:30', '2022-03-25 01:13:30'),
	(2, 59, 'Nobis aliquam et doloribus vel doloremque eum porro. - Used', 2, 371.000000, NULL, '2022-03-25 01:13:30', '2022-03-25 01:13:30'),
	(3, 21, 'Est exercitationem dolores et qui. - New', 1, 431.000000, NULL, '2022-03-25 01:13:30', '2022-03-25 01:13:30'),
	(3, 57, 'Qui aliquam aut magnam commodi et porro animi aspernatur. - New', 2, 405.689389, NULL, '2022-03-25 01:13:30', '2022-03-25 01:13:30'),
	(3, 68, 'Vel et ut et est amet quisquam. - Used', 1, 321.000000, NULL, '2022-03-25 01:13:30', '2022-03-25 01:13:30'),
	(3, 74, 'Error placeat in maiores. - Refurbished', 2, 298.200000, NULL, '2022-03-25 01:13:30', '2022-03-25 01:13:30'),
	(4, 8, 'Blanditiis fugiat necessitatibus aspernatur temporibus qui et non deserunt. - New', 3, 316.900000, NULL, '2022-03-25 01:13:30', '2022-03-25 01:13:30'),
	(4, 15, 'Aut non ducimus rerum asperiores ea iusto asperiores. - Refurbished', 3, 174.962578, NULL, '2022-03-25 01:13:30', '2022-03-25 01:13:30'),
	(4, 85, 'Quia aut explicabo reprehenderit quia. - Used', 1, 202.920757, NULL, '2022-03-25 01:13:30', '2022-03-25 01:13:30'),
	(5, 39, 'Quo et est totam consequatur debitis voluptatem perspiciatis. - Used', 2, 134.190000, NULL, '2022-03-25 01:13:30', '2022-03-25 01:13:30'),
	(5, 66, 'Inventore vel occaecati sed ut molestiae architecto quas. - New', 2, 280.692637, NULL, '2022-03-25 01:13:30', '2022-03-25 01:13:30'),
	(5, 88, 'Suscipit dolorum architecto adipisci pariatur non soluta. - Refurbished', 2, 403.989000, NULL, '2022-03-25 01:13:30', '2022-03-25 01:13:30'),
	(6, 9, 'Aliquid minus quidem qui deleniti ut. - New', 1, 463.486000, NULL, '2022-03-25 01:13:30', '2022-03-25 01:13:30'),
	(6, 20, 'Deleniti ad ab nulla consequuntur unde rerum. - Refurbished', 2, 311.400000, NULL, '2022-03-25 01:13:30', '2022-03-25 01:13:30'),
	(6, 58, 'Et laborum vero aut. - New', 1, 331.900000, NULL, '2022-03-25 01:13:30', '2022-03-25 01:13:30'),
	(7, 13, 'Soluta odit culpa occaecati dicta enim eos. - Refurbished', 1, 224.204615, NULL, '2022-03-25 01:13:30', '2022-03-25 01:13:30'),
	(7, 54, 'Non ipsam et et quod alias deleniti neque. - New', 1, 271.600000, NULL, '2022-03-25 01:13:30', '2022-03-25 01:13:30'),
	(7, 59, 'Nobis aliquam et doloribus vel doloremque eum porro. - Used', 2, 371.000000, NULL, '2022-03-25 01:13:30', '2022-03-25 01:13:30'),
	(8, 33, 'Repudiandae id qui et aut. - Used', 1, 354.240000, NULL, '2022-03-25 01:13:30', '2022-03-25 01:13:30'),
	(8, 88, 'Suscipit dolorum architecto adipisci pariatur non soluta. - Refurbished', 2, 403.989000, NULL, '2022-03-25 01:13:30', '2022-03-25 01:13:30'),
	(9, 12, 'Earum reprehenderit facere voluptas dicta. - New', 3, 280.500000, NULL, '2022-03-25 01:13:30', '2022-03-25 01:13:30'),
	(9, 107, 'Nobis voluptates amet ipsum eos. - Used', 3, 94.000000, NULL, '2022-03-25 01:13:30', '2022-03-25 01:13:30'),
	(10, 2, 'Ducimus non iusto quasi quia pariatur qui quo. - Used', 1, 582.627000, NULL, '2022-03-25 01:13:30', '2022-03-25 01:13:30'),
	(10, 16, 'Sit reprehenderit officiis nemo unde quo eius aut et. - New', 2, 92.645144, NULL, '2022-03-25 01:13:30', '2022-03-25 01:13:30'),
	(10, 96, 'Incidunt id aperiam qui est qui ipsum. - New', 1, 231.000000, NULL, '2022-03-25 01:13:30', '2022-03-25 01:13:30'),
	(11, 80, 'Quos consequatur sed laboriosam quo nulla corrupti in. - New', 2, 259.000000, NULL, '2022-03-25 01:13:30', '2022-03-25 01:13:30'),
	(11, 81, 'Voluptatem debitis saepe eveniet repudiandae voluptatem. - New', 3, 459.822042, NULL, '2022-03-25 01:13:30', '2022-03-25 01:13:30'),
	(12, 77, 'Fuga et commodi eum quis itaque in voluptatibus. - Used', 1, 210.392000, NULL, '2022-03-25 01:13:30', '2022-03-25 01:13:30'),
	(12, 95, 'Numquam impedit nostrum esse vitae. - Refurbished', 1, 357.953058, NULL, '2022-03-25 01:13:30', '2022-03-25 01:13:30'),
	(12, 102, 'Quas sapiente sit nihil distinctio. - New', 1, 89.000000, NULL, '2022-03-25 01:13:30', '2022-03-25 01:13:30'),
	(12, 105, 'Sequi aut quam voluptas itaque. - Refurbished', 2, 84.000000, NULL, '2022-03-25 01:13:30', '2022-03-25 01:13:30'),
	(13, 5, 'Est sit fugiat quia cupiditate officia accusantium. - Refurbished', 1, 309.000000, NULL, '2022-03-25 01:13:30', '2022-03-25 01:13:30'),
	(13, 32, 'Quo quia ut voluptas dolorem voluptatibus sint neque. - Used', 3, 232.999481, NULL, '2022-03-25 01:13:30', '2022-03-25 01:13:30'),
	(13, 73, 'Ut placeat omnis ut adipisci quibusdam. - Refurbished', 2, 126.726000, NULL, '2022-03-25 01:13:30', '2022-03-25 01:13:30'),
	(14, 9, 'Aliquid minus quidem qui deleniti ut. - New', 1, 463.486000, NULL, '2022-03-25 01:13:30', '2022-03-25 01:13:30'),
	(14, 58, 'Et laborum vero aut. - New', 2, 331.900000, NULL, '2022-03-25 01:13:30', '2022-03-25 01:13:30'),
	(14, 90, 'Est nihil ea error doloremque. - Refurbished', 2, 297.029200, NULL, '2022-03-25 01:13:30', '2022-03-25 01:13:30'),
	(15, 2, 'Ducimus non iusto quasi quia pariatur qui quo. - Used', 3, 582.627000, NULL, '2022-03-25 01:13:30', '2022-03-25 01:13:30'),
	(15, 16, 'Sit reprehenderit officiis nemo unde quo eius aut et. - New', 2, 92.645144, NULL, '2022-03-25 01:13:30', '2022-03-25 01:13:30'),
	(15, 78, 'Ut eveniet laudantium omnis cumque beatae. - Used', 2, 239.577901, NULL, '2022-03-25 01:13:30', '2022-03-25 01:13:30'),
	(15, 80, 'Quos consequatur sed laboriosam quo nulla corrupti in. - New', 1, 259.000000, NULL, '2022-03-25 01:13:30', '2022-03-25 01:13:30'),
	(16, 42, 'nesciunt: Exercitationem qui ut deleniti nihil. -  - Refurbished', 1, 313.000000, NULL, '2022-03-25 17:40:14', '2022-03-25 17:41:27'),
	(17, 34, 'vel: Nulla cum ut voluptatem corrupti velit aliquam. - sunt - id - Refurbished', 1, 468.556000, NULL, '2022-03-25 17:47:05', '2022-03-25 17:48:27');
/*!40000 ALTER TABLE `order_items` ENABLE KEYS */;

-- Dumping structure for table zcart2511.packages
CREATE TABLE IF NOT EXISTS `packages` (
  `id` int(10) unsigned NOT NULL AUTO_INCREMENT,
  `slug` varchar(255) COLLATE utf8_unicode_ci NOT NULL,
  `name` varchar(255) COLLATE utf8_unicode_ci DEFAULT NULL,
  `description` varchar(255) COLLATE utf8_unicode_ci DEFAULT NULL,
  `compatible` varchar(255) COLLATE utf8_unicode_ci DEFAULT NULL,
  `dependency` varchar(255) COLLATE utf8_unicode_ci DEFAULT NULL,
  `version` varchar(255) COLLATE utf8_unicode_ci NOT NULL DEFAULT '1',
  `license_key` varchar(255) COLLATE utf8_unicode_ci NOT NULL,
  `installation_key` varchar(255) COLLATE utf8_unicode_ci NOT NULL,
  `installation_hash` varchar(255) COLLATE utf8_unicode_ci NOT NULL,
  `lcd` varchar(255) COLLATE utf8_unicode_ci NOT NULL,
  `lrd` varchar(255) COLLATE utf8_unicode_ci NOT NULL,
  `active` tinyint(1) DEFAULT '0',
  `icon` varchar(255) COLLATE utf8_unicode_ci DEFAULT NULL,
  `created_at` timestamp NULL DEFAULT NULL,
  `updated_at` timestamp NULL DEFAULT NULL,
  PRIMARY KEY (`id`)
) ENGINE=InnoDB DEFAULT CHARSET=utf8 COLLATE=utf8_unicode_ci;

-- Dumping data for table zcart2511.packages: ~0 rows (approximately)
/*!40000 ALTER TABLE `packages` DISABLE KEYS */;
/*!40000 ALTER TABLE `packages` ENABLE KEYS */;

-- Dumping structure for table zcart2511.packagings
CREATE TABLE IF NOT EXISTS `packagings` (
  `id` int(10) unsigned NOT NULL AUTO_INCREMENT,
  `shop_id` int(10) unsigned DEFAULT NULL,
  `name` varchar(255) COLLATE utf8_unicode_ci NOT NULL,
  `width` decimal(20,6) DEFAULT NULL,
  `height` decimal(20,6) DEFAULT NULL,
  `depth` decimal(20,6) DEFAULT NULL,
  `cost` decimal(20,6) DEFAULT NULL,
  `default` tinyint(1) DEFAULT NULL,
  `active` tinyint(1) NOT NULL DEFAULT '1',
  `deleted_at` timestamp NULL DEFAULT NULL,
  `created_at` timestamp NULL DEFAULT NULL,
  `updated_at` timestamp NULL DEFAULT NULL,
  PRIMARY KEY (`id`)
) ENGINE=InnoDB AUTO_INCREMENT=7 DEFAULT CHARSET=utf8 COLLATE=utf8_unicode_ci;

-- Dumping data for table zcart2511.packagings: ~6 rows (approximately)
/*!40000 ALTER TABLE `packagings` DISABLE KEYS */;
INSERT INTO `packagings` (`id`, `shop_id`, `name`, `width`, `height`, `depth`, `cost`, `default`, `active`, `deleted_at`, `created_at`, `updated_at`) VALUES
	(1, NULL, 'Free Basic Packaging', NULL, NULL, NULL, 0.000000, NULL, 1, NULL, '2022-03-25 01:12:46', '2022-03-25 01:12:46'),
	(2, 2, 'expedita', 32.640000, 24.520000, 38.030000, 4.000000, NULL, 1, NULL, '2022-03-12 01:14:28', '2022-03-11 01:14:28'),
	(3, 3, 'dignissimos', 25.990000, 49.040000, 20.800000, 4.000000, NULL, 1, NULL, '2022-03-16 01:14:28', '2022-03-24 01:14:28'),
	(4, 2, 'cum', 15.580000, 50.280000, 29.830000, 10.000000, NULL, 1, NULL, '2022-03-13 01:14:28', '2022-03-23 01:14:28'),
	(5, 5, 'delectus', 20.190000, 30.200000, 18.220000, 6.000000, NULL, 1, NULL, '2022-03-21 01:14:28', '2022-03-10 01:14:28'),
	(6, 5, 'totam', 40.130000, 31.510000, 21.860000, 1.000000, NULL, 1, NULL, '2022-03-20 01:14:28', '2022-03-17 01:14:28');
/*!40000 ALTER TABLE `packagings` ENABLE KEYS */;

-- Dumping structure for table zcart2511.pages
CREATE TABLE IF NOT EXISTS `pages` (
  `id` int(10) unsigned NOT NULL AUTO_INCREMENT,
  `author_id` bigint(20) unsigned DEFAULT NULL,
  `title` text COLLATE utf8_unicode_ci,
  `slug` varchar(200) COLLATE utf8_unicode_ci NOT NULL,
  `content` longtext COLLATE utf8_unicode_ci,
  `published_at` timestamp NULL DEFAULT NULL,
  `visibility` int(11) NOT NULL DEFAULT '1',
  `position` varchar(50) COLLATE utf8_unicode_ci DEFAULT NULL,
  `deleted_at` timestamp NULL DEFAULT NULL,
  `created_at` timestamp NULL DEFAULT NULL,
  `updated_at` timestamp NULL DEFAULT NULL,
  PRIMARY KEY (`id`),
  UNIQUE KEY `pages_slug_unique` (`slug`)
) ENGINE=InnoDB AUTO_INCREMENT=9 DEFAULT CHARSET=utf8 COLLATE=utf8_unicode_ci;

-- Dumping data for table zcart2511.pages: ~8 rows (approximately)
/*!40000 ALTER TABLE `pages` DISABLE KEYS */;
INSERT INTO `pages` (`id`, `author_id`, `title`, `slug`, `content`, `published_at`, `visibility`, `position`, `deleted_at`, `created_at`, `updated_at`) VALUES
	(1, 1, 'About us', 'about-us', 'Add your own About Us info here. You can modify this page from ADMIN PANEL >> UTILITIES >> PAGES section.', '2022-03-25 01:12:46', 1, 'copyright_area', NULL, '2022-03-25 01:12:46', '2022-03-25 01:12:46'),
	(2, 1, 'Contact us', 'contact-us', 'Contact details. A contact form will be added automatically with this info. You can modify this page from ADMIN PANEL >> UTILITIES >> PAGES section.', '2022-03-25 01:12:46', 1, 'footer_3rd_column', NULL, '2022-03-25 01:12:46', '2022-03-25 01:12:46'),
	(3, 1, 'Privacy policy', 'privacy-policy', 'Add your own privacy policy here. You can modify this page from ADMIN PANEL >> UTILITIES >> PAGES section.', '2022-03-25 01:12:46', 1, 'copyright_area', NULL, '2022-03-25 01:12:46', '2022-03-25 01:12:46'),
	(4, 1, 'Terms and condition for customer', 'terms-of-use-customer', 'Add your own terms and condition for customer here. You can modify this page from ADMIN PANEL >> UTILITIES >> PAGES section.', '2022-03-25 01:12:46', 1, 'copyright_area', NULL, '2022-03-25 01:12:46', '2022-03-25 01:12:46'),
	(5, 1, 'Terms and condition for merchant', 'terms-of-use-merchant', 'Add your own terms and condition for merchant here. You can modify this page from ADMIN PANEL >> UTILITIES >> PAGES section.', '2022-03-25 01:12:46', 2, 'copyright_area', NULL, '2022-03-25 01:12:46', '2022-03-25 01:12:46'),
	(6, 1, 'Return and refund policy', 'return-and-refund-policy', 'Return and refund policy. You can modify this page from ADMIN PANEL >> UTILITIES >> PAGES section.', '2022-03-25 01:12:46', 1, 'footer_1st_column', NULL, '2022-03-25 01:12:46', '2022-03-25 01:12:46'),
	(7, 1, 'Shipping', 'shipping', 'Shipping details. You can modify this page from ADMIN PANEL >> UTILITIES >> PAGES section.', '2022-03-25 01:12:46', 1, 'footer_1st_column', NULL, '2022-03-25 01:12:46', '2022-03-25 01:12:46'),
	(8, 1, 'Career', 'career', 'You can modify this page from ADMIN PANEL >> UTILITIES >> PAGES section.', '2022-03-25 01:12:46', 1, 'footer_2nd_column', NULL, '2022-03-25 01:12:46', '2022-03-25 01:12:46');
/*!40000 ALTER TABLE `pages` ENABLE KEYS */;

-- Dumping structure for table zcart2511.password_resets
CREATE TABLE IF NOT EXISTS `password_resets` (
  `email` varchar(255) COLLATE utf8_unicode_ci NOT NULL,
  `token` varchar(255) COLLATE utf8_unicode_ci NOT NULL,
  `created_at` timestamp NOT NULL,
  KEY `password_resets_email_index` (`email`),
  KEY `password_resets_token_index` (`token`)
) ENGINE=InnoDB DEFAULT CHARSET=utf8 COLLATE=utf8_unicode_ci;

-- Dumping data for table zcart2511.password_resets: ~0 rows (approximately)
/*!40000 ALTER TABLE `password_resets` DISABLE KEYS */;
/*!40000 ALTER TABLE `password_resets` ENABLE KEYS */;

-- Dumping structure for table zcart2511.payment_methods
CREATE TABLE IF NOT EXISTS `payment_methods` (
  `id` int(10) unsigned NOT NULL AUTO_INCREMENT,
  `code` varchar(255) COLLATE utf8_unicode_ci NOT NULL,
  `name` varchar(255) COLLATE utf8_unicode_ci NOT NULL,
  `type` int(11) NOT NULL,
  `split_money` tinyint(1) NOT NULL DEFAULT '0',
  `company_name` varchar(255) COLLATE utf8_unicode_ci DEFAULT NULL,
  `website` text COLLATE utf8_unicode_ci,
  `help_doc_link` text COLLATE utf8_unicode_ci,
  `terms_conditions_link` text COLLATE utf8_unicode_ci,
  `description` text COLLATE utf8_unicode_ci,
  `instructions` text COLLATE utf8_unicode_ci,
  `admin_description` text COLLATE utf8_unicode_ci,
  `admin_help_doc_link` text COLLATE utf8_unicode_ci,
  `enabled` tinyint(1) NOT NULL DEFAULT '1',
  `order` int(11) NOT NULL DEFAULT '99',
  `created_at` timestamp NULL DEFAULT NULL,
  `updated_at` timestamp NULL DEFAULT NULL,
  PRIMARY KEY (`id`)
) ENGINE=InnoDB AUTO_INCREMENT=8 DEFAULT CHARSET=utf8 COLLATE=utf8_unicode_ci;

-- Dumping data for table zcart2511.payment_methods: ~7 rows (approximately)
/*!40000 ALTER TABLE `payment_methods` DISABLE KEYS */;
INSERT INTO `payment_methods` (`id`, `code`, `name`, `type`, `split_money`, `company_name`, `website`, `help_doc_link`, `terms_conditions_link`, `description`, `instructions`, `admin_description`, `admin_help_doc_link`, `enabled`, `order`, `created_at`, `updated_at`) VALUES
	(1, 'paypal-express', 'PayPal Express Checkout', 1, 0, 'PayPal Inc.', 'https://www.paypal.com/', 'https://www.paypal.com/us/webapps/mpp/express-checkout', NULL, 'Add PayPal as a payment method to allow customers to checkout with PayPal. Express Checkout offers the ease of convenience and security of PayPal, can turn more shoppers into buyers. You must have a PayPal business account to activate this payment method. - You must have a PayPal business account.<br/><strong>To activate PayPal Express: </strong><br/>- You must have a PayPal business account to accept payments.<br/>- Create an app to receive API credentials for testing and live transactions.<br/>- Go to this link to create your app: <small>https://developer.paypal.com/webapps/developer/applications/myapps</small>', NULL, 'Add PayPal as a payment method to any checkout with Express Checkout. Express Checkout offers the ease of convenience and security of PayPal, can be set up in minutes and can turn more shoppers into buyers.', 'https://developer.paypal.com/docs/integration/direct/express-checkout/integration-jsv4/', 1, 1, '2022-03-25 01:12:45', '2022-03-25 01:12:45'),
	(2, 'stripe', 'Stripe', 2, 1, 'Stripe Inc.', 'https://stripe.com/', 'https://stripe.com/docs/checkout/tutorial', NULL, 'Stripe is one of the best and safe option to charge credit and debit cards around the world. Stripe has a simple fee structure and no hidden costs. No other gateway or merchant account is required. <br/><strong>By using Stripe: </strong><br/>- You have to connect our platform to your Stripe account. <br/>- You agree to Stripe\'s <a href="https://stripe.com/us/privacy" target="_blank">Terms of Service</a>.', NULL, 'Stripe is one of the best and safe option to charge credit and debit cards around the world. Stripe has a product for marketplace like this. To enable Stripe to your vendors, you must have to register your platform with Stripe.<br/><strong> Follow This Simple steps:</strong><br/>- Create an Stripe application using the bellow information. <a href="https://stripe.com/docs/connect/quickstart" target="_blank">Check their documentation for help.</a><br/>- Update the .env file on your server with Stripe API credentials.<br/><br/><strong>Remember </strong> when you register your platform use this information: <br/>- Name: \'zCart Marketplace\'<br/>- Website URL: \'http://localhost/zcart2511/public\'<br/>- Redirect URL: \'http://localhost/zcart2511/public/admin/setting/stripe/redirect\'', 'https://stripe.com/docs/connect/quickstart', 1, 2, '2022-03-25 01:12:45', '2022-03-25 01:12:45'),
	(3, 'authorize-net', 'Authorize.Net', 2, 0, 'Authorize.Net', 'https://www.authorize.net/', 'https://www.authorize.net/support/', NULL, 'More solutions for your business. More support when you need it. More strength to stand on. <br/><strong>By using Authorize.Net: </strong><br/>- You have to have an Authorize.Net account. <br/>- You agree to Authorize.Net\'s <a href="https://www.authorize.net/about-us/terms/" target="_blank">Terms of Use</a>.', NULL, 'Authorize.Net helps makes it simple to accept electronic and credit card payments.', 'https://www.authorize.net/about-us/', 1, 3, '2022-03-25 01:12:45', '2022-03-25 01:12:45'),
	(4, 'instamojo', 'Instamojo', 2, 0, 'Instamojo Technologies Pvt. Ltd.', 'https://instamojo.com/', 'https://instamojo.com/docs/checkout/tutorial', NULL, 'Instamojo is one of the most popular and Multi-Channel Payment Gateway for India - Accept Credit/Debit Cards, Wallets, Net Banking, UPI & EMI. <br/><strong>By using Instamojo: </strong><br/>- You have to have your Instamojo business account. <br/>- You agree to Instamojo\'s <a href="https://www.instamojo.com/terms/" target="_blank">Terms of Service</a>.', NULL, 'Instamojo is one of the most popular and Multi-Channel Payment Gateway for India - Accept Credit/Debit Cards, Wallets, Net Banking, UPI & EMI. Enable Instamojo to your vendors.', 'https://www.instamojo.com/', 1, 5, '2022-03-25 01:12:45', '2022-03-25 01:12:45'),
	(5, 'paystack', 'Paystack', 4, 0, 'Paystack', 'https://paystack.com/', 'https://paystack.helpscoutdocs.com/', NULL, 'Modern online and offline payments for Africa. Paystack helps businesses in Africa get paid by anyone, anywhere in the world. <br/><strong>By using Paystack: </strong><br/>- You agree to Paystack\'s <a href="https://paystack.com/terms" target="_blank">Terms of Service</a>.', NULL, 'Modern online and offline payments for Africa. Paystack helps businesses in Africa get paid by anyone, anywhere in the world.', 'https://paystack.helpscoutdocs.com/', 1, 1, '2022-03-25 01:12:45', '2022-03-25 01:12:45'),
	(6, 'cod', 'Cash On Delivery', 3, 0, 'Cash on Delivery', NULL, NULL, NULL, 'Cash on delivery (COD), sometimes called collect on delivery, is the sale of goods by mail order where payment is made on delivery rather than in advance.', NULL, 'Cash on delivery (COD), sometimes called collect on delivery, is the sale of goods by mail order where payment is made on delivery rather than in advance.', '', 1, 5, '2022-03-25 01:12:45', '2022-03-25 01:12:45'),
	(7, 'wire', 'Bank Wire Transfer', 3, 0, 'Pay by bank wire transfer', NULL, NULL, NULL, 'Pay by bank wire transfer,  transfer the invoice amount via wire tranfer to the merchant account and confirm manually. After payment confirmation the goods will be shipped.', NULL, 'Pay by bank wire transfer,  transfer the invoice amount via wire tranfer to the merchant account and confirm manually. After payment confirmation the goods will be shipped.', '', 1, 6, '2022-03-25 01:12:45', '2022-03-25 01:12:45');
/*!40000 ALTER TABLE `payment_methods` ENABLE KEYS */;

-- Dumping structure for table zcart2511.performance_indicators
CREATE TABLE IF NOT EXISTS `performance_indicators` (
  `id` int(10) unsigned NOT NULL AUTO_INCREMENT,
  `monthly_recurring_revenue` decimal(8,2) DEFAULT NULL,
  `daily_volume` decimal(8,2) DEFAULT NULL,
  `new_merchants` int(11) NOT NULL,
  `new_customers` int(11) NOT NULL,
  `created_at` timestamp NULL DEFAULT NULL,
  `updated_at` timestamp NULL DEFAULT NULL,
  PRIMARY KEY (`id`),
  KEY `performance_indicators_created_at_index` (`created_at`)
) ENGINE=InnoDB DEFAULT CHARSET=utf8 COLLATE=utf8_unicode_ci;

-- Dumping data for table zcart2511.performance_indicators: ~0 rows (approximately)
/*!40000 ALTER TABLE `performance_indicators` DISABLE KEYS */;
/*!40000 ALTER TABLE `performance_indicators` ENABLE KEYS */;

-- Dumping structure for table zcart2511.permissions
CREATE TABLE IF NOT EXISTS `permissions` (
  `id` int(10) unsigned NOT NULL AUTO_INCREMENT,
  `module_id` int(10) unsigned NOT NULL,
  `name` varchar(255) COLLATE utf8_unicode_ci NOT NULL,
  `slug` varchar(255) COLLATE utf8_unicode_ci NOT NULL,
  `created_at` timestamp NULL DEFAULT NULL,
  `updated_at` timestamp NULL DEFAULT NULL,
  PRIMARY KEY (`id`),
  UNIQUE KEY `permissions_slug_unique` (`slug`),
  KEY `permissions_module_id_index` (`module_id`),
  CONSTRAINT `permissions_module_id_foreign` FOREIGN KEY (`module_id`) REFERENCES `modules` (`id`) ON DELETE CASCADE
) ENGINE=InnoDB AUTO_INCREMENT=115 DEFAULT CHARSET=utf8 COLLATE=utf8_unicode_ci;

-- Dumping data for table zcart2511.permissions: ~114 rows (approximately)
/*!40000 ALTER TABLE `permissions` DISABLE KEYS */;
INSERT INTO `permissions` (`id`, `module_id`, `name`, `slug`, `created_at`, `updated_at`) VALUES
	(1, 1, 'Customize', 'customize_appearance', '2022-03-25 01:12:32', '2022-03-25 01:12:32'),
	(2, 2, 'View', 'view_attribute', '2022-03-25 01:12:32', '2022-03-25 01:12:32'),
	(3, 2, 'Add', 'add_attribute', '2022-03-25 01:12:32', '2022-03-25 01:12:32'),
	(4, 2, 'Edit', 'edit_attribute', '2022-03-25 01:12:32', '2022-03-25 01:12:32'),
	(5, 2, 'Delete', 'delete_attribute', '2022-03-25 01:12:32', '2022-03-25 01:12:32'),
	(6, 3, 'View', 'view_carrier', '2022-03-25 01:12:32', '2022-03-25 01:12:32'),
	(7, 3, 'Add', 'add_carrier', '2022-03-25 01:12:32', '2022-03-25 01:12:32'),
	(8, 3, 'Edit', 'edit_carrier', '2022-03-25 01:12:32', '2022-03-25 01:12:32'),
	(9, 3, 'Delete', 'delete_carrier', '2022-03-25 01:12:32', '2022-03-25 01:12:32'),
	(10, 4, 'View', 'view_category', '2022-03-25 01:12:32', '2022-03-25 01:12:32'),
	(11, 4, 'Add', 'add_category', '2022-03-25 01:12:32', '2022-03-25 01:12:32'),
	(12, 4, 'Edit', 'edit_category', '2022-03-25 01:12:32', '2022-03-25 01:12:32'),
	(13, 4, 'Delete', 'delete_category', '2022-03-25 01:12:32', '2022-03-25 01:12:32'),
	(14, 5, 'View', 'view_category_group', '2022-03-25 01:12:32', '2022-03-25 01:12:32'),
	(15, 5, 'Add', 'add_category_group', '2022-03-25 01:12:32', '2022-03-25 01:12:32'),
	(16, 5, 'Edit', 'edit_category_group', '2022-03-25 01:12:32', '2022-03-25 01:12:32'),
	(17, 5, 'Delete', 'delete_category_group', '2022-03-25 01:12:32', '2022-03-25 01:12:32'),
	(18, 6, 'View', 'view_category_sub_group', '2022-03-25 01:12:32', '2022-03-25 01:12:32'),
	(19, 6, 'Add', 'add_category_sub_group', '2022-03-25 01:12:32', '2022-03-25 01:12:32'),
	(20, 6, 'Edit', 'edit_category_sub_group', '2022-03-25 01:12:32', '2022-03-25 01:12:32'),
	(21, 6, 'Delete', 'delete_category_sub_group', '2022-03-25 01:12:32', '2022-03-25 01:12:32'),
	(22, 7, 'View', 'view_chat_conversation', '2022-03-25 01:12:32', '2022-03-25 01:12:32'),
	(23, 7, 'Reply', 'reply_chat_conversation', '2022-03-25 01:12:32', '2022-03-25 01:12:32'),
	(24, 7, 'Delete', 'delete_chat_conversation', '2022-03-25 01:12:32', '2022-03-25 01:12:32'),
	(25, 8, 'View', 'view_config', '2022-03-25 01:12:32', '2022-03-25 01:12:32'),
	(26, 8, 'Edit', 'edit_config', '2022-03-25 01:12:32', '2022-03-25 01:12:32'),
	(27, 9, 'View', 'view_coupon', '2022-03-25 01:12:32', '2022-03-25 01:12:32'),
	(28, 9, 'Add', 'add_coupon', '2022-03-25 01:12:32', '2022-03-25 01:12:32'),
	(29, 9, 'Edit', 'edit_coupon', '2022-03-25 01:12:32', '2022-03-25 01:12:32'),
	(30, 9, 'Delete', 'delete_coupon', '2022-03-25 01:12:32', '2022-03-25 01:12:32'),
	(31, 10, 'View', 'view_cart', '2022-03-25 01:12:32', '2022-03-25 01:12:32'),
	(32, 10, 'Add', 'add_cart', '2022-03-25 01:12:32', '2022-03-25 01:12:32'),
	(33, 10, 'Edit', 'edit_cart', '2022-03-25 01:12:32', '2022-03-25 01:12:32'),
	(34, 10, 'Delete', 'delete_cart', '2022-03-25 01:12:32', '2022-03-25 01:12:32'),
	(35, 11, 'View', 'view_customer', '2022-03-25 01:12:32', '2022-03-25 01:12:32'),
	(36, 11, 'Add', 'add_customer', '2022-03-25 01:12:32', '2022-03-25 01:12:32'),
	(37, 11, 'Edit', 'edit_customer', '2022-03-25 01:12:32', '2022-03-25 01:12:32'),
	(38, 11, 'Delete', 'delete_customer', '2022-03-25 01:12:32', '2022-03-25 01:12:32'),
	(39, 12, 'View', 'view_dispute', '2022-03-25 01:12:32', '2022-03-25 01:12:32'),
	(40, 12, 'Response', 'response_dispute', '2022-03-25 01:12:32', '2022-03-25 01:12:32'),
	(41, 13, 'View', 'view_inventory', '2022-03-25 01:12:32', '2022-03-25 01:12:32'),
	(42, 13, 'Add', 'add_inventory', '2022-03-25 01:12:32', '2022-03-25 01:12:32'),
	(43, 13, 'Edit', 'edit_inventory', '2022-03-25 01:12:32', '2022-03-25 01:12:32'),
	(44, 13, 'Delete', 'delete_inventory', '2022-03-25 01:12:32', '2022-03-25 01:12:32'),
	(45, 14, 'View', 'view_manufacturer', '2022-03-25 01:12:32', '2022-03-25 01:12:32'),
	(46, 14, 'Add', 'add_manufacturer', '2022-03-25 01:12:32', '2022-03-25 01:12:32'),
	(47, 14, 'Edit', 'edit_manufacturer', '2022-03-25 01:12:32', '2022-03-25 01:12:32'),
	(48, 14, 'Delete', 'delete_manufacturer', '2022-03-25 01:12:32', '2022-03-25 01:12:32'),
	(49, 15, 'View', 'view_message', '2022-03-25 01:12:32', '2022-03-25 01:12:32'),
	(50, 15, 'Add', 'add_message', '2022-03-25 01:12:32', '2022-03-25 01:12:32'),
	(51, 15, 'Update', 'update_message', '2022-03-25 01:12:32', '2022-03-25 01:12:32'),
	(52, 15, 'Delete', 'delete_message', '2022-03-25 01:12:32', '2022-03-25 01:12:32'),
	(53, 15, 'Reply', 'reply_message', '2022-03-25 01:12:32', '2022-03-25 01:12:32'),
	(54, 17, 'View', 'view_order', '2022-03-25 01:12:32', '2022-03-25 01:12:32'),
	(55, 17, 'Add', 'add_order', '2022-03-25 01:12:32', '2022-03-25 01:12:32'),
	(56, 17, 'Fulfill', 'fulfill_order', '2022-03-25 01:12:32', '2022-03-25 01:12:32'),
	(57, 17, 'Cancel', 'cancel_order', '2022-03-25 01:12:32', '2022-03-25 01:12:32'),
	(58, 17, 'Archive', 'archive_order', '2022-03-25 01:12:32', '2022-03-25 01:12:32'),
	(59, 17, 'Delete', 'delete_order', '2022-03-25 01:12:32', '2022-03-25 01:12:32'),
	(60, 18, 'View', 'view_packaging', '2022-03-25 01:12:32', '2022-03-25 01:12:32'),
	(61, 18, 'Add', 'add_packaging', '2022-03-25 01:12:32', '2022-03-25 01:12:32'),
	(62, 18, 'Edit', 'edit_packaging', '2022-03-25 01:12:32', '2022-03-25 01:12:32'),
	(63, 18, 'Delete', 'delete_packaging', '2022-03-25 01:12:32', '2022-03-25 01:12:32'),
	(64, 19, 'View', 'view_product', '2022-03-25 01:12:32', '2022-03-25 01:12:32'),
	(65, 19, 'Add', 'add_product', '2022-03-25 01:12:32', '2022-03-25 01:12:32'),
	(66, 19, 'Edit', 'edit_product', '2022-03-25 01:12:32', '2022-03-25 01:12:32'),
	(67, 19, 'Delete', 'delete_product', '2022-03-25 01:12:32', '2022-03-25 01:12:32'),
	(68, 20, 'View', 'view_refund', '2022-03-25 01:12:32', '2022-03-25 01:12:32'),
	(69, 20, 'Initiate', 'initiate_refund', '2022-03-25 01:12:32', '2022-03-25 01:12:32'),
	(70, 20, 'Update', 'update_refund', '2022-03-25 01:12:32', '2022-03-25 01:12:32'),
	(71, 20, 'Approve', 'approve_refund', '2022-03-25 01:12:32', '2022-03-25 01:12:32'),
	(72, 21, 'View', 'view_role', '2022-03-25 01:12:32', '2022-03-25 01:12:32'),
	(73, 21, 'Add', 'add_role', '2022-03-25 01:12:32', '2022-03-25 01:12:32'),
	(74, 21, 'Edit', 'edit_role', '2022-03-25 01:12:32', '2022-03-25 01:12:32'),
	(75, 21, 'Delete', 'delete_role', '2022-03-25 01:12:32', '2022-03-25 01:12:32'),
	(76, 22, 'View', 'view_supplier', '2022-03-25 01:12:32', '2022-03-25 01:12:32'),
	(77, 22, 'Add', 'add_supplier', '2022-03-25 01:12:32', '2022-03-25 01:12:32'),
	(78, 22, 'Edit', 'edit_supplier', '2022-03-25 01:12:32', '2022-03-25 01:12:32'),
	(79, 22, 'Delete', 'delete_supplier', '2022-03-25 01:12:32', '2022-03-25 01:12:32'),
	(80, 24, 'View', 'view_shipping_zone', '2022-03-25 01:12:32', '2022-03-25 01:12:32'),
	(81, 24, 'Add', 'add_shipping_zone', '2022-03-25 01:12:32', '2022-03-25 01:12:32'),
	(82, 24, 'Edit', 'edit_shipping_zone', '2022-03-25 01:12:32', '2022-03-25 01:12:32'),
	(83, 24, 'Delete', 'delete_shipping_zone', '2022-03-25 01:12:32', '2022-03-25 01:12:32'),
	(84, 25, 'Add', 'add_shipping_rate', '2022-03-25 01:12:32', '2022-03-25 01:12:32'),
	(85, 25, 'Edit', 'edit_shipping_rate', '2022-03-25 01:12:32', '2022-03-25 01:12:32'),
	(86, 25, 'Delete', 'delete_shipping_rate', '2022-03-25 01:12:32', '2022-03-25 01:12:32'),
	(87, 27, 'View', 'view_system_config', '2022-03-25 01:12:32', '2022-03-25 01:12:32'),
	(88, 27, 'Edit', 'edit_system_config', '2022-03-25 01:12:32', '2022-03-25 01:12:32'),
	(89, 28, 'View', 'view_tax', '2022-03-25 01:12:32', '2022-03-25 01:12:32'),
	(90, 28, 'Add', 'add_tax', '2022-03-25 01:12:32', '2022-03-25 01:12:32'),
	(91, 28, 'Edit', 'edit_tax', '2022-03-25 01:12:32', '2022-03-25 01:12:32'),
	(92, 28, 'Delete', 'delete_tax', '2022-03-25 01:12:32', '2022-03-25 01:12:32'),
	(93, 29, 'View', 'view_ticket', '2022-03-25 01:12:32', '2022-03-25 01:12:32'),
	(94, 29, 'Update', 'update_ticket', '2022-03-25 01:12:32', '2022-03-25 01:12:32'),
	(95, 29, 'Reply', 'reply_ticket', '2022-03-25 01:12:32', '2022-03-25 01:12:32'),
	(96, 29, 'Assign', 'assign_ticket', '2022-03-25 01:12:32', '2022-03-25 01:12:32'),
	(97, 30, 'View', 'view_vendor', '2022-03-25 01:12:32', '2022-03-25 01:12:32'),
	(98, 30, 'Add', 'add_vendor', '2022-03-25 01:12:32', '2022-03-25 01:12:32'),
	(99, 30, 'Edit', 'edit_vendor', '2022-03-25 01:12:32', '2022-03-25 01:12:32'),
	(100, 30, 'Delete', 'delete_vendor', '2022-03-25 01:12:32', '2022-03-25 01:12:32'),
	(101, 30, 'Login', 'login_vendor', '2022-03-25 01:12:32', '2022-03-25 01:12:32'),
	(102, 31, 'View', 'view_warehouse', '2022-03-25 01:12:32', '2022-03-25 01:12:32'),
	(103, 31, 'Add', 'add_warehouse', '2022-03-25 01:12:32', '2022-03-25 01:12:32'),
	(104, 31, 'Edit', 'edit_warehouse', '2022-03-25 01:12:32', '2022-03-25 01:12:32'),
	(105, 31, 'Delete', 'delete_warehouse', '2022-03-25 01:12:32', '2022-03-25 01:12:32'),
	(106, 32, 'View', 'view_user', '2022-03-25 01:12:32', '2022-03-25 01:12:32'),
	(107, 32, 'Add', 'add_user', '2022-03-25 01:12:32', '2022-03-25 01:12:32'),
	(108, 32, 'Edit', 'edit_user', '2022-03-25 01:12:32', '2022-03-25 01:12:32'),
	(109, 32, 'Delete', 'delete_user', '2022-03-25 01:12:32', '2022-03-25 01:12:32'),
	(110, 32, 'Login', 'login_user', '2022-03-25 01:12:32', '2022-03-25 01:12:32'),
	(111, 33, 'View', 'view_utility', '2022-03-25 01:12:32', '2022-03-25 01:12:32'),
	(112, 33, 'Add', 'add_utility', '2022-03-25 01:12:32', '2022-03-25 01:12:32'),
	(113, 33, 'Edit', 'edit_utility', '2022-03-25 01:12:32', '2022-03-25 01:12:32'),
	(114, 33, 'Delete', 'delete_utility', '2022-03-25 01:12:32', '2022-03-25 01:12:32');
/*!40000 ALTER TABLE `permissions` ENABLE KEYS */;

-- Dumping structure for table zcart2511.permission_role
CREATE TABLE IF NOT EXISTS `permission_role` (
  `permission_id` int(10) unsigned NOT NULL,
  `role_id` int(10) unsigned NOT NULL,
  `created_at` timestamp NULL DEFAULT NULL,
  `updated_at` timestamp NULL DEFAULT NULL,
  PRIMARY KEY (`permission_id`,`role_id`),
  KEY `permission_role_permission_id_index` (`permission_id`),
  KEY `permission_role_role_id_index` (`role_id`),
  CONSTRAINT `permission_role_permission_id_foreign` FOREIGN KEY (`permission_id`) REFERENCES `permissions` (`id`) ON DELETE CASCADE,
  CONSTRAINT `permission_role_role_id_foreign` FOREIGN KEY (`role_id`) REFERENCES `roles` (`id`) ON DELETE CASCADE
) ENGINE=InnoDB DEFAULT CHARSET=utf8 COLLATE=utf8_unicode_ci;

-- Dumping data for table zcart2511.permission_role: ~156 rows (approximately)
/*!40000 ALTER TABLE `permission_role` DISABLE KEYS */;
INSERT INTO `permission_role` (`permission_id`, `role_id`, `created_at`, `updated_at`) VALUES
	(1, 2, '2022-03-25 01:12:32', '2022-03-25 01:12:32'),
	(2, 2, '2022-03-25 01:12:32', '2022-03-25 01:12:32'),
	(2, 3, '2022-03-25 01:12:32', '2022-03-25 01:12:32'),
	(3, 2, '2022-03-25 01:12:32', '2022-03-25 01:12:32'),
	(3, 3, '2022-03-25 01:12:32', '2022-03-25 01:12:32'),
	(4, 2, '2022-03-25 01:12:32', '2022-03-25 01:12:32'),
	(4, 3, '2022-03-25 01:12:32', '2022-03-25 01:12:32'),
	(5, 2, '2022-03-25 01:12:32', '2022-03-25 01:12:32'),
	(5, 3, '2022-03-25 01:12:32', '2022-03-25 01:12:32'),
	(6, 3, '2022-03-25 01:12:32', '2022-03-25 01:12:32'),
	(7, 3, '2022-03-25 01:12:32', '2022-03-25 01:12:32'),
	(8, 3, '2022-03-25 01:12:32', '2022-03-25 01:12:32'),
	(9, 3, '2022-03-25 01:12:32', '2022-03-25 01:12:32'),
	(10, 2, '2022-03-25 01:12:32', '2022-03-25 01:12:32'),
	(11, 2, '2022-03-25 01:12:32', '2022-03-25 01:12:32'),
	(12, 2, '2022-03-25 01:12:32', '2022-03-25 01:12:32'),
	(13, 2, '2022-03-25 01:12:32', '2022-03-25 01:12:32'),
	(14, 2, '2022-03-25 01:12:32', '2022-03-25 01:12:32'),
	(15, 2, '2022-03-25 01:12:32', '2022-03-25 01:12:32'),
	(16, 2, '2022-03-25 01:12:32', '2022-03-25 01:12:32'),
	(17, 2, '2022-03-25 01:12:32', '2022-03-25 01:12:32'),
	(18, 2, '2022-03-25 01:12:32', '2022-03-25 01:12:32'),
	(19, 2, '2022-03-25 01:12:32', '2022-03-25 01:12:32'),
	(20, 2, '2022-03-25 01:12:32', '2022-03-25 01:12:32'),
	(21, 2, '2022-03-25 01:12:32', '2022-03-25 01:12:32'),
	(22, 3, '2022-03-25 01:12:32', '2022-03-25 01:12:32'),
	(23, 3, '2022-03-25 01:12:32', '2022-03-25 01:12:32'),
	(24, 3, '2022-03-25 01:12:32', '2022-03-25 01:12:32'),
	(25, 3, '2022-03-25 01:12:32', '2022-03-25 01:12:32'),
	(26, 3, '2022-03-25 01:12:32', '2022-03-25 01:12:32'),
	(27, 3, '2022-03-25 01:12:32', '2022-03-25 01:12:32'),
	(28, 3, '2022-03-25 01:12:32', '2022-03-25 01:12:32'),
	(29, 3, '2022-03-25 01:12:32', '2022-03-25 01:12:32'),
	(30, 3, '2022-03-25 01:12:32', '2022-03-25 01:12:32'),
	(31, 2, '2022-03-25 01:12:32', '2022-03-25 01:12:32'),
	(31, 3, '2022-03-25 01:12:32', '2022-03-25 01:12:32'),
	(32, 2, '2022-03-25 01:12:32', '2022-03-25 01:12:32'),
	(32, 3, '2022-03-25 01:12:32', '2022-03-25 01:12:32'),
	(33, 2, '2022-03-25 01:12:32', '2022-03-25 01:12:32'),
	(33, 3, '2022-03-25 01:12:32', '2022-03-25 01:12:32'),
	(34, 2, '2022-03-25 01:12:32', '2022-03-25 01:12:32'),
	(34, 3, '2022-03-25 01:12:32', '2022-03-25 01:12:32'),
	(35, 2, '2022-03-25 01:12:32', '2022-03-25 01:12:32'),
	(36, 2, '2022-03-25 01:12:32', '2022-03-25 01:12:32'),
	(37, 2, '2022-03-25 01:12:32', '2022-03-25 01:12:32'),
	(38, 2, '2022-03-25 01:12:32', '2022-03-25 01:12:32'),
	(39, 2, '2022-03-25 01:12:32', '2022-03-25 01:12:32'),
	(39, 3, '2022-03-25 01:12:32', '2022-03-25 01:12:32'),
	(40, 2, '2022-03-25 01:12:32', '2022-03-25 01:12:32'),
	(40, 3, '2022-03-25 01:12:32', '2022-03-25 01:12:32'),
	(41, 3, '2022-03-25 01:12:32', '2022-03-25 01:12:32'),
	(42, 3, '2022-03-25 01:12:32', '2022-03-25 01:12:32'),
	(43, 3, '2022-03-25 01:12:32', '2022-03-25 01:12:32'),
	(44, 3, '2022-03-25 01:12:32', '2022-03-25 01:12:32'),
	(45, 2, '2022-03-25 01:12:32', '2022-03-25 01:12:32'),
	(45, 3, '2022-03-25 01:12:32', '2022-03-25 01:12:32'),
	(46, 2, '2022-03-25 01:12:32', '2022-03-25 01:12:32'),
	(46, 3, '2022-03-25 01:12:32', '2022-03-25 01:12:32'),
	(47, 2, '2022-03-25 01:12:32', '2022-03-25 01:12:32'),
	(47, 3, '2022-03-25 01:12:32', '2022-03-25 01:12:32'),
	(48, 2, '2022-03-25 01:12:32', '2022-03-25 01:12:32'),
	(48, 3, '2022-03-25 01:12:32', '2022-03-25 01:12:32'),
	(49, 2, '2022-03-25 01:12:32', '2022-03-25 01:12:32'),
	(49, 3, '2022-03-25 01:12:32', '2022-03-25 01:12:32'),
	(50, 2, '2022-03-25 01:12:32', '2022-03-25 01:12:32'),
	(50, 3, '2022-03-25 01:12:32', '2022-03-25 01:12:32'),
	(51, 2, '2022-03-25 01:12:32', '2022-03-25 01:12:32'),
	(51, 3, '2022-03-25 01:12:32', '2022-03-25 01:12:32'),
	(52, 2, '2022-03-25 01:12:32', '2022-03-25 01:12:32'),
	(52, 3, '2022-03-25 01:12:32', '2022-03-25 01:12:32'),
	(53, 2, '2022-03-25 01:12:32', '2022-03-25 01:12:32'),
	(53, 3, '2022-03-25 01:12:32', '2022-03-25 01:12:32'),
	(54, 2, '2022-03-25 01:12:32', '2022-03-25 01:12:32'),
	(54, 3, '2022-03-25 01:12:32', '2022-03-25 01:12:32'),
	(55, 2, '2022-03-25 01:12:32', '2022-03-25 01:12:32'),
	(55, 3, '2022-03-25 01:12:32', '2022-03-25 01:12:32'),
	(56, 2, '2022-03-25 01:12:32', '2022-03-25 01:12:32'),
	(56, 3, '2022-03-25 01:12:32', '2022-03-25 01:12:32'),
	(57, 2, '2022-03-25 01:12:32', '2022-03-25 01:12:32'),
	(57, 3, '2022-03-25 01:12:32', '2022-03-25 01:12:32'),
	(58, 2, '2022-03-25 01:12:32', '2022-03-25 01:12:32'),
	(58, 3, '2022-03-25 01:12:32', '2022-03-25 01:12:32'),
	(59, 2, '2022-03-25 01:12:32', '2022-03-25 01:12:32'),
	(59, 3, '2022-03-25 01:12:32', '2022-03-25 01:12:32'),
	(60, 3, '2022-03-25 01:12:32', '2022-03-25 01:12:32'),
	(61, 3, '2022-03-25 01:12:32', '2022-03-25 01:12:32'),
	(62, 3, '2022-03-25 01:12:32', '2022-03-25 01:12:32'),
	(63, 3, '2022-03-25 01:12:32', '2022-03-25 01:12:32'),
	(64, 2, '2022-03-25 01:12:32', '2022-03-25 01:12:32'),
	(64, 3, '2022-03-25 01:12:32', '2022-03-25 01:12:32'),
	(65, 2, '2022-03-25 01:12:32', '2022-03-25 01:12:32'),
	(65, 3, '2022-03-25 01:12:32', '2022-03-25 01:12:32'),
	(66, 2, '2022-03-25 01:12:32', '2022-03-25 01:12:32'),
	(66, 3, '2022-03-25 01:12:32', '2022-03-25 01:12:32'),
	(67, 2, '2022-03-25 01:12:32', '2022-03-25 01:12:32'),
	(67, 3, '2022-03-25 01:12:32', '2022-03-25 01:12:32'),
	(68, 2, '2022-03-25 01:12:32', '2022-03-25 01:12:32'),
	(68, 3, '2022-03-25 01:12:32', '2022-03-25 01:12:32'),
	(69, 2, '2022-03-25 01:12:32', '2022-03-25 01:12:32'),
	(69, 3, '2022-03-25 01:12:32', '2022-03-25 01:12:32'),
	(70, 2, '2022-03-25 01:12:32', '2022-03-25 01:12:32'),
	(70, 3, '2022-03-25 01:12:32', '2022-03-25 01:12:32'),
	(71, 2, '2022-03-25 01:12:32', '2022-03-25 01:12:32'),
	(71, 3, '2022-03-25 01:12:32', '2022-03-25 01:12:32'),
	(72, 2, '2022-03-25 01:12:32', '2022-03-25 01:12:32'),
	(72, 3, '2022-03-25 01:12:32', '2022-03-25 01:12:32'),
	(73, 2, '2022-03-25 01:12:32', '2022-03-25 01:12:32'),
	(73, 3, '2022-03-25 01:12:32', '2022-03-25 01:12:32'),
	(74, 2, '2022-03-25 01:12:32', '2022-03-25 01:12:32'),
	(74, 3, '2022-03-25 01:12:32', '2022-03-25 01:12:32'),
	(75, 2, '2022-03-25 01:12:32', '2022-03-25 01:12:32'),
	(75, 3, '2022-03-25 01:12:32', '2022-03-25 01:12:32'),
	(76, 3, '2022-03-25 01:12:32', '2022-03-25 01:12:32'),
	(77, 3, '2022-03-25 01:12:32', '2022-03-25 01:12:32'),
	(78, 3, '2022-03-25 01:12:32', '2022-03-25 01:12:32'),
	(79, 3, '2022-03-25 01:12:32', '2022-03-25 01:12:32'),
	(80, 3, '2022-03-25 01:12:32', '2022-03-25 01:12:32'),
	(81, 3, '2022-03-25 01:12:32', '2022-03-25 01:12:32'),
	(82, 3, '2022-03-25 01:12:32', '2022-03-25 01:12:32'),
	(83, 3, '2022-03-25 01:12:32', '2022-03-25 01:12:32'),
	(84, 3, '2022-03-25 01:12:32', '2022-03-25 01:12:32'),
	(85, 3, '2022-03-25 01:12:32', '2022-03-25 01:12:32'),
	(86, 3, '2022-03-25 01:12:32', '2022-03-25 01:12:32'),
	(87, 2, '2022-03-25 01:12:32', '2022-03-25 01:12:32'),
	(88, 2, '2022-03-25 01:12:32', '2022-03-25 01:12:32'),
	(89, 3, '2022-03-25 01:12:32', '2022-03-25 01:12:32'),
	(90, 3, '2022-03-25 01:12:32', '2022-03-25 01:12:32'),
	(91, 3, '2022-03-25 01:12:32', '2022-03-25 01:12:32'),
	(92, 3, '2022-03-25 01:12:32', '2022-03-25 01:12:32'),
	(93, 2, '2022-03-25 01:12:32', '2022-03-25 01:12:32'),
	(94, 2, '2022-03-25 01:12:32', '2022-03-25 01:12:32'),
	(95, 2, '2022-03-25 01:12:32', '2022-03-25 01:12:32'),
	(96, 2, '2022-03-25 01:12:32', '2022-03-25 01:12:32'),
	(97, 2, '2022-03-25 01:12:32', '2022-03-25 01:12:32'),
	(98, 2, '2022-03-25 01:12:32', '2022-03-25 01:12:32'),
	(99, 2, '2022-03-25 01:12:32', '2022-03-25 01:12:32'),
	(100, 2, '2022-03-25 01:12:32', '2022-03-25 01:12:32'),
	(101, 2, '2022-03-25 01:12:32', '2022-03-25 01:12:32'),
	(102, 3, '2022-03-25 01:12:32', '2022-03-25 01:12:32'),
	(103, 3, '2022-03-25 01:12:32', '2022-03-25 01:12:32'),
	(104, 3, '2022-03-25 01:12:32', '2022-03-25 01:12:32'),
	(105, 3, '2022-03-25 01:12:32', '2022-03-25 01:12:32'),
	(106, 2, '2022-03-25 01:12:32', '2022-03-25 01:12:32'),
	(106, 3, '2022-03-25 01:12:32', '2022-03-25 01:12:32'),
	(107, 2, '2022-03-25 01:12:32', '2022-03-25 01:12:32'),
	(107, 3, '2022-03-25 01:12:32', '2022-03-25 01:12:32'),
	(108, 2, '2022-03-25 01:12:32', '2022-03-25 01:12:32'),
	(108, 3, '2022-03-25 01:12:32', '2022-03-25 01:12:32'),
	(109, 2, '2022-03-25 01:12:32', '2022-03-25 01:12:32'),
	(109, 3, '2022-03-25 01:12:32', '2022-03-25 01:12:32'),
	(110, 2, '2022-03-25 01:12:32', '2022-03-25 01:12:32'),
	(110, 3, '2022-03-25 01:12:32', '2022-03-25 01:12:32'),
	(111, 2, '2022-03-25 01:12:32', '2022-03-25 01:12:32'),
	(112, 2, '2022-03-25 01:12:32', '2022-03-25 01:12:32'),
	(113, 2, '2022-03-25 01:12:32', '2022-03-25 01:12:32'),
	(114, 2, '2022-03-25 01:12:32', '2022-03-25 01:12:32');
/*!40000 ALTER TABLE `permission_role` ENABLE KEYS */;

-- Dumping structure for table zcart2511.products
CREATE TABLE IF NOT EXISTS `products` (
  `id` bigint(20) unsigned NOT NULL AUTO_INCREMENT,
  `shop_id` int(10) unsigned DEFAULT NULL,
  `manufacturer_id` int(10) unsigned DEFAULT NULL,
  `brand` varchar(255) COLLATE utf8_unicode_ci DEFAULT NULL,
  `name` varchar(255) COLLATE utf8_unicode_ci NOT NULL,
  `model_number` varchar(255) COLLATE utf8_unicode_ci DEFAULT NULL,
  `mpn` varchar(255) COLLATE utf8_unicode_ci DEFAULT NULL,
  `gtin` varchar(255) COLLATE utf8_unicode_ci DEFAULT NULL,
  `gtin_type` varchar(255) COLLATE utf8_unicode_ci DEFAULT NULL,
  `description` longtext COLLATE utf8_unicode_ci,
  `min_price` decimal(20,6) DEFAULT '0.000000',
  `max_price` decimal(20,6) DEFAULT NULL,
  `origin_country` int(10) unsigned DEFAULT NULL,
  `has_variant` tinyint(1) DEFAULT NULL,
  `requires_shipping` tinyint(1) DEFAULT '1',
  `downloadable` tinyint(1) DEFAULT NULL,
  `slug` varchar(255) COLLATE utf8_unicode_ci NOT NULL,
  `sale_count` bigint(20) DEFAULT NULL,
  `active` tinyint(1) NOT NULL DEFAULT '1',
  `deleted_at` timestamp NULL DEFAULT NULL,
  `created_at` timestamp NULL DEFAULT NULL,
  `updated_at` timestamp NULL DEFAULT NULL,
  PRIMARY KEY (`id`),
  UNIQUE KEY `products_slug_unique` (`slug`)
) ENGINE=InnoDB AUTO_INCREMENT=52 DEFAULT CHARSET=utf8 COLLATE=utf8_unicode_ci;

-- Dumping data for table zcart2511.products: ~51 rows (approximately)
/*!40000 ALTER TABLE `products` DISABLE KEYS */;
INSERT INTO `products` (`id`, `shop_id`, `manufacturer_id`, `brand`, `name`, `model_number`, `mpn`, `gtin`, `gtin_type`, `description`, `min_price`, `max_price`, `origin_country`, `has_variant`, `requires_shipping`, `downloadable`, `slug`, `sale_count`, `active`, `deleted_at`, `created_at`, `updated_at`) VALUES
	(1, NULL, 1, 'qui', 'Consequatur officia optio voluptatem nemo.', 'qui rq545', '3150161', '7425807891768', 'UPC', 'Enim odit sint molestiae consequuntur molestiae hic ut repellendus. Et blanditiis minus temporibus earum non velit. Eos sit vel et maiores rem fugit inventore. Qui cumque perspiciatis id. A iure quis placeat. Cumque necessitatibus quaerat iste praesentium cum possimus culpa vel. Reiciendis aperiam voluptas labore id repudiandae alias officia nihil. A unde aut omnis et sed. Quia ut consequatur rerum rerum. Et molestiae non dolore placeat. Eius quae quos a in. Nostrum ut similique ipsam sunt.<p><br/><iframe frameborder="0" src="//www.youtube.com/embed/7abGwVjXSY4" class="note-video-clip" style="width: 100%; height: 475px; float: none;"></iframe></p><br/>Labore porro enim repellendus temporibus aperiam. Voluptate sed non quis. Neque mollitia aut mollitia consequatur eum. Dolorem optio et sint praesentium quos nihil. Incidunt laudantium voluptatem blanditiis nam aspernatur velit ducimus non. Modi blanditiis occaecati voluptates at nobis. Animi nulla neque quidem sapiente totam voluptas sint.<img src="https://picsum.photos/640/360.webp" style="width: 50%; float: right; margin: 20px 0 20px 20px;">Molestiae suscipit cum rem sed quis tempore tempora eius. Sint voluptatem labore et et. Soluta dolorum soluta inventore quasi. Assumenda id impedit nesciunt error non. Perspiciatis in qui molestiae dolor est. Quaerat sequi necessitatibus ducimus qui sapiente libero. Similique et et reiciendis et explicabo. Ut et velit quo. Sunt commodi et assumenda sit ut repellat quis. Qui cupiditate ratione vero perferendis earum. Suscipit repellat qui voluptatem in. Aliquid quibusdam quod qui. Enim quidem qui distinctio vel. Voluptatem sapiente dicta deserunt ut ut molestias. Aliquid iusto modi aut voluptas. Laudantium aut consequatur consectetur et velit. Non minima autem quis ab exercitationem. Placeat corporis veritatis unde officia. At totam quo sit officia vitae officia. Voluptas consequuntur voluptatum provident quia et aliquam. Et similique et aut alias reprehenderit rerum cum odit. Esse ad vel nostrum et quis aut. Consequatur modi magnam sed et quae ad delectus nobis. Quis inventore cum sapiente quia ut. Et magni vero nemo explicabo animi ex commodi.<p><br/><img src="https://loremflickr.com/640/360" style="width: 100%; float: none;"></p><br/>Voluptatibus libero porro enim est et nulla dolores. Nam aperiam sequi aut deserunt rerum sed. Voluptas deserunt temporibus et fugiat sit. Laboriosam molestiae optio consectetur quia et quis laborum. Atque beatae nemo et provident fugit. Doloribus dolor sed saepe non sequi. Deleniti alias tempore animi quas cum. Ipsam debitis corrupti rem veniam enim quis dignissimos. Vero architecto fuga ut. Aut architecto incidunt ut voluptatem aut est tenetur. Voluptatem nobis molestias ut amet. Doloremque sint et aut sunt illo. Voluptates voluptatem quia officia explicabo dolor natus cupiditate alias.', 0.000000, NULL, 674, 0, 1, NULL, 'abc-xyz-product-123', 7, 1, NULL, '2022-03-19 01:13:58', '2022-03-20 01:13:58'),
	(2, 3, 1, 'ut', 'Voluptatem adipisci iste explicabo quo voluptatem.', 'et lm506', '1', '4882934168195', 'ISBN', 'Autem omnis qui laudantium veniam delectus perspiciatis et animi. Aliquid nemo et aliquid minima repellat dolore consequatur. Laboriosam debitis doloribus hic rerum eius tempore qui. Voluptas alias nobis mollitia. Temporibus cumque occaecati qui. Vel quo ab harum qui molestiae magni totam. Animi labore odit qui deleniti. Exercitationem architecto animi enim. Facere cumque facere labore et minus aliquid. In enim eaque non at quo unde voluptas. Deserunt velit repudiandae ut sint mollitia ut doloribus debitis. Eum culpa sit culpa saepe fuga quod.<p><br/><iframe frameborder="0" src="//www.youtube.com/embed/TGbUpEJ1z-k" class="note-video-clip" style="width: 100%; height: 475px; float: none;"></iframe></p><br/>Recusandae voluptatem rem voluptatibus enim molestias velit tempora. Odio ipsa quis id a tenetur. Dolorem consequuntur ipsum ut laborum sint. Dolorem illum enim voluptas veniam est ipsum ut. Ut aut quos autem ut pariatur. Enim accusantium minima corrupti expedita nobis. Corrupti ipsam sunt qui illum sunt aut. Repellendus reprehenderit similique vel odio eligendi tempora mollitia.<img src="https://loremflickr.com/640/360" style="width: 50%; float: right; margin: 20px 0 20px 20px;">Quisquam et quo repellendus quia voluptatibus recusandae. Eos reprehenderit non nihil quo sit libero reprehenderit. Ipsam provident sint consequatur dolores vitae expedita velit officiis. Rerum dolorem voluptas nihil eveniet sit. Et aperiam impedit culpa eum voluptatem ipsam. Qui sed ut corrupti dolores assumenda illum amet quae. Iusto sit minus repellendus accusantium quod non. Dolorem voluptatum quidem dolores qui et officia. Facilis nisi est necessitatibus qui deleniti dolores eum. Officiis consequatur ad aspernatur in soluta dicta. Dignissimos dolores temporibus sit. Nemo dolorum illum alias veritatis modi qui. Aliquid repellat eum ut nisi perspiciatis neque. Occaecati ipsam esse nobis. Quidem minus earum tempore odio animi autem nobis. Nisi cum nesciunt deserunt vero sunt iste consequatur. Quasi adipisci aliquam distinctio in sit aut. Quia aliquid cupiditate sint natus laboriosam et. Inventore accusantium impedit ea repellendus itaque recusandae commodi porro. Est nam libero expedita iure iste. Quia sit iste eaque dicta earum quasi. Totam eum perspiciatis dolorem voluptas. Ut modi nesciunt sint sit et aut.<p><br/><img src="https://picsum.photos/640/360.webp" style="width: 100%; float: none;"></p><br/>Esse dolores quis qui aut id magnam quia. Doloribus sunt veritatis nobis cumque recusandae repellat. Autem sunt dolorem non error autem blanditiis. Amet deleniti molestias est nesciunt nisi et veritatis. Culpa dolor repellat corrupti tenetur voluptatem. Corporis ut totam qui ex ipsa quia soluta. Dicta tenetur vitae voluptas. Explicabo sit culpa illo in recusandae ab earum vel. Aut consectetur qui voluptas vel. Voluptatem facilis distinctio et maiores. Nisi animi ut et voluptas.', 0.000000, NULL, 68, 1, 1, NULL, 'id-qui-illum-placeat-deserunt', 5, 1, NULL, '2022-03-12 01:14:00', '2022-03-14 01:14:00'),
	(3, 4, 1, 'voluptates', 'Et et earum quidem eligendi.', 'vel lf700', '7', '3824787756748', 'ISBN', 'Aut sed omnis quia quaerat consectetur. Voluptate aut nostrum id error iusto nostrum incidunt. Modi voluptatem sit tempora atque vero. Et et aut nemo veritatis aspernatur. Natus illum doloremque reprehenderit cumque eligendi voluptate soluta. Veniam aut beatae ut omnis qui et quis. Et quis aut laborum aut enim quibusdam. Est laudantium aut quae est qui dolores nobis. Fuga in quia saepe natus consequatur. Veritatis soluta id reiciendis vitae sed necessitatibus dolorem. Fugit cumque corporis voluptatem repellat.<p><br/><iframe frameborder="0" src="//www.youtube.com/embed/MLpWrANjFbI" class="note-video-clip" style="width: 100%; height: 475px; float: none;"></iframe></p><br/>Iure amet eos quia aut quod dolorem accusamus rerum. Autem dolorem qui in natus maxime voluptatum sunt laborum. Occaecati repellat tenetur et similique placeat maxime. Nobis omnis eos fugit sit. Ea dolore amet voluptates fugit eius rerum. Saepe delectus veritatis repellendus ratione itaque autem non. Earum quia facilis enim est. Est voluptatem laudantium consequuntur accusantium maiores quo.<img src="https://loremflickr.com/640/360" style="width: 50%; float: right; margin: 20px 0 20px 20px;">Non nemo voluptas iste sed earum eligendi. Et sed quo fugiat hic et. Dolorum eaque quaerat magnam doloribus. Qui sunt facere et earum. Est qui natus veniam sequi eum maiores. Rerum porro ullam laboriosam aut. Eaque vel aliquam voluptas sunt sed quia. Est eligendi ut hic. Omnis quo sunt nihil qui. Deserunt commodi est nihil ut. Esse distinctio aut qui magni et ut. Laboriosam nisi quia autem similique quibusdam. Tempore sint omnis et eos harum consequatur distinctio vel. Repellat aspernatur cum consequatur illum adipisci. Vel iusto ut et et dolorum. Placeat sunt laboriosam iusto amet. Alias impedit esse ea saepe eos in. Autem aspernatur culpa architecto ad quam culpa. Delectus facere at exercitationem deleniti voluptate autem iste. Quia tempora nobis est beatae sunt. Cupiditate repellat facilis sit cumque. Qui temporibus ea ipsum aliquid vitae. Quidem ipsum non et aut. Cum cum sed excepturi et culpa. Ut quo consequuntur illum consectetur inventore. At libero molestiae consequatur recusandae distinctio optio consequuntur. Et sit id id et qui. In sit nobis et.<p><br/><img src="https://picsum.photos/640/360.webp" style="width: 100%; float: none;"></p><br/>Quas dolore dolor ipsum. Nam qui aliquid adipisci provident. Accusantium dolorum ab non est. Inventore consectetur quam eum et adipisci. Aut et architecto est voluptatibus libero nulla est qui. Est et consequatur soluta ut accusamus adipisci. Possimus sit culpa eius alias incidunt. Laudantium voluptates sit quisquam deserunt. Alias explicabo enim quis consectetur ducimus pariatur molestiae et. Consequatur dignissimos laboriosam reprehenderit rerum quibusdam delectus. In maxime nihil quo. Et facilis cumque et aliquid velit quam. Deserunt in quis aut sit cumque. Illo voluptas ut sunt dolorum.', 0.000000, NULL, 372, 1, 1, NULL, 'tenetur-nesciunt-vero-porro-nihil-qui-architecto-est', 4, 1, NULL, '2022-03-11 01:14:00', '2022-03-22 01:14:00'),
	(4, NULL, 1, 'ut', 'Eos ad non eos eos laborum magni.', 'omnis if394', '6217585', '0307245165076', 'JAN', 'Facilis ut dolore voluptatem maiores. Qui adipisci officia at molestiae. Est aut est aspernatur iure libero eos similique. Beatae id ex et. Voluptas molestiae et voluptates pariatur consequatur exercitationem maiores. Ratione dignissimos velit doloribus est consectetur mollitia. Error ut aliquid aut ducimus quis eius aliquid incidunt. Minus culpa magnam dolores qui quam. Veniam tempore iure est sed esse quaerat aut. Amet eius velit quia vel in.<p><br/><iframe frameborder="0" src="//www.youtube.com/embed/SKbHHcdLGKw" class="note-video-clip" style="width: 100%; height: 475px; float: none;"></iframe></p><br/>Quas dolorum quia ut officiis rerum enim nisi officiis. In et eos autem quam qui. Repellat eum quia qui voluptas voluptatibus fuga corporis qui. Labore reiciendis dolores ut error et sed quia. Illum autem voluptates aut odio. Natus asperiores aperiam nihil et provident et quia.<img src="http://placeimg.com/640/360/any" style="width: 50%; float: right; margin: 20px 0 20px 20px;">Magnam inventore inventore architecto quasi consequatur. Ipsam officiis eveniet sit delectus rem quo explicabo. Aut molestiae minima possimus laudantium. Iste similique dolorem error aut quae eum voluptatem. Atque et harum rem ab dolor iste dolorem voluptas. Non omnis velit hic quia explicabo. Eius doloribus natus dolores earum dolorem neque facilis. Eaque excepturi ut itaque atque. Officia reiciendis magnam id quidem rerum eos commodi. Eum numquam sint facere quo qui. Nihil est corporis repellendus necessitatibus sit veritatis. Rerum consectetur ea laborum molestiae similique. Dignissimos dolore dolore aut officia. Commodi ducimus aut vel culpa aspernatur quo accusamus. Sed est quisquam fugit odit culpa ipsum. Id est a corrupti sunt occaecati. Magnam non repellat beatae recusandae eos. Repellendus rerum sunt quia ut amet porro. Vel odit odio est rerum vitae. Nemo quidem nesciunt sit vel deleniti. Molestias quidem voluptatem quaerat dolor tempore impedit animi. Et corporis et eum aut dolore ut. Eum ipsum neque ex aperiam veritatis.<p><br/><img src="http://placeimg.com/640/360/any" style="width: 100%; float: none;"></p><br/>Et est perspiciatis voluptas sequi sint. Architecto iusto explicabo eos saepe. Dolore nobis sit a eligendi. In quia qui quasi dolorem id. Sequi sapiente at vel similique ea rerum. Aut et quis quod nihil asperiores ut explicabo. Tempora consequatur sed voluptas quia dolores est aut. Veritatis provident libero est aut ea et. Aut deleniti perferendis corporis commodi sint dolorem omnis quisquam. Voluptatem molestiae eos fugiat natus. Non sunt nobis quia. Aut quia sunt vel itaque. Odit assumenda quis rerum quia. Facilis exercitationem sapiente et. Assumenda dolore modi et quia minima sed.', 0.000000, NULL, 376, 0, 1, NULL, 'inventore-et-voluptatum-numquam-quidem', 8, 1, NULL, '2022-03-11 01:14:00', '2022-03-17 01:14:00'),
	(5, NULL, 1, 'libero', 'Numquam facilis ut quia.', 'fugit xt708', '856', '4934467773039', 'JAN', 'Nisi similique totam ea qui nihil expedita eaque facilis. Qui quibusdam et nihil omnis accusamus. Itaque molestias maiores tempora. Voluptatem aut sed itaque debitis dicta sit molestiae iusto. Est qui enim unde tenetur quos excepturi. A velit omnis et voluptatum quasi impedit quia. Excepturi qui cumque dolorum repellat in quo dolores. Perspiciatis consequatur odit non magnam ut vel. Delectus et voluptates sit modi. Deserunt exercitationem eaque alias possimus consequuntur. Sit dicta sed perspiciatis non est.<p><br/><iframe frameborder="0" src="//www.youtube.com/embed/tJlzIJaokVY" class="note-video-clip" style="width: 100%; height: 475px; float: none;"></iframe></p><br/>At maiores nemo dolorem distinctio dolor. Quasi vitae alias sit ut perferendis. Optio aliquid distinctio eveniet non. Itaque aut quia excepturi deleniti ex enim eos. Sed alias placeat odio. Quam facere quas et laborum unde qui.<img src="https://loremflickr.com/640/360" style="width: 50%; float: right; margin: 20px 0 20px 20px;">Fugiat exercitationem a et vitae dolores delectus id. Ullam ut omnis sequi repellendus ipsum incidunt et vitae. Et ratione molestiae dolorem perspiciatis sed ad tempora nesciunt. Tempora exercitationem dignissimos ex dolorum sed iure quidem. Perspiciatis vel aperiam aut. Earum recusandae itaque eius minima est illo. Aut illum assumenda aperiam. Quo quo rem laboriosam eum cumque qui ullam sint. Veritatis officiis vitae voluptate qui blanditiis. Vitae at magnam consequatur omnis recusandae quo non. Voluptatem repudiandae et cupiditate veritatis. Est eaque impedit perferendis commodi quia eius doloremque. Officia vel et quasi consequatur omnis dicta. Nesciunt dolor perspiciatis est sed laboriosam ad nostrum. Molestiae ut et corrupti itaque et quam officiis. Et laborum error quod sit. Dolorum et fuga numquam quibusdam dolorem. Omnis ipsam eos veniam veniam doloremque fugit quod. Laudantium sed veniam magni ratione quisquam maiores quis. Laboriosam voluptatibus aut id. At ducimus placeat consequuntur dolorem dolor aut cumque ea. Laborum ad sunt laborum eius quisquam voluptatem.<p><br/><img src="https://loremflickr.com/640/360" style="width: 100%; float: none;"></p><br/>Dolore ducimus perspiciatis molestiae et omnis. Ipsum consequatur at et in debitis. At voluptatum non et qui. Architecto qui facere non ut odit. Corrupti pariatur nesciunt est dignissimos autem perspiciatis dolore. Explicabo quae libero aspernatur eos iure quaerat et. Omnis quo nihil et nemo minus. Ipsam et minus est ipsa facere est quos. Harum nihil qui dolor illo. Culpa ex saepe voluptates excepturi beatae. Voluptas impedit omnis enim dolorum eius vitae fugiat. Facere molestiae quam voluptatem. Odit eos et aliquid ut aut aut enim. Quo laudantium dolorem nihil accusamus.', 0.000000, NULL, 48, 1, 1, NULL, 'eaque-facere-voluptatibus-accusantium-expedita-et-voluptatem-consectetur', 2, 1, NULL, '2022-03-12 01:14:00', '2022-03-21 01:14:00'),
	(6, NULL, 10, 'ab', 'Sint fuga vel fugit aut sed suscipit ut quibusdam.', 'et xm389', '2068531', '3216945941071', 'UPC', 'Quod voluptatem est quia odio illo. Aliquam voluptatibus eligendi ea et nisi. Cum dolor quisquam quasi et quaerat suscipit. Blanditiis aut cum nam eveniet accusantium saepe. Quis commodi vel nostrum. Rem qui id et eos sapiente voluptas. Numquam natus dolorem similique est sequi rerum architecto ipsa. Et adipisci iste et ut. Quam est voluptas aut atque adipisci. Officiis neque quas omnis alias ut occaecati nostrum. Dolores qui nulla nemo repellat veniam id.<p><br/><iframe frameborder="0" src="//www.youtube.com/embed/AVpcxtH8hWg" class="note-video-clip" style="width: 100%; height: 475px; float: none;"></iframe></p><br/>Laborum et nam aut voluptas. Ipsa inventore impedit maxime atque. Tempore odit doloremque architecto expedita magnam. Provident delectus iusto hic vel. Iste commodi et omnis minus. Aut dolores nesciunt odio eum. Omnis velit dolores quae esse fuga dolores quas. Nisi aut omnis ut vitae pariatur voluptatem facilis.<img src="http://placeimg.com/640/360/any" style="width: 50%; float: right; margin: 20px 0 20px 20px;">Nam aliquam ea quis totam. Reiciendis aut fuga qui at inventore voluptas id. Tempora nobis dolores ut aut. Quibusdam numquam incidunt eaque ut. Et iure ipsa eos ipsam autem debitis rerum dolores. Libero odit neque eveniet animi omnis. Suscipit molestiae autem accusantium cupiditate sit. Occaecati consequatur corrupti ea aut voluptatem consectetur totam. Et unde et maxime. Expedita nihil architecto cupiditate tempora et possimus. Ullam ex totam omnis a molestias. Veritatis aut quo perspiciatis quis ut et tempora non. Et tempore quaerat autem eos dolorum ducimus. Consequatur voluptas atque molestiae nulla sit quia aut suscipit. Et ducimus eligendi unde delectus dicta accusamus. Quisquam vero odio fugit qui non ut eum. Iusto et eius quia eos vitae. Quos qui qui quidem earum. Omnis esse ut officia non. Repellendus sapiente blanditiis quasi dolores et. Maiores perspiciatis veniam temporibus. Itaque accusamus necessitatibus et commodi animi ipsa eveniet. Voluptatibus doloremque qui rerum et. Rem eaque excepturi sed est temporibus quod non accusantium. Ipsam facilis velit alias. Quia repellendus ea quasi odit sint porro quos.<p><br/><img src="https://loremflickr.com/640/360" style="width: 100%; float: none;"></p><br/>Qui nihil praesentium officiis quae dignissimos. Assumenda qui est error qui mollitia enim. Fuga ab quam voluptatem unde. Velit facilis ratione similique in ratione illo praesentium dolorem. Sapiente ea veniam veritatis. Aut vero repellat cumque et totam vitae. Quos architecto nam modi neque omnis velit. Non occaecati qui mollitia consectetur excepturi dolor. Tenetur voluptatem numquam qui laudantium quo laborum repudiandae. Voluptas architecto excepturi iste aut ratione ut blanditiis. Exercitationem nulla ad nihil rem voluptatem.', 0.000000, NULL, 136, 0, 1, NULL, 'quia-nihil-quia-aut-eius', 8, 1, NULL, '2022-03-21 01:14:00', '2022-03-12 01:14:00'),
	(7, NULL, 10, 'aut', 'Totam omnis culpa vel modi dolore blanditiis voluptas et.', 'sit za810', '39924024', '8067169301739', 'ISBN', 'Quo omnis ipsa assumenda a. Incidunt quae suscipit voluptatibus vel veniam quis. Omnis iste voluptatem quia quia harum. Aut aut fuga ea qui minima quo. Laudantium in repellendus saepe minima aut qui. Sequi perspiciatis laboriosam repudiandae minus. Quos sequi possimus fuga eius est maiores molestiae delectus. Ut aut aliquid tempora beatae facilis. Vel magnam eum aut officiis. Voluptas maiores iste reiciendis est voluptas occaecati. Totam aut et qui eligendi reprehenderit.<p><br/><iframe frameborder="0" src="//www.youtube.com/embed/MLpWrANjFbI" class="note-video-clip" style="width: 100%; height: 475px; float: none;"></iframe></p><br/>Sint eveniet quidem quisquam in et animi corrupti. Enim praesentium nulla itaque accusamus nisi saepe. Libero illo in inventore voluptatibus sit. Corporis tempore id ut non non.<img src="https://loremflickr.com/640/360" style="width: 50%; float: right; margin: 20px 0 20px 20px;">Enim ex earum qui. Voluptate eum id ut et magni perferendis. Sit quos asperiores id assumenda odit. Quia et omnis ducimus voluptate enim magnam fugiat. Soluta adipisci quis ut aut. Nesciunt iusto ea et aut. Necessitatibus facilis et beatae aut id doloremque voluptas. Consequatur minima deleniti dolores quae placeat natus. Nulla et et molestias sint iste dolor. Perspiciatis nisi est praesentium sunt. Dolore voluptatem qui dolores. Nemo voluptates vel porro magni necessitatibus similique est. Vitae quos ea error consequuntur rerum. Quos necessitatibus eum omnis voluptate. Eius alias aut occaecati nulla. Minus velit aut nulla laboriosam rerum cumque iusto repudiandae. Harum aut consequatur id aperiam dolores quaerat. Odit qui rem ut aut. Aspernatur et hic velit labore magni ut accusamus. Velit fuga aut mollitia non minus. Ut quam qui perspiciatis quasi. Praesentium doloremque sequi et eos. Et vitae vel minus voluptatem voluptatem libero consequatur. Dolorem at quia cumque non minus eum. Esse dolores adipisci repudiandae voluptas nostrum sed. Et ea ullam ea tenetur. Dolore architecto molestiae voluptates esse. Fugiat dolores soluta sit neque.<p><br/><img src="http://placeimg.com/640/360/any" style="width: 100%; float: none;"></p><br/>Non nihil facilis qui consequatur fugiat. Animi quisquam ab consequatur eaque cum explicabo. Blanditiis adipisci iure exercitationem voluptas dolores provident. Nam exercitationem dolore tempora sapiente. Est sed quos qui optio. Porro sunt enim et voluptate. Ducimus recusandae dignissimos culpa occaecati est eaque. Est quo qui voluptatem quia dignissimos laudantium similique dicta. Voluptatem officiis et aliquam cum ut tenetur maiores.', 0.000000, NULL, 360, 1, 1, NULL, 'est-facere-ipsa-autem-architecto-accusamus-amet-doloremque', 2, 1, NULL, '2022-03-22 01:14:00', '2022-03-13 01:14:00'),
	(8, NULL, 10, 'nisi', 'Suscipit repellendus aspernatur aperiam iure.', 'dignissimos qk777', '598', '1452164120596', 'EAN', 'Quam nam aliquam itaque earum. Adipisci rerum non officiis eos rerum quia voluptatem. Sunt id voluptas quo reprehenderit ducimus et. Eum suscipit eveniet est. Sit similique molestiae quia autem aut et. At harum doloremque atque sit quaerat eius. Doloremque porro voluptatem et ut delectus aspernatur provident. Facilis fugiat veritatis tenetur ut et aliquid. Dolore omnis veritatis repellendus sint quis dicta consectetur. Ex qui mollitia perferendis cum.<p><br/><iframe frameborder="0" src="//www.youtube.com/embed/TGbUpEJ1z-k" class="note-video-clip" style="width: 100%; height: 475px; float: none;"></iframe></p><br/>Dignissimos qui molestiae sapiente et itaque earum. Eveniet vitae excepturi suscipit quidem est quae facere. Earum et officia libero laudantium eos et. Ex nihil laudantium dignissimos ex quis voluptas ea. Deserunt exercitationem non et quisquam est qui. Quidem eveniet id est rerum quasi facilis est. Possimus neque dolorum non dolorem ad.<img src="https://loremflickr.com/640/360" style="width: 50%; float: right; margin: 20px 0 20px 20px;">Ea vel ullam repudiandae adipisci deleniti. Nobis ratione est aut quibusdam qui blanditiis. Laborum adipisci repellendus distinctio soluta. Officiis omnis ut voluptate ut. Suscipit quaerat nam nihil adipisci. Cum laudantium esse facere ut autem. Ullam neque occaecati et culpa tenetur unde quaerat. Reprehenderit sunt deserunt nostrum assumenda ut. Omnis animi est autem amet rerum. Quod dignissimos quos facere voluptatibus reiciendis dolorem. Dolore explicabo debitis optio. Beatae ea culpa sint suscipit dolore. Voluptatem impedit aut sint amet quia at error. Facere doloremque ducimus explicabo consequuntur sunt. Cum quis iste praesentium voluptas ad enim atque. In reprehenderit a aut beatae explicabo vel. Dolorem mollitia nam et doloribus deserunt et. Enim provident similique in et minima eos. Repudiandae mollitia aperiam possimus modi. Temporibus est ea qui. Laudantium tempora maiores ad impedit. Qui quod ab expedita esse ducimus quae dolore. Consequuntur qui sint qui commodi ut dolorem. Omnis sapiente repellendus quos. In inventore numquam hic. Quia quas et similique est commodi quia inventore. Id architecto praesentium pariatur aspernatur. Corporis distinctio velit aut nostrum.<p><br/><img src="http://placeimg.com/640/360/any" style="width: 100%; float: none;"></p><br/>Voluptas natus maxime voluptas qui qui. Et voluptas dignissimos molestias dolore vitae repellat vero sed. Labore cumque voluptates dolorem quas doloribus excepturi. Quaerat molestias ducimus consequatur et tenetur. Quo nihil commodi commodi et. Error et hic commodi. Accusantium saepe sint aspernatur vero reprehenderit cupiditate. Laudantium quaerat iste corrupti eligendi. Voluptatem corporis repellat maiores rerum voluptas quia sapiente.', 0.000000, NULL, 833, 0, 1, NULL, 'sed-quis-architecto-molestiae-dicta-doloremque-corrupti', 4, 1, NULL, '2022-03-21 01:14:00', '2022-03-16 01:14:00'),
	(9, NULL, 10, 'doloribus', 'Facilis incidunt doloribus sunt aut et porro.', 'itaque qa384', '953165', '3165116272387', 'ISBN', 'Cupiditate fugit dolores omnis consectetur sunt beatae atque magni. Sunt cum accusamus architecto hic debitis voluptas. Qui porro ut fugit velit rerum. Aperiam voluptate magnam molestias animi voluptatem nulla. Ad in sed eveniet cupiditate exercitationem et. Asperiores qui ipsa illo cum voluptatum quibusdam dolores dolor. Veritatis iste adipisci provident explicabo. Quasi omnis enim ea explicabo sit repudiandae et. Asperiores voluptatem iusto voluptatem voluptates deleniti qui. Rerum ab vel qui adipisci veniam quis fugiat.<p><br/><iframe frameborder="0" src="//www.youtube.com/embed/n7EmdNsKIhk" class="note-video-clip" style="width: 100%; height: 475px; float: none;"></iframe></p><br/>Quis voluptates unde earum sunt explicabo dolores facere. Reprehenderit qui dicta modi autem. Optio eius consequatur placeat omnis dicta. Delectus rem rem ut ipsa eos et. Cumque unde quo harum excepturi et cumque nisi iusto. Quod temporibus ratione id incidunt nobis ut rem ut. Facilis excepturi eius dolorum eum vero. Saepe qui adipisci suscipit ut.<img src="https://loremflickr.com/640/360" style="width: 50%; float: right; margin: 20px 0 20px 20px;">Nemo odio quia facere esse doloremque. Officia sint possimus natus rerum aspernatur corporis voluptatibus. Tempora voluptas quia maxime ut sit consectetur. Possimus reprehenderit voluptatum cupiditate eum aperiam doloremque deleniti. Repellendus delectus porro sint. Voluptatem excepturi repellat ut et velit vitae. Repellat ut maxime vel. Nesciunt minus aut optio culpa. Consequuntur harum maxime inventore ut eum similique. Consequuntur possimus modi voluptas eos corrupti fugit doloribus. Minus nihil velit ut quia. Id quos velit voluptas et sequi mollitia. Recusandae delectus accusamus explicabo autem. Doloribus ratione iste tempore accusantium tempora. Sint sed quas ut ab quo sed inventore. Deleniti accusantium similique est velit ut. Cum quia velit ipsam veritatis labore. Ad quam consectetur dolore culpa dolorem. Et sit exercitationem deserunt velit. Quo eius rem ipsam porro assumenda quasi cumque. Eveniet quis libero ducimus hic molestias. Porro culpa officiis tempore temporibus quia nihil. Et sunt et aut. Eaque magnam consequatur provident. Sequi earum enim iusto repellat illum est.<p><br/><img src="http://placeimg.com/640/360/any" style="width: 100%; float: none;"></p><br/>Necessitatibus dolor tempora ut adipisci et qui reprehenderit. Quis natus laboriosam ducimus rerum vel ullam aliquid. Atque deleniti quos temporibus fugiat et consequuntur explicabo tempora. Itaque ea necessitatibus qui qui sit repudiandae eos. Autem incidunt dolores consequatur eius consequatur nihil. Saepe voluptatem minima vero enim ut suscipit. Labore atque qui quia expedita possimus qui. Aut nam voluptatem nesciunt debitis.', 0.000000, NULL, 356, 1, 1, NULL, 'et-iure-sapiente-quisquam-eum-rerum-ea-accusamus-rerum', 1, 1, NULL, '2022-03-14 01:14:00', '2022-03-24 01:14:00'),
	(10, 3, 10, 'doloribus', 'Mollitia omnis aperiam numquam eos.', 'quisquam vx199', '5288', '8188000954126', 'ISBN', 'Ut ipsa explicabo ut eos excepturi maxime sed. Sint ducimus amet eum. Voluptas cumque beatae quia ullam esse. Nulla ut quo nostrum neque explicabo. Assumenda at a explicabo et repellendus. Tempora alias est in magnam quo qui enim. Voluptas debitis porro quia iure maiores enim culpa. Nisi eligendi reiciendis et aut. Consequuntur itaque est ut aliquid sed impedit aspernatur. Eveniet distinctio eos aliquam fugiat. Mollitia ratione et ipsam neque. Similique accusantium eligendi repudiandae cumque ipsam.<p><br/><iframe frameborder="0" src="//www.youtube.com/embed/mATMpaPBBFI" class="note-video-clip" style="width: 100%; height: 475px; float: none;"></iframe></p><br/>Ut ut unde minima ex sed beatae placeat. Eaque et nisi voluptates eum temporibus nobis. Rerum et non ad. Excepturi possimus ab reprehenderit quam. Earum deserunt maxime nostrum eius autem. Autem rerum distinctio qui qui ut. Fuga ipsum veritatis quia dolorem quod.<img src="https://loremflickr.com/640/360" style="width: 50%; float: right; margin: 20px 0 20px 20px;">Incidunt eum a expedita ipsa voluptatem. Corrupti nisi eum et qui. Ducimus optio quasi a. Dolor reiciendis quod ut. Adipisci saepe non reprehenderit sit delectus alias. Veniam magnam vitae quos dolor quam. Aut itaque et nam nesciunt ullam earum ratione. Dolores in repellendus nisi officiis. Nesciunt excepturi hic voluptatibus accusamus nihil in. Eum cum et fuga delectus ratione nesciunt totam. Porro exercitationem dolores autem quod. Assumenda est et qui incidunt nam error. Sit error numquam corrupti. Quidem nobis aut nemo. Praesentium voluptatem id beatae illo molestiae consequatur. Nihil quisquam ut hic occaecati maxime dolores. Totam sint hic officiis asperiores ipsum labore et. Labore tenetur fuga voluptas cupiditate tempore voluptas. Est et amet qui. Dolor blanditiis modi sit praesentium maxime et ea. Dignissimos id voluptatem reiciendis deleniti quis. Rem iure officiis quis qui et voluptatem consequatur. Doloribus porro natus commodi voluptatibus sint veniam. Doloremque mollitia ab autem qui et ea eveniet. Voluptates minus nesciunt reprehenderit eaque voluptatum perferendis temporibus. Eos qui ratione quae ut.<p><br/><img src="https://loremflickr.com/640/360" style="width: 100%; float: none;"></p><br/>Nemo necessitatibus ducimus voluptas et voluptas tempore quos. Ad dicta consequatur et fugit sunt sit ut. Libero aliquid et velit. Molestias illo reprehenderit ut ratione accusamus id aut. Laborum sit officia distinctio et vitae quod. Pariatur officia fugiat fugit et quibusdam quisquam. Ut voluptatum ut veniam quos accusamus. Occaecati eligendi veniam a consequatur iusto et libero. Quas in odio totam autem quidem. Inventore repellat illum itaque est deleniti quis voluptatem. Dolorum earum et tempore sit aut magni. Quam qui nihil harum nulla. Id quia omnis in quidem ipsam omnis.', 0.000000, NULL, 426, 1, 1, NULL, 'blanditiis-eos-a-vel-eum-aliquid-debitis-eaque', 3, 1, NULL, '2022-03-11 01:14:00', '2022-03-15 01:14:00'),
	(11, NULL, 5, 'dolor', 'Amet incidunt aut sit occaecati fuga.', 'veritatis lx795', '3', '9328059355355', 'JAN', 'Quas laborum enim dolor nesciunt blanditiis. Voluptatem dolore quia vitae. Animi impedit temporibus ab optio. Qui illum quam animi omnis cumque qui sed sit. Beatae qui repudiandae et odio blanditiis ducimus. Numquam nisi et quis dolorem corporis. Natus sed eius sed vero consequatur odit nihil culpa. Ullam sit sint velit quia non totam quod. Vel dicta rem voluptate quos. Vel omnis ea similique vel praesentium et. Ipsum consectetur officia voluptate occaecati.<p><br/><iframe frameborder="0" src="//www.youtube.com/embed/SKbHHcdLGKw" class="note-video-clip" style="width: 100%; height: 475px; float: none;"></iframe></p><br/>Quas aut aperiam aspernatur deserunt. Eum id saepe praesentium ex est in. Non esse magnam praesentium. Est animi dolor asperiores. Quo praesentium quia ut omnis qui aut consequatur. Unde at eos eos eius. Reiciendis hic et molestiae est est quod. Nulla omnis nihil et magnam asperiores molestiae distinctio. Similique pariatur optio vel veritatis dolore.<img src="https://picsum.photos/640/360.webp" style="width: 50%; float: right; margin: 20px 0 20px 20px;">Tenetur qui sunt delectus vitae. Rerum ratione ut culpa totam dolor dolor sed. Occaecati consequatur culpa qui dolor architecto placeat culpa. Esse non soluta et quia ut qui. Officiis eos exercitationem accusantium qui eius et et itaque. Quis ullam magni debitis doloribus. Assumenda aut et eaque sit eos reprehenderit. Aut quidem quaerat necessitatibus autem repudiandae quos. Aut eos aut ut commodi. Labore ut cumque omnis natus. Modi magni numquam architecto et iure assumenda error. Labore quis maxime reprehenderit sit dolor iusto illum. Veniam accusantium velit nemo id. Aut quia nihil quis eaque repellendus soluta magnam. Nesciunt neque et velit qui reiciendis est eum. Ratione minima repudiandae sint dolores vel. Quo laborum aut expedita quibusdam ducimus. Iure voluptate eum ea atque maiores. Molestiae ratione perspiciatis fugiat accusantium eveniet. Voluptas soluta iste quia voluptatem aut. Sed eligendi exercitationem pariatur eaque illo et aut. Molestiae voluptatem fugiat est est aut. Error consequatur velit saepe est consequatur accusantium dolorem.<p><br/><img src="https://picsum.photos/640/360.webp" style="width: 100%; float: none;"></p><br/>Amet qui quo quo et eos occaecati sed. Ullam consequatur dolorem omnis. Illum nulla ipsum est sit optio quo. Odit dolorum ut dolores esse ullam. Quaerat ipsa voluptates consequatur consequatur quidem. Delectus libero quae illum non. Velit vel quia a. Vel quo veniam voluptatem vitae eos. Ex rerum dolor sequi asperiores qui deserunt. Doloribus maxime voluptatum dicta et veritatis. Qui deserunt eos ex. Autem eaque consequuntur dignissimos aliquam doloribus aut. Quam ea ut non corporis ut. Sint eum ad recusandae autem excepturi tempore eum.', 0.000000, NULL, 148, 1, 1, NULL, 'cumque-possimus-culpa-eaque-facilis-sunt-quo-repudiandae-dolorem', 4, 1, NULL, '2022-03-22 01:14:00', '2022-03-21 01:14:00'),
	(12, 5, 5, 'temporibus', 'Placeat expedita dolor cum laboriosam ad voluptate eos.', 'voluptatem kn400', '88915368', '0321181547833', 'UPC', 'Beatae molestias dolorem asperiores quod. Ut aspernatur enim asperiores possimus. Consequatur officia fuga consequuntur rerum quaerat ad illum. Omnis quam aut ut et dicta. Et exercitationem dolor ad expedita doloribus eum. Qui voluptatem voluptas sequi sint rerum. Accusamus natus aut reprehenderit vel quia.<p><br/><iframe frameborder="0" src="//www.youtube.com/embed/n7EmdNsKIhk" class="note-video-clip" style="width: 100%; height: 475px; float: none;"></iframe></p><br/>Tempora fuga nulla doloribus ad ut dignissimos qui. Ut architecto aut rerum temporibus veritatis ipsam. Adipisci consectetur dolor consequatur nostrum natus incidunt. Eos cumque occaecati molestiae qui. Reiciendis quasi cumque tempore omnis aspernatur. Fuga ab autem voluptas laborum et quos quo. Sed est sit commodi asperiores et non.<img src="https://picsum.photos/640/360.webp" style="width: 50%; float: right; margin: 20px 0 20px 20px;">Et rerum vel temporibus voluptas repudiandae doloribus. In qui et quia rem est magni quas. Necessitatibus quia illo est sint alias ea. Earum nesciunt voluptas doloribus fugiat quibusdam aut. Est ab numquam quia fuga. Esse molestiae enim reprehenderit accusamus voluptates quas. Sed cupiditate et ab. Autem saepe provident sed pariatur. Aut minus deleniti totam autem. Et totam est nobis minima qui dolorem et. Incidunt consequatur qui quos accusantium maxime eveniet. Facilis laudantium repellat quod dolore nesciunt qui saepe. Excepturi necessitatibus in eos quia enim. Reprehenderit dicta debitis architecto doloremque ipsam. Eum consequatur tempore culpa quo cumque. Officia odit dolores beatae non eos. Velit ut deleniti sapiente modi est quibusdam perspiciatis. Et minima quia cumque non. Quia sit totam dolor doloremque. Animi veniam quis quis non possimus repudiandae saepe. Numquam perspiciatis non odit tenetur. Rem magni aut impedit eum eos labore. Mollitia eos sit quo voluptas eveniet. Ea adipisci ut veniam dolor. Qui distinctio excepturi quis quidem consequatur corporis. Quam enim amet aut quis ut. Expedita et velit quam adipisci quos.<p><br/><img src="http://placeimg.com/640/360/any" style="width: 100%; float: none;"></p><br/>Minus repellendus in non vero vitae harum. Ad commodi iusto atque optio aut non sequi nemo. Quibusdam harum aspernatur beatae repellendus accusamus dolor commodi. Illum doloribus sit blanditiis commodi quia. Quia non ipsam libero dolores. Cumque ipsa eius eligendi et perspiciatis nemo. Itaque corrupti quae enim tempore et. Quisquam ipsa aut sint. Dolores est ut aut quasi laboriosam nobis nemo. Quos quis omnis odio placeat numquam mollitia aut.', 0.000000, NULL, 276, 0, 1, NULL, 'eligendi-quo-culpa-ullam-inventore-quisquam', 2, 1, NULL, '2022-03-11 01:14:00', '2022-03-25 01:14:00'),
	(13, 4, 5, 'hic', 'Laudantium non et rerum repellat unde incidunt aut.', 'eos tu810', '142', '4263227420679', 'ITF', 'Error fuga consectetur deserunt non quia adipisci dolores qui. Et aut vel ullam saepe corrupti omnis non aspernatur. Ut ratione ut quam sunt ducimus veritatis sed ea. Iusto nihil doloremque veritatis nobis voluptatem. Voluptatem eius ut quibusdam facere sit voluptatem. Sunt est maxime aut nobis. Fuga suscipit aspernatur aut earum blanditiis. Impedit error sed in facere rem dolorem doloremque. Sed minima harum et eaque ea. Non voluptates vero quas est.<p><br/><iframe frameborder="0" src="//www.youtube.com/embed/eEzD-Y97ges" class="note-video-clip" style="width: 100%; height: 475px; float: none;"></iframe></p><br/>Corrupti sint dolorem perferendis fuga. Dignissimos sunt iusto qui id dicta. Perferendis dolore harum qui laudantium. Quaerat vitae ea impedit eveniet. Ut officiis temporibus dolorem est accusantium non et optio. Mollitia consequuntur veritatis dolore quos unde est tempora. Voluptatem vel alias iure velit eligendi minus. Adipisci qui libero qui ipsam vero ut minus.<img src="https://picsum.photos/640/360.webp" style="width: 50%; float: right; margin: 20px 0 20px 20px;">Laboriosam rerum maxime aperiam. Voluptate non et similique quisquam ut. Sint et officiis laborum dolorum. Tenetur beatae labore quae delectus ea optio. Et libero repellendus voluptas perspiciatis illo eligendi qui. Nesciunt doloremque sed esse optio accusantium. Voluptatem dignissimos eum numquam laboriosam omnis neque. Neque sunt eveniet ipsum et quidem. Ullam tempora suscipit quis exercitationem est qui id. Quisquam et qui omnis vel nam facilis totam consequatur. Aliquam et aut qui ducimus nihil perspiciatis. Quisquam nam ea laborum quaerat nisi modi perspiciatis. Aut sint occaecati provident quos quas. Eum autem harum fugiat ex tempora ut ex aut. Ipsum assumenda voluptatem accusamus eos officia dolorem optio natus. Et et similique ipsa nemo veritatis. Cum unde ad ipsam veritatis error temporibus ut deleniti. Blanditiis doloribus porro corporis repellendus cum. Autem nobis molestiae aliquam numquam. Veritatis ut at dolorem minima fugiat molestias aut dolor. Ut dolore facilis quia eum sapiente at sit nesciunt. Labore pariatur rerum voluptatum repellat praesentium omnis.<p><br/><img src="https://loremflickr.com/640/360" style="width: 100%; float: none;"></p><br/>Fugiat iste quo saepe consequuntur eum. Porro hic eum aut consequatur error beatae qui doloribus. At consequuntur enim maiores molestiae magni. Eos eaque atque dolores vel. Impedit minus incidunt ut et repudiandae autem quae. Placeat quibusdam et aliquid quos doloremque officiis. Vel mollitia ea et beatae dolores. Veniam illo tempore officiis iste magni voluptates hic. In itaque consequatur voluptatibus sunt et quam et pariatur. Voluptatem occaecati et voluptatem quaerat cumque incidunt quisquam dolorem.', 0.000000, NULL, 508, 1, 1, NULL, 'dolorem-laborum-beatae-aliquid-a-consectetur', 8, 1, NULL, '2022-03-14 01:14:00', '2022-03-24 01:14:00'),
	(14, 2, 5, 'praesentium', 'Assumenda molestiae sunt dolores sint et sint.', 'pariatur od450', '662848453', '5730894737052', 'UPC', 'Quis fugiat voluptas velit quo. Cum sequi sed eaque perferendis tempora praesentium. Sit recusandae excepturi sed. Nam aut molestiae accusantium quis doloremque. Voluptas voluptas provident impedit soluta cumque. Rerum error qui aut dolorum. Et aut quia eos et sit. Laudantium ut ipsum corrupti ducimus sunt exercitationem et quam. Excepturi aspernatur animi et iure qui. Odio cupiditate sit neque ad culpa. Tempora dolores aut id sequi. Quae dignissimos at consequatur.<p><br/><iframe frameborder="0" src="//www.youtube.com/embed/TGbUpEJ1z-k" class="note-video-clip" style="width: 100%; height: 475px; float: none;"></iframe></p><br/>Dolorum et ut vel aliquid cum veniam consequatur. Fuga ut qui quod. Soluta voluptatibus qui aperiam eum quia consequatur est. Tempora at commodi ullam sunt repellat. Et id sint nulla et sint excepturi officia. Dicta sint omnis culpa repellendus.<img src="http://placeimg.com/640/360/any" style="width: 50%; float: right; margin: 20px 0 20px 20px;">Soluta recusandae qui autem ex eum aspernatur voluptatem voluptates. Expedita officiis et consequuntur aliquam aut ratione. A enim ut id veniam necessitatibus. Alias fugit quidem accusantium eveniet ullam suscipit. Nulla dolor dolor eos. Et delectus occaecati veniam provident est libero maiores temporibus. Pariatur nisi iure voluptatem sapiente sunt. Autem quia aspernatur modi non. Iusto nobis ratione quasi molestiae. Quo beatae ut harum tempora. Voluptas omnis ducimus asperiores cupiditate sunt. Architecto non adipisci alias possimus voluptatum saepe rem quia. Nemo eveniet sunt aut quia porro. Hic et eum fugit alias rem. Dolores qui natus cum quis voluptatem. Dolores quod quis temporibus non et. Ea sapiente vel non quas est asperiores quasi natus. Nisi enim vero deserunt molestias. Tenetur atque repellendus ea recusandae optio. Enim et unde tempora quod quas dolores maiores. Saepe praesentium minima qui vel totam. Hic corporis nostrum alias quo. Consequatur repellat qui reiciendis similique voluptas et enim. Nisi dolorem rerum ullam autem eaque. Laboriosam error vero id. Quos velit non iste hic quidem nihil amet.<p><br/><img src="https://loremflickr.com/640/360" style="width: 100%; float: none;"></p><br/>Dolorum sint est saepe totam. Rerum laboriosam laboriosam itaque officia aut. Est harum omnis ut est quas. Perspiciatis dolorem aliquid dolore vel minus quasi. Quia temporibus tenetur omnis ut et molestiae voluptas. Expedita beatae dolor ut mollitia deleniti laudantium sit. Praesentium vel nemo ad id soluta minus laudantium. Ut voluptatem rerum sit. Amet aspernatur placeat sequi. Officia quis debitis ipsa velit occaecati. Natus quis cumque hic quos eos amet.', 0.000000, NULL, 158, 0, 1, NULL, 'quia-molestias-fugit-molestiae-aliquid', 1, 1, NULL, '2022-03-22 01:14:00', '2022-03-21 01:14:00'),
	(15, NULL, 5, 'aut', 'Id cumque et esse.', 'et fz780', '424368', '4958282751720', 'JAN', 'Debitis quas ea aut veniam reiciendis deleniti debitis ratione. Expedita perferendis non et perferendis aut porro enim ipsa. Atque dolor adipisci cumque blanditiis temporibus placeat. Nam perferendis qui sit id ut impedit. Id aliquid laudantium eum distinctio. Id qui quas molestiae tempore quibusdam facilis est. Quibusdam sed quas et reprehenderit. Repellat fugiat exercitationem dolorem quas eum dolores. Est fuga earum sit voluptates quae dolor.<p><br/><iframe frameborder="0" src="//www.youtube.com/embed/AVpcxtH8hWg" class="note-video-clip" style="width: 100%; height: 475px; float: none;"></iframe></p><br/>Quae et assumenda sunt illum ut. Voluptas in in qui illo illo. Qui sunt nemo voluptatem amet. Quis temporibus qui possimus. Cupiditate unde sed dolores amet tempore et. Non repellendus eveniet autem dolorem aliquam ullam laborum. Earum molestias accusamus aut quia tenetur cum.<img src="https://loremflickr.com/640/360" style="width: 50%; float: right; margin: 20px 0 20px 20px;">Maxime maxime eaque id optio. Ratione corrupti quia voluptate totam cupiditate. Aliquam eius sed molestiae. Quia delectus molestias tempore eaque aliquam ut tenetur. Officia totam sit ipsa at. Distinctio in quo sit voluptas voluptatem sunt veritatis. Nesciunt illo illo est. Omnis sed sit asperiores vel beatae suscipit voluptatibus. Ipsa eos corrupti numquam consequatur necessitatibus. Dicta quae iste nulla esse est. Qui doloremque minus et totam reiciendis dignissimos aut ut. Voluptatem quos nisi consectetur. Accusantium exercitationem aliquam fuga delectus voluptates enim accusantium exercitationem. Ad aspernatur perspiciatis omnis nihil praesentium asperiores. Eaque odio voluptatem natus qui fugit iure. Doloremque explicabo sunt repellendus molestiae neque. Quo corporis vitae placeat architecto. Nisi nulla neque voluptas autem minima vero harum sed. Eaque et veritatis quos debitis doloremque quo. Aliquid alias sed cum eius nihil vero enim deleniti. Cum velit sapiente maiores qui. Aut natus consequatur aperiam facere aut dicta voluptas maiores. Sed sint nostrum ea qui.<p><br/><img src="http://placeimg.com/640/360/any" style="width: 100%; float: none;"></p><br/>Deleniti illum fugit iure laborum dignissimos qui. Id necessitatibus deleniti non accusantium. Corporis ut distinctio ipsam aut molestiae sint. Vero ducimus facere consequatur perferendis cupiditate. Est vero magnam et sequi a necessitatibus labore et. Quibusdam recusandae minima omnis ut repellendus. Quisquam nisi facilis accusamus eum at vel numquam. A vel cupiditate quisquam amet voluptatem eos.', 0.000000, NULL, 428, 1, 1, NULL, 'qui-laboriosam-et-totam-harum-perferendis-enim-sit-est', 3, 1, NULL, '2022-03-10 01:14:00', '2022-03-13 01:14:00'),
	(16, NULL, 14, 'molestiae', 'Aut molestias suscipit ipsa quis illum ullam.', 'suscipit nv446', '1352659', '5014515475784', 'ISBN', 'Voluptatem qui perferendis aperiam dicta iure. Voluptas consectetur soluta excepturi non aut dolore. Dolor blanditiis sint perferendis dolores architecto rem. Sed voluptatem corrupti qui consequatur autem. Distinctio velit et harum. Tempora incidunt soluta iste ullam ratione. Necessitatibus itaque quia harum optio. Doloremque praesentium minus magnam dolor minus similique. Tempore et numquam ex beatae. Aspernatur non autem dolore placeat sed. Aut omnis eum suscipit omnis quasi nam et. Repellendus itaque quia quia architecto.<p><br/><iframe frameborder="0" src="//www.youtube.com/embed/MLpWrANjFbI" class="note-video-clip" style="width: 100%; height: 475px; float: none;"></iframe></p><br/>Exercitationem inventore voluptatem suscipit doloremque pariatur. Rerum repudiandae repellendus et nemo sed sit. Omnis exercitationem a aut dolor laudantium ipsam molestiae. Repudiandae ullam veritatis sunt laudantium eos sed.<img src="https://loremflickr.com/640/360" style="width: 50%; float: right; margin: 20px 0 20px 20px;">Tempora est laudantium rem rerum. Explicabo mollitia ut laboriosam eligendi. Sed quia omnis voluptatum inventore consequatur eveniet et odit. Qui et dolor natus tenetur repellendus sequi enim. Quod amet quasi quos recusandae voluptas dolores excepturi. Rerum aut voluptatem dolorem laborum maiores quos. Qui ut eos quod cumque corrupti aut distinctio distinctio. Quia dolorem exercitationem minus beatae. Iusto perferendis suscipit debitis voluptas dolorem cumque aliquid odit. Nisi rerum sequi quasi error et tempore. Aperiam facilis culpa optio vero vel sed. Sit et quia et officia sint nam. Sit aperiam commodi laborum natus qui sint. Nisi aut culpa ea ut. Quam dignissimos ea sunt. Aliquid porro ea repellat. Vitae sint quae fuga impedit nisi. Soluta neque earum maiores labore. Ipsam quaerat ut eum optio qui similique debitis. Et enim quae itaque. Vitae neque est cupiditate et soluta. Distinctio aut eligendi omnis quidem id corporis hic. Rerum suscipit delectus veritatis facilis ea. Rem sint quam sit. Quia assumenda nobis quia deleniti. Enim voluptatem eaque sequi.<p><br/><img src="http://placeimg.com/640/360/any" style="width: 100%; float: none;"></p><br/>Magni quis quam consectetur assumenda qui quia pariatur. Enim ab neque officiis quam itaque aut eum possimus. Molestiae fugiat velit voluptatem rerum aliquam quia minus. Omnis autem quo illum et neque vitae. Quia eligendi quis quos dolorem vel velit. Voluptas veniam ut quo cupiditate cum dolore minima. Distinctio reprehenderit aut et quasi non error nisi. Iste nulla totam ipsa velit. Aperiam voluptatem repellat reprehenderit. Delectus aspernatur nisi quaerat sint.', 0.000000, NULL, 882, 0, 1, NULL, 'eligendi-modi-consequatur-deserunt', 2, 1, NULL, '2022-03-15 01:14:00', '2022-03-22 01:14:00'),
	(17, 1, 16, 'ea', 'Tempore repellendus vel id voluptas.', 'odio za210', '6614227', '5958419082689', 'JAN', 'Aut omnis qui dolorem quis. Qui earum temporibus illum nobis numquam. Officia perferendis sit ad totam nostrum et et. Perspiciatis repellendus minus pariatur in voluptas placeat at. Aut eum ad repellendus nihil ea. Quia voluptate dolore et dignissimos. Non nisi nesciunt sit architecto nulla rem unde. Quasi consequatur at aut rerum. Qui necessitatibus earum nulla quia. Voluptas et assumenda qui officiis libero ut. Quidem libero vitae facere odit.<p><br/><iframe frameborder="0" src="//www.youtube.com/embed/SKbHHcdLGKw" class="note-video-clip" style="width: 100%; height: 475px; float: none;"></iframe></p><br/>Sunt iure consequatur maxime quisquam repudiandae facilis aut. Nesciunt voluptates beatae culpa a nemo illum necessitatibus. Provident ut porro aperiam. Sit perspiciatis perspiciatis occaecati occaecati velit vel assumenda. Est cumque illum saepe in quod non sequi. Ex molestias incidunt vitae eum. Veniam modi modi possimus recusandae. Aperiam aut ut nostrum est omnis est aut.<img src="https://picsum.photos/640/360.webp" style="width: 50%; float: right; margin: 20px 0 20px 20px;">Quod porro quis quis repellat facilis. Voluptatem qui et atque est. Sit incidunt fugit totam dolorem optio amet explicabo laborum. Et est veniam eum alias cumque. Tempore voluptas aut nihil rerum. Enim eos repellendus inventore nisi voluptas. Perferendis in soluta qui temporibus. Omnis adipisci et voluptate illum sit et qui. Impedit quam laudantium voluptatem minima minima. Maxime omnis asperiores vel quis occaecati mollitia quidem. Consequatur et et magni. Beatae hic distinctio nam ullam reiciendis. Corporis ut et voluptatem ut consectetur nesciunt corrupti. Ab amet quo alias vero perspiciatis. Eos dolore et quis consequatur. Et explicabo ut suscipit et repellendus. Et repellat omnis optio eius omnis optio et. Dolores ab omnis consequatur ipsum quis distinctio. Porro corrupti ut sunt dolor qui. Ratione aspernatur molestiae vero officia rem nostrum. Est saepe molestias exercitationem aperiam amet sint explicabo. Qui occaecati explicabo debitis velit beatae et deleniti. Vero veritatis dolores et omnis qui quisquam. Nobis voluptatum laborum quaerat. Inventore et rerum molestiae incidunt ea corrupti magnam. Veniam et molestiae velit nam.<p><br/><img src="https://loremflickr.com/640/360" style="width: 100%; float: none;"></p><br/>Voluptas fugiat voluptas minima et sed officia aliquid. Vero sequi minima dolorum exercitationem eius consectetur qui et. Impedit magni inventore magni. Saepe suscipit natus nemo modi unde aut est veniam. Et assumenda cupiditate possimus voluptatem. Vitae repellendus asperiores nisi vel sit. Dolores veniam et accusantium maiores voluptatem enim quam. Maiores iste quibusdam est expedita itaque nihil nam tempore. Modi quia sit qui. Inventore eaque vitae corrupti consequatur voluptas.', 0.000000, NULL, 166, 0, 1, NULL, 'dolor-explicabo-quos-impedit-recusandae-sit-reiciendis-quod', 1, 1, NULL, '2022-03-17 01:14:00', '2022-03-12 01:14:00'),
	(18, NULL, 11, 'molestias', 'Voluptatem sit autem voluptas ut omnis.', 'corrupti qp982', '86', '9578848440131', 'JAN', 'Nam sit qui voluptas tempora vitae consequuntur error. Voluptatum fugit suscipit expedita velit facere. At eum pariatur nihil voluptatibus cupiditate in beatae omnis. Iste odit qui sequi et velit officiis voluptates animi. Architecto tenetur dolorum minima ipsa inventore quisquam. Quidem temporibus fugit qui qui soluta quam sint rerum. Enim non nulla nesciunt et porro. Repellat quibusdam qui magni consequuntur aut quae. Quo quam sequi asperiores.<p><br/><iframe frameborder="0" src="//www.youtube.com/embed/tJlzIJaokVY" class="note-video-clip" style="width: 100%; height: 475px; float: none;"></iframe></p><br/>Quia dolorem beatae quisquam qui molestiae atque fugit. Quo impedit tempore aut odit nostrum. Labore dicta ex doloribus aut qui quia similique. Consequatur consequatur non placeat ullam ipsum officia. Itaque quidem non aliquid. Accusamus natus doloremque iste mollitia delectus. Et commodi earum odio earum dignissimos accusamus.<img src="https://loremflickr.com/640/360" style="width: 50%; float: right; margin: 20px 0 20px 20px;">Voluptatibus voluptate in corporis quis sit rerum qui. Impedit quo praesentium minus corrupti veritatis porro beatae. Accusantium sed in mollitia omnis exercitationem. Consectetur enim architecto exercitationem possimus consequuntur qui tenetur. Iusto soluta voluptate dicta harum culpa libero aliquid unde. Distinctio et repellat corrupti et ut. Cum minus voluptas ipsum at. Consequatur tempore numquam ipsam nihil quisquam a. Doloremque non corporis porro dicta debitis et. Quod labore quo et eos id. Nemo veniam nisi doloribus perferendis ut sequi velit. Animi inventore dolores placeat sunt distinctio. Autem iusto quos molestias expedita harum culpa vitae ut. Nobis reprehenderit sequi sed accusamus illo qui consequuntur sed. Adipisci a voluptatum vel et voluptatem autem. Est quasi ex aut animi non consequatur a. Excepturi eos est eaque error molestiae. Tenetur ullam et nesciunt natus in. Voluptate quidem alias ea sit vero possimus. Necessitatibus cumque odio odit non. Ut voluptatem mollitia velit dignissimos velit. Ipsum exercitationem facilis aut culpa id. Et consectetur mollitia dignissimos et omnis eius. Eum et nostrum veniam atque. Et expedita est perspiciatis.<p><br/><img src="https://loremflickr.com/640/360" style="width: 100%; float: none;"></p><br/>Maiores mollitia aut magnam ut corrupti. Ut perferendis error enim non aliquid. Molestias voluptas omnis et cumque voluptatem. Qui et est voluptates voluptatibus. Doloremque quisquam mollitia placeat officia quibusdam beatae ut. Ea est est enim qui non. Beatae velit aut ipsam aut reiciendis optio amet. Sed illo ducimus voluptatem. Minima ut commodi autem modi quam. Impedit laudantium tempora necessitatibus aut aut et suscipit repellat. Quis cum hic eum hic. Inventore debitis magni ea sint. Asperiores distinctio et aperiam suscipit adipisci similique.', 0.000000, NULL, 232, 0, 1, NULL, 'nihil-explicabo-corrupti-quia-magnam-minus-saepe-voluptatem', 6, 1, NULL, '2022-03-11 01:14:00', '2022-03-12 01:14:00'),
	(19, 2, 6, 'dolor', 'Nemo eveniet ipsam distinctio non illo et aut.', 'odit hl692', '5482879', '6272454788528', 'JAN', 'Velit amet non placeat est sunt. Aut quisquam ullam error ullam. Rerum natus nesciunt quibusdam tenetur tempore et maxime. Consequatur repellendus soluta velit commodi. Corporis soluta perferendis id ut tenetur exercitationem. Voluptates libero quod quas quibusdam. Est voluptas provident quis. Repellat sequi explicabo qui. Molestiae dolorem similique mollitia nisi velit non. Delectus qui aut eveniet sint voluptatem doloremque. Laboriosam maiores molestiae sed adipisci consequatur aspernatur recusandae.<p><br/><iframe frameborder="0" src="//www.youtube.com/embed/mATMpaPBBFI" class="note-video-clip" style="width: 100%; height: 475px; float: none;"></iframe></p><br/>Ut voluptatem laudantium placeat similique tempore. Ut ut rerum similique voluptatem quos ipsum. Harum eveniet autem velit atque tempore. Dolores voluptatem consequatur ut reprehenderit omnis itaque aliquid. Voluptatibus minus delectus qui in voluptatum laborum. Saepe aut molestiae maiores ut. Vero rem assumenda ea neque.<img src="http://placeimg.com/640/360/any" style="width: 50%; float: right; margin: 20px 0 20px 20px;">In sint consectetur voluptas molestiae iste sequi omnis molestiae. In odit magnam architecto officiis velit. Mollitia doloribus dignissimos placeat tenetur. Ut deserunt quod consequuntur porro dolores. Inventore saepe quia omnis quaerat. Fuga cupiditate quos fuga nemo. Deserunt nihil eum corrupti exercitationem ut consequatur. A facilis animi eum. Modi pariatur non aut non aut quibusdam. Explicabo repellendus vel tempora cumque. Eos deleniti dolores aut provident atque sit dolores. Qui accusamus qui quo soluta temporibus dolor assumenda et. Qui modi voluptates ducimus earum est. Aut ex dolor debitis et. Dolorem consequatur sed distinctio eum. Iste accusamus atque molestiae beatae assumenda. Error est qui facere earum tempora voluptatibus. Voluptates et labore autem quaerat aut quisquam quasi. Perferendis quae harum illum impedit possimus fuga sit. Eum possimus quaerat fugit cumque pariatur maxime consequatur et. Eaque minima asperiores et iusto maiores expedita. Non sint modi dicta. Cumque tempora id aspernatur dolores. Et veniam est provident qui labore quidem. Id eum perferendis praesentium iste quam. Nihil eos sit ipsam tempora perferendis ratione. Voluptate et minus et sequi.<p><br/><img src="http://placeimg.com/640/360/any" style="width: 100%; float: none;"></p><br/>Itaque itaque sed dolor dolorem. Tempore fugiat voluptas eveniet quis. Dolor nemo vero et placeat fugiat. Quia quia molestias debitis delectus sed inventore. Soluta quis possimus nam fugit. Saepe perferendis doloremque repellat in eum voluptates. Facilis saepe neque et voluptatum nemo quo. Repellendus veritatis error animi unde maxime in rerum. Corrupti neque vel vel mollitia et quis ipsam et. Recusandae magnam rerum voluptatem ut expedita aut. Voluptatem ut at blanditiis praesentium quaerat illo itaque.', 0.000000, NULL, 516, 0, 1, NULL, 'et-in-tenetur-perspiciatis', 2, 1, NULL, '2022-03-19 01:14:00', '2022-03-23 01:14:00'),
	(20, 4, 13, 'pariatur', 'Eveniet qui odio ducimus ut dolorem.', 'ut up831', '89', '0327104920912', 'ITF', 'Unde vero et voluptates ad fuga totam dicta. Explicabo enim explicabo ut provident. Ut laudantium in qui ut. Praesentium quisquam quas necessitatibus labore suscipit laboriosam laboriosam. Quo officiis magni placeat aliquid harum sit laboriosam. Voluptas fugiat alias ipsa recusandae ut hic. Quidem aliquam et sit ratione saepe deleniti. Modi dolor voluptatem dolores repudiandae ut architecto. Qui a eos voluptatum dignissimos sit occaecati consectetur. Voluptatem voluptatem amet quia at est nihil. Delectus et quae ut aut.<p><br/><iframe frameborder="0" src="//www.youtube.com/embed/AVpcxtH8hWg" class="note-video-clip" style="width: 100%; height: 475px; float: none;"></iframe></p><br/>Quaerat placeat minus voluptates qui. Aut sunt repellendus quae. Repudiandae beatae voluptate omnis sint sed quam. Molestias soluta aut amet et harum et ut et. Ab dolores sunt distinctio consequatur sit voluptas esse. Nihil aut facere qui reiciendis laborum iure. Veniam sunt qui ab maxime numquam quis. Voluptas dolor sint soluta iste qui. Sunt vero provident quae consequatur ut consectetur in.<img src="http://placeimg.com/640/360/any" style="width: 50%; float: right; margin: 20px 0 20px 20px;">Soluta fugit et provident itaque. Ipsam facere repudiandae exercitationem nemo illum eius totam. Vero ex velit odit qui velit sit aut. Sunt accusantium illo fugit rem qui dolores. Inventore vel quasi consectetur ut eaque ut. Quis et consequatur repellat cupiditate. Vitae hic dolores aut amet et quia sint. Labore perspiciatis hic dignissimos necessitatibus sapiente quam. Natus molestias possimus ea possimus. Cum ratione quia et fuga dolor neque tenetur. Cupiditate repellat animi eius. Numquam ad voluptas quaerat voluptas magni rem in. Eaque et id culpa. Dolor sed voluptate quos ea animi amet. Aspernatur rerum illum temporibus. Dolorem architecto non dolore deserunt ut pariatur. Molestias aut error veritatis praesentium rerum incidunt. Aut adipisci architecto natus omnis asperiores error id. Mollitia provident sequi sapiente. Mollitia quasi dolor ipsa ut eveniet. Aut aliquam nihil velit aut eum aut. Ut eos repellat modi molestiae. Id non laborum qui ut rerum. Illo omnis dolorum tenetur tempore assumenda corporis. Qui est sint similique quia vitae. Perferendis eum iusto itaque nulla voluptates esse vero nihil. Sed minima ad maiores cupiditate.<p><br/><img src="http://placeimg.com/640/360/any" style="width: 100%; float: none;"></p><br/>Aperiam tempore et officia quaerat illum voluptas. Velit adipisci qui amet quae. Voluptatum qui voluptatem officia repellendus quia. Vitae quo eius voluptas sunt dolorem impedit necessitatibus. Ex vero consequuntur officiis earum. Ex reiciendis quidem quod impedit aliquam. Officiis odit esse voluptas reiciendis eveniet quia blanditiis. Hic qui et incidunt explicabo. Neque vero tenetur nobis voluptate. Ipsam rerum veritatis architecto. Et autem voluptates saepe est sequi aut quis. Sit autem animi ex sequi.', 0.000000, NULL, 608, 0, 1, NULL, 'explicabo-sed-laborum-esse-veritatis-recusandae-quasi-sed-ea', 7, 1, NULL, '2022-03-20 01:14:00', '2022-03-17 01:14:00'),
	(21, NULL, 5, 'nulla', 'Aut libero fugiat natus quaerat et.', 'voluptatem vw823', '46906', '2024680831455', 'ISBN', 'Repudiandae ad impedit necessitatibus omnis autem ab. Sit consequatur consequuntur dolorum praesentium quibusdam. Vel quia nihil rerum facilis quo qui. Id doloremque et dolor maxime id. Reiciendis eos ex quo eveniet non. Facere quasi ad enim non. Minima quo dolorem qui ducimus vel. Quisquam totam et corporis maiores aspernatur blanditiis eum. Itaque quaerat qui minima a dolorum qui. Assumenda voluptas ratione consequatur. Ex vero est quasi dolorem eius beatae.<p><br/><iframe frameborder="0" src="//www.youtube.com/embed/n7EmdNsKIhk" class="note-video-clip" style="width: 100%; height: 475px; float: none;"></iframe></p><br/>Ex exercitationem soluta animi explicabo similique laudantium numquam. Sequi sunt ex quia doloribus accusamus sunt fugiat. Et et unde inventore amet est accusantium est distinctio. Accusamus corporis accusamus molestias tempora voluptatem. Tempore voluptas dolorem dolore nisi tempora consequatur quia. Ad quis quae eius quos esse. Numquam facilis corporis consectetur aut sed neque sit.<img src="https://loremflickr.com/640/360" style="width: 50%; float: right; margin: 20px 0 20px 20px;">Id ut eos provident consequatur inventore autem. Eum minus sapiente in illo. Libero et nihil qui aperiam dolores illo autem. In ab maxime ducimus. Reprehenderit error quas illum quia. Consequatur vero ab sint vel laborum ut. Ipsa dicta atque id cumque dolore suscipit. Quasi et vel pariatur in. Eaque voluptatem sed cum et sunt nesciunt. Quae nostrum fugit velit quo. Dolore veritatis dicta exercitationem cum consequatur odio ex. Ut temporibus fuga sed voluptatum facilis. Quo rerum minima amet corporis. Dolores saepe non officiis omnis facere sit. Laboriosam nam et adipisci quis ipsa consequatur amet. Rerum velit perferendis voluptates dolore aut perferendis. Quia ut velit quisquam laborum facilis. Nesciunt saepe eligendi tenetur praesentium repellendus cupiditate. Cumque voluptatem vel sed error aut. Voluptatem enim sed voluptas quas cumque enim quia. Corporis atque quia qui molestias qui optio harum. Iusto doloremque laudantium qui aut. Ipsum velit qui omnis inventore ut. Provident eaque explicabo dolor consequatur quod at est. Incidunt culpa ullam dicta vitae. Natus eveniet culpa at in repellendus qui. Nemo dolores quasi est et dolorum.<p><br/><img src="http://placeimg.com/640/360/any" style="width: 100%; float: none;"></p><br/>Aliquid omnis illo laudantium et ea. Sed quos nesciunt qui id expedita harum quae. Dolore ut consectetur accusantium consequuntur maxime ea ab. Optio praesentium ut corrupti hic aut velit. Et sint amet ut voluptatem aliquam tenetur magnam. Rem assumenda quas eaque reprehenderit est similique. Non pariatur ex sed reiciendis. Possimus harum fugit consequatur aperiam corrupti sit voluptatem. Et sit sit est quos earum nihil quisquam. Sint eligendi qui consequuntur vel voluptatem nesciunt omnis eum. Excepturi error illo sit deleniti.', 0.000000, NULL, 454, 1, 1, NULL, 'cumque-assumenda-deleniti-laborum-ut-deserunt-nam', 0, 1, NULL, '2022-03-13 01:14:00', '2022-03-18 01:14:00'),
	(22, NULL, 3, 'quae', 'Et laudantium omnis dolor ratione perferendis.', 'ducimus gt078', '86608', '1453852681870', 'UPC', 'Laboriosam pariatur quo ullam voluptatem ea. Aut debitis sunt quidem eum ea. Alias placeat amet doloremque ut commodi. In facere blanditiis sed animi. Iusto et quidem labore rerum esse. Assumenda sunt sed et architecto. Consectetur provident sunt nesciunt harum. Et eius ut nihil. Nihil et dolor ex qui est non. Deserunt impedit incidunt maiores rerum. Et dolore ut saepe quibusdam. Aspernatur quo reiciendis nihil velit quo maiores culpa. Dolor qui quidem qui sint iure illo. Odio iure maiores et facere voluptatem occaecati.<p><br/><iframe frameborder="0" src="//www.youtube.com/embed/AVpcxtH8hWg" class="note-video-clip" style="width: 100%; height: 475px; float: none;"></iframe></p><br/>Maxime porro sed at vitae itaque. Autem rem consequatur labore enim voluptatum quisquam error. Tempora qui ea cum sit veritatis earum. Unde necessitatibus suscipit amet voluptates omnis expedita molestiae. Laborum quaerat non voluptatum quasi consequatur. Alias ratione eveniet dolor labore est totam. Quasi ut consectetur et aut accusantium cumque aperiam.<img src="https://loremflickr.com/640/360" style="width: 50%; float: right; margin: 20px 0 20px 20px;">Molestiae quidem iste non vero pariatur dicta quos. Sit illo earum maxime ratione quasi et nobis eveniet. Quia autem pariatur tempore qui autem. Praesentium ratione officiis et vitae id facilis aut. Ut est cum et est porro ratione fuga illum. Cupiditate excepturi fuga distinctio. Voluptatum eum ad illum molestias architecto eos enim velit. In occaecati ab aut. Libero assumenda hic illo modi. Quis aliquid sit commodi quis velit voluptate fugit itaque. Ipsa velit eaque rerum eaque reprehenderit. Et facilis repellendus laborum. Velit doloremque quaerat perspiciatis. Illo atque voluptatem aspernatur aliquam. Tempore quia laborum sunt in. Praesentium corrupti expedita amet molestiae dolor enim. Impedit odit ullam ratione qui doloribus repellat qui. Repellendus officia veritatis voluptatibus quos aut consequatur. Aut sint voluptatem cupiditate deleniti distinctio quia itaque. Consequatur similique non quasi quae soluta. Ea reiciendis aliquam nihil similique. Dolor omnis accusantium officiis et. Velit sit cumque labore.<p><br/><img src="http://placeimg.com/640/360/any" style="width: 100%; float: none;"></p><br/>Nobis repudiandae accusamus occaecati quod deleniti qui. Vitae magnam minus dolorem doloremque eos sequi. Qui aperiam consequatur qui ea et. Quod quaerat accusamus et itaque voluptate. Porro commodi magni eos. Aspernatur iusto ut vel error. Quos atque cum id sed. Dolorem est sapiente sunt nostrum. Reprehenderit est aperiam tempore odit. Odit sit molestias magni et quia sunt. Laborum eligendi officia consequatur aut. Qui et pariatur nihil ipsa velit quidem. Ullam ipsa est iusto dolorum quia fugit. Praesentium enim dolorem inventore deserunt quia expedita.', 0.000000, NULL, 776, 0, 1, NULL, 'qui-error-facilis-et-nihil-dolores', 2, 1, NULL, '2022-03-22 01:14:00', '2022-03-15 01:14:00'),
	(23, NULL, 13, 'magnam', 'Itaque quis dolores quis numquam et et.', 'quaerat nl029', '66667897', '9175182803259', 'JAN', 'Accusantium ducimus velit voluptatibus eum sit maiores. Quidem eum officiis corporis est odit. Eos et aperiam est eius. Sunt repellat eos aut esse voluptatem. Hic ut suscipit incidunt ipsam consequatur dolor. Accusantium modi non eius et sed. Aliquid assumenda saepe veniam fugiat repellendus rerum quam adipisci. Est voluptatem delectus sunt quidem hic et. Est et autem quo aperiam. Tempore et aut voluptate dolor quae ea. Amet non libero sunt vero unde illum. Dolorem molestiae magnam voluptates quod est nostrum. Est officiis ducimus sed aut.<p><br/><iframe frameborder="0" src="//www.youtube.com/embed/TGbUpEJ1z-k" class="note-video-clip" style="width: 100%; height: 475px; float: none;"></iframe></p><br/>Sequi cupiditate maiores dolorum nam. Et expedita et magni delectus provident praesentium corporis. Veritatis ratione culpa eos optio odio dicta. Dolor voluptatibus nulla minus dolore necessitatibus est. In quia laboriosam qui eius. Reprehenderit aperiam enim vitae dolor voluptatem. Dolores nesciunt aut tempore ab. Quia qui dolores veritatis dolor fugiat. Laboriosam qui qui aut eos eius aut.<img src="https://loremflickr.com/640/360" style="width: 50%; float: right; margin: 20px 0 20px 20px;">Cumque adipisci nulla voluptas itaque et suscipit. Neque et molestias ut dolorem. Et temporibus repellat rerum est ad maiores iure molestiae. Sequi maiores in sint reprehenderit. Molestiae exercitationem deleniti et veritatis unde. Id unde dolorem exercitationem soluta maxime. Impedit perferendis cumque non dignissimos. Voluptas et sit molestias autem velit voluptas hic. Rerum est quae suscipit sapiente aut. Eos nam et voluptatem et. Velit expedita est quas fugiat est. Officia non doloribus error fuga doloremque et est. Sit et dolor facilis at. Omnis atque culpa officia voluptas nam molestiae quaerat. Voluptates id omnis vero similique. Non nam id hic architecto voluptate. Quia porro porro libero. Exercitationem et sint temporibus. Debitis qui voluptatem eos quibusdam a nostrum. Et quos est provident ea. Voluptas enim nesciunt culpa. Tempore dolorum dolores repellat repellat laborum. Quas ratione ut eos. Animi impedit corrupti quia rerum non id. Qui earum ut quasi aut ut est et. Tempore rerum in ut quas. Dolorum ullam ipsa sit dolor ut recusandae.<p><br/><img src="https://loremflickr.com/640/360" style="width: 100%; float: none;"></p><br/>Necessitatibus tenetur mollitia et dolorum asperiores. Ad suscipit repellendus eum. Vitae dolorem quis ipsum sunt esse repellendus minima harum. Nihil vel et aut unde. Animi ut similique praesentium consequatur sequi dignissimos quia. Qui natus voluptates repellat veniam accusantium autem ipsum veniam. Vero dolorem rerum consequatur aut inventore. Qui quasi atque earum hic et quam. Occaecati dolorem porro eveniet. Aliquam possimus nostrum alias quia soluta et animi. Doloremque sit eius dignissimos dolorem commodi laborum.', 0.000000, NULL, 332, 0, 1, NULL, 'quia-ut-consequatur-soluta-veritatis-ea-corporis-sed', 8, 1, NULL, '2022-03-18 01:14:00', '2022-03-17 01:14:00'),
	(24, 3, 3, 'mollitia', 'Et numquam accusantium esse impedit sit laudantium assumenda expedita.', 'amet sz864', '8', '0478071371310', 'UPC', 'Minus dolorem expedita iste eum occaecati. Tempora porro et inventore blanditiis tenetur voluptas. Laudantium fugit dolores aspernatur consequatur. Voluptatem voluptates ratione ratione. Ea est dolorum ab laboriosam. Adipisci in alias non deleniti. Voluptatibus ducimus placeat eligendi necessitatibus id aut natus. Suscipit consectetur nihil et quia. Et sequi voluptatibus minus. Et vitae asperiores eum.<p><br/><iframe frameborder="0" src="//www.youtube.com/embed/TGbUpEJ1z-k" class="note-video-clip" style="width: 100%; height: 475px; float: none;"></iframe></p><br/>Odit fugit sed error. Nulla consequatur rerum et consequatur asperiores nulla. Autem quo quia optio. Adipisci rerum deserunt non inventore harum et. Nesciunt eum molestias voluptatem suscipit qui. Et dicta sequi quam quia praesentium. Expedita quidem repellat aut impedit. Praesentium vel nihil sed corrupti rerum. Eaque placeat eius sed omnis consectetur voluptatem. Impedit et ut optio veniam id.<img src="https://loremflickr.com/640/360" style="width: 50%; float: right; margin: 20px 0 20px 20px;">Eum sed ea excepturi voluptas eveniet. Eaque placeat dignissimos provident et assumenda facilis sit. Velit est ut id perferendis. Qui suscipit maiores eum ex. Qui eligendi voluptas dolores odio laudantium exercitationem. Et quia dolores a cum placeat tempore sapiente corrupti. Accusamus culpa dolore autem quis dolorum ducimus. Tempore sed cupiditate et nemo aut expedita fuga ducimus. In consequatur et consequuntur deserunt. Omnis possimus quos sit dolorum. Nam deserunt aut sed aliquid nihil esse sequi. Aut ipsa dolores officia sit et consequuntur. Quis facilis eum et tempore. Quia tempora porro omnis nulla iure. Ut fuga maiores quidem minima suscipit. Quo iusto necessitatibus libero occaecati voluptatem aspernatur magnam. Nisi enim vel dolor autem ratione omnis qui et. Optio dolorum dolorum maiores quis laboriosam et. Saepe iste quam libero tempora fuga. Voluptatem eveniet saepe beatae sequi. Perferendis veniam eum ut eligendi quia et. Consequatur rem temporibus quia earum minus velit. Et assumenda commodi consequuntur voluptas impedit voluptas placeat.<p><br/><img src="https://picsum.photos/640/360.webp" style="width: 100%; float: none;"></p><br/>Et facilis rerum eum quia ducimus corrupti. Ullam sit voluptatem voluptatum sed. Suscipit inventore illum expedita delectus. Recusandae explicabo libero aliquam omnis. Quae omnis voluptatibus tempora. Possimus iure error quod cupiditate numquam debitis necessitatibus velit. Voluptas sed sunt distinctio. Asperiores quo reprehenderit qui asperiores architecto est. Possimus dicta enim doloremque officiis laborum temporibus. A harum numquam aut qui. Voluptatem blanditiis necessitatibus veritatis molestiae excepturi. Voluptates est id error officia. Aut harum ratione quam et. Et qui esse porro.', 0.000000, NULL, 86, 0, 1, NULL, 'excepturi-distinctio-molestiae-veritatis-qui', 5, 1, NULL, '2022-03-11 01:14:00', '2022-03-16 01:14:00'),
	(25, 3, 14, 'unde', 'Rerum voluptates qui et doloremque sapiente nihil.', 'libero kk570', '331948063', '2349649563216', 'ISBN', 'Ut libero a quos occaecati porro aut. Id quia ut saepe iusto et incidunt qui molestias. Porro animi fugit corrupti accusantium error eum. Iusto odit vitae doloremque voluptatem provident consectetur doloribus. Culpa numquam in dolorum. Eos enim tempora quia eligendi esse sed sunt. Error soluta vel velit aut perspiciatis. Harum tempore fugiat sunt similique excepturi fugit. Hic voluptatem modi sunt omnis nihil. Dolores iste temporibus suscipit porro similique. Perspiciatis est qui ut totam est. Reprehenderit qui quo aperiam fugiat fuga.<p><br/><iframe frameborder="0" src="//www.youtube.com/embed/SKbHHcdLGKw" class="note-video-clip" style="width: 100%; height: 475px; float: none;"></iframe></p><br/>Sit ipsam illo non qui. Est repudiandae dolores animi corporis blanditiis voluptas quibusdam. Sed unde id aut. Officia blanditiis fugiat aut unde. Maxime esse dolore vel quis earum. Atque perferendis alias aperiam. Alias quia quia laborum possimus sequi doloremque tempora. Quibusdam laudantium ipsam voluptate labore et. Nulla placeat similique sit molestiae eum aut magni sed.<img src="http://placeimg.com/640/360/any" style="width: 50%; float: right; margin: 20px 0 20px 20px;">Eveniet totam beatae unde iusto. Tenetur reiciendis corrupti sed ducimus minus nam. Sapiente hic excepturi qui consequatur aut. Molestiae et inventore suscipit quam quia. Voluptatem accusantium quia minus dolore aut cumque ut. Ullam blanditiis ipsa sequi asperiores. Ut facere nesciunt aut provident repudiandae et nisi. Accusantium voluptatum et iure sint. Inventore quidem maxime sunt consequuntur et. Quidem cum dolores magni qui sapiente est nihil. Sequi iure omnis labore vero cum iure. Autem aliquid error labore modi. Quis magnam perspiciatis officiis id quia illum. Autem voluptatem aut maxime incidunt. Fuga nulla fugiat est optio. Ut error id ducimus autem sed. Alias molestiae tempore sed animi animi. Quia et repudiandae eaque et nisi quam. Ipsum tempore sed labore unde. Aut voluptatem sequi hic sunt. A sint voluptatem veniam nulla rem recusandae in. Sunt quam et vero reiciendis illum. Consequuntur numquam illo et dicta expedita facere. Commodi impedit quo aperiam quia. Voluptates officia quas ducimus accusantium fugit. Dolorem pariatur maiores rem alias. Exercitationem qui cupiditate ipsa.<p><br/><img src="https://loremflickr.com/640/360" style="width: 100%; float: none;"></p><br/>Facilis et velit sed iusto. Non labore velit ut. Assumenda consequatur quia eligendi ut unde qui. Eius dolores dolore dolore voluptatem. Et quae deleniti quae explicabo est iusto corrupti occaecati. Mollitia in recusandae sapiente ab. Porro culpa vitae sapiente. Rerum et autem laboriosam quia totam. Omnis iste dignissimos eum occaecati deleniti. Dolorem cupiditate doloribus debitis minima. Temporibus nam eos non sint quo illum. Nam nesciunt vitae aut. Eos earum voluptas voluptatibus est ut aut. Occaecati consectetur doloribus quae veniam.', 0.000000, NULL, 214, 0, 1, NULL, 'odit-quos-itaque-iste-rem-consequatur-qui-beatae-voluptatem', 9, 1, NULL, '2022-03-23 01:14:00', '2022-03-14 01:14:00'),
	(26, 5, 16, 'non', 'Architecto nihil quia suscipit explicabo.', 'accusamus dk615', '88857', '2660146597956', 'EAN', 'Iusto ut dicta quis doloribus voluptates. Quod quos veritatis necessitatibus est. Saepe voluptate nesciunt aliquam voluptatem modi consectetur cupiditate. Et quisquam inventore rem culpa adipisci. Id quia veritatis deserunt dolorum nulla. Est consequatur nobis deserunt nobis eaque veritatis. Quisquam facilis sed voluptates mollitia. Fugit labore soluta animi placeat ex sed. Optio omnis id maxime qui delectus beatae deserunt. Natus sequi aut officia omnis atque perferendis.<p><br/><iframe frameborder="0" src="//www.youtube.com/embed/n7EmdNsKIhk" class="note-video-clip" style="width: 100%; height: 475px; float: none;"></iframe></p><br/>Id cum voluptatem doloremque dolorem aut qui qui. Architecto nisi vel alias iste dolores sed saepe. Nesciunt ea et aut hic nemo aperiam. Harum ratione tempora voluptatem sed est. Impedit repudiandae perspiciatis quidem sed. Ea vero odio deserunt architecto sequi sequi voluptatum eveniet. Quis alias facere dolores provident praesentium atque illo.<img src="https://loremflickr.com/640/360" style="width: 50%; float: right; margin: 20px 0 20px 20px;">Sit qui aut molestiae enim. Pariatur aut deserunt delectus aspernatur. Non eos ut veniam pariatur. Ipsum quia veritatis voluptatem ullam consequatur quod sequi sit. Natus ab voluptas dolorem deserunt culpa. Commodi dolores quasi vel repudiandae id ut occaecati. Omnis et qui eaque ipsum tenetur officiis. Suscipit laudantium non temporibus repudiandae ab nihil. Animi necessitatibus voluptatem harum consequatur. Suscipit amet est temporibus illo nisi. Est ab eius numquam. Aut possimus nostrum sint voluptas exercitationem velit veniam. Similique eos dolores sed explicabo voluptatem quae tempora explicabo. Quae eveniet eveniet repudiandae porro perferendis eum dolorum. Totam quaerat aperiam laborum mollitia dolorem nemo. Mollitia blanditiis omnis culpa et. Cupiditate nisi magni sequi quia deserunt accusantium deleniti. Cum cupiditate possimus qui consequatur vero. Unde modi modi porro doloribus ea. Dolor magni cupiditate saepe vero et natus dignissimos. Dolores est maiores eligendi sed. Tempore necessitatibus aperiam odio rerum aut. Alias voluptatem nesciunt voluptatem sint quibusdam. Odit et quod perferendis dolorem.<p><br/><img src="http://placeimg.com/640/360/any" style="width: 100%; float: none;"></p><br/>Quo harum necessitatibus qui et deserunt quo. Numquam ratione velit nulla assumenda consequatur earum dicta. Voluptatum sint saepe veritatis voluptas. Tenetur quae ipsam sed non odit. Suscipit dignissimos corrupti quia distinctio id. Laborum sed accusamus aut temporibus suscipit. Aspernatur voluptatum inventore natus ut hic facere et. Dolorem dolorem voluptas id possimus ratione. Sint libero ab aut. Id dolore eos voluptas vitae exercitationem quos nam. Ullam neque exercitationem aliquam. Exercitationem voluptatum illo illum quas.', 0.000000, NULL, 233, 0, 1, NULL, 'omnis-illo-voluptas-maiores-cumque-nam-fugiat-quidem', 7, 1, NULL, '2022-03-10 01:14:00', '2022-03-14 01:14:00'),
	(27, 3, 8, 'voluptatem', 'Ea ut occaecati velit.', 'officia zh884', '133442', '0188524621878', 'JAN', 'Amet nemo vero qui temporibus est similique vel. Omnis accusamus voluptatem tempore voluptas nesciunt consequatur. Corporis voluptatum a voluptatem qui expedita optio aliquid. In voluptatem voluptas unde libero. Quo nam hic minus qui atque sunt accusantium. Sint sit dolore voluptatum dolores ipsam incidunt perferendis. Perferendis molestiae architecto qui amet consequatur nam consequatur qui.<p><br/><iframe frameborder="0" src="//www.youtube.com/embed/AVpcxtH8hWg" class="note-video-clip" style="width: 100%; height: 475px; float: none;"></iframe></p><br/>Ut nihil quos ut qui quasi recusandae. Maxime deserunt asperiores sed nihil illum. Amet debitis adipisci facilis voluptate. Facere cupiditate doloribus consequatur aliquid. Similique molestiae architecto reiciendis ad ipsum cupiditate nisi qui. Qui ipsum perspiciatis architecto repellendus veniam. Adipisci et dolor cum at qui.<img src="https://loremflickr.com/640/360" style="width: 50%; float: right; margin: 20px 0 20px 20px;">Nihil atque non nihil vero aliquam voluptas. Qui error suscipit dolorum non quibusdam optio ut. Perspiciatis sequi totam voluptatem tempora quia est quia autem. Cum fuga architecto sed quisquam ut repellendus officia. Et a ea recusandae dolore harum illo inventore. Et hic labore qui corrupti blanditiis. Minus magnam earum soluta fuga omnis dolor. Corrupti vitae laborum et iusto aspernatur. Quis est aperiam repellendus iusto et. Quas ut iste molestias aliquid quod reiciendis. Consequuntur id non nobis impedit. Pariatur voluptate quia corrupti neque. Veritatis tempora quia tenetur minus itaque omnis. Corporis tenetur architecto doloribus fugiat et distinctio aut. Eaque provident autem animi tempore. Officia sed consequatur eos atque alias. Repellendus aspernatur numquam amet minus porro enim ut. Reprehenderit eveniet autem aliquid. Quam eos at nulla eaque qui voluptates dignissimos. Ab alias maxime quas facere voluptatem dolore qui. Aut quia aut adipisci consectetur inventore nihil aut. Et sint id voluptatem vero autem libero libero. Facere reiciendis maiores ut. Sed non quas excepturi. Dolore et nobis inventore est.<p><br/><img src="http://placeimg.com/640/360/any" style="width: 100%; float: none;"></p><br/>Eveniet doloribus fuga ullam quis. Voluptatem saepe iure ipsam minima. Labore harum omnis optio aut. Nesciunt animi dolorem qui rem accusamus voluptate. Est sit sunt enim optio recusandae qui quod. Excepturi eum magni at blanditiis magni officiis eius. Sequi delectus quasi aut quod ea aperiam quod. Praesentium et ut et sapiente aut. Laborum tenetur a est ipsa et odio aut. Dolor rerum velit molestiae illo rem aut ad. Esse dolorem cum necessitatibus beatae minus vero unde harum. Repudiandae iste quaerat officia.', 0.000000, NULL, 728, 0, 1, NULL, 'reiciendis-vel-illum-fugit-reprehenderit', 1, 1, NULL, '2022-03-11 01:14:00', '2022-03-13 01:14:00'),
	(28, 1, 1, 'laudantium', 'Natus facilis neque voluptates ad et et sed.', 'dicta ef188', '4', '5770750303731', 'ITF', 'Velit aut sequi tempora unde dolorem. Officia vel molestiae similique. Quos exercitationem qui est qui ut ut. Ea quos vitae commodi. Qui dolorem iusto optio distinctio. Incidunt sint voluptas aliquam neque. Sunt magni et nam assumenda omnis voluptatem illum. Animi ab quam consequatur animi consectetur vero. Perspiciatis sunt harum praesentium dignissimos iusto nesciunt. Laboriosam ut optio est dolorem eveniet labore omnis.<p><br/><iframe frameborder="0" src="//www.youtube.com/embed/mATMpaPBBFI" class="note-video-clip" style="width: 100%; height: 475px; float: none;"></iframe></p><br/>Et rem porro itaque aut autem. Occaecati qui doloribus atque dolorum enim amet. Provident assumenda voluptates quam ipsa. Eveniet ut vel voluptatem et. Incidunt officia facilis ex voluptatem. Distinctio architecto quis aut. Sint inventore vel nesciunt quo quod incidunt. Quis occaecati non veritatis. Expedita sint aspernatur illum sunt occaecati aut nulla.<img src="http://placeimg.com/640/360/any" style="width: 50%; float: right; margin: 20px 0 20px 20px;">Nihil est possimus ad omnis cupiditate quidem facilis. Quaerat perspiciatis sed excepturi commodi quis. Nihil aut cumque quia qui. Laudantium neque accusamus commodi ullam praesentium doloribus. Enim aut ab dolorem nisi quos quaerat. Harum odio rerum commodi ut ea eum. Porro sed iste maxime culpa. Mollitia blanditiis maiores est cum nam. Nobis expedita sapiente id et perferendis. A ut impedit velit aspernatur ut esse. Culpa quisquam eum reiciendis officia ut ipsum. Excepturi non voluptates omnis accusamus unde consectetur deserunt. Cumque quia expedita et omnis. Hic ipsum officiis quia in. Quia quo ipsum aut officia et. Ipsa rerum et occaecati vitae ullam fugiat similique recusandae. Quia repellendus natus sit. Nulla necessitatibus nesciunt aut molestias sed est. Assumenda ut hic et rerum repellat ut. Et excepturi et velit maxime ut voluptatibus. Iste officia quibusdam nulla illum distinctio occaecati. Vero voluptatem rerum magni incidunt fugit aut dolore. Est est at quis atque quaerat repellat ducimus. Quos reprehenderit et similique voluptate dignissimos porro.<p><br/><img src="https://loremflickr.com/640/360" style="width: 100%; float: none;"></p><br/>Cupiditate corporis quasi voluptas. Maiores nisi qui ipsum. Nisi quia consequuntur perferendis quasi minus. Ut aut harum qui magnam reiciendis laudantium. Non id velit libero sed libero voluptatem vitae. Accusantium quia corporis tempore vel. Aspernatur dolores sint neque ut molestiae. Cum est totam rem corporis asperiores quo. Explicabo excepturi deserunt consequuntur rerum consequuntur molestiae. Consequatur quia cupiditate aperiam odio quaerat in. Similique maiores consequuntur est non. Voluptatem et a officiis molestiae cum. A quae ex non culpa.', 0.000000, NULL, 428, 1, 1, NULL, 'molestiae-eum-totam-laborum-sed-dolores-labore-doloremque', 5, 1, NULL, '2022-03-14 01:14:00', '2022-03-10 01:14:00'),
	(29, 2, 15, 'dolorum', 'Aut placeat molestiae quia atque neque.', 'autem gi437', '251', '7446914886027', 'JAN', 'Facilis qui distinctio impedit est quis esse aut. Sunt quos aperiam repellendus non. Maiores quos voluptatem aut ut. Voluptatem consequatur deleniti laborum provident. Non eius voluptatem vel sequi dolor dolorem saepe ut. Ut doloremque eum impedit deleniti. Qui delectus est dolor. Tenetur quibusdam consequatur quia iusto qui qui impedit. Veritatis optio et accusantium sunt voluptatem ut. Fuga ad dicta cupiditate sed.<p><br/><iframe frameborder="0" src="//www.youtube.com/embed/mATMpaPBBFI" class="note-video-clip" style="width: 100%; height: 475px; float: none;"></iframe></p><br/>Sit molestias facere reprehenderit ut rerum similique. Quis sit doloremque debitis optio dolorem quia. In ab dolor voluptas. Eius asperiores suscipit rerum non consequuntur. Accusantium inventore qui est et earum nam repellat.<img src="https://loremflickr.com/640/360" style="width: 50%; float: right; margin: 20px 0 20px 20px;">Animi iure beatae ut ipsa doloremque cumque aut. Praesentium nam dolorem laboriosam non quidem aut et. Quo impedit cupiditate et quibusdam nesciunt voluptates neque voluptas. Consequatur dolorum sint rerum. Neque fugiat quo est et maxime rerum est. Maxime voluptas aliquid dolores quo voluptatem nemo dolores. Veniam praesentium impedit quidem aperiam quia commodi. Ea sit nihil est ea. Aut consectetur repellendus quas quia qui voluptatem aut. Magnam deserunt ab qui eligendi qui autem ut. Doloribus iusto eos ducimus. Non laborum consectetur corrupti omnis ducimus. Sunt qui debitis corporis asperiores eum esse. Et perspiciatis dolor id qui natus libero. Animi quia cupiditate quibusdam quos. Voluptatibus distinctio est deleniti aut voluptates at. Quo non quis laborum consequatur eveniet in amet. Et sed fugiat id dolor sit. Fugiat et adipisci labore id numquam. Quia et ea illo dolore officia. Commodi est nisi magnam consequatur. Ipsam porro quibusdam soluta quae velit quos. Dolor veniam vel qui ut voluptas iusto. Quas sed quibusdam beatae sit consectetur. Beatae aliquid voluptas quo qui incidunt quaerat voluptatibus. Eius deleniti soluta minus recusandae similique.<p><br/><img src="https://picsum.photos/640/360.webp" style="width: 100%; float: none;"></p><br/>Modi dolorem nesciunt quo qui iusto. Est quia placeat qui consequatur ut mollitia est. Animi sed sapiente incidunt nostrum atque quis nobis. Facere vel tempore praesentium suscipit occaecati autem. Voluptatum et quidem voluptates ipsum ut et cupiditate minima. A officiis eos commodi ad. Necessitatibus qui qui facere. Accusantium corrupti est qui sit et. Sed quos hic sed. Repellat incidunt sit quo maxime eveniet consequatur veniam. Repudiandae omnis similique inventore harum eum. Voluptatem minus rerum non expedita reprehenderit.', 0.000000, NULL, 184, 1, 1, NULL, 'amet-eaque-nostrum-nihil-quod', 4, 1, NULL, '2022-03-13 01:14:00', '2022-03-16 01:14:00'),
	(30, NULL, 6, 'animi', 'Natus iusto exercitationem nam.', 'molestiae us900', '9492545', '3747006954650', 'ISBN', 'Quia sit aliquam similique et ut qui vel. Id veniam nostrum labore ut. Ipsum repudiandae commodi voluptates cupiditate. Porro et aspernatur earum quis culpa nihil quis. Quisquam facilis eaque facere unde. Molestiae impedit et ex enim. Ea velit sed omnis nisi reiciendis. Ut ut libero et culpa nulla et aut. Et voluptatem ipsum dignissimos unde aliquid veniam. Unde odit commodi tenetur laboriosam voluptas. Minus eos impedit sed eum vero.<p><br/><iframe frameborder="0" src="//www.youtube.com/embed/eEzD-Y97ges" class="note-video-clip" style="width: 100%; height: 475px; float: none;"></iframe></p><br/>Animi quae omnis aut ea doloribus cupiditate veritatis amet. Ab impedit dolore unde assumenda nulla cum. Quo et quia voluptas. Velit voluptates autem illo omnis. Illo inventore maiores quas temporibus odit sint illum. Qui tempora iste dicta sed quae laboriosam. Saepe inventore hic temporibus facilis expedita est et. Rerum voluptas rerum cum minus.<img src="http://placeimg.com/640/360/any" style="width: 50%; float: right; margin: 20px 0 20px 20px;">Quia vel assumenda facere aut exercitationem est error animi. Et a sed soluta aperiam reiciendis. Cum dolorem eum maiores inventore pariatur excepturi. Quod in nulla recusandae voluptatem aliquid esse non. Cumque rem soluta voluptatum ut incidunt quo non. Hic excepturi culpa ab et delectus neque. In qui illo voluptatem iure voluptates. Dolor blanditiis et excepturi. Iste minus architecto expedita molestiae quia. Praesentium non quasi quo incidunt et. Sapiente sunt exercitationem provident rerum et debitis. Velit assumenda assumenda in sunt corrupti illum sit. Earum et dolores nemo perspiciatis non veniam. Et est placeat modi aliquam. Velit quia facere suscipit beatae molestiae. Asperiores temporibus omnis rerum praesentium. Vitae quia ea distinctio quia odio quas. Occaecati at amet iusto animi sunt voluptas ipsa. Exercitationem accusantium eveniet ad rem. Repellat totam earum praesentium corporis consectetur. Ut non ea amet eos commodi sit dolor. Aperiam ex sunt perferendis. In ut enim nihil explicabo sequi. Ipsum quia rerum voluptatem neque aut dolor. Non occaecati nisi ullam.<p><br/><img src="https://picsum.photos/640/360.webp" style="width: 100%; float: none;"></p><br/>Reiciendis iure velit perspiciatis et et aperiam minus. Dolor ratione est deserunt dolorum cum molestiae minima. Quia ipsam commodi labore dolores qui. Nam quia tempora rerum vero hic excepturi. Qui nam quod facere repellendus sapiente quo. Sed quas recusandae pariatur reiciendis. Iure eius est neque tempore nobis incidunt. Dolores optio velit totam ipsa autem fugit voluptatem. Ex quas quo sit in. Laudantium laborum odit est fuga consequatur repudiandae beatae. Qui omnis adipisci voluptatem quia.', 0.000000, NULL, 818, 1, 1, NULL, 'magnam-neque-est-sint-est-qui-eligendi-aut-voluptate', 3, 1, NULL, '2022-03-18 01:14:00', '2022-03-19 01:14:00'),
	(31, NULL, 14, 'et', 'Neque non explicabo officia quaerat eveniet officiis.', 'est nl687', '21', '0481096913168', 'ISBN', 'Sint quidem veniam deleniti cumque eligendi quia debitis. Magni voluptas quae perspiciatis ab reiciendis. Officiis expedita voluptatibus distinctio nisi. Omnis veniam officia blanditiis quidem. Harum deleniti dolorum ipsum sint in nisi amet molestiae. Quos quae maxime est quibusdam provident. Neque labore at qui velit dignissimos. Officiis perspiciatis magnam a placeat omnis.<p><br/><iframe frameborder="0" src="//www.youtube.com/embed/n7EmdNsKIhk" class="note-video-clip" style="width: 100%; height: 475px; float: none;"></iframe></p><br/>Dicta ut dolorem dicta blanditiis. Earum fugit velit est odio ratione error nulla. Fuga architecto perspiciatis ut nemo iure. In quo iure et autem ea odio aliquam. Ratione illum est sed voluptas commodi. Quos reprehenderit voluptas sapiente hic blanditiis quo aut.<img src="https://loremflickr.com/640/360" style="width: 50%; float: right; margin: 20px 0 20px 20px;">Numquam molestiae rerum ipsa nam nulla. Magni sit animi quis suscipit dolorem voluptatem et et. Ullam nam itaque impedit qui. Deleniti et aut voluptatibus ex dolores quaerat excepturi. Repudiandae nam fugiat facere. Magnam eaque provident reprehenderit quo sit dolore similique laboriosam. Nisi deserunt omnis soluta. Similique possimus quasi laborum ullam. Tempora quos cupiditate temporibus dolor. Sit iure omnis molestiae vel vel rerum dolor. Aliquid mollitia magni iusto eum animi ut. Ea laudantium officiis sapiente eius cupiditate qui qui. A at consequuntur eaque reprehenderit aliquam reprehenderit. Hic facilis eos placeat soluta. Ab quasi perferendis adipisci illo qui quo. Sint provident molestiae sequi sit. Dolorem ut natus voluptas. Sit repudiandae voluptatem tenetur explicabo. Quasi qui necessitatibus qui id. Aut laudantium aspernatur eligendi sed. Est est aut consequuntur ex qui recusandae. Porro ex voluptas earum ad et voluptatem laboriosam. Illum enim reprehenderit molestiae facere consequatur qui occaecati. Id aut voluptatem in sint quis. Nemo ut deserunt maiores velit vero. Ab est ut facere.<p><br/><img src="https://picsum.photos/640/360.webp" style="width: 100%; float: none;"></p><br/>Exercitationem sed quis sint non quis rerum qui. Inventore consectetur aut quod libero omnis temporibus. Vel quaerat eos sit atque et enim et. Quo est ut possimus. Quo sed omnis dicta saepe sint. Cum praesentium natus rem vitae consequuntur cumque est. Corporis hic tenetur saepe voluptatem quia magni alias. Ad ipsam est quos temporibus sint omnis perspiciatis. Rerum voluptas quasi fuga ex iusto tempore. Nostrum cum id fugiat eius maiores qui. Eos accusamus id et aliquam. Iusto et omnis adipisci non. Quod quasi pariatur ut est quia quod.', 0.000000, NULL, 624, 1, 1, NULL, 'quas-assumenda-perferendis-expedita-voluptas-vero-et', 6, 1, NULL, '2022-03-10 01:14:00', '2022-03-21 01:14:00'),
	(32, NULL, 14, 'eum', 'Laudantium rerum dignissimos aperiam accusantium natus dolor.', 'totam cm626', '803378180', '4702261775319', 'JAN', 'Ea magnam corporis vel temporibus sed repellendus voluptatem. Et sint earum odit dignissimos ea quia. Qui distinctio consequatur esse nobis. Rerum nostrum neque omnis nihil quisquam fuga ratione. Provident et id fuga maiores voluptatibus vel consequatur. Dolorem eos ut rerum est alias. Totam est et ut et esse eligendi cupiditate. Atque necessitatibus aut et. Et tempore illo at qui et delectus tenetur. Facere eligendi cum dolorum quibusdam eos aut repudiandae sit. Dignissimos cupiditate iusto et aliquid rem cupiditate architecto.<p><br/><iframe frameborder="0" src="//www.youtube.com/embed/mATMpaPBBFI" class="note-video-clip" style="width: 100%; height: 475px; float: none;"></iframe></p><br/>Non dolor qui deserunt culpa. Nostrum iusto dolor esse voluptas sunt facilis eligendi quas. Architecto veritatis et cum ipsum. Ratione hic molestiae rerum qui. Porro fugiat nam non reprehenderit totam. Consequatur officiis nesciunt occaecati provident provident eligendi. Debitis itaque enim voluptas voluptatem eius a eos.<img src="https://picsum.photos/640/360.webp" style="width: 50%; float: right; margin: 20px 0 20px 20px;">Facere ab debitis iste quam optio hic. Et ut ullam aut dolore. Quidem dolores ducimus quis architecto ea labore aperiam. Ut magnam quidem in vero corporis facilis minus. Cum aut quis qui expedita voluptatem culpa omnis fugit. Quas sed reprehenderit consequuntur. Enim doloribus exercitationem iure omnis vitae. Quis et harum ut neque. Omnis voluptatem eveniet omnis nemo provident adipisci. Hic velit illo maiores quisquam. Nobis qui eos doloremque explicabo non. Repudiandae quod qui nisi. Corporis nesciunt facilis quo mollitia delectus debitis natus. Quod tempore ut ratione aut et ullam. Accusantium repellat voluptatem alias hic. Omnis voluptate dolor repellat nulla. Temporibus numquam facere suscipit. Ullam enim optio officia omnis quibusdam in nihil. Deserunt eaque expedita sed reiciendis. Libero sequi omnis impedit nesciunt est cupiditate. Qui et non enim iusto in. Ea possimus dolores debitis aut. Sint assumenda alias nostrum. Explicabo omnis doloremque reiciendis mollitia ratione illo.<p><br/><img src="https://picsum.photos/640/360.webp" style="width: 100%; float: none;"></p><br/>Quibusdam sequi fuga nesciunt libero ipsam quas quia. Quos sunt et quis dolores qui consequuntur. Dignissimos rem quia ipsam. Accusantium tempora est occaecati sed. Natus molestiae corporis repellendus. Qui et quia omnis cum. Autem error alias quis tenetur. Ut quam eos dignissimos voluptatem aut. Eius nihil et rerum. Tempora expedita qui ipsam tempora expedita aperiam cumque. Natus quia sint eius officia ullam. Quia molestiae excepturi perferendis ullam animi. Autem quia iste modi. Dolor quod nihil tempore. Odit enim libero eos dolorum sit.', 0.000000, NULL, 74, 1, 1, NULL, 'sint-dolores-consequatur-sapiente-quis-aut-fugiat', 1, 1, NULL, '2022-03-18 01:14:00', '2022-03-19 01:14:00'),
	(33, NULL, 12, 'iste', 'Voluptatibus voluptas est ut tenetur corrupti quo et.', 'laudantium pi930', '611737210', '0022298376520', 'JAN', 'Consequatur hic veniam aut veritatis ea. Aut ut facere ut quo enim ipsa possimus. Consectetur dolores quidem consequatur sed reiciendis rerum dolore. Eum odio aut in alias inventore dolor fuga. Nobis blanditiis accusantium mollitia cupiditate tempore soluta. Aperiam debitis veritatis neque consequuntur provident. Occaecati sint alias autem beatae quo nisi aperiam. Unde est omnis odit voluptatem explicabo aut atque.<p><br/><iframe frameborder="0" src="//www.youtube.com/embed/eEzD-Y97ges" class="note-video-clip" style="width: 100%; height: 475px; float: none;"></iframe></p><br/>Qui aliquam ad in velit ab. Illum pariatur ipsam nobis aut. Occaecati quidem eius dolore adipisci voluptatibus consequuntur libero. Aut voluptatem est est ipsum tenetur expedita. Ducimus laborum ut sint. Consectetur consequatur rerum aperiam at aut vel rerum. Quidem neque sint omnis rerum. Non et placeat minima illo. Dolorem earum sit ipsam minima deleniti suscipit quis. Deserunt esse iusto quae.<img src="https://loremflickr.com/640/360" style="width: 50%; float: right; margin: 20px 0 20px 20px;">Ea eum libero deserunt nulla quaerat consequatur amet. Aut reprehenderit explicabo laboriosam est. Omnis in nobis non vel. Et dolorem voluptatem voluptas dolores assumenda laboriosam dolorum. Quia perferendis ipsa sequi rerum ad a laudantium. Qui quia minima reprehenderit iste eum. Et omnis et tempore officiis. Animi assumenda voluptatem qui amet nesciunt sequi cumque earum. Quia qui voluptates ullam optio ut dolorem non. Enim rerum mollitia labore voluptas. Laboriosam repudiandae laborum ut nostrum. Enim et aut harum consectetur rem. Aliquid earum sit omnis aut culpa. Ut dignissimos inventore quibusdam magni in sunt cupiditate. Dolor qui sequi ut quos velit. Fugit beatae qui praesentium est. Autem harum maxime corrupti. Omnis necessitatibus neque placeat non. Ullam deserunt aperiam qui tempora ullam perspiciatis tempore. Fugiat dolor rem ea cumque sit. Repellendus ducimus hic nobis sed suscipit saepe deleniti. Sequi excepturi dignissimos sit sapiente repudiandae. Asperiores hic earum sit voluptatem neque dignissimos velit deleniti. Eum quidem a magnam praesentium. Similique corporis sint veniam neque illo. Beatae et velit eos porro vel sit.<p><br/><img src="https://picsum.photos/640/360.webp" style="width: 100%; float: none;"></p><br/>Nesciunt molestias vero non fugiat. Nulla cum minima molestias quo. Est perferendis tempore necessitatibus. Ut velit ut tempora voluptatem perspiciatis. Consequuntur illo voluptatem nam. Quis et doloremque autem exercitationem ut dolores. Consectetur officiis quo quasi autem. Rerum amet at eum id aperiam ipsa ea commodi. Quae quia soluta cumque aut corrupti. Qui fugit non sunt aut doloremque consequatur omnis vero. Totam aspernatur enim minima delectus. Amet magnam ipsa et est eum. Dicta laborum maxime corporis. Labore rerum ipsa sint et quae hic.', 0.000000, NULL, 498, 1, 1, NULL, 'consectetur-aut-sit-quibusdam-fuga', 9, 1, NULL, '2022-03-10 01:14:00', '2022-03-16 01:14:00'),
	(34, NULL, 8, 'repellendus', 'Harum quia fuga exercitationem rerum.', 'mollitia pm658', '1205464', '6142754446834', 'ITF', 'Nobis aut expedita dolor illum omnis. Quia magnam consectetur ut libero et. Ea omnis fugiat sit sed perferendis consequatur. Voluptas accusamus error qui et nihil. Quia asperiores cum rerum quos repellendus. Eligendi nulla quibusdam inventore aliquam minima. Alias minus earum quasi non. Sapiente velit distinctio beatae mollitia. Deleniti dicta sit ut praesentium sequi. Fugiat laudantium nam qui et dolor.<p><br/><iframe frameborder="0" src="//www.youtube.com/embed/SKbHHcdLGKw" class="note-video-clip" style="width: 100%; height: 475px; float: none;"></iframe></p><br/>Aperiam qui harum non accusantium itaque assumenda reprehenderit. Sequi aliquam nemo sequi tempora incidunt sed repellat doloremque. Architecto delectus labore et natus sed dolore. Assumenda amet deleniti molestiae vel libero.<img src="http://placeimg.com/640/360/any" style="width: 50%; float: right; margin: 20px 0 20px 20px;">Cum aperiam maxime libero excepturi. Sed sed sapiente possimus in reprehenderit perferendis culpa velit. Quia perspiciatis voluptas totam dolore. Eos nostrum quo id architecto quasi. Ipsa repudiandae deleniti minus culpa molestiae vel et. Qui quasi qui eum excepturi dolorem facilis. Ut ducimus aliquid exercitationem est. Saepe inventore eos et. Autem soluta expedita sed voluptatem beatae aperiam. Est quia cumque inventore odio consequatur praesentium vitae. Molestias saepe esse quasi quis explicabo laboriosam enim. Autem autem consectetur esse eum sequi voluptates. Sunt alias ipsam dolorem non eveniet. Et magni aliquid voluptatem magnam omnis enim. Dolor nihil cum consequatur temporibus doloremque est. Nobis dolor iusto eum quod inventore et ut nesciunt. Blanditiis quis in corporis et commodi assumenda. A sint officia architecto nisi. Cumque necessitatibus impedit fuga ut quod occaecati. Mollitia nesciunt aliquam autem sit. Molestiae aut ut id fuga tempore sit veniam. Et est magnam nisi qui animi voluptatem consequuntur mollitia. Voluptas eius et explicabo rerum. Est voluptatum veniam sed eaque voluptatem at quisquam. Tempore aut eius animi vel sit labore.<p><br/><img src="http://placeimg.com/640/360/any" style="width: 100%; float: none;"></p><br/>Rerum beatae nam laborum exercitationem voluptatum. Ut qui ut cumque ullam laborum. Quis ut consequatur deserunt unde. Architecto perferendis odio itaque sunt voluptas ut debitis. Maxime quod animi qui ut. Quam maiores perferendis aspernatur quis. Itaque deleniti molestiae laudantium magni. Ullam quas nisi ducimus architecto quod optio quod a. Non dicta fugit aliquam optio aut accusantium voluptatem dolorem. Molestiae quam a accusamus a. Voluptas pariatur quas deserunt commodi ut blanditiis. Veniam totam nihil reprehenderit quod qui enim ea.', 0.000000, NULL, 776, 0, 1, NULL, 'neque-consectetur-voluptates-recusandae-ex', 7, 1, NULL, '2022-03-11 01:14:00', '2022-03-13 01:14:00'),
	(35, NULL, 10, 'in', 'Ut aperiam culpa at vel et doloremque voluptates.', 'tempore cr991', '7', '0853422207478', 'ITF', 'Laboriosam qui accusantium rem expedita autem eum. Sit fugiat quia eius quae repellat quas. Voluptas quaerat sit omnis unde tempore. Eaque in sed velit. Expedita harum inventore excepturi et. Perspiciatis enim non ipsam fugit qui explicabo. Rerum voluptatem laborum temporibus aut. Temporibus fugiat rem aperiam doloremque officiis aut natus. Rerum quam illum id. Reprehenderit libero aperiam quam ad quis. Et repellat harum nulla vel quis eaque eius. Fugit quisquam omnis voluptatem necessitatibus. Ad delectus nobis asperiores itaque sunt.<p><br/><iframe frameborder="0" src="//www.youtube.com/embed/TGbUpEJ1z-k" class="note-video-clip" style="width: 100%; height: 475px; float: none;"></iframe></p><br/>Odio magni ipsam et laborum debitis quo consequuntur. Unde ratione in deleniti unde beatae qui. Iure officia laboriosam explicabo molestiae dignissimos fugiat id iure. Ut quod perspiciatis incidunt dolorum numquam. Sint dolorem id deleniti itaque sed. Reiciendis enim est quibusdam porro. Officia sint doloremque est ullam. Est dignissimos qui voluptatem quia. Eum itaque rerum dolores veritatis.<img src="https://loremflickr.com/640/360" style="width: 50%; float: right; margin: 20px 0 20px 20px;">Vel optio dolores deserunt eligendi vitae. Id et perferendis voluptates dolorum vero. Consequatur vero sed magni et. Non qui impedit nam quo repellendus quia. Explicabo quia temporibus voluptas voluptates ut pariatur ut. At expedita asperiores quibusdam nisi ducimus doloribus et. In aspernatur quibusdam ipsum reiciendis est assumenda. Ut voluptatem sed repudiandae omnis atque. Consequatur repellat harum dolorem maiores dolor eius molestias. Sit ut animi et temporibus fuga adipisci nisi. Veritatis labore ea modi. Vel velit sint est alias voluptatem quisquam incidunt voluptatem. Voluptatem totam optio aliquam odit est nihil. Quos quia ut error ut rerum. Nulla molestiae consequatur fugit magni ut sint ea amet. Consectetur distinctio voluptatem accusantium. Necessitatibus eos provident molestiae aperiam ex est. Aut consectetur alias earum exercitationem. Dicta tenetur delectus esse quisquam tenetur eius recusandae ex. Assumenda repellat ut est eos blanditiis dolorum. Id nihil doloribus quod quis. Voluptatum natus illo nostrum impedit rerum. Vel iure dolor ipsam sed expedita eveniet necessitatibus molestiae. Id perspiciatis perferendis eveniet tempora qui aspernatur laborum.<p><br/><img src="http://placeimg.com/640/360/any" style="width: 100%; float: none;"></p><br/>Vel qui et recusandae saepe esse labore. Perferendis rem velit voluptas id optio. Expedita vel consectetur deserunt voluptates eligendi voluptatem. Iste eos quis unde eos est. Qui voluptas quasi ducimus ipsum placeat. Voluptatem eaque et laudantium labore eius voluptas ut. Adipisci exercitationem a quod eos accusantium nemo culpa. Reiciendis assumenda sunt consectetur facere optio molestiae mollitia. Nihil amet quia aliquam adipisci aut quasi. Animi enim culpa quia optio. Omnis tenetur fugit qui architecto sequi. Reprehenderit sint mollitia et rem consequatur repellat.', 0.000000, NULL, 156, 0, 1, NULL, 'omnis-iure-tenetur-commodi-et-vel-sunt', 4, 1, NULL, '2022-03-14 01:14:00', '2022-03-18 01:14:00'),
	(36, NULL, 3, 'et', 'Iusto eius accusamus iure soluta tempora est et.', 'quisquam jx469', '19019', '9588524131277', 'ISBN', 'Unde voluptatum delectus eaque voluptatum aut fugit sapiente. Consequatur ut sequi consectetur quia. Illo cum at ea deleniti similique hic occaecati mollitia. Repudiandae eius distinctio ex officiis ut pariatur omnis. Reprehenderit fugiat labore minima itaque. Exercitationem mollitia repellendus reprehenderit cumque quo. Laboriosam quaerat impedit dignissimos est et consequatur nisi. Velit quia ipsa enim ipsam. Eum sunt at optio in sed saepe. Quia illum rerum voluptatibus et. Rem voluptate expedita quia repudiandae quis quia et architecto.<p><br/><iframe frameborder="0" src="//www.youtube.com/embed/eEzD-Y97ges" class="note-video-clip" style="width: 100%; height: 475px; float: none;"></iframe></p><br/>Sit iusto nemo explicabo saepe aut aliquam iste. Rerum et accusantium cum non labore. Sint voluptate voluptates voluptas distinctio voluptas. Fugit deserunt saepe excepturi tempore rerum explicabo. Et similique voluptates numquam in dolor voluptatem explicabo. In nihil culpa molestias omnis. Rerum id facilis hic aut saepe id natus cumque. Quod et ratione cumque id non ea.<img src="https://loremflickr.com/640/360" style="width: 50%; float: right; margin: 20px 0 20px 20px;">Nobis mollitia veniam fugiat et similique dolores. Voluptatem rerum minus deserunt amet. Ut suscipit quis et corrupti quia aperiam et. Qui omnis nostrum qui reiciendis ut. Aut sed non aut debitis exercitationem deserunt rerum. Voluptatem cupiditate aut quia voluptates. Quia animi sint inventore vero ut praesentium delectus. Praesentium et sapiente deleniti nemo et expedita maiores. Earum vitae eos est rerum porro in. Cumque perferendis et totam consectetur rerum nulla ut. Rerum reiciendis autem veritatis enim a. Earum rem autem recusandae maxime quidem ullam. Nihil ea aut numquam reprehenderit excepturi. Enim vero error sint magnam qui aspernatur. Distinctio ad dignissimos odio sit rerum eum nihil. Voluptatum itaque aliquid quis aliquam. Suscipit pariatur odit voluptatem. Sit illum cum vitae omnis qui autem non et. Iure impedit rerum tempora. Quas omnis nihil possimus enim voluptatibus est qui. Explicabo corrupti animi dolor. Fugiat cumque consequatur delectus qui animi voluptatum est. Et ipsam distinctio dolorem reprehenderit quidem.<p><br/><img src="https://picsum.photos/640/360.webp" style="width: 100%; float: none;"></p><br/>Est tempore sapiente ipsa quibusdam maiores. Fugiat accusamus suscipit aut. Voluptatem et similique et deserunt dolores aliquam. Atque placeat sapiente quasi. Ducimus quod voluptatibus possimus quibusdam voluptatum. Modi ducimus quidem non amet nemo cupiditate. Libero provident minima ipsum et corrupti nemo quas dolor. Vel at voluptas qui optio perferendis. Tempore ut odit distinctio ut esse. Aliquam et libero quaerat facilis aperiam et. Omnis accusantium officia officia quidem. Nesciunt officia quia quidem possimus enim maiores. Odit quae enim et ipsum quae est ab.', 0.000000, NULL, 504, 1, 1, NULL, 'consequatur-earum-vitae-dolore', 4, 1, NULL, '2022-03-10 01:14:00', '2022-03-23 01:14:00'),
	(37, NULL, 13, 'aut', 'Ut sapiente id suscipit omnis suscipit veritatis omnis reprehenderit.', 'libero tw450', '773', '2321465285176', 'UPC', 'Incidunt ut aut dolor quas et. Beatae doloremque nesciunt molestiae magni vel dolorum. Dolorum commodi dolores nisi est et. Doloremque quaerat est atque repudiandae quo nemo molestiae. Non recusandae soluta consequatur hic maxime debitis. Aut consequatur quod ratione quos. Non ipsum nesciunt distinctio laudantium. Ex culpa in quas cumque quisquam perspiciatis. Debitis sit dicta molestiae dolores natus veniam architecto. Cupiditate aut est sed.<p><br/><iframe frameborder="0" src="//www.youtube.com/embed/tJlzIJaokVY" class="note-video-clip" style="width: 100%; height: 475px; float: none;"></iframe></p><br/>Dolor dicta enim rerum rem in. Optio praesentium perferendis sed voluptatibus temporibus perferendis. Impedit eligendi saepe ducimus fuga voluptatem. Itaque quia possimus possimus qui dolor placeat. Id sed labore aliquid aliquid natus esse facere. Aut et ipsa autem ea ut omnis.<img src="http://placeimg.com/640/360/any" style="width: 50%; float: right; margin: 20px 0 20px 20px;">Veritatis quas qui deserunt nisi. Quod rerum veniam eos quibusdam suscipit quia. Aut blanditiis qui itaque enim iusto. Aliquam et quos occaecati quidem itaque odio itaque. Rerum aut laudantium alias quos harum voluptatem. Consequuntur et et veritatis natus. Dicta voluptas itaque corporis unde. Blanditiis corporis voluptatem quis quaerat impedit velit. Et natus quod qui dicta voluptatem earum rem. Officia cumque nesciunt fugit atque officia assumenda ad. Laudantium et fugit voluptatem beatae quam. Qui facere et nisi et nisi ducimus. Sint facere atque vero voluptate. Praesentium libero deleniti vel perferendis. Ipsum non ad quaerat. Architecto et mollitia sit qui ea error. Accusantium earum aliquid aut reprehenderit ut. Voluptates est sed eos repellendus. Placeat blanditiis ut temporibus omnis. Aut dolorem unde nihil quas eos. Est perferendis quia quam officia aut facilis. Aut a iste voluptatem. Qui sit dolores eos consequatur neque doloribus. Omnis nihil odit et molestiae deleniti incidunt. Nulla et et dolorum totam adipisci excepturi consequatur. Nobis cupiditate molestiae eligendi necessitatibus rerum ipsum. Odit id aliquam incidunt eum laboriosam dolor at.<p><br/><img src="https://picsum.photos/640/360.webp" style="width: 100%; float: none;"></p><br/>Rem dolor sunt magnam inventore molestiae unde. Odio animi expedita reprehenderit aspernatur quia eum. Iure quibusdam qui aut. Cum deleniti eveniet tempora necessitatibus. Nemo quia labore qui sapiente totam ex et ipsam. Dolores perferendis sunt suscipit natus nesciunt. Qui odit eos voluptas odio vero. Id maiores ut dignissimos aut quo molestias. Totam velit eos vitae officia facere deserunt animi. Cupiditate fugiat itaque ad qui natus. Odit debitis non facere dignissimos totam suscipit nesciunt ut. Minus ab odio ab voluptatem deleniti.', 0.000000, NULL, 620, 1, 1, NULL, 'tempore-dolor-deleniti-vel-sit-soluta-qui-laboriosam', 1, 1, NULL, '2022-03-25 01:14:00', '2022-03-13 01:14:00'),
	(38, NULL, 12, 'ut', 'Qui totam nobis est et dolorem voluptatibus expedita.', 'quos jq100', '37010', '7363957082356', 'UPC', 'Explicabo ea id porro minus. Quaerat unde omnis quis maiores. Quia nobis laudantium consectetur ratione. Voluptate illum vel nemo et et. Pariatur officia et laborum illo exercitationem. Facere cum magnam dolores ducimus. Eius reprehenderit id et sed. Vel expedita corrupti alias deleniti. Quis non et fuga. Quo voluptatem facere consectetur rerum. Eum totam vel voluptates velit.<p><br/><iframe frameborder="0" src="//www.youtube.com/embed/MLpWrANjFbI" class="note-video-clip" style="width: 100%; height: 475px; float: none;"></iframe></p><br/>Deserunt veritatis iusto consequatur doloribus veniam. Mollitia nihil minima velit facilis sequi. Aliquid ut amet aut sit. Omnis voluptatum qui ut ipsa quisquam. Et fugiat ea officiis aut eius magnam qui. Dolorem iure dolore autem libero. Dolorum debitis repudiandae iste adipisci cupiditate ipsam ipsam. Repudiandae distinctio minus voluptatem fugiat. Incidunt cumque ut nemo voluptatem quo ab.<img src="https://picsum.photos/640/360.webp" style="width: 50%; float: right; margin: 20px 0 20px 20px;">Officiis excepturi magni voluptatibus sit ut repellat enim. Officia inventore est qui optio et odio ea. Fuga esse quaerat veritatis magnam quisquam quo in. Qui qui incidunt illo sint maiores enim aut. Commodi et quos qui accusamus illum id. Dolor sequi repellat tempore aut sunt. Tenetur sint modi libero est amet nam. Magnam eaque harum laboriosam. Quo sed ut aspernatur ipsa. Inventore ut ut et fugiat enim inventore. Laboriosam maxime similique et quis. Earum dolorum voluptas architecto ex sapiente sunt. Et ut commodi mollitia natus adipisci ipsum veritatis odit. Qui atque odit aut consequatur ipsa fuga impedit. Et quo nobis et veritatis et ab deleniti. Illum quo dolor cum sit repudiandae soluta. Illo tempore non labore porro aut omnis. Esse fugiat molestiae quia illo. Ut enim dolor facere voluptas porro. Optio provident qui sit suscipit. Saepe perspiciatis quo et laudantium ducimus consequatur est nemo. Id sunt alias praesentium omnis omnis fugiat voluptate. Error placeat nihil corrupti sed doloremque velit nam. Consectetur vel voluptatem soluta dolorem. Est est velit repellendus ab ipsam eius. Aperiam totam aliquam explicabo deleniti. Quidem blanditiis iste aut.<p><br/><img src="https://loremflickr.com/640/360" style="width: 100%; float: none;"></p><br/>Quia et ipsum consequatur enim officiis. Unde recusandae non explicabo. Dolores autem blanditiis deserunt totam magnam rerum. Ut asperiores voluptatem quia. Iste temporibus ab tempore. Incidunt autem ipsum voluptas. Qui eos eos totam animi deserunt. Et omnis quia saepe molestias odit. Qui qui voluptatem qui deleniti et impedit. Eligendi debitis in ad inventore minima aut. Soluta culpa delectus explicabo quia. Magnam ex non ut quo quisquam placeat eum. Quia perspiciatis enim aut delectus sit. Culpa totam non aut animi in nesciunt quis quas.', 0.000000, NULL, 620, 1, 1, NULL, 'nesciunt-qui-libero-accusamus-qui', 8, 1, NULL, '2022-03-18 01:14:00', '2022-03-23 01:14:00'),
	(39, 1, 9, 'aut', 'Quisquam natus sunt voluptas.', 'expedita ha236', '2', '5228776036497', 'ITF', 'Ipsum nisi nemo laudantium qui tenetur amet similique. Repellendus dolorem magnam laudantium rerum dolore rerum voluptatem. Occaecati inventore accusamus est similique corrupti vel aut. Non rerum quam ullam ea incidunt quos. Consequuntur aut est porro suscipit. Eligendi et dolore ducimus. Blanditiis excepturi numquam aut error sunt sit labore nihil. Sint at ea ipsa minima cumque saepe dolorem. Mollitia quis rem et ipsum omnis quo dignissimos.<p><br/><iframe frameborder="0" src="//www.youtube.com/embed/AVpcxtH8hWg" class="note-video-clip" style="width: 100%; height: 475px; float: none;"></iframe></p><br/>Dolores libero distinctio voluptas esse. Minima perferendis enim qui est. Ipsum dolor animi dolor. Qui voluptas voluptatem veniam tempora beatae vitae libero facilis. Aut ut voluptas in cupiditate delectus omnis veniam. Ut quia impedit nobis architecto voluptatem ratione voluptas. Laudantium exercitationem sunt corrupti velit.<img src="https://picsum.photos/640/360.webp" style="width: 50%; float: right; margin: 20px 0 20px 20px;">Quaerat voluptas facilis architecto autem et deleniti sequi error. Dolor iure delectus debitis modi qui ut. Dignissimos enim maxime libero deleniti. Labore dolorem provident enim. Ut aut aspernatur est modi similique perferendis ipsam. Vel dolores cumque reprehenderit unde culpa a. Dolorem et et et fugiat explicabo ex autem dolore. Qui velit sequi dolorum et delectus temporibus consequatur consequatur. Voluptate sunt cupiditate consequuntur nostrum itaque et exercitationem. Vel illum voluptas eos. Eum molestiae illo ea dolores blanditiis et distinctio dolorem. Ut sit voluptate consectetur voluptate molestiae voluptates. Et optio deleniti non eius quas. Recusandae eum eligendi odit accusantium nostrum nobis. Nesciunt enim quia qui aliquid beatae consequatur. Et odit vel consequatur ut aut rerum vitae enim. Nemo facilis quae et omnis. Expedita maiores ratione molestiae pariatur consequatur maiores. Reprehenderit cum possimus unde qui. Omnis autem cum possimus laboriosam culpa.<p><br/><img src="https://picsum.photos/640/360.webp" style="width: 100%; float: none;"></p><br/>Omnis numquam voluptatem soluta. Libero numquam vel fugit sint aliquam numquam voluptatem. Dolores minus in omnis enim molestiae eos voluptate illum. Cumque vel ipsum inventore laboriosam non. Necessitatibus incidunt laboriosam necessitatibus ipsa. Quis autem deserunt pariatur ipsam. Ipsam deserunt recusandae ex accusantium sapiente qui. Sit dolorum exercitationem voluptate perferendis laudantium ipsum. Aut quisquam fuga ut quam excepturi reprehenderit rerum. Dolor id aut et voluptates quaerat voluptate. Id doloribus et reiciendis eos omnis sed.', 0.000000, NULL, 616, 1, 1, NULL, 'rerum-qui-distinctio-est-sunt-aut-expedita-beatae', 1, 1, NULL, '2022-03-22 01:14:00', '2022-03-18 01:14:00'),
	(40, 1, 2, 'nobis', 'Ab eos vel magnam asperiores molestiae repellendus.', 'odit eh022', '4506626', '9672603828766', 'EAN', 'Voluptatem qui reiciendis aliquam. Debitis ea magnam dolorem. Mollitia occaecati iure earum magnam perferendis veritatis voluptatum enim. Optio aut repudiandae modi soluta doloribus consequatur. Velit vel aut quaerat. Iste sunt nihil voluptates est soluta dolor. Quas natus perferendis quia eaque accusamus blanditiis saepe. Voluptate quo optio incidunt nulla et. Modi incidunt qui veniam aliquid exercitationem vero. Quo aut id commodi incidunt ea. Asperiores ut qui id illum fugit.<p><br/><iframe frameborder="0" src="//www.youtube.com/embed/mATMpaPBBFI" class="note-video-clip" style="width: 100%; height: 475px; float: none;"></iframe></p><br/>Soluta qui voluptatem ut dolorum totam et. Placeat facilis provident voluptatem voluptatem. Officia rerum sequi hic exercitationem aut quia. Quasi qui sit consectetur quam natus veritatis maiores. Aliquam exercitationem esse dolorem necessitatibus. Ratione maiores voluptatum repellat in.<img src="http://placeimg.com/640/360/any" style="width: 50%; float: right; margin: 20px 0 20px 20px;">Aliquid aspernatur dolore et id quisquam voluptatem soluta possimus. Unde tempora asperiores et dolores quam sunt facere. Voluptatibus possimus repellat sunt repellat. Autem ut aut commodi voluptates eos corporis laborum. Consequuntur aut temporibus molestiae hic veniam in. Saepe ad perferendis ut ut voluptatem quis. Corrupti aut cupiditate voluptatum. Nisi velit ut suscipit exercitationem distinctio. A iure dolor vero explicabo. Ab dolorum delectus numquam corporis minus soluta. Voluptate delectus aliquid non ut suscipit. Itaque eum qui sed at et esse vero. Suscipit sed voluptas harum animi. Expedita eos ut et architecto. Aut ducimus et praesentium ut. Dicta quos sapiente vero placeat officia animi. Ea ducimus ab a aspernatur dignissimos blanditiis et. Quasi perferendis et doloremque culpa magni nihil. Et quia aut error esse corrupti aliquam iure. Veritatis quia aspernatur consequatur voluptas rerum sint ullam. Id dolores delectus cupiditate nihil. Quisquam qui ullam eveniet neque necessitatibus ut. Cumque delectus rerum quo et voluptas. Reiciendis mollitia fugiat adipisci modi sed voluptates et.<p><br/><img src="http://placeimg.com/640/360/any" style="width: 100%; float: none;"></p><br/>Nostrum incidunt debitis impedit est omnis et laudantium. Quis est perferendis in occaecati qui ipsam dolor excepturi. Distinctio aspernatur aut in molestiae officia. Modi autem dolorem officiis repudiandae molestiae. Ipsum illo rerum sit est exercitationem facere labore. Officiis corporis quo enim fugiat ad doloribus. Aspernatur voluptates fugiat rerum quas perferendis. Voluptatem dolorum saepe consequatur velit ipsum. Vel eveniet quam libero. Praesentium sit harum velit sit error aliquid. Et a est nihil corporis voluptate sunt et. Sunt ut provident voluptatibus et qui non illum.', 0.000000, NULL, 376, 1, 1, NULL, 'dolor-quisquam-maxime-mollitia-quia-quis', 9, 1, NULL, '2022-03-22 01:14:00', '2022-03-17 01:14:00'),
	(41, NULL, 6, 'iure', 'Doloremque id quidem rerum praesentium et est molestias.', 'commodi zn445', '42', '9493791984726', 'ITF', 'Aut voluptatem porro natus accusamus molestiae. Qui nihil maxime possimus voluptatem rerum voluptatem voluptas magni. Illo omnis sit eaque rerum. Qui est et dolores quaerat. Omnis quis id sunt expedita sequi. Quas natus nihil soluta quia doloribus sit. Officiis at aspernatur voluptatem tempora consectetur sed. Necessitatibus est est et odio illum odit. Eos incidunt officia ipsum a quis. Omnis id vitae tenetur quaerat sequi magnam quidem fuga. Aut est libero porro error quia voluptas libero.<p><br/><iframe frameborder="0" src="//www.youtube.com/embed/MLpWrANjFbI" class="note-video-clip" style="width: 100%; height: 475px; float: none;"></iframe></p><br/>Alias totam ducimus dolorem quia facilis ut sapiente. Qui nihil voluptatum et vitae ea consequatur. Est ut illo voluptates ut maiores possimus necessitatibus quia. Harum enim quis dolorem omnis incidunt molestias pariatur animi. Consequatur nesciunt et quia qui repellendus non velit. Voluptate aut possimus atque error qui et cum. Cumque excepturi earum ut minus.<img src="http://placeimg.com/640/360/any" style="width: 50%; float: right; margin: 20px 0 20px 20px;">Voluptatem error ratione deserunt porro. Minima id aliquam at labore aut. Blanditiis ipsam quis libero ut. Reiciendis deleniti id temporibus. Quae est dolores occaecati sed cum quisquam. Rerum qui sit dolor mollitia optio sed ut nam. Repellendus reiciendis illum dolores corrupti occaecati qui. Veniam dicta voluptatum inventore quisquam. Voluptates magni eius tenetur non. Qui repudiandae sit tenetur molestias itaque est eum. Quis aspernatur enim dolores alias consequatur aut. Id eius sit laborum sit. Debitis similique minima quam voluptates sed inventore sunt praesentium. Minus voluptas deserunt voluptate et repudiandae. Tenetur ab error magni est. Est error et eos ut qui alias quo. Maxime commodi quisquam amet odit ipsa. Facere autem recusandae ut voluptatem facere a. Non omnis fuga voluptatem ut officia itaque. Fugiat vitae accusamus commodi debitis quis autem accusamus. Dolor libero ratione quaerat fuga ex autem autem provident. Saepe excepturi illo ut perspiciatis dolor. Veritatis et enim animi. Soluta omnis eligendi rerum. Non aliquam ut non.<p><br/><img src="https://picsum.photos/640/360.webp" style="width: 100%; float: none;"></p><br/>Occaecati voluptatem asperiores rerum enim. Maiores ut commodi quam sunt incidunt et. Explicabo saepe magnam nostrum dolorem vel laudantium nulla. Pariatur et eius dolores nihil. Et doloribus libero est et. Dignissimos tempore aliquam magnam dolores qui itaque. Officiis id voluptas dolorem quibusdam. Vero sunt corporis quo sit vero quo. Est modi illo voluptate ut incidunt debitis rerum. Repudiandae ad nulla sint et eum esse quos. Pariatur id nihil libero adipisci. Molestiae totam quia id at. Sunt perferendis ut voluptas omnis in libero quibusdam quis.', 0.000000, NULL, 204, 1, 1, NULL, 'est-blanditiis-excepturi-porro-quisquam-nesciunt-voluptas-id', 7, 1, NULL, '2022-03-19 01:14:00', '2022-03-20 01:14:00'),
	(42, 2, 11, 'ab', 'Et sint ipsum occaecati non dicta.', 'ducimus qd984', '53178808', '1546412809439', 'UPC', 'Perferendis eum nobis nobis. Quis voluptatem qui ut recusandae velit praesentium laudantium ut. Omnis rerum suscipit a illo sit itaque esse. Rerum sit qui minus sunt. Sed consequatur enim praesentium deserunt in minima natus. Magni magnam voluptas magnam eaque. Sit pariatur similique explicabo in. Maxime consequatur modi nemo ut. Iste necessitatibus consequatur quis et architecto et alias molestiae.<p><br/><iframe frameborder="0" src="//www.youtube.com/embed/MLpWrANjFbI" class="note-video-clip" style="width: 100%; height: 475px; float: none;"></iframe></p><br/>Quia eum maxime minima nam fuga iusto est. Ducimus veniam quia alias maxime. Et est adipisci expedita quidem dolorem. In sit voluptatibus excepturi aperiam odit. Ipsam quisquam eum consequuntur non labore fugiat corrupti. Aut molestiae quisquam sit id et dolorem. Incidunt dolor dolore et voluptates voluptatem rerum ipsum eos. In sint est vel ipsa dolorum sequi voluptates officiis.<img src="https://picsum.photos/640/360.webp" style="width: 50%; float: right; margin: 20px 0 20px 20px;">Omnis eligendi quo ut repellendus neque corrupti adipisci. Blanditiis fuga nihil eum velit nihil doloremque. Dolor recusandae dolorem quod tempore. Quisquam qui voluptatem numquam et eligendi voluptatibus et. Ipsam id est enim tenetur commodi voluptas dignissimos. Necessitatibus vitae ut et exercitationem qui molestiae. Eum vel et ea et repellendus. Nihil occaecati labore facilis et incidunt. Fuga consequatur ut illum molestias ut dolorem. Neque voluptas nihil perspiciatis est quia. Est architecto tempore dolor et dolores modi modi. Eveniet ut quibusdam dolor eligendi nihil rerum molestiae. Delectus assumenda vel eius. Minima aut consectetur deleniti laudantium fugiat nam consequatur. Soluta labore et consectetur est. Culpa aperiam ratione repellendus. Beatae recusandae vel impedit non in ipsam. Alias porro odio labore odio. Ex fuga laborum quidem ex itaque voluptas voluptatum rerum. Eos iure molestiae qui aut est quo. Rerum nam illum quis minima numquam dicta.<p><br/><img src="https://picsum.photos/640/360.webp" style="width: 100%; float: none;"></p><br/>Ut velit enim quod. Nihil voluptatibus molestiae id officiis eligendi ratione. Rem asperiores necessitatibus assumenda magnam. Natus libero sunt eum beatae eius. Voluptatem tempore itaque nihil. Autem facere consequuntur voluptas temporibus eaque. Qui eos sit quia. Quia sint placeat magnam exercitationem molestiae id. Ut optio quas illo fugiat nihil in. Tempora cum alias officia libero atque temporibus molestiae qui. Eos itaque suscipit aliquam possimus nesciunt ducimus nesciunt. Quo aut molestiae aliquam ut accusantium. Eos voluptatum hic nam eaque.', 0.000000, NULL, 764, 1, 1, NULL, 'voluptas-qui-autem-omnis-quidem-quia-et-porro', 6, 1, NULL, '2022-03-25 01:14:00', '2022-03-21 01:14:00'),
	(43, NULL, 8, 'est', 'Ratione temporibus corporis nulla sint ipsum voluptatum officia.', 'natus xn832', '937262354', '2563576013747', 'JAN', 'Ratione officiis fuga qui ratione delectus ipsum dolores. Dolorem illo ut minima harum aut nostrum blanditiis rerum. Natus quos minima ut adipisci nulla rerum est. Consequatur atque totam error eos qui aspernatur. Velit adipisci rem ut delectus sed error. Molestias reprehenderit et enim qui nesciunt esse. Commodi sed quaerat odit. Accusamus saepe commodi vero perferendis. Omnis facere debitis sed id ut architecto consequuntur. Libero et sint tempora vitae. Dolorem eos asperiores perferendis. Voluptatibus corrupti itaque in hic qui accusantium.<p><br/><iframe frameborder="0" src="//www.youtube.com/embed/tJlzIJaokVY" class="note-video-clip" style="width: 100%; height: 475px; float: none;"></iframe></p><br/>Ad cum est autem voluptatem commodi quia quia fuga. Sit libero adipisci doloribus omnis qui. Quisquam omnis ipsum odit possimus porro. Architecto impedit iusto fugit ullam autem. Optio at ducimus dolorem quidem odit sit. Aspernatur voluptas aut eum. Saepe architecto error sit nobis cumque dolor aspernatur. Quas animi tempora cumque iste.<img src="https://loremflickr.com/640/360" style="width: 50%; float: right; margin: 20px 0 20px 20px;">Dignissimos possimus dolorem at quia vitae maxime quidem. Labore velit omnis dolorem esse rerum temporibus non. Aut accusamus dignissimos culpa iste non. Quo ratione id velit dolorem. Aut aut quasi ut est. Neque est maxime facilis. Unde quod est nisi accusamus cum. Et ratione quia accusamus. Explicabo corporis est quasi ad quia. Necessitatibus dolorem nisi ex non. A qui molestiae placeat delectus magnam ut rerum eius. Neque ut nihil occaecati ea quod non. Qui vero omnis autem. Sed pariatur autem iste earum officiis. Soluta non itaque voluptatem. Voluptatibus pariatur velit atque voluptatum. Qui in atque error corporis ullam consequatur itaque. Fugit voluptatum ea fugiat maiores quo placeat. Hic quidem laboriosam natus maxime dolores repellat sed nesciunt. Quasi et ducimus aut id. Nesciunt debitis odio totam quaerat dolor et et eveniet. Dolore modi incidunt voluptatem. Dolorem quia ut quia qui. Porro ut vel optio ea neque possimus asperiores molestiae. Aut vitae voluptatem tempore eos autem. Praesentium est omnis velit et saepe et asperiores. Eum et exercitationem odit qui porro rerum.<p><br/><img src="http://placeimg.com/640/360/any" style="width: 100%; float: none;"></p><br/>Voluptatum et dolores non blanditiis dolores. Beatae labore eaque et ab. Libero illum qui dolorem libero fugiat dolor aut sed. Nobis aut eaque facilis commodi voluptas repellendus dicta. Perferendis hic ipsum praesentium et earum. Nulla tempore dolor dolores corporis perspiciatis. Ut vitae quae enim et. Sed sunt pariatur et est ullam voluptatem quis. Alias at et ea. Enim qui beatae magnam officia a. Ad non aut expedita nihil qui ratione. Dolore sit corporis qui enim magnam omnis sunt. Non dolor rerum eligendi et.', 0.000000, NULL, 152, 1, 1, NULL, 'culpa-cumque-sit-aspernatur-corrupti-numquam-doloremque', 2, 1, NULL, '2022-03-18 01:14:00', '2022-03-25 01:14:00'),
	(44, NULL, 4, 'et', 'Nisi aliquam rerum optio libero dolores quia.', 'numquam il532', '5354538', '0827876474298', 'UPC', 'Et maxime beatae quo enim molestiae. Rem sed unde aliquid sapiente voluptatem et saepe non. Hic officia quia laborum blanditiis quo nihil ut. Nulla quia dolorem ut enim dolorem. Consequatur eaque alias hic quidem. Excepturi voluptatem in similique quo ipsam autem facilis. Eaque quo impedit ea dolorem iste aliquam reiciendis. Vitae necessitatibus veniam nam et tempore culpa beatae. Excepturi enim ducimus reiciendis consequuntur earum. Exercitationem dolorum voluptates dolor officiis recusandae sed.<p><br/><iframe frameborder="0" src="//www.youtube.com/embed/tJlzIJaokVY" class="note-video-clip" style="width: 100%; height: 475px; float: none;"></iframe></p><br/>Qui enim quia commodi dolorem ipsam doloribus quidem. Nisi qui nihil quam beatae. Occaecati error perferendis perspiciatis dolor rem. Voluptatem vero id eaque nihil. Necessitatibus corrupti enim odit nesciunt fuga nemo. Libero animi voluptas qui. Odit eum quae aliquid delectus aliquam atque quo perspiciatis.<img src="https://loremflickr.com/640/360" style="width: 50%; float: right; margin: 20px 0 20px 20px;">Aliquid adipisci omnis fugiat et est. Aliquid quas praesentium non accusamus totam. Sed voluptatem sit et nihil eos. Dolorum dolorem iusto ea laborum. Aut voluptatem minus repudiandae exercitationem libero enim nam. Est corporis nostrum dolorum veniam. Nulla nam quasi voluptate. Ut molestiae totam quia quae quisquam aut ipsa. Non maiores omnis aperiam qui. Fuga dolorem consequatur sit molestiae facere nisi. Nihil sint velit ad molestiae autem dolorem quisquam reiciendis. In rerum delectus explicabo. Quidem sunt qui tenetur iste. Architecto quo consequatur iusto necessitatibus voluptate voluptas. Distinctio aspernatur impedit sint pariatur laborum. Iusto est sed incidunt debitis. Libero eum adipisci maiores ut aspernatur excepturi itaque. Quibusdam eum magni unde repellat. Maxime asperiores reprehenderit cum ullam. Culpa ipsam non eos necessitatibus ad. Consectetur vel enim laborum rerum veritatis aspernatur. Vero molestiae vitae cupiditate odit perspiciatis laboriosam. Pariatur perferendis quibusdam eveniet distinctio. Sint alias voluptas perferendis voluptas beatae nulla omnis. Mollitia temporibus quis rerum dignissimos animi.<p><br/><img src="http://placeimg.com/640/360/any" style="width: 100%; float: none;"></p><br/>Magni harum nesciunt sit voluptatem esse. Minima illum quia omnis deleniti quia. Distinctio quis laborum libero esse voluptate. Reprehenderit vitae doloremque officia velit suscipit aut. Laboriosam nesciunt provident ex ut voluptas assumenda animi et. Voluptatum molestiae et voluptatem voluptas commodi et qui. Eos accusamus temporibus ipsa laboriosam sunt minus. Deleniti hic nobis aut. Deleniti tempora quibusdam aspernatur qui deserunt numquam excepturi. Molestias aut error animi eum. Qui adipisci dolor hic. Dolor nam alias sunt eius animi vero. Est facere illum eaque aut sed distinctio.', 0.000000, NULL, 499, 1, 1, NULL, 'voluptate-explicabo-ut-sit-doloremque-ut-enim', 4, 1, NULL, '2022-03-22 01:14:00', '2022-03-12 01:14:00'),
	(45, NULL, 11, 'incidunt', 'Cumque aut odit est laudantium temporibus.', 'quia tt793', '84165576', '4204687689930', 'UPC', 'Non deleniti corporis sunt illo consequatur saepe doloribus sit. Cupiditate odio quaerat quia iusto et consequuntur. Velit omnis cumque non sed. Optio et et voluptatem quisquam alias dolorem tenetur. Dicta eveniet non veniam sequi iusto quae. Quas autem impedit nobis quidem. Omnis omnis velit temporibus corporis in esse ipsam. Aliquid ut quaerat voluptatem doloremque quaerat. Nobis cupiditate assumenda rerum voluptas numquam. Sed quisquam sint veritatis ut voluptatum id consequatur nam.<p><br/><iframe frameborder="0" src="//www.youtube.com/embed/7abGwVjXSY4" class="note-video-clip" style="width: 100%; height: 475px; float: none;"></iframe></p><br/>Voluptate libero quam voluptatem perferendis excepturi dolorem doloribus. Consequatur velit magnam reiciendis veritatis accusamus. Enim modi ea ducimus nostrum deleniti magni qui. Ullam animi rem ipsum dolore quod cumque pariatur. Atque veritatis odio quidem enim quis id nam.<img src="http://placeimg.com/640/360/any" style="width: 50%; float: right; margin: 20px 0 20px 20px;">Occaecati qui doloribus velit debitis vel quas. Enim sed laudantium reiciendis qui repudiandae natus. Quia harum vero perspiciatis ut voluptatem doloremque fuga vel. Tempora fugit officiis mollitia. Porro similique quo quod rerum at culpa et numquam. Repudiandae unde quam amet dignissimos deleniti. Expedita quam dolor esse voluptas sed quo. Voluptatem labore adipisci labore. Quae et id vero. Deserunt qui ut enim sapiente voluptatem nulla sunt. Facilis perferendis qui sed id eum sint nisi quis. Eius saepe natus eos ut omnis fuga. Nemo et ea sed fugiat ab quis et. Fuga non distinctio beatae quasi at. Quae similique debitis modi sapiente est. Ullam culpa molestias natus repellat consequatur. Est distinctio ipsa voluptas et dolorum maiores. Distinctio aperiam omnis aliquam non. Id animi dolore explicabo tenetur laboriosam nesciunt a. Placeat itaque vitae facere quaerat quia adipisci totam. Harum quia officia et libero optio. Est et quidem minus et animi. Quia aut veritatis voluptate voluptatum non. Animi iusto recusandae nemo natus. Magnam ipsam labore rerum est eveniet voluptatem. Et eum rem quis suscipit libero culpa ut.<p><br/><img src="http://placeimg.com/640/360/any" style="width: 100%; float: none;"></p><br/>Similique consequatur praesentium voluptas ut vel ut voluptas aut. Nihil quia corporis magni saepe suscipit ratione nulla. Laudantium minus at qui placeat ea quas. Et provident explicabo eos repellendus. Aut corporis et maiores iusto quia qui ipsum. Omnis ducimus sint modi natus incidunt qui. Perferendis et nostrum non magnam voluptate. Nostrum dolor quis corrupti porro sunt harum est. Unde nemo ut maxime porro ab. Quo cumque dolorem recusandae tempore ducimus eveniet quia sed.', 0.000000, NULL, 796, 1, 1, NULL, 'quos-enim-ad-maxime-ipsum-distinctio-nihil', 2, 1, NULL, '2022-03-12 01:14:01', '2022-03-10 01:14:01'),
	(46, NULL, 7, 'velit', 'Porro laudantium distinctio ut qui temporibus neque.', 'consequatur ki701', '4518', '7350540549365', 'ISBN', 'Omnis incidunt doloremque molestiae et inventore. Qui doloremque doloribus excepturi corporis. Voluptatem rerum laudantium aut. Est magni numquam explicabo est. Itaque et nam itaque libero ad dolorem. Repellat accusamus occaecati ducimus veritatis in voluptatem illum harum. Et vel cupiditate quasi qui molestiae ipsum. Autem debitis officia tempora possimus quis. Voluptatem possimus iure quis adipisci. Iste aspernatur voluptas veniam voluptas aut sit. Dicta sint sed et quos.<p><br/><iframe frameborder="0" src="//www.youtube.com/embed/TGbUpEJ1z-k" class="note-video-clip" style="width: 100%; height: 475px; float: none;"></iframe></p><br/>Totam enim quia ut nam possimus nisi. Ut ea dolore natus id voluptas et tempora. Quo laudantium omnis et quia qui quia. Unde eveniet necessitatibus deserunt et ex. Inventore illo laborum optio voluptatem et voluptatem. Aliquid dolorum earum eaque consequuntur provident vitae quia. Odio pariatur dolor ut vel reprehenderit sit.<img src="http://placeimg.com/640/360/any" style="width: 50%; float: right; margin: 20px 0 20px 20px;">Vitae numquam expedita porro. Esse velit optio voluptas consequatur fugiat. Ut placeat ut aliquid beatae quia amet. Cupiditate at quia perferendis. Natus ipsam tempore sequi at. Beatae debitis voluptas velit id in accusantium. Eveniet explicabo ducimus maiores eaque saepe. Eos laborum illo sunt. Et debitis minus sunt alias harum amet. Consectetur qui dolorem impedit est deserunt. Reiciendis perferendis aut quo voluptatibus perferendis dolorem. Maxime quod officiis repudiandae. Quaerat animi impedit quam animi et consequatur est. Est voluptas aliquam quia voluptatibus nostrum. Est voluptas quia ad hic temporibus sapiente. Neque officiis ut explicabo repellat laboriosam dolorem. Qui veniam alias repudiandae molestiae qui culpa. Et incidunt et eius animi itaque dicta illo. Voluptatum aperiam id beatae repellat in atque saepe. Excepturi libero quam iusto saepe laborum sed aliquam assumenda. Cumque ut iste pariatur doloribus magni velit facere. A ut eum cumque exercitationem explicabo aliquam. Deleniti vel est aut quas accusantium fugit.<p><br/><img src="http://placeimg.com/640/360/any" style="width: 100%; float: none;"></p><br/>Et expedita quidem qui et occaecati. Quos velit non minima soluta rem. Eos pariatur consequatur in pariatur. Repellat illum expedita esse. Laudantium officia exercitationem at consequatur sed accusantium reprehenderit. Quia placeat quia qui sint ea quibusdam. Ea itaque sed ut magni quia reiciendis. Est velit deleniti fugiat. Assumenda voluptate id natus fugit voluptates. Magni inventore debitis ea odio ullam quae adipisci. Asperiores molestiae harum et quia repellendus facilis aut laudantium. Sequi et praesentium accusantium nemo iste voluptas rem placeat.', 0.000000, NULL, 438, 0, 1, NULL, 'est-aut-quo-quam-recusandae-repellat-et', 7, 1, NULL, '2022-03-20 01:14:01', '2022-03-22 01:14:01'),
	(47, 2, 11, 'sint', 'Perferendis neque et adipisci qui ea aut est.', 'voluptas so227', '350494128', '6813744429006', 'EAN', 'Ex sint iure sit ut molestias quis et. Aut quia et quasi alias sunt et sequi. Vero non animi qui cupiditate. Id culpa quod et sit autem non. Facilis quia quo illum sunt labore natus illum aut. Aliquid quas nesciunt asperiores magnam et. Voluptas eius neque saepe earum non. Voluptatem vero voluptas omnis officiis nobis voluptates. Et commodi qui harum veniam earum doloribus non doloribus. Aut sunt aliquid eum fugit sed. Eveniet ipsam sint assumenda et.<p><br/><iframe frameborder="0" src="//www.youtube.com/embed/eEzD-Y97ges" class="note-video-clip" style="width: 100%; height: 475px; float: none;"></iframe></p><br/>Qui non rerum ipsam atque suscipit ullam. Inventore est nemo occaecati repellat facilis enim maiores. Eligendi et et minus. Est veniam omnis aspernatur illum sapiente maxime perferendis. Vitae natus quos doloribus nobis id debitis laborum. Architecto pariatur voluptatum rem necessitatibus provident quia accusamus. Aut ad rerum fugiat nisi iusto.<img src="https://picsum.photos/640/360.webp" style="width: 50%; float: right; margin: 20px 0 20px 20px;">Aliquid ea nemo deserunt quisquam enim architecto harum. Quidem consequatur necessitatibus ipsa. Autem ea ab enim. Veniam itaque accusantium voluptas non sed. Ullam nemo et sunt exercitationem aut quae amet. Labore iusto qui vero dolores excepturi sed. Reiciendis quod dolorum voluptatem. Natus quia odio est dolorem blanditiis. Sit quis quidem et illo nemo eaque fugiat. Ad qui itaque nostrum hic neque aut minus. Dolorum consectetur quo illum. Vel aut est illo eos fugit recusandae consectetur et. Dicta ipsam quae dolorem id officia enim voluptatem. Nihil nam rerum velit quisquam vel dolorum. Ipsum dolorum animi libero molestiae eos quas dolores illum. Aut ea placeat qui totam sit. Aliquam voluptatibus beatae iste ratione. Omnis ad voluptatem et alias. Quo temporibus enim deserunt exercitationem eveniet. A dolor quod nihil saepe. Omnis maiores velit id placeat repudiandae. Temporibus rerum iste maxime id. Non sed non voluptas qui eaque iure veritatis. Id ut cum explicabo velit. Vitae ea qui a quis sed aspernatur aliquam ut. Magnam sequi consequuntur fugit est ut. Ipsa occaecati ipsa ut impedit doloremque rem necessitatibus totam.<p><br/><img src="http://placeimg.com/640/360/any" style="width: 100%; float: none;"></p><br/>Harum consequuntur nobis ad recusandae. Voluptatem quaerat vero suscipit. Eius cumque autem molestiae necessitatibus ut. Consequuntur voluptas et recusandae accusantium voluptatum. Qui dolores laborum ad nihil. Aut ut a debitis facilis sapiente sint molestiae et. Et doloremque dicta voluptates hic possimus ut dolore. In voluptatibus voluptate consectetur pariatur commodi voluptatem. Vel voluptas totam veritatis repellendus minus eius. In commodi occaecati ut corporis quas tempore. Accusantium nihil cum et rerum libero necessitatibus quod voluptas.', 0.000000, NULL, 270, 1, 1, NULL, 'ducimus-molestias-aut-voluptatem-commodi-non-quia-sint', 3, 1, NULL, '2022-03-18 01:14:01', '2022-03-12 01:14:01'),
	(48, 1, 16, 'ut', 'Et voluptatem quidem quos.', 'possimus uk464', '2', '3833617925117', 'ITF', 'Placeat dicta aliquid praesentium dolore impedit. Ea ut quae soluta ex. Et omnis deleniti facilis iste. Quas voluptate enim nostrum officiis quia consequatur et. Sequi nesciunt consequatur sapiente in similique accusamus quam. Eos dolor qui fugiat. Aperiam laborum odit praesentium omnis quia tenetur debitis. Impedit expedita ratione et voluptas enim. Distinctio nesciunt nihil omnis rerum. Hic cumque eius aut aspernatur. Vel voluptas nostrum consequatur dignissimos laborum rerum quaerat rerum.<p><br/><iframe frameborder="0" src="//www.youtube.com/embed/MLpWrANjFbI" class="note-video-clip" style="width: 100%; height: 475px; float: none;"></iframe></p><br/>Totam provident earum autem labore ipsum. Architecto rerum vitae facilis enim omnis ducimus. Ut autem debitis impedit tempora sint aliquid libero. Vel consectetur explicabo soluta corrupti voluptas ab accusamus. Necessitatibus quasi sed reiciendis. Explicabo autem voluptatem odio dolorem sequi non est. Quis quibusdam dolores qui odio nam. Sit aliquam cumque non enim alias numquam qui.<img src="http://placeimg.com/640/360/any" style="width: 50%; float: right; margin: 20px 0 20px 20px;">Laboriosam perferendis rem et et. Molestias deleniti nulla vitae quia magnam placeat maiores. Aut et vel veritatis quod eum est quidem sequi. Quisquam sed totam ullam odio inventore ad. Et autem sunt sint. Doloremque aut exercitationem voluptas nisi maxime. Perferendis aperiam qui est. Doloremque voluptas praesentium omnis cum dolorum. Velit fugit laboriosam non officia sit. Maiores unde sed iure est corrupti minima delectus. Similique quo et ut vero dolor. Vitae ut doloribus nisi debitis asperiores dolorem. Facilis facere aperiam tempore ea. Aliquid sit nobis quaerat libero. Eum iure ut tenetur qui dignissimos. Tempora illum eum odit labore suscipit consectetur eaque. Qui suscipit neque reprehenderit velit sed distinctio. Et ea dolor nihil veritatis id. Voluptas distinctio est id et. Voluptate provident eius ipsa minus assumenda. Laborum aliquam sunt alias consequatur. Ullam ut dolore quasi exercitationem reprehenderit illo. Adipisci quos error quia et impedit cumque aut. Est accusamus atque ut. Et fugiat quia deleniti distinctio libero. Sed et voluptas officiis amet quasi. Distinctio repellendus distinctio quo laboriosam expedita. Et voluptatem non quam nemo.<p><br/><img src="https://picsum.photos/640/360.webp" style="width: 100%; float: none;"></p><br/>Quaerat molestiae nihil et aliquid voluptatem repellat aliquid. Error provident ex hic dolores. Similique fugit sequi exercitationem libero quia minus ducimus. Nulla nam quidem corrupti ut quidem. Porro et maiores nihil culpa officia enim accusantium. Voluptatem eum voluptatem quis vel exercitationem quo eveniet. Maxime rerum occaecati dolore deserunt. Consequatur veniam est provident voluptatibus eius. Itaque eius eum omnis mollitia enim harum reprehenderit optio.', 0.000000, NULL, 112, 1, 1, NULL, 'recusandae-voluptatem-deleniti-earum-ut', 6, 1, NULL, '2022-03-11 01:14:01', '2022-03-12 01:14:01'),
	(49, 5, 8, 'cum', 'Incidunt quasi nobis non maxime.', 'officia lb547', '860304004', '7671800907313', 'ITF', 'Qui est nihil laborum quas. Temporibus deserunt dicta consequatur sit modi nemo beatae. Et dicta qui ratione eveniet molestias maiores. Exercitationem dignissimos velit quod. In nihil id sed nemo provident. Ut ea cumque nihil numquam. Voluptates laborum veritatis blanditiis. Ipsa eum aut sapiente. Et numquam voluptatem nostrum in. Consequatur autem libero voluptate laboriosam laborum. Magni nihil modi officia ut et nobis. Iure quasi rem accusamus sunt voluptatibus quia quis. Ab et sit voluptatibus dolorem est doloribus.<p><br/><iframe frameborder="0" src="//www.youtube.com/embed/7abGwVjXSY4" class="note-video-clip" style="width: 100%; height: 475px; float: none;"></iframe></p><br/>Soluta quibusdam odio est consequatur sed eveniet esse. Nam odio quaerat quis molestiae ipsam praesentium cupiditate. Culpa voluptatum aperiam vitae incidunt. Velit animi neque in tenetur magni odio voluptatibus.<img src="http://placeimg.com/640/360/any" style="width: 50%; float: right; margin: 20px 0 20px 20px;">Neque aut tempora ratione harum aut deserunt. Odit et expedita et recusandae nihil voluptatem. In voluptate quo mollitia. Et nobis dolores rem facilis dolorem nihil neque ut. Maiores libero et quis occaecati nobis nemo excepturi. Qui laudantium vel ducimus quos explicabo sint accusantium. Excepturi omnis voluptate autem sed esse nihil beatae error. Commodi velit aut qui est tempore qui necessitatibus. Sed quis quae voluptas suscipit architecto sed. Vero natus quam officia laboriosam voluptatem et magni. Est optio hic voluptatibus odio et soluta veniam incidunt. Non magni odio sit est quaerat nihil perspiciatis. Voluptas sed quas dolor et ut molestiae sed reiciendis. Nihil voluptas nobis aliquam animi. Cumque delectus ea occaecati et nisi. Qui dolores ex nam dolore voluptate rerum. Itaque doloribus voluptates unde sed inventore maxime. Atque rerum in et autem a. Aut in cupiditate rerum totam. Aut est distinctio et ea voluptas. Saepe sed itaque tempore ut culpa possimus et natus. Perferendis sunt repudiandae labore quisquam qui doloremque sed quos.<p><br/><img src="https://picsum.photos/640/360.webp" style="width: 100%; float: none;"></p><br/>Necessitatibus autem dolores fugit magni et in quis ex. Ratione odio amet non at dolor qui nulla. Magnam repellat quis ipsam. Quasi rerum et reiciendis cumque esse. Porro cum id alias qui. Fugiat vel mollitia necessitatibus atque sed. Nostrum quaerat omnis reprehenderit quis quo. Voluptas natus ut assumenda. Quas harum quia ducimus et commodi sint mollitia. Aut quidem nesciunt sequi consequatur dolor tenetur aliquam. Voluptatem aut voluptas id. Iure impedit repudiandae consequuntur eius sit quo. Consequatur commodi ut et recusandae est placeat. Eos suscipit mollitia sit officiis aut qui qui.', 0.000000, NULL, 178, 0, 1, NULL, 'voluptatem-iste-molestias-et-adipisci-voluptatum', 0, 1, NULL, '2022-03-24 01:14:01', '2022-03-11 01:14:01'),
	(50, NULL, 11, 'officia', 'Et reprehenderit cumque sunt rerum magnam.', 'laudantium av770', '7473', '4124537440675', 'JAN', 'Sit et dolorem quae quia commodi qui optio. Animi autem voluptatem repellat est et dolorum. Repellat molestiae fugit perferendis deserunt ut. Ut eos quod hic repudiandae natus est. Et dolor minus quisquam. Harum qui et id dolorem quod quibusdam omnis. Commodi iure magnam vel et aut nam voluptatem asperiores. Qui et et nemo ut. Reprehenderit recusandae ipsum iste voluptatem. Molestiae doloribus commodi id qui quod. Non ex ullam dolores quod dicta aperiam.<p><br/><iframe frameborder="0" src="//www.youtube.com/embed/mATMpaPBBFI" class="note-video-clip" style="width: 100%; height: 475px; float: none;"></iframe></p><br/>In aliquid id cumque et ex quibusdam hic cumque. Consectetur dolores occaecati cum qui et quam illum. Qui omnis cum culpa animi aut officiis. Excepturi voluptatum maxime et voluptatum. Sed voluptatem id occaecati sed ab at. Illo velit ut quis numquam quisquam. Deserunt magni eum error blanditiis dolores.<img src="https://loremflickr.com/640/360" style="width: 50%; float: right; margin: 20px 0 20px 20px;">Accusamus ut ad inventore fuga beatae est. Consequatur facilis porro id sit. Tempora est aut vitae. Fugiat et explicabo cum illo velit voluptas praesentium. Et at odit sint iste beatae ducimus. Ipsa odit est eligendi voluptates doloribus optio provident. Voluptates tempore voluptas quia sint quisquam. Accusantium sit rerum ex molestias dicta praesentium sint amet. Voluptas deleniti itaque adipisci hic. Harum impedit modi sed. Et est eligendi quidem consequatur veritatis. Dolor omnis exercitationem molestiae beatae culpa. Consequatur commodi quo vel in. Consequatur consequatur dolores et aut unde. Et veniam et autem architecto sequi. Et porro consequatur aut inventore soluta. Voluptas odit ad occaecati occaecati. Qui et quis eaque voluptatem itaque consequuntur perferendis reprehenderit. Nam est sapiente sunt. Recusandae iste fugiat quam esse et. Ullam dolores illo dolorum. Nihil modi provident nulla dolorem voluptatem et quia. Odit molestias minima excepturi dolorem ab et fugit. Saepe inventore doloremque perspiciatis veniam modi sint. Ut sit enim aut nesciunt. Similique deleniti dolore nam itaque asperiores dolorem itaque. Provident mollitia fugit aut atque.<p><br/><img src="http://placeimg.com/640/360/any" style="width: 100%; float: none;"></p><br/>Praesentium voluptatibus eveniet eaque aperiam maxime. Vel dolor ab sunt quia illum porro in voluptas. Nobis vel et quia cum architecto aut illum. Quae velit et sed ullam dolore ut impedit. Quisquam ipsum ducimus cupiditate neque aliquid omnis. Omnis id odit dicta quisquam velit placeat vero. Quia itaque labore omnis fuga in perferendis. Ut quo expedita dolores accusamus. A et nisi soluta aperiam praesentium eos.', 0.000000, NULL, 512, 0, 1, NULL, 'quia-consequatur-et-facere-rerum-mollitia-eum-dolor-in', 9, 1, NULL, '2022-03-23 01:14:01', '2022-03-24 01:14:01'),
	(51, NULL, 13, 'qui', 'Odio qui veniam culpa eius sed repellat est.', 'mollitia va575', '19904', '3427656124923', 'ISBN', 'Omnis amet hic doloribus autem reiciendis ipsam. Corrupti repudiandae reprehenderit aut. Impedit non repellendus voluptatem et. Dolores quia nulla ipsa atque. Perspiciatis necessitatibus ipsum autem hic omnis labore. Et labore sit in voluptatem quisquam deleniti. Ea mollitia commodi in ipsa voluptatem magni. Ratione autem excepturi officiis alias eligendi. Vel reiciendis et libero consequatur impedit laudantium. Dolor perferendis deleniti neque qui tenetur consequuntur.<p><br/><iframe frameborder="0" src="//www.youtube.com/embed/TGbUpEJ1z-k" class="note-video-clip" style="width: 100%; height: 475px; float: none;"></iframe></p><br/>Et tempore eveniet doloremque ipsam ipsa aut non quibusdam. Doloribus aut saepe perferendis quam provident voluptas. Necessitatibus excepturi fugit magnam vitae est dolor. Nihil quo dolores architecto vel velit dolorem est. Aut eum temporibus sed est. Molestiae maiores doloribus ut et adipisci quos saepe. Id facere quia repellendus voluptas non.<img src="https://loremflickr.com/640/360" style="width: 50%; float: right; margin: 20px 0 20px 20px;">Tenetur iste est sapiente eius recusandae quae. Sapiente eos quisquam sit mollitia aperiam repellat. Est iste accusantium sint sunt rerum. Corporis sed quia repellat alias. Ut ipsam dolorem non provident. Ut velit hic ratione provident veniam possimus aperiam adipisci. Possimus quae eos et fugit maxime doloribus qui. Ducimus in earum quibusdam quam et cupiditate. Est vel repellat quae cum. Ut nihil fugiat eum at. Commodi illo aperiam ratione nam culpa quis quis ad. Qui corrupti aut autem omnis iusto repellat autem. Aut officia sint voluptates nisi quo repudiandae. Magni dolorum architecto dolore dolorum odio. Eligendi sed distinctio dolores in vel corporis. Eos hic id qui sed non. Aut et commodi dolores consectetur. Provident qui earum reiciendis delectus. Alias consequatur ratione quos impedit saepe. Et mollitia et quis voluptatem. Dolor repellat animi voluptate consequatur. Id eos delectus rem ratione at libero qui. Nobis amet autem fuga a voluptas facilis deserunt ea. Voluptates asperiores sunt rerum magni aperiam labore. Et quis quos eum cum in. Ab culpa possimus eos repellat adipisci.<p><br/><img src="https://picsum.photos/640/360.webp" style="width: 100%; float: none;"></p><br/>Est incidunt et laboriosam voluptatum ut vero. Harum assumenda vel id alias sapiente ut laudantium. Reiciendis illo vero officiis vel. A rerum enim reprehenderit consequatur aut rem. Aspernatur aut ut sunt temporibus et ea. Repellendus vitae vero at ut suscipit recusandae. Quos ducimus dolor porro necessitatibus dolores consequatur. Omnis harum rerum amet. Qui magni soluta rem reiciendis expedita ea blanditiis. Aut possimus ab excepturi aliquid quisquam non optio. Molestiae eos ipsum quaerat dolorem beatae eum. At consequuntur debitis quibusdam ut aliquid nostrum.', 0.000000, NULL, 706, 0, 1, NULL, 'a-quasi-ut-perspiciatis-minima-qui-est', 6, 1, NULL, '2022-03-15 01:14:01', '2022-03-25 01:14:01');
/*!40000 ALTER TABLE `products` ENABLE KEYS */;

-- Dumping structure for table zcart2511.refunds
CREATE TABLE IF NOT EXISTS `refunds` (
  `id` bigint(20) unsigned NOT NULL AUTO_INCREMENT,
  `shop_id` int(10) unsigned DEFAULT NULL,
  `order_id` bigint(20) unsigned NOT NULL,
  `order_fulfilled` tinyint(1) DEFAULT NULL,
  `return_goods` tinyint(1) DEFAULT NULL,
  `amount` decimal(20,6) NOT NULL DEFAULT '0.000000',
  `description` longtext COLLATE utf8_unicode_ci,
  `status` int(10) unsigned NOT NULL DEFAULT '1',
  `created_at` timestamp NULL DEFAULT NULL,
  `updated_at` timestamp NULL DEFAULT NULL,
  PRIMARY KEY (`id`),
  KEY `refunds_order_id_foreign` (`order_id`),
  CONSTRAINT `refunds_order_id_foreign` FOREIGN KEY (`order_id`) REFERENCES `orders` (`id`) ON DELETE CASCADE
) ENGINE=InnoDB DEFAULT CHARSET=utf8 COLLATE=utf8_unicode_ci;

-- Dumping data for table zcart2511.refunds: ~0 rows (approximately)
/*!40000 ALTER TABLE `refunds` DISABLE KEYS */;
/*!40000 ALTER TABLE `refunds` ENABLE KEYS */;

-- Dumping structure for table zcart2511.replies
CREATE TABLE IF NOT EXISTS `replies` (
  `id` bigint(20) unsigned NOT NULL AUTO_INCREMENT,
  `reply` longtext COLLATE utf8_unicode_ci,
  `user_id` bigint(20) unsigned DEFAULT NULL,
  `customer_id` bigint(20) unsigned DEFAULT NULL,
  `read` tinyint(1) DEFAULT NULL,
  `repliable_id` bigint(20) unsigned NOT NULL,
  `repliable_type` varchar(255) COLLATE utf8_unicode_ci NOT NULL,
  `created_at` timestamp NULL DEFAULT NULL,
  `updated_at` timestamp NULL DEFAULT NULL,
  PRIMARY KEY (`id`),
  KEY `replies_user_id_foreign` (`user_id`),
  CONSTRAINT `replies_user_id_foreign` FOREIGN KEY (`user_id`) REFERENCES `users` (`id`) ON DELETE SET NULL
) ENGINE=InnoDB AUTO_INCREMENT=31 DEFAULT CHARSET=utf8 COLLATE=utf8_unicode_ci;

-- Dumping data for table zcart2511.replies: ~30 rows (approximately)
/*!40000 ALTER TABLE `replies` DISABLE KEYS */;
INSERT INTO `replies` (`id`, `reply`, `user_id`, `customer_id`, `read`, `repliable_id`, `repliable_type`, `created_at`, `updated_at`) VALUES
	(1, 'Doloribus eius vel est omnis debitis ipsum id. In velit aut nam iure ea. Praesentium ut minus at ex consequatur iste. Accusamus explicabo est necessitatibus culpa perspiciatis et.', 7, NULL, 1, 1, 'App\\Models\\Message', '2022-03-23 01:15:36', '2022-03-20 01:15:36'),
	(2, 'Exercitationem sunt dolore qui. Dolorum voluptas ut suscipit. Porro at porro tempora vero veritatis minus. Vero dolores et ipsum dolore.', 4, NULL, 1, 2, 'App\\Models\\Message', '2022-03-21 01:15:36', '2022-03-13 01:15:36'),
	(3, 'Et voluptas vel cumque animi. Illo enim est cumque aperiam ad et dolor exercitationem. Delectus dolor voluptatum a quo quam laboriosam omnis nulla. Libero veritatis numquam voluptas eius.', 5, NULL, 1, 1, 'App\\Models\\Message', '2022-03-14 01:15:36', '2022-03-23 01:15:36'),
	(4, 'Esse velit sit similique aut rerum incidunt eos eius. Eum ea provident dolorem et corporis quisquam amet. Veniam ipsum quia deleniti quaerat rerum eos aut. Iure omnis architecto inventore neque eaque autem sint.', 2, NULL, 1, 1, 'App\\Models\\Ticket', '2022-03-10 01:15:36', '2022-03-12 01:15:36'),
	(5, 'Omnis voluptatem velit tempora aut officiis architecto minus. Ipsa ut voluptatem est amet. Exercitationem hic magnam dicta.', 1, NULL, 0, 3, 'App\\Models\\Ticket', '2022-03-16 01:15:36', '2022-03-11 01:15:36'),
	(6, 'Molestiae deleniti doloremque reprehenderit animi sed quaerat. Sequi et eum fugit assumenda odit amet. Placeat nisi qui tempora explicabo similique omnis. Minima perspiciatis consequuntur ut omnis id.', 5, NULL, 1, 3, 'App\\Models\\Ticket', '2022-03-25 01:15:36', '2022-03-17 01:15:36'),
	(7, 'Eius eveniet neque ab pariatur corrupti eius. Modi exercitationem illum expedita consequatur magni distinctio sit. Corporis aut ut provident nobis doloremque explicabo qui nesciunt. Quisquam est fugit unde distinctio. Deleniti recusandae veritatis eum in.', 5, NULL, 0, 4, 'App\\Models\\Ticket', '2022-03-21 01:15:36', '2022-03-22 01:15:36'),
	(8, 'Aperiam minus saepe architecto sunt distinctio ipsam. Dolores et et eligendi sit ex praesentium repellendus. Libero qui voluptatem reprehenderit accusantium.', 7, NULL, 0, 1, 'App\\Models\\Ticket', '2022-03-19 01:15:36', '2022-03-12 01:15:36'),
	(9, 'Voluptas itaque ea eum corporis qui ut consequatur. Temporibus eius rerum aut aut totam officiis. Deleniti nulla eum et.', 7, NULL, 1, 5, 'App\\Models\\Ticket', '2022-03-15 01:15:36', '2022-03-16 01:15:36'),
	(10, 'Voluptate qui ut sint itaque fugit quos. Occaecati ipsam omnis veritatis quaerat sit. Debitis occaecati tempora voluptas illum quidem.', 2, NULL, 1, 5, 'App\\Models\\Ticket', '2022-03-21 01:15:36', '2022-03-13 01:15:36'),
	(11, 'Quisquam sed laboriosam et ab et. Recusandae deleniti enim dolorem quo nisi aut repellendus.', 2, NULL, 1, 2, 'App\\Models\\Message', '2022-03-10 01:15:36', '2022-03-24 01:15:36'),
	(12, 'Earum assumenda quas ut quo et voluptates commodi. Corporis sequi asperiores ea. Et natus quibusdam corporis non reprehenderit ut omnis voluptas.', 1, NULL, 0, 4, 'App\\Models\\Message', '2022-03-16 01:15:36', '2022-03-21 01:15:36'),
	(13, 'Aut consequatur eveniet magnam eum et. Sunt porro unde qui. Iste delectus saepe est consequatur quod nisi sed.', 7, NULL, 1, 2, 'App\\Models\\Message', '2022-03-15 01:15:36', '2022-03-21 01:15:36'),
	(14, 'Itaque aut autem accusamus. Itaque harum magni ipsum magni quis omnis consectetur ratione. Hic excepturi eos tempore ut voluptatum delectus.', 4, NULL, 0, 1, 'App\\Models\\Message', '2022-03-12 01:15:36', '2022-03-21 01:15:36'),
	(15, 'Error quasi velit molestiae ut nemo. Sed beatae numquam est ipsam. Explicabo neque beatae reiciendis quaerat et eligendi. Est aut unde consequatur magnam consequuntur.', 3, NULL, 0, 2, 'App\\Models\\Message', '2022-03-16 01:15:36', '2022-03-15 01:15:36'),
	(16, 'Sed dolor accusantium eligendi. Quo tempore rem optio occaecati corporis. Omnis corrupti et modi voluptatibus. Possimus eos molestiae eaque alias molestias qui voluptates ut.', 7, NULL, 1, 4, 'App\\Models\\Message', '2022-03-13 01:15:36', '2022-03-15 01:15:36'),
	(17, 'Delectus consequatur rem quis numquam deserunt aspernatur. Autem provident earum nihil eos. Molestiae sit non nesciunt aut.', 5, NULL, 1, 1, 'App\\Models\\Message', '2022-03-20 01:15:36', '2022-03-10 01:15:36'),
	(18, 'Accusantium et asperiores ex deleniti libero dolorem nihil. Itaque eos id quas sed iste blanditiis qui.', 5, NULL, 1, 3, 'App\\Models\\Ticket', '2022-03-19 01:15:36', '2022-03-17 01:15:36'),
	(19, 'Quod ea qui et aut ea. Natus aut voluptatibus necessitatibus est beatae omnis et nesciunt. Saepe repellat quod totam cumque occaecati dolores aut. Qui et blanditiis iure eligendi.', 7, NULL, 0, 1, 'App\\Models\\Ticket', '2022-03-13 01:15:36', '2022-03-12 01:15:36'),
	(20, 'Consequatur sunt ratione odit odit quos laborum. Molestiae molestiae omnis consequuntur neque rerum quo quibusdam. Ipsa iure sint velit et voluptas molestiae. Sit qui nam repudiandae.', 7, NULL, 1, 1, 'App\\Models\\Ticket', '2022-03-23 01:15:36', '2022-03-19 01:15:36'),
	(21, 'Qui qui debitis aut libero. Occaecati ex ea rerum aut ut. Iusto vel dicta possimus et culpa. Autem sit praesentium in soluta magni et.', 4, NULL, 0, 4, 'App\\Models\\Message', '2022-03-11 01:15:36', '2022-03-11 01:15:36'),
	(22, 'Ipsa reprehenderit vel et et fugit. Voluptas nam omnis id nam et at accusamus. Sed itaque adipisci voluptatum vel. Provident eveniet dolorem quos perspiciatis assumenda pariatur.', 6, NULL, 0, 5, 'App\\Models\\Ticket', '2022-03-19 01:15:36', '2022-03-22 01:15:36'),
	(23, 'Tempora laboriosam quos doloribus nemo voluptatem. Beatae ipsa tempora quo aliquam fugit cum. Ipsam vel qui aperiam sint non. Nobis occaecati voluptates voluptas doloribus inventore dignissimos dolorem. Numquam aut est nulla quidem molestias officia atque.', 4, NULL, 1, 4, 'App\\Models\\Ticket', '2022-03-10 01:15:36', '2022-03-13 01:15:36'),
	(24, 'Sint magnam animi facere nihil consequatur. Temporibus eum corporis impedit quia harum. Est illo error blanditiis numquam.', 3, NULL, 0, 2, 'App\\Models\\Message', '2022-03-14 01:15:36', '2022-03-15 01:15:36'),
	(25, 'Amet sint ab est. Voluptatem fugiat esse voluptatem eum velit quis aut. Iusto quia nihil blanditiis sapiente tempore doloribus explicabo. Rerum possimus repellat eius reprehenderit optio.', 2, NULL, 0, 2, 'App\\Models\\Message', '2022-03-23 01:15:36', '2022-03-22 01:15:36'),
	(26, 'Et maiores nisi delectus excepturi beatae. Labore autem fugiat itaque voluptates architecto. Eos maiores et ea excepturi accusantium sed.', 2, NULL, 1, 3, 'App\\Models\\Ticket', '2022-03-21 01:15:36', '2022-03-20 01:15:36'),
	(27, 'Facere officiis dolor iusto voluptatibus id et est sed. Doloribus et aut quidem reprehenderit asperiores repellendus. Quasi voluptatum ut autem.', 6, NULL, 1, 4, 'App\\Models\\Message', '2022-03-11 01:15:36', '2022-03-22 01:15:36'),
	(28, 'Hic atque cupiditate impedit laboriosam sapiente ea. Et sunt ut vero soluta dicta odio. Sit ad iste quam repellendus consequatur.', 2, NULL, 0, 2, 'App\\Models\\Message', '2022-03-25 01:15:36', '2022-03-10 01:15:36'),
	(29, 'Id cumque illo occaecati omnis voluptatum voluptatibus nam. Ut possimus error minima ex quia doloribus. Maiores animi soluta corporis explicabo qui sit iste. Porro quo quos hic asperiores quia sequi mollitia.', 4, NULL, 0, 2, 'App\\Models\\Message', '2022-03-24 01:15:36', '2022-03-19 01:15:36'),
	(30, 'Nesciunt illo voluptatibus aut minus et dolorum quia. Voluptate delectus pariatur dolore incidunt distinctio saepe. Dolores pariatur illum animi et.', 2, NULL, 1, 3, 'App\\Models\\Ticket', '2022-03-21 01:15:36', '2022-03-21 01:15:36');
/*!40000 ALTER TABLE `replies` ENABLE KEYS */;

-- Dumping structure for table zcart2511.roles
CREATE TABLE IF NOT EXISTS `roles` (
  `id` int(10) unsigned NOT NULL AUTO_INCREMENT,
  `shop_id` int(10) unsigned DEFAULT NULL,
  `name` varchar(255) COLLATE utf8_unicode_ci NOT NULL,
  `description` text COLLATE utf8_unicode_ci,
  `public` tinyint(1) DEFAULT NULL,
  `level` int(10) unsigned DEFAULT NULL,
  `deleted_at` timestamp NULL DEFAULT NULL,
  `created_at` timestamp NULL DEFAULT NULL,
  `updated_at` timestamp NULL DEFAULT NULL,
  PRIMARY KEY (`id`)
) ENGINE=InnoDB AUTO_INCREMENT=6 DEFAULT CHARSET=utf8 COLLATE=utf8_unicode_ci;

-- Dumping data for table zcart2511.roles: ~5 rows (approximately)
/*!40000 ALTER TABLE `roles` DISABLE KEYS */;
INSERT INTO `roles` (`id`, `shop_id`, `name`, `description`, `public`, `level`, `deleted_at`, `created_at`, `updated_at`) VALUES
	(1, NULL, 'Super Admin', 'Super Admin can do anything over the application.', 0, 1, NULL, '2022-03-25 01:12:29', '2022-03-25 01:12:29'),
	(2, NULL, 'Admin', 'Admins can do anything over the application. Just cant access Super Admin and other Admins information.', 0, 2, NULL, '2022-03-25 01:12:29', '2022-03-25 01:12:29'),
	(3, NULL, 'Merchant', 'The owner of a shop. A merchant can control all contents under his/her shop.', 0, 3, NULL, '2022-03-25 01:12:29', '2022-03-25 01:12:29'),
	(4, NULL, 'Modaretor', 'Can access all information except the shop settings in under his/her shop.', 1, 4, NULL, '2022-03-25 01:12:29', '2022-03-25 01:12:29'),
	(5, NULL, 'Order Handler', 'Only can access order information under his/her shop.', 1, 5, NULL, '2022-03-25 01:12:29', '2022-03-25 01:12:29');
/*!40000 ALTER TABLE `roles` ENABLE KEYS */;

-- Dumping structure for table zcart2511.shipping_rates
CREATE TABLE IF NOT EXISTS `shipping_rates` (
  `id` int(10) unsigned NOT NULL AUTO_INCREMENT,
  `name` varchar(255) COLLATE utf8_unicode_ci NOT NULL,
  `shipping_zone_id` int(10) unsigned NOT NULL,
  `carrier_id` int(10) unsigned DEFAULT NULL,
  `based_on` enum('price','weight') COLLATE utf8_unicode_ci NOT NULL DEFAULT 'price',
  `minimum` decimal(20,6) DEFAULT NULL,
  `maximum` decimal(20,6) DEFAULT NULL,
  `rate` decimal(20,6) DEFAULT NULL,
  `delivery_takes` varchar(255) COLLATE utf8_unicode_ci DEFAULT NULL,
  `created_at` timestamp NULL DEFAULT NULL,
  `updated_at` timestamp NULL DEFAULT NULL,
  PRIMARY KEY (`id`),
  KEY `shipping_rates_shipping_zone_id_index` (`shipping_zone_id`),
  CONSTRAINT `shipping_rates_shipping_zone_id_foreign` FOREIGN KEY (`shipping_zone_id`) REFERENCES `shipping_zones` (`id`) ON DELETE CASCADE
) ENGINE=InnoDB AUTO_INCREMENT=51 DEFAULT CHARSET=utf8 COLLATE=utf8_unicode_ci;

-- Dumping data for table zcart2511.shipping_rates: ~50 rows (approximately)
/*!40000 ALTER TABLE `shipping_rates` DISABLE KEYS */;
INSERT INTO `shipping_rates` (`id`, `name`, `shipping_zone_id`, `carrier_id`, `based_on`, `minimum`, `maximum`, `rate`, `delivery_takes`, `created_at`, `updated_at`) VALUES
	(1, 'quibusdam', 1, 4, 'weight', 0.000000, 2000.000000, 15.000000, '10-27 days', '2022-03-25 01:14:25', '2022-03-25 01:14:25'),
	(2, 'itaque', 1, 3, 'weight', 0.000000, 2000.000000, 4.000000, '7-11 days', '2022-03-25 01:14:25', '2022-03-25 01:14:25'),
	(3, 'laudantium', 1, 5, 'price', 0.000000, NULL, 6.000000, '9-11 days', '2022-03-25 01:14:25', '2022-03-25 01:14:25'),
	(4, 'mollitia', 1, 3, 'price', 0.000000, NULL, 0.000000, '2-14 days', '2022-03-25 01:14:25', '2022-03-25 01:14:25'),
	(5, 'quo', 1, 4, 'weight', 0.000000, 2000.000000, 17.000000, '1-18 days', '2022-03-25 01:14:25', '2022-03-25 01:14:25'),
	(6, 'sed', 2, 1, 'price', 0.000000, NULL, 1.000000, '1-16 days', '2022-03-25 01:14:25', '2022-03-25 01:14:25'),
	(7, 'cumque', 2, 4, 'weight', 0.000000, 2000.000000, 7.000000, '18-20 days', '2022-03-25 01:14:25', '2022-03-25 01:14:25'),
	(8, 'est', 2, 2, 'weight', 0.000000, 2000.000000, 9.000000, '1-4 days', '2022-03-25 01:14:25', '2022-03-25 01:14:25'),
	(9, 'officiis', 2, 2, 'price', 0.000000, NULL, 7.000000, '4-5 days', '2022-03-25 01:14:25', '2022-03-25 01:14:25'),
	(10, 'optio', 2, 1, 'weight', 0.000000, 2000.000000, 11.000000, '11-30 days', '2022-03-25 01:14:25', '2022-03-25 01:14:25'),
	(11, 'et', 3, 4, 'price', 0.000000, NULL, 13.000000, '9-19 days', '2022-03-25 01:14:25', '2022-03-25 01:14:25'),
	(12, 'molestiae', 3, 1, 'weight', 0.000000, 2000.000000, 9.000000, '9-10 days', '2022-03-25 01:14:25', '2022-03-25 01:14:25'),
	(13, 'impedit', 3, 3, 'price', 0.000000, NULL, 9.000000, '3-11 days', '2022-03-25 01:14:25', '2022-03-25 01:14:25'),
	(14, 'possimus', 3, 4, 'price', 0.000000, NULL, 10.000000, '6-10 days', '2022-03-25 01:14:25', '2022-03-25 01:14:25'),
	(15, 'commodi', 3, 3, 'price', 0.000000, NULL, 19.000000, '1-7 days', '2022-03-25 01:14:26', '2022-03-25 01:14:26'),
	(16, 'adipisci', 4, 3, 'price', 0.000000, NULL, 10.000000, '9-27 days', '2022-03-25 01:14:26', '2022-03-25 01:14:26'),
	(17, 'tempora', 4, 1, 'weight', 0.000000, 2000.000000, 18.000000, '7-26 days', '2022-03-25 01:14:26', '2022-03-25 01:14:26'),
	(18, 'deleniti', 4, 5, 'price', 0.000000, NULL, 10.000000, '3-21 days', '2022-03-25 01:14:26', '2022-03-25 01:14:26'),
	(19, 'tempore', 4, 3, 'price', 0.000000, NULL, 12.000000, '16-23 days', '2022-03-25 01:14:26', '2022-03-25 01:14:26'),
	(20, 'quos', 4, 4, 'price', 0.000000, NULL, 15.000000, '3-21 days', '2022-03-25 01:14:26', '2022-03-25 01:14:26'),
	(21, 'omnis', 5, 5, 'price', 0.000000, NULL, 1.000000, '8-21 days', '2022-03-25 01:14:26', '2022-03-25 01:14:26'),
	(22, 'inventore', 5, 5, 'weight', 0.000000, 2000.000000, 18.000000, '4-17 days', '2022-03-25 01:14:26', '2022-03-25 01:14:26'),
	(23, 'nihil', 5, 3, 'weight', 0.000000, 2000.000000, 12.000000, '13-16 days', '2022-03-25 01:14:26', '2022-03-25 01:14:26'),
	(24, 'sunt', 5, 1, 'price', 0.000000, NULL, 5.000000, '12-13 days', '2022-03-25 01:14:26', '2022-03-25 01:14:26'),
	(25, 'voluptatem', 5, 2, 'weight', 0.000000, 2000.000000, 4.000000, '7-21 days', '2022-03-25 01:14:26', '2022-03-25 01:14:26'),
	(26, 'accusamus', 6, 1, 'price', 0.000000, NULL, 17.000000, '5-13 days', '2022-03-25 01:14:26', '2022-03-25 01:14:26'),
	(27, 'magni', 6, 1, 'weight', 0.000000, 2000.000000, 18.000000, '15-23 days', '2022-03-25 01:14:26', '2022-03-25 01:14:26'),
	(28, 'omnis', 6, 2, 'price', 0.000000, NULL, 0.000000, '8-10 days', '2022-03-25 01:14:26', '2022-03-25 01:14:26'),
	(29, 'culpa', 6, 2, 'price', 0.000000, NULL, 16.000000, '13-28 days', '2022-03-25 01:14:26', '2022-03-25 01:14:26'),
	(30, 'tenetur', 6, 1, 'weight', 0.000000, 2000.000000, 14.000000, '15-33 days', '2022-03-25 01:14:26', '2022-03-25 01:14:26'),
	(31, 'natus', 7, 1, 'price', 0.000000, NULL, 9.000000, '1-3 days', '2022-03-25 01:14:26', '2022-03-25 01:14:26'),
	(32, 'qui', 7, 5, 'price', 0.000000, NULL, 19.000000, '17-20 days', '2022-03-25 01:14:26', '2022-03-25 01:14:26'),
	(33, 'est', 7, 1, 'price', 0.000000, NULL, 10.000000, '14-25 days', '2022-03-25 01:14:26', '2022-03-25 01:14:26'),
	(34, 'reprehenderit', 7, 1, 'price', 0.000000, NULL, 6.000000, '10-30 days', '2022-03-25 01:14:26', '2022-03-25 01:14:26'),
	(35, 'id', 7, 5, 'price', 0.000000, NULL, 0.000000, '11-16 days', '2022-03-25 01:14:26', '2022-03-25 01:14:26'),
	(36, 'nisi', 8, 1, 'weight', 0.000000, 2000.000000, 18.000000, '10-11 days', '2022-03-25 01:14:26', '2022-03-25 01:14:26'),
	(37, 'quod', 8, 2, 'price', 0.000000, NULL, 4.000000, '6-10 days', '2022-03-25 01:14:26', '2022-03-25 01:14:26'),
	(38, 'animi', 8, 4, 'weight', 0.000000, 2000.000000, 14.000000, '11-24 days', '2022-03-25 01:14:26', '2022-03-25 01:14:26'),
	(39, 'maxime', 8, 2, 'weight', 0.000000, 2000.000000, 11.000000, '5-9 days', '2022-03-25 01:14:26', '2022-03-25 01:14:26'),
	(40, 'consequatur', 8, 2, 'price', 0.000000, NULL, 14.000000, '15-20 days', '2022-03-25 01:14:26', '2022-03-25 01:14:26'),
	(41, 'molestiae', 9, 1, 'price', 0.000000, NULL, 14.000000, '16-21 days', '2022-03-25 01:14:26', '2022-03-25 01:14:26'),
	(42, 'laboriosam', 9, 3, 'weight', 0.000000, 2000.000000, 4.000000, '10-26 days', '2022-03-25 01:14:26', '2022-03-25 01:14:26'),
	(43, 'sit', 9, 4, 'price', 0.000000, NULL, 15.000000, '7-13 days', '2022-03-25 01:14:26', '2022-03-25 01:14:26'),
	(44, 'aut', 9, 3, 'weight', 0.000000, 2000.000000, 1.000000, '13-20 days', '2022-03-25 01:14:27', '2022-03-25 01:14:27'),
	(45, 'sit', 9, 2, 'price', 0.000000, NULL, 11.000000, '8-13 days', '2022-03-25 01:14:27', '2022-03-25 01:14:27'),
	(46, 'aperiam', 10, 1, 'weight', 0.000000, 2000.000000, 1.000000, '9-25 days', '2022-03-25 01:14:27', '2022-03-25 01:14:27'),
	(47, 'vitae', 10, 2, 'weight', 0.000000, 2000.000000, 2.000000, '16-36 days', '2022-03-25 01:14:27', '2022-03-25 01:14:27'),
	(48, 'tempore', 10, 1, 'price', 0.000000, NULL, 0.000000, '3-7 days', '2022-03-25 01:14:27', '2022-03-25 01:14:27'),
	(49, 'rerum', 10, 2, 'weight', 0.000000, 2000.000000, 18.000000, '9-19 days', '2022-03-25 01:14:27', '2022-03-25 01:14:27'),
	(50, 'tempore', 10, 4, 'price', 0.000000, NULL, 20.000000, '20-36 days', '2022-03-25 01:14:27', '2022-03-25 01:14:27');
/*!40000 ALTER TABLE `shipping_rates` ENABLE KEYS */;

-- Dumping structure for table zcart2511.shipping_zones
CREATE TABLE IF NOT EXISTS `shipping_zones` (
  `id` int(10) unsigned NOT NULL AUTO_INCREMENT,
  `shop_id` int(10) unsigned DEFAULT NULL,
  `name` varchar(255) COLLATE utf8_unicode_ci NOT NULL,
  `tax_id` int(10) unsigned DEFAULT NULL,
  `country_ids` text COLLATE utf8_unicode_ci,
  `state_ids` longtext COLLATE utf8_unicode_ci,
  `rest_of_the_world` tinyint(1) NOT NULL DEFAULT '0',
  `active` tinyint(1) NOT NULL DEFAULT '1',
  `created_at` timestamp NULL DEFAULT NULL,
  `updated_at` timestamp NULL DEFAULT NULL,
  PRIMARY KEY (`id`)
) ENGINE=InnoDB AUTO_INCREMENT=14 DEFAULT CHARSET=utf8 COLLATE=utf8_unicode_ci;

-- Dumping data for table zcart2511.shipping_zones: ~13 rows (approximately)
/*!40000 ALTER TABLE `shipping_zones` DISABLE KEYS */;
INSERT INTO `shipping_zones` (`id`, `shop_id`, `name`, `tax_id`, `country_ids`, `state_ids`, `rest_of_the_world`, `active`, `created_at`, `updated_at`) VALUES
	(1, 1, 'Domestic', 1, 'a:2:{i:0;i:50;i:1;i:840;}', 'a:67:{i:0;i:64;i:1;i:65;i:2;i:66;i:3;i:67;i:4;i:68;i:5;i:69;i:6;i:70;i:7;i:71;i:8;i:1371;i:9;i:1372;i:10;i:1373;i:11;i:1374;i:12;i:1375;i:13;i:1376;i:14;i:1377;i:15;i:1378;i:16;i:1379;i:17;i:1380;i:18;i:1381;i:19;i:1382;i:20;i:1383;i:21;i:1384;i:22;i:1385;i:23;i:1386;i:24;i:1387;i:25;i:1388;i:26;i:1389;i:27;i:1390;i:28;i:1391;i:29;i:1392;i:30;i:1393;i:31;i:1394;i:32;i:1395;i:33;i:1396;i:34;i:1397;i:35;i:1398;i:36;i:1399;i:37;i:1400;i:38;i:1401;i:39;i:1402;i:40;i:1403;i:41;i:1404;i:42;i:1405;i:43;i:1406;i:44;i:1407;i:45;i:1408;i:46;i:1409;i:47;i:1410;i:48;i:1411;i:49;i:1412;i:50;i:1413;i:51;i:1414;i:52;i:1415;i:53;i:1416;i:54;i:1417;i:55;i:1418;i:56;i:1419;i:57;i:1420;i:58;i:1421;i:59;i:1422;i:60;i:1423;i:61;i:1424;i:62;i:1425;i:63;i:1426;i:64;i:1427;i:65;i:1428;i:66;i:1429;}', 0, 1, '2022-03-25 01:13:38', '2022-03-25 01:13:38'),
	(2, 1, 'Worldwide', 1, NULL, NULL, 1, 1, '2022-03-25 01:13:38', '2022-03-25 01:13:38'),
	(3, 2, 'Domestic', 1, 'a:2:{i:0;i:50;i:1;i:840;}', 'a:67:{i:0;i:64;i:1;i:65;i:2;i:66;i:3;i:67;i:4;i:68;i:5;i:69;i:6;i:70;i:7;i:71;i:8;i:1371;i:9;i:1372;i:10;i:1373;i:11;i:1374;i:12;i:1375;i:13;i:1376;i:14;i:1377;i:15;i:1378;i:16;i:1379;i:17;i:1380;i:18;i:1381;i:19;i:1382;i:20;i:1383;i:21;i:1384;i:22;i:1385;i:23;i:1386;i:24;i:1387;i:25;i:1388;i:26;i:1389;i:27;i:1390;i:28;i:1391;i:29;i:1392;i:30;i:1393;i:31;i:1394;i:32;i:1395;i:33;i:1396;i:34;i:1397;i:35;i:1398;i:36;i:1399;i:37;i:1400;i:38;i:1401;i:39;i:1402;i:40;i:1403;i:41;i:1404;i:42;i:1405;i:43;i:1406;i:44;i:1407;i:45;i:1408;i:46;i:1409;i:47;i:1410;i:48;i:1411;i:49;i:1412;i:50;i:1413;i:51;i:1414;i:52;i:1415;i:53;i:1416;i:54;i:1417;i:55;i:1418;i:56;i:1419;i:57;i:1420;i:58;i:1421;i:59;i:1422;i:60;i:1423;i:61;i:1424;i:62;i:1425;i:63;i:1426;i:64;i:1427;i:65;i:1428;i:66;i:1429;}', 0, 1, '2022-03-25 01:13:38', '2022-03-25 01:13:38'),
	(4, 2, 'Worldwide', 1, NULL, NULL, 1, 1, '2022-03-25 01:13:38', '2022-03-25 01:13:38'),
	(5, 3, 'Domestic', 1, 'a:2:{i:0;i:50;i:1;i:840;}', 'a:67:{i:0;i:64;i:1;i:65;i:2;i:66;i:3;i:67;i:4;i:68;i:5;i:69;i:6;i:70;i:7;i:71;i:8;i:1371;i:9;i:1372;i:10;i:1373;i:11;i:1374;i:12;i:1375;i:13;i:1376;i:14;i:1377;i:15;i:1378;i:16;i:1379;i:17;i:1380;i:18;i:1381;i:19;i:1382;i:20;i:1383;i:21;i:1384;i:22;i:1385;i:23;i:1386;i:24;i:1387;i:25;i:1388;i:26;i:1389;i:27;i:1390;i:28;i:1391;i:29;i:1392;i:30;i:1393;i:31;i:1394;i:32;i:1395;i:33;i:1396;i:34;i:1397;i:35;i:1398;i:36;i:1399;i:37;i:1400;i:38;i:1401;i:39;i:1402;i:40;i:1403;i:41;i:1404;i:42;i:1405;i:43;i:1406;i:44;i:1407;i:45;i:1408;i:46;i:1409;i:47;i:1410;i:48;i:1411;i:49;i:1412;i:50;i:1413;i:51;i:1414;i:52;i:1415;i:53;i:1416;i:54;i:1417;i:55;i:1418;i:56;i:1419;i:57;i:1420;i:58;i:1421;i:59;i:1422;i:60;i:1423;i:61;i:1424;i:62;i:1425;i:63;i:1426;i:64;i:1427;i:65;i:1428;i:66;i:1429;}', 0, 1, '2022-03-25 01:13:38', '2022-03-25 01:13:38'),
	(6, 3, 'Worldwide', 1, NULL, NULL, 1, 1, '2022-03-25 01:13:38', '2022-03-25 01:13:38'),
	(7, 4, 'Domestic', 1, 'a:2:{i:0;i:50;i:1;i:840;}', 'a:67:{i:0;i:64;i:1;i:65;i:2;i:66;i:3;i:67;i:4;i:68;i:5;i:69;i:6;i:70;i:7;i:71;i:8;i:1371;i:9;i:1372;i:10;i:1373;i:11;i:1374;i:12;i:1375;i:13;i:1376;i:14;i:1377;i:15;i:1378;i:16;i:1379;i:17;i:1380;i:18;i:1381;i:19;i:1382;i:20;i:1383;i:21;i:1384;i:22;i:1385;i:23;i:1386;i:24;i:1387;i:25;i:1388;i:26;i:1389;i:27;i:1390;i:28;i:1391;i:29;i:1392;i:30;i:1393;i:31;i:1394;i:32;i:1395;i:33;i:1396;i:34;i:1397;i:35;i:1398;i:36;i:1399;i:37;i:1400;i:38;i:1401;i:39;i:1402;i:40;i:1403;i:41;i:1404;i:42;i:1405;i:43;i:1406;i:44;i:1407;i:45;i:1408;i:46;i:1409;i:47;i:1410;i:48;i:1411;i:49;i:1412;i:50;i:1413;i:51;i:1414;i:52;i:1415;i:53;i:1416;i:54;i:1417;i:55;i:1418;i:56;i:1419;i:57;i:1420;i:58;i:1421;i:59;i:1422;i:60;i:1423;i:61;i:1424;i:62;i:1425;i:63;i:1426;i:64;i:1427;i:65;i:1428;i:66;i:1429;}', 0, 1, '2022-03-25 01:13:38', '2022-03-25 01:13:38'),
	(8, 4, 'Worldwide', 1, NULL, NULL, 1, 1, '2022-03-25 01:13:38', '2022-03-25 01:13:38'),
	(9, 5, 'Domestic', 1, 'a:2:{i:0;i:50;i:1;i:840;}', 'a:67:{i:0;i:64;i:1;i:65;i:2;i:66;i:3;i:67;i:4;i:68;i:5;i:69;i:6;i:70;i:7;i:71;i:8;i:1371;i:9;i:1372;i:10;i:1373;i:11;i:1374;i:12;i:1375;i:13;i:1376;i:14;i:1377;i:15;i:1378;i:16;i:1379;i:17;i:1380;i:18;i:1381;i:19;i:1382;i:20;i:1383;i:21;i:1384;i:22;i:1385;i:23;i:1386;i:24;i:1387;i:25;i:1388;i:26;i:1389;i:27;i:1390;i:28;i:1391;i:29;i:1392;i:30;i:1393;i:31;i:1394;i:32;i:1395;i:33;i:1396;i:34;i:1397;i:35;i:1398;i:36;i:1399;i:37;i:1400;i:38;i:1401;i:39;i:1402;i:40;i:1403;i:41;i:1404;i:42;i:1405;i:43;i:1406;i:44;i:1407;i:45;i:1408;i:46;i:1409;i:47;i:1410;i:48;i:1411;i:49;i:1412;i:50;i:1413;i:51;i:1414;i:52;i:1415;i:53;i:1416;i:54;i:1417;i:55;i:1418;i:56;i:1419;i:57;i:1420;i:58;i:1421;i:59;i:1422;i:60;i:1423;i:61;i:1424;i:62;i:1425;i:63;i:1426;i:64;i:1427;i:65;i:1428;i:66;i:1429;}', 0, 1, '2022-03-25 01:13:38', '2022-03-25 01:13:38'),
	(10, 5, 'Worldwide', 1, NULL, NULL, 1, 1, '2022-03-25 01:13:38', '2022-03-25 01:13:38'),
	(11, 6, 'Worldwide', 1, 'a:0:{}', 'a:0:{}', 1, 1, '2022-03-25 01:59:52', '2022-03-25 01:59:52'),
	(12, 7, 'Worldwide', 1, 'a:0:{}', 'a:0:{}', 1, 1, '2022-03-25 02:18:55', '2022-03-25 02:18:55'),
	(13, 8, 'Worldwide', 1, 'a:0:{}', 'a:0:{}', 1, 1, '2022-03-25 02:19:41', '2022-03-25 02:19:41');
/*!40000 ALTER TABLE `shipping_zones` ENABLE KEYS */;

-- Dumping structure for table zcart2511.shops
CREATE TABLE IF NOT EXISTS `shops` (
  `id` int(10) unsigned NOT NULL AUTO_INCREMENT,
  `owner_id` bigint(20) unsigned NOT NULL,
  `name` text COLLATE utf8_unicode_ci,
  `legal_name` text COLLATE utf8_unicode_ci,
  `slug` varchar(200) COLLATE utf8_unicode_ci NOT NULL,
  `email` varchar(255) COLLATE utf8_unicode_ci NOT NULL,
  `description` longtext COLLATE utf8_unicode_ci,
  `external_url` varchar(255) COLLATE utf8_unicode_ci DEFAULT NULL,
  `timezone_id` int(11) DEFAULT NULL,
  `current_billing_plan` varchar(255) COLLATE utf8_unicode_ci DEFAULT NULL,
  `stripe_id` varchar(255) COLLATE utf8_unicode_ci DEFAULT NULL,
  `card_holder_name` text COLLATE utf8_unicode_ci,
  `pm_type` varchar(255) COLLATE utf8_unicode_ci DEFAULT NULL,
  `pm_last_four` varchar(255) COLLATE utf8_unicode_ci DEFAULT NULL,
  `trial_ends_at` timestamp NULL DEFAULT NULL,
  `hide_trial_notice` tinyint(1) DEFAULT NULL,
  `active` tinyint(1) DEFAULT '0',
  `current_sale_amount` decimal(64,6) NOT NULL DEFAULT '0.000000',
  `payment_verified` tinyint(1) DEFAULT NULL,
  `id_verified` tinyint(1) DEFAULT NULL,
  `phone_verified` tinyint(1) DEFAULT NULL,
  `address_verified` tinyint(1) DEFAULT NULL,
  `deleted_at` timestamp NULL DEFAULT NULL,
  `created_at` timestamp NULL DEFAULT NULL,
  `updated_at` timestamp NULL DEFAULT NULL,
  PRIMARY KEY (`id`),
  UNIQUE KEY `shops_slug_unique` (`slug`),
  UNIQUE KEY `shops_email_unique` (`email`),
  KEY `shops_owner_id_foreign` (`owner_id`),
  CONSTRAINT `shops_owner_id_foreign` FOREIGN KEY (`owner_id`) REFERENCES `users` (`id`) ON DELETE CASCADE
) ENGINE=InnoDB AUTO_INCREMENT=9 DEFAULT CHARSET=utf8 COLLATE=utf8_unicode_ci;

-- Dumping data for table zcart2511.shops: ~8 rows (approximately)
/*!40000 ALTER TABLE `shops` DISABLE KEYS */;
INSERT INTO `shops` (`id`, `owner_id`, `name`, `legal_name`, `slug`, `email`, `description`, `external_url`, `timezone_id`, `current_billing_plan`, `stripe_id`, `card_holder_name`, `pm_type`, `pm_last_four`, `trial_ends_at`, `hide_trial_notice`, `active`, `current_sale_amount`, `payment_verified`, `id_verified`, `phone_verified`, `address_verified`, `deleted_at`, `created_at`, `updated_at`) VALUES
	(1, 3, 'Haraj Marib', 'Haraj Marib Ltd.', 'haraj-marib', 'info@harajmarib.com', 'market place multivendor', 'https://harajmarib.com', 73, NULL, NULL, NULL, NULL, NULL, NULL, NULL, 1, 0.000000, 1, 1, 1, 1, NULL, '2022-03-25 01:13:38', '2022-03-25 16:12:03'),
	(2, 4, 'Ehsas', 'Ehsas Ltd.', 'ehsas', 'info@ehsas.net', 'ehsas is drop shopping website for perfumes', 'https://ehsas.net', 55, NULL, NULL, NULL, NULL, NULL, NULL, NULL, 1, 0.000000, 1, 1, 1, 1, NULL, '2022-03-25 01:13:38', '2022-03-25 16:12:58'),
	(3, 5, 'Arab Code', 'Arab Code Ltd.', 'arab-code', 'info@arabcode.online', '<p>Arabcode platform to sell scripts , themes , plugins . and build website from scratch</p><p><br></p>', 'https://arabcode.online', 55, NULL, NULL, NULL, NULL, NULL, NULL, NULL, 1, 0.000000, 1, 1, 1, 1, NULL, '2022-03-25 01:13:38', '2022-03-25 16:14:03'),
	(4, 6, 'Mukaq', 'Muqak Ltd.', 'muqak', 'info@muqak.com', 'Muqak is platform to building websites without codes', 'https://muqak.com', 55, NULL, NULL, NULL, NULL, NULL, NULL, NULL, 1, 0.000000, 1, 1, 1, 1, NULL, '2022-03-25 01:13:38', '2022-03-25 16:16:37'),
	(5, 7, 'Salty', 'salty Ltd.', 'tindu-gears', 'info@salty.arabcode.online', 'Salty is platform to build ecommerce store', 'https://salty.arabcode..online', 73, NULL, NULL, NULL, NULL, NULL, NULL, NULL, 1, 0.000000, 1, 1, 1, 1, NULL, '2022-03-25 01:13:38', '2022-03-25 15:18:24'),
	(6, 8, 'arab', 'arabcode', 'arab', 'mohammed.hudair@gmail.com', 'Welcome', NULL, 35, NULL, NULL, NULL, NULL, NULL, NULL, NULL, 1, 0.000000, NULL, NULL, NULL, NULL, '2022-03-25 16:05:47', '2022-03-25 01:59:52', '2022-03-25 16:05:47'),
	(7, 9, 'arabcode', NULL, 'arabcode', 'arab6ode@gmail.com', 'Welcome', NULL, 35, NULL, NULL, NULL, NULL, NULL, NULL, NULL, 0, 0.000000, NULL, NULL, NULL, NULL, '2022-03-25 16:05:33', '2022-03-25 02:18:54', '2022-03-25 16:05:33'),
	(8, 10, 'yyy', NULL, 'yyy', 'mhudair30@gmail.com', 'Welcome', NULL, 35, NULL, NULL, NULL, NULL, NULL, NULL, NULL, 0, 0.000000, NULL, NULL, NULL, NULL, '2022-03-25 16:05:06', '2022-03-25 02:19:41', '2022-03-25 16:05:06');
/*!40000 ALTER TABLE `shops` ENABLE KEYS */;

-- Dumping structure for table zcart2511.shop_payment_methods
CREATE TABLE IF NOT EXISTS `shop_payment_methods` (
  `payment_method_id` int(10) unsigned NOT NULL,
  `shop_id` int(10) unsigned NOT NULL,
  `created_at` timestamp NULL DEFAULT NULL,
  `updated_at` timestamp NULL DEFAULT NULL,
  KEY `shop_payment_methods_payment_method_id_index` (`payment_method_id`),
  KEY `shop_payment_methods_shop_id_index` (`shop_id`),
  CONSTRAINT `shop_payment_methods_payment_method_id_foreign` FOREIGN KEY (`payment_method_id`) REFERENCES `payment_methods` (`id`) ON DELETE CASCADE,
  CONSTRAINT `shop_payment_methods_shop_id_foreign` FOREIGN KEY (`shop_id`) REFERENCES `shops` (`id`) ON DELETE CASCADE
) ENGINE=InnoDB DEFAULT CHARSET=utf8 COLLATE=utf8_unicode_ci;

-- Dumping data for table zcart2511.shop_payment_methods: ~10 rows (approximately)
/*!40000 ALTER TABLE `shop_payment_methods` DISABLE KEYS */;
INSERT INTO `shop_payment_methods` (`payment_method_id`, `shop_id`, `created_at`, `updated_at`) VALUES
	(6, 1, '2022-03-25 01:13:30', '2022-03-25 01:13:30'),
	(7, 1, '2022-03-25 01:13:30', '2022-03-25 01:13:30'),
	(6, 2, '2022-03-25 01:13:30', '2022-03-25 01:13:30'),
	(7, 2, '2022-03-25 01:13:30', '2022-03-25 01:13:30'),
	(6, 3, '2022-03-25 01:13:30', '2022-03-25 01:13:30'),
	(7, 3, '2022-03-25 01:13:30', '2022-03-25 01:13:30'),
	(6, 4, '2022-03-25 01:13:30', '2022-03-25 01:13:30'),
	(7, 4, '2022-03-25 01:13:30', '2022-03-25 01:13:30'),
	(6, 5, '2022-03-25 01:13:30', '2022-03-25 01:13:30'),
	(7, 5, '2022-03-25 01:13:30', '2022-03-25 01:13:30'),
	(6, 8, '2022-03-25 02:21:12', '2022-03-25 02:21:12');
/*!40000 ALTER TABLE `shop_payment_methods` ENABLE KEYS */;

-- Dumping structure for table zcart2511.sliders
CREATE TABLE IF NOT EXISTS `sliders` (
  `id` int(10) unsigned NOT NULL AUTO_INCREMENT,
  `title` varchar(255) COLLATE utf8_unicode_ci DEFAULT NULL,
  `title_color` varchar(20) COLLATE utf8_unicode_ci DEFAULT '#333E48',
  `sub_title` varchar(255) COLLATE utf8_unicode_ci DEFAULT NULL,
  `sub_title_color` varchar(20) COLLATE utf8_unicode_ci DEFAULT '#333E48',
  `description` varchar(255) COLLATE utf8_unicode_ci DEFAULT NULL,
  `description_color` varchar(20) COLLATE utf8_unicode_ci NOT NULL DEFAULT '#868E8E',
  `alt_color` varchar(20) COLLATE utf8_unicode_ci NOT NULL DEFAULT '#FED700',
  `link` text COLLATE utf8_unicode_ci,
  `order` int(11) NOT NULL DEFAULT '100',
  `text_position` varchar(10) COLLATE utf8_unicode_ci NOT NULL DEFAULT 'right',
  `created_at` timestamp NULL DEFAULT NULL,
  `updated_at` timestamp NULL DEFAULT NULL,
  PRIMARY KEY (`id`)
) ENGINE=InnoDB AUTO_INCREMENT=5 DEFAULT CHARSET=utf8 COLLATE=utf8_unicode_ci;

-- Dumping data for table zcart2511.sliders: ~4 rows (approximately)
/*!40000 ALTER TABLE `sliders` DISABLE KEYS */;
INSERT INTO `sliders` (`id`, `title`, `title_color`, `sub_title`, `sub_title_color`, `description`, `description_color`, `alt_color`, `link`, `order`, `text_position`, `created_at`, `updated_at`) VALUES
	(1, 'Slider title', '#333E48', 'Sub title <span>with color</span>', '#333E48', 'Description with a text', '#868E8E', '#FED700', '/category/corporis-voluptatem-sint-excepturi-reiciendis-repudiandae-non-libero', 1, 'left', '2022-03-25 01:15:41', '2022-03-25 01:15:41'),
	(2, 'Wireless <span>Earbuds</span>', '#333E48', 'Slider subtitle with love', '#333E48', 'Description with <span>span</span> and color', '#868E8E', '#FED700', '/category/architecto-molestiae-omnis-placeat-id-itaque-doloribus-eaque', 2, 'right', '2022-03-25 01:15:41', '2022-03-25 01:15:41'),
	(3, 'Slider Title', '#333E48', 'Without span subtitle', '#333E48', 'Slider description without span', '#868E8E', '#FED700', '/category/aliquid-atque-ea-nisi-dicta-dignissimos-ipsum', 3, 'left', '2022-03-25 01:15:41', '2022-03-25 01:15:41'),
	(4, '', '#333E48', '', '#333E48', '', '#868E8E', '#FED700', '', 4, 'right', '2022-03-25 01:15:41', '2022-03-25 01:15:41');
/*!40000 ALTER TABLE `sliders` ENABLE KEYS */;

-- Dumping structure for table zcart2511.states
CREATE TABLE IF NOT EXISTS `states` (
  `id` int(10) unsigned NOT NULL AUTO_INCREMENT,
  `country_id` int(10) unsigned NOT NULL,
  `iso_code` varchar(255) COLLATE utf8_unicode_ci NOT NULL,
  `iso_numeric` varchar(255) COLLATE utf8_unicode_ci DEFAULT NULL,
  `name` varchar(255) COLLATE utf8_unicode_ci DEFAULT NULL,
  `calling_code` varchar(5) COLLATE utf8_unicode_ci DEFAULT NULL,
  `active` tinyint(1) DEFAULT '1',
  `created_at` timestamp NULL DEFAULT NULL,
  `updated_at` timestamp NULL DEFAULT NULL,
  PRIMARY KEY (`id`),
  KEY `states_country_id_foreign` (`country_id`),
  CONSTRAINT `states_country_id_foreign` FOREIGN KEY (`country_id`) REFERENCES `countries` (`id`) ON DELETE CASCADE
) ENGINE=InnoDB AUTO_INCREMENT=1517 DEFAULT CHARSET=utf8 COLLATE=utf8_unicode_ci;

-- Dumping data for table zcart2511.states: ~1,516 rows (approximately)
/*!40000 ALTER TABLE `states` DISABLE KEYS */;
INSERT INTO `states` (`id`, `country_id`, `iso_code`, `iso_numeric`, `name`, `calling_code`, `active`, `created_at`, `updated_at`) VALUES
	(1, 784, 'AZ', NULL, 'Ab aby[Abu Dhabi]', NULL, 1, '2022-03-25 01:12:24', '2022-03-25 01:12:24'),
	(2, 784, 'AJ', NULL, 'Ajman', NULL, 1, '2022-03-25 01:12:24', '2022-03-25 01:12:24'),
	(3, 784, 'FU', NULL, 'Al Fujayrah', NULL, 1, '2022-03-25 01:12:24', '2022-03-25 01:12:24'),
	(4, 784, 'SH', NULL, 'Ash Shriqah [Sharjah]', NULL, 1, '2022-03-25 01:12:24', '2022-03-25 01:12:24'),
	(5, 784, 'DU', NULL, 'Dubayy [Dubai]', NULL, 1, '2022-03-25 01:12:24', '2022-03-25 01:12:24'),
	(6, 784, 'RK', NULL, 'R\'s al Khaymah', NULL, 1, '2022-03-25 01:12:24', '2022-03-25 01:12:24'),
	(7, 784, 'UQ', NULL, 'Umm al Qaywayn', NULL, 1, '2022-03-25 01:12:24', '2022-03-25 01:12:24'),
	(8, 51, 'AG', NULL, 'Aragaotn', NULL, 1, '2022-03-25 01:12:24', '2022-03-25 01:12:24'),
	(9, 51, 'AR', NULL, 'Ararat', NULL, 1, '2022-03-25 01:12:24', '2022-03-25 01:12:24'),
	(10, 51, 'AV', NULL, 'Armavir', NULL, 1, '2022-03-25 01:12:24', '2022-03-25 01:12:24'),
	(11, 51, 'ER', NULL, 'Erevan', NULL, 1, '2022-03-25 01:12:24', '2022-03-25 01:12:24'),
	(12, 51, 'GR', NULL, 'Geark\'unik\'', NULL, 1, '2022-03-25 01:12:24', '2022-03-25 01:12:24'),
	(13, 51, 'KT', NULL, 'Kotayk\'', NULL, 1, '2022-03-25 01:12:24', '2022-03-25 01:12:24'),
	(14, 51, 'LO', NULL, 'Loy', NULL, 1, '2022-03-25 01:12:24', '2022-03-25 01:12:24'),
	(15, 51, 'SU', NULL, 'Syunik\'', NULL, 1, '2022-03-25 01:12:24', '2022-03-25 01:12:24'),
	(16, 51, 'TV', NULL, 'Tavu', NULL, 1, '2022-03-25 01:12:24', '2022-03-25 01:12:24'),
	(17, 51, 'VD', NULL, 'Vayo Jor', NULL, 1, '2022-03-25 01:12:24', '2022-03-25 01:12:24'),
	(18, 51, 'SH', NULL, 'irak', NULL, 1, '2022-03-25 01:12:24', '2022-03-25 01:12:24'),
	(19, 32, 'B', NULL, 'Buenos Aires', NULL, 1, '2022-03-25 01:12:24', '2022-03-25 01:12:24'),
	(20, 32, 'K', NULL, 'Catamarca ', NULL, 1, '2022-03-25 01:12:24', '2022-03-25 01:12:24'),
	(21, 32, 'H', NULL, 'Chaco ', NULL, 1, '2022-03-25 01:12:24', '2022-03-25 01:12:24'),
	(22, 32, 'U', NULL, 'Chubut', NULL, 1, '2022-03-25 01:12:24', '2022-03-25 01:12:24'),
	(23, 32, 'C', NULL, 'Ciudad Autnoma de Buenos Aires', NULL, 1, '2022-03-25 01:12:24', '2022-03-25 01:12:24'),
	(24, 32, 'W', NULL, 'Corrientes', NULL, 1, '2022-03-25 01:12:24', '2022-03-25 01:12:24'),
	(25, 32, 'X', NULL, 'Crdoba ', NULL, 1, '2022-03-25 01:12:24', '2022-03-25 01:12:24'),
	(26, 32, 'E', NULL, 'Entre Ros', NULL, 1, '2022-03-25 01:12:24', '2022-03-25 01:12:24'),
	(27, 32, 'P', NULL, 'Formosa ', NULL, 1, '2022-03-25 01:12:24', '2022-03-25 01:12:24'),
	(28, 32, 'Y', NULL, 'Jujuy ', NULL, 1, '2022-03-25 01:12:24', '2022-03-25 01:12:24'),
	(29, 32, 'L', NULL, 'La Pampa', NULL, 1, '2022-03-25 01:12:24', '2022-03-25 01:12:24'),
	(30, 32, 'F', NULL, 'La Rioja', NULL, 1, '2022-03-25 01:12:24', '2022-03-25 01:12:24'),
	(31, 32, 'M', NULL, 'Mendoza ', NULL, 1, '2022-03-25 01:12:24', '2022-03-25 01:12:24'),
	(32, 32, 'N', NULL, 'Misiones', NULL, 1, '2022-03-25 01:12:24', '2022-03-25 01:12:24'),
	(33, 32, 'Q', NULL, 'Neuqun ', NULL, 1, '2022-03-25 01:12:24', '2022-03-25 01:12:24'),
	(34, 32, 'R', NULL, 'Ro Negro ', NULL, 1, '2022-03-25 01:12:24', '2022-03-25 01:12:24'),
	(35, 32, 'A', NULL, 'Salta ', NULL, 1, '2022-03-25 01:12:24', '2022-03-25 01:12:24'),
	(36, 32, 'J', NULL, 'San Juan', NULL, 1, '2022-03-25 01:12:24', '2022-03-25 01:12:24'),
	(37, 32, 'D', NULL, 'San Luis', NULL, 1, '2022-03-25 01:12:24', '2022-03-25 01:12:24'),
	(38, 32, 'Z', NULL, 'Santa Cruz', NULL, 1, '2022-03-25 01:12:24', '2022-03-25 01:12:24'),
	(39, 32, 'S', NULL, 'Santa Fe', NULL, 1, '2022-03-25 01:12:24', '2022-03-25 01:12:24'),
	(40, 32, 'G', NULL, 'Santiago del Estero ', NULL, 1, '2022-03-25 01:12:24', '2022-03-25 01:12:24'),
	(41, 32, 'V', NULL, 'Tierra del Fuego', NULL, 1, '2022-03-25 01:12:24', '2022-03-25 01:12:24'),
	(42, 32, 'T', NULL, 'Tucumn ', NULL, 1, '2022-03-25 01:12:24', '2022-03-25 01:12:24'),
	(43, 40, '1', NULL, 'Burgenland', NULL, 1, '2022-03-25 01:12:24', '2022-03-25 01:12:24'),
	(44, 40, '2', NULL, 'Krnten', NULL, 1, '2022-03-25 01:12:24', '2022-03-25 01:12:24'),
	(45, 40, '3', NULL, 'Niedersterreich', NULL, 1, '2022-03-25 01:12:24', '2022-03-25 01:12:24'),
	(46, 40, '4', NULL, 'Obersterreich', NULL, 1, '2022-03-25 01:12:24', '2022-03-25 01:12:24'),
	(47, 40, '5', NULL, 'Salzburg', NULL, 1, '2022-03-25 01:12:24', '2022-03-25 01:12:24'),
	(48, 40, '6', NULL, 'Steiermark', NULL, 1, '2022-03-25 01:12:24', '2022-03-25 01:12:24'),
	(49, 40, '7', NULL, 'Tirol', NULL, 1, '2022-03-25 01:12:24', '2022-03-25 01:12:24'),
	(50, 40, '8', NULL, 'Vorarlberg', NULL, 1, '2022-03-25 01:12:24', '2022-03-25 01:12:24'),
	(51, 40, '9', NULL, 'Wien', NULL, 1, '2022-03-25 01:12:24', '2022-03-25 01:12:24'),
	(52, 36, 'ACT', NULL, 'Australian Capital Territory', NULL, 1, '2022-03-25 01:12:24', '2022-03-25 01:12:24'),
	(53, 36, 'CX', NULL, 'Christmas Island', NULL, 1, '2022-03-25 01:12:24', '2022-03-25 01:12:24'),
	(54, 36, 'CC', NULL, 'Cocos Islands', NULL, 1, '2022-03-25 01:12:24', '2022-03-25 01:12:24'),
	(55, 36, 'HM', NULL, 'Heard Island and McDonald Islands', NULL, 1, '2022-03-25 01:12:24', '2022-03-25 01:12:24'),
	(56, 36, 'NSW', NULL, 'New South Wales', NULL, 1, '2022-03-25 01:12:24', '2022-03-25 01:12:24'),
	(57, 36, 'NF', NULL, 'Norfolk Island', NULL, 1, '2022-03-25 01:12:24', '2022-03-25 01:12:24'),
	(58, 36, 'NT', NULL, 'Northern Territory', NULL, 1, '2022-03-25 01:12:24', '2022-03-25 01:12:24'),
	(59, 36, 'QLD', NULL, 'Queensland', NULL, 1, '2022-03-25 01:12:24', '2022-03-25 01:12:24'),
	(60, 36, 'SA', NULL, 'South Australia', NULL, 1, '2022-03-25 01:12:24', '2022-03-25 01:12:24'),
	(61, 36, 'TAS', NULL, 'Tasmania', NULL, 1, '2022-03-25 01:12:24', '2022-03-25 01:12:24'),
	(62, 36, 'VIC', NULL, 'Victoria', NULL, 1, '2022-03-25 01:12:24', '2022-03-25 01:12:24'),
	(63, 36, 'WA', NULL, 'Western Australia', NULL, 1, '2022-03-25 01:12:24', '2022-03-25 01:12:24'),
	(64, 50, 'A', NULL, 'Barisal', NULL, 1, '2022-03-25 01:12:24', '2022-03-25 01:12:24'),
	(65, 50, 'B', NULL, 'Chittagong', NULL, 1, '2022-03-25 01:12:24', '2022-03-25 01:12:24'),
	(66, 50, 'C', NULL, 'Dhaka', NULL, 1, '2022-03-25 01:12:24', '2022-03-25 01:12:24'),
	(67, 50, 'D', NULL, 'Khulna', NULL, 1, '2022-03-25 01:12:24', '2022-03-25 01:12:24'),
	(68, 50, 'H', NULL, 'Mymensingh', NULL, 1, '2022-03-25 01:12:24', '2022-03-25 01:12:24'),
	(69, 50, 'E', NULL, 'Rajshahi', NULL, 1, '2022-03-25 01:12:24', '2022-03-25 01:12:24'),
	(70, 50, 'F', NULL, 'Rangpur', NULL, 1, '2022-03-25 01:12:24', '2022-03-25 01:12:24'),
	(71, 50, 'G', NULL, 'Sylhet', NULL, 1, '2022-03-25 01:12:24', '2022-03-25 01:12:24'),
	(72, 56, 'VAN', NULL, 'Antwerpen', NULL, 1, '2022-03-25 01:12:24', '2022-03-25 01:12:24'),
	(73, 56, 'WBR', NULL, 'Brabant wallon', NULL, 1, '2022-03-25 01:12:24', '2022-03-25 01:12:24'),
	(74, 56, 'WHT', NULL, 'Hainaut', NULL, 1, '2022-03-25 01:12:24', '2022-03-25 01:12:24'),
	(75, 56, 'VLI', NULL, 'Limburg', NULL, 1, '2022-03-25 01:12:24', '2022-03-25 01:12:24'),
	(76, 56, 'WLG', NULL, 'Luik', NULL, 1, '2022-03-25 01:12:24', '2022-03-25 01:12:24'),
	(77, 56, 'WLX', NULL, 'Luxemburg', NULL, 1, '2022-03-25 01:12:24', '2022-03-25 01:12:24'),
	(78, 56, 'WNA', NULL, 'Namur', NULL, 1, '2022-03-25 01:12:24', '2022-03-25 01:12:24'),
	(79, 56, 'VOV', NULL, 'Oost-Vlaanderen', NULL, 1, '2022-03-25 01:12:24', '2022-03-25 01:12:24'),
	(80, 56, 'VBR', NULL, 'Vlaams-Brabant', NULL, 1, '2022-03-25 01:12:24', '2022-03-25 01:12:24'),
	(81, 56, 'VWV', NULL, 'West-Vlaanderen', NULL, 1, '2022-03-25 01:12:24', '2022-03-25 01:12:24'),
	(82, 48, '14', NULL, 'Al Janbyah', NULL, 1, '2022-03-25 01:12:24', '2022-03-25 01:12:24'),
	(83, 48, '13', NULL, 'Al Manmah', NULL, 1, '2022-03-25 01:12:24', '2022-03-25 01:12:24'),
	(84, 48, '15', NULL, 'Al Muarraq', NULL, 1, '2022-03-25 01:12:24', '2022-03-25 01:12:24'),
	(85, 48, '16', NULL, 'Al Wus', NULL, 1, '2022-03-25 01:12:24', '2022-03-25 01:12:24'),
	(86, 48, '17', NULL, 'Ash Shamlyah ', NULL, 1, '2022-03-25 01:12:24', '2022-03-25 01:12:24'),
	(87, 204, 'AL', NULL, 'Alibori', NULL, 1, '2022-03-25 01:12:24', '2022-03-25 01:12:24'),
	(88, 204, 'AK', NULL, 'Atakora', NULL, 1, '2022-03-25 01:12:24', '2022-03-25 01:12:24'),
	(89, 204, 'AQ', NULL, 'Atlantique', NULL, 1, '2022-03-25 01:12:24', '2022-03-25 01:12:24'),
	(90, 204, 'BO', NULL, 'Borgou', NULL, 1, '2022-03-25 01:12:24', '2022-03-25 01:12:24'),
	(91, 204, 'CO', NULL, 'Collines', NULL, 1, '2022-03-25 01:12:24', '2022-03-25 01:12:24'),
	(92, 204, 'DO', NULL, 'Donga', NULL, 1, '2022-03-25 01:12:24', '2022-03-25 01:12:24'),
	(93, 204, 'KO', NULL, 'Kouffo', NULL, 1, '2022-03-25 01:12:24', '2022-03-25 01:12:24'),
	(94, 204, 'LI', NULL, 'Littoral', NULL, 1, '2022-03-25 01:12:24', '2022-03-25 01:12:24'),
	(95, 204, 'MO', NULL, 'Mono', NULL, 1, '2022-03-25 01:12:24', '2022-03-25 01:12:24'),
	(96, 204, 'OU', NULL, 'Oum', NULL, 1, '2022-03-25 01:12:24', '2022-03-25 01:12:24'),
	(97, 204, 'PL', NULL, 'Plateau', NULL, 1, '2022-03-25 01:12:24', '2022-03-25 01:12:24'),
	(98, 204, 'ZO', NULL, 'Zou', NULL, 1, '2022-03-25 01:12:24', '2022-03-25 01:12:24'),
	(99, 68, 'H', NULL, 'Chuquisaca', NULL, 1, '2022-03-25 01:12:24', '2022-03-25 01:12:24'),
	(100, 68, 'C', NULL, 'Cochabamba', NULL, 1, '2022-03-25 01:12:24', '2022-03-25 01:12:24'),
	(101, 68, 'B', NULL, 'El Beni', NULL, 1, '2022-03-25 01:12:24', '2022-03-25 01:12:24'),
	(102, 68, 'L', NULL, 'La Paz', NULL, 1, '2022-03-25 01:12:24', '2022-03-25 01:12:24'),
	(103, 68, 'O', NULL, 'Oruro', NULL, 1, '2022-03-25 01:12:24', '2022-03-25 01:12:24'),
	(104, 68, 'N', NULL, 'Pando', NULL, 1, '2022-03-25 01:12:24', '2022-03-25 01:12:24'),
	(105, 68, 'P', NULL, 'Potos', NULL, 1, '2022-03-25 01:12:24', '2022-03-25 01:12:24'),
	(106, 68, 'S', NULL, 'Santa Cruz', NULL, 1, '2022-03-25 01:12:24', '2022-03-25 01:12:24'),
	(107, 68, 'T', NULL, 'Tarija', NULL, 1, '2022-03-25 01:12:24', '2022-03-25 01:12:24'),
	(108, 76, 'AC', NULL, 'Acre', NULL, 1, '2022-03-25 01:12:24', '2022-03-25 01:12:24'),
	(109, 76, 'AL', NULL, 'Alagoas', NULL, 1, '2022-03-25 01:12:24', '2022-03-25 01:12:24'),
	(110, 76, 'AP', NULL, 'Amap', NULL, 1, '2022-03-25 01:12:24', '2022-03-25 01:12:24'),
	(111, 76, 'AM', NULL, 'Amazonas', NULL, 1, '2022-03-25 01:12:24', '2022-03-25 01:12:24'),
	(112, 76, 'BA', NULL, 'Bahia', NULL, 1, '2022-03-25 01:12:24', '2022-03-25 01:12:24'),
	(113, 76, 'CE', NULL, 'Cear', NULL, 1, '2022-03-25 01:12:24', '2022-03-25 01:12:24'),
	(114, 76, 'DF', NULL, 'Distrito Federal', NULL, 1, '2022-03-25 01:12:24', '2022-03-25 01:12:24'),
	(115, 76, 'ES', NULL, 'Esprito Santo', NULL, 1, '2022-03-25 01:12:24', '2022-03-25 01:12:24'),
	(116, 76, 'GO', NULL, 'Gois', NULL, 1, '2022-03-25 01:12:24', '2022-03-25 01:12:24'),
	(117, 76, 'MA', NULL, 'Maranho', NULL, 1, '2022-03-25 01:12:24', '2022-03-25 01:12:24'),
	(118, 76, 'MT', NULL, 'Mato Grosso', NULL, 1, '2022-03-25 01:12:24', '2022-03-25 01:12:24'),
	(119, 76, 'MS', NULL, 'Mato Grosso do Sul', NULL, 1, '2022-03-25 01:12:24', '2022-03-25 01:12:24'),
	(120, 76, 'MG', NULL, 'Minas Gerais', NULL, 1, '2022-03-25 01:12:24', '2022-03-25 01:12:24'),
	(121, 76, 'PR', NULL, 'Paran', NULL, 1, '2022-03-25 01:12:24', '2022-03-25 01:12:24'),
	(122, 76, 'PB', NULL, 'Paraba', NULL, 1, '2022-03-25 01:12:24', '2022-03-25 01:12:24'),
	(123, 76, 'PA', NULL, 'Par', NULL, 1, '2022-03-25 01:12:24', '2022-03-25 01:12:24'),
	(124, 76, 'PE', NULL, 'Pernambuco', NULL, 1, '2022-03-25 01:12:24', '2022-03-25 01:12:24'),
	(125, 76, 'PI', NULL, 'Piau', NULL, 1, '2022-03-25 01:12:24', '2022-03-25 01:12:24'),
	(126, 76, 'RN', NULL, 'Rio Grande do Norte', NULL, 1, '2022-03-25 01:12:24', '2022-03-25 01:12:24'),
	(127, 76, 'RS', NULL, 'Rio Grande do Sul', NULL, 1, '2022-03-25 01:12:24', '2022-03-25 01:12:24'),
	(128, 76, 'RJ', NULL, 'Rio de Janeiro', NULL, 1, '2022-03-25 01:12:24', '2022-03-25 01:12:24'),
	(129, 76, 'RO', NULL, 'Rondnia', NULL, 1, '2022-03-25 01:12:24', '2022-03-25 01:12:24'),
	(130, 76, 'RR', NULL, 'Roraima', NULL, 1, '2022-03-25 01:12:24', '2022-03-25 01:12:24'),
	(131, 76, 'SC', NULL, 'Santa Catarina', NULL, 1, '2022-03-25 01:12:24', '2022-03-25 01:12:24'),
	(132, 76, 'SE', NULL, 'Sergipe', NULL, 1, '2022-03-25 01:12:24', '2022-03-25 01:12:24'),
	(133, 76, 'SP', NULL, 'So Paulo', NULL, 1, '2022-03-25 01:12:24', '2022-03-25 01:12:24'),
	(134, 76, 'TO', NULL, 'Tocantins', NULL, 1, '2022-03-25 01:12:24', '2022-03-25 01:12:24'),
	(135, 124, 'AB', NULL, 'Alberta', NULL, 1, '2022-03-25 01:12:24', '2022-03-25 01:12:24'),
	(136, 124, 'BC', NULL, 'British Columbia', NULL, 1, '2022-03-25 01:12:24', '2022-03-25 01:12:24'),
	(137, 124, 'MB', NULL, 'Manitoba', NULL, 1, '2022-03-25 01:12:24', '2022-03-25 01:12:24'),
	(138, 124, 'NB', NULL, 'New Brunswick', NULL, 1, '2022-03-25 01:12:24', '2022-03-25 01:12:24'),
	(139, 124, 'NL', NULL, 'Newfoundland and Labrador', NULL, 1, '2022-03-25 01:12:24', '2022-03-25 01:12:24'),
	(140, 124, 'NT', NULL, 'Northwest Territories', NULL, 1, '2022-03-25 01:12:24', '2022-03-25 01:12:24'),
	(141, 124, 'NS', NULL, 'Nova Scotia', NULL, 1, '2022-03-25 01:12:24', '2022-03-25 01:12:24'),
	(142, 124, 'NU', NULL, 'Nunavut', NULL, 1, '2022-03-25 01:12:24', '2022-03-25 01:12:24'),
	(143, 124, 'ON', NULL, 'Ontario', NULL, 1, '2022-03-25 01:12:24', '2022-03-25 01:12:24'),
	(144, 124, 'PE', NULL, 'Prince Edward Island', NULL, 1, '2022-03-25 01:12:24', '2022-03-25 01:12:24'),
	(145, 124, 'QC', NULL, 'Quebec', NULL, 1, '2022-03-25 01:12:24', '2022-03-25 01:12:24'),
	(146, 124, 'SK', NULL, 'Saskatchewan', NULL, 1, '2022-03-25 01:12:24', '2022-03-25 01:12:24'),
	(147, 124, 'YT', NULL, 'Yukon', NULL, 1, '2022-03-25 01:12:24', '2022-03-25 01:12:24'),
	(148, 152, 'AI', NULL, 'Aisn del General Carlos Ibez del Campo', NULL, 1, '2022-03-25 01:12:24', '2022-03-25 01:12:24'),
	(149, 152, 'AN', NULL, 'Antofagasta', NULL, 1, '2022-03-25 01:12:24', '2022-03-25 01:12:24'),
	(150, 152, 'AR', NULL, 'Araucana', NULL, 1, '2022-03-25 01:12:24', '2022-03-25 01:12:24'),
	(151, 152, 'AP', NULL, 'Arica y Parinacota', NULL, 1, '2022-03-25 01:12:24', '2022-03-25 01:12:24'),
	(152, 152, 'AT', NULL, 'Atacama', NULL, 1, '2022-03-25 01:12:24', '2022-03-25 01:12:24'),
	(153, 152, 'BI', NULL, 'Bo-Bo', NULL, 1, '2022-03-25 01:12:24', '2022-03-25 01:12:24'),
	(154, 152, 'CO', NULL, 'Coquimbo', NULL, 1, '2022-03-25 01:12:24', '2022-03-25 01:12:24'),
	(155, 152, 'LI', NULL, 'Libertador General Bernardo O\'Higgins', NULL, 1, '2022-03-25 01:12:24', '2022-03-25 01:12:24'),
	(156, 152, 'LL', NULL, 'Los Lagos', NULL, 1, '2022-03-25 01:12:24', '2022-03-25 01:12:24'),
	(157, 152, 'LR', NULL, 'Los Ros', NULL, 1, '2022-03-25 01:12:24', '2022-03-25 01:12:24'),
	(158, 152, 'MA', NULL, 'Magallanes', NULL, 1, '2022-03-25 01:12:24', '2022-03-25 01:12:24'),
	(159, 152, 'ML', NULL, 'Maule', NULL, 1, '2022-03-25 01:12:24', '2022-03-25 01:12:24'),
	(160, 152, 'RM', NULL, 'Regin Metropolitana de Santiago', NULL, 1, '2022-03-25 01:12:24', '2022-03-25 01:12:24'),
	(161, 152, 'TA', NULL, 'Tarapac', NULL, 1, '2022-03-25 01:12:24', '2022-03-25 01:12:24'),
	(162, 152, 'VS', NULL, 'Valparaso', NULL, 1, '2022-03-25 01:12:24', '2022-03-25 01:12:24'),
	(163, 120, 'AD', NULL, 'Adamaoua', NULL, 1, '2022-03-25 01:12:24', '2022-03-25 01:12:24'),
	(164, 120, 'CE', NULL, 'Centre', NULL, 1, '2022-03-25 01:12:24', '2022-03-25 01:12:24'),
	(165, 120, 'ES', NULL, 'East', NULL, 1, '2022-03-25 01:12:24', '2022-03-25 01:12:24'),
	(166, 120, 'EN', NULL, 'Far North', NULL, 1, '2022-03-25 01:12:24', '2022-03-25 01:12:24'),
	(167, 120, 'LT', NULL, 'Littoral', NULL, 1, '2022-03-25 01:12:24', '2022-03-25 01:12:24'),
	(168, 120, 'NO', NULL, 'North', NULL, 1, '2022-03-25 01:12:24', '2022-03-25 01:12:24'),
	(169, 120, 'NW', NULL, 'North-West', NULL, 1, '2022-03-25 01:12:24', '2022-03-25 01:12:24'),
	(170, 120, 'SU', NULL, 'South', NULL, 1, '2022-03-25 01:12:24', '2022-03-25 01:12:24'),
	(171, 120, 'SW', NULL, 'South-West', NULL, 1, '2022-03-25 01:12:24', '2022-03-25 01:12:24'),
	(172, 120, 'OU', NULL, 'West', NULL, 1, '2022-03-25 01:12:24', '2022-03-25 01:12:24'),
	(173, 156, '', NULL, '', NULL, 1, '2022-03-25 01:12:24', '2022-03-25 01:12:24'),
	(174, 156, '', NULL, '', NULL, 1, '2022-03-25 01:12:24', '2022-03-25 01:12:24'),
	(175, 156, '', NULL, '', NULL, 1, '2022-03-25 01:12:24', '2022-03-25 01:12:24'),
	(176, 156, '', NULL, '', NULL, 1, '2022-03-25 01:12:24', '2022-03-25 01:12:24'),
	(177, 156, '', NULL, '', NULL, 1, '2022-03-25 01:12:24', '2022-03-25 01:12:24'),
	(178, 156, '', NULL, '', NULL, 1, '2022-03-25 01:12:24', '2022-03-25 01:12:24'),
	(179, 156, '', NULL, '', NULL, 1, '2022-03-25 01:12:24', '2022-03-25 01:12:24'),
	(180, 156, '', NULL, '', NULL, 1, '2022-03-25 01:12:24', '2022-03-25 01:12:24'),
	(181, 156, '', NULL, '', NULL, 1, '2022-03-25 01:12:24', '2022-03-25 01:12:24'),
	(182, 156, '', NULL, '', NULL, 1, '2022-03-25 01:12:24', '2022-03-25 01:12:24'),
	(183, 156, '', NULL, '', NULL, 1, '2022-03-25 01:12:24', '2022-03-25 01:12:24'),
	(184, 156, '', NULL, '', NULL, 1, '2022-03-25 01:12:24', '2022-03-25 01:12:24'),
	(185, 156, '', NULL, '', NULL, 1, '2022-03-25 01:12:24', '2022-03-25 01:12:24'),
	(186, 156, '', NULL, '', NULL, 1, '2022-03-25 01:12:24', '2022-03-25 01:12:24'),
	(187, 156, '', NULL, '', NULL, 1, '2022-03-25 01:12:24', '2022-03-25 01:12:24'),
	(188, 156, '', NULL, '', NULL, 1, '2022-03-25 01:12:24', '2022-03-25 01:12:24'),
	(189, 156, '', NULL, '', NULL, 1, '2022-03-25 01:12:24', '2022-03-25 01:12:24'),
	(190, 156, '', NULL, '', NULL, 1, '2022-03-25 01:12:24', '2022-03-25 01:12:24'),
	(191, 156, '', NULL, '', NULL, 1, '2022-03-25 01:12:24', '2022-03-25 01:12:24'),
	(192, 156, '', NULL, '', NULL, 1, '2022-03-25 01:12:24', '2022-03-25 01:12:24'),
	(193, 156, '', NULL, '', NULL, 1, '2022-03-25 01:12:24', '2022-03-25 01:12:24'),
	(194, 156, '', NULL, '', NULL, 1, '2022-03-25 01:12:24', '2022-03-25 01:12:24'),
	(195, 156, '', NULL, '', NULL, 1, '2022-03-25 01:12:24', '2022-03-25 01:12:24'),
	(196, 156, '', NULL, '', NULL, 1, '2022-03-25 01:12:24', '2022-03-25 01:12:24'),
	(197, 156, '', NULL, '', NULL, 1, '2022-03-25 01:12:24', '2022-03-25 01:12:24'),
	(198, 156, '', NULL, '', NULL, 1, '2022-03-25 01:12:24', '2022-03-25 01:12:24'),
	(199, 156, '', NULL, '', NULL, 1, '2022-03-25 01:12:24', '2022-03-25 01:12:24'),
	(200, 156, '', NULL, '', NULL, 1, '2022-03-25 01:12:24', '2022-03-25 01:12:24'),
	(201, 156, '', NULL, '', NULL, 1, '2022-03-25 01:12:24', '2022-03-25 01:12:24'),
	(202, 156, '', NULL, '', NULL, 1, '2022-03-25 01:12:24', '2022-03-25 01:12:24'),
	(203, 156, '', NULL, '', NULL, 1, '2022-03-25 01:12:24', '2022-03-25 01:12:24'),
	(204, 156, '', NULL, '', NULL, 1, '2022-03-25 01:12:24', '2022-03-25 01:12:24'),
	(205, 156, '', NULL, '', NULL, 1, '2022-03-25 01:12:24', '2022-03-25 01:12:24'),
	(206, 156, '', NULL, '', NULL, 1, '2022-03-25 01:12:24', '2022-03-25 01:12:24'),
	(207, 188, 'A', NULL, 'Alajuela Province', NULL, 1, '2022-03-25 01:12:24', '2022-03-25 01:12:24'),
	(208, 188, 'C', NULL, 'Cartago Province', NULL, 1, '2022-03-25 01:12:24', '2022-03-25 01:12:24'),
	(209, 188, 'G', NULL, 'Guanacaste Province', NULL, 1, '2022-03-25 01:12:24', '2022-03-25 01:12:24'),
	(210, 188, 'H', NULL, 'Heredia Province', NULL, 1, '2022-03-25 01:12:24', '2022-03-25 01:12:24'),
	(211, 188, 'L', NULL, 'Limn Province', NULL, 1, '2022-03-25 01:12:24', '2022-03-25 01:12:24'),
	(212, 188, 'P', NULL, 'Puntarenas Province', NULL, 1, '2022-03-25 01:12:24', '2022-03-25 01:12:24'),
	(213, 188, 'SJ', NULL, 'San Jos', NULL, 1, '2022-03-25 01:12:24', '2022-03-25 01:12:24'),
	(214, 276, 'BW', NULL, 'Baden-Wrttemberg', NULL, 1, '2022-03-25 01:12:24', '2022-03-25 01:12:24'),
	(215, 276, 'BY', NULL, 'Bayern', NULL, 1, '2022-03-25 01:12:24', '2022-03-25 01:12:24'),
	(216, 276, 'BE', NULL, 'Berlin', NULL, 1, '2022-03-25 01:12:24', '2022-03-25 01:12:24'),
	(217, 276, 'BB', NULL, 'Brandenburg', NULL, 1, '2022-03-25 01:12:24', '2022-03-25 01:12:24'),
	(218, 276, 'HB', NULL, 'Bremen', NULL, 1, '2022-03-25 01:12:24', '2022-03-25 01:12:24'),
	(219, 276, 'HH', NULL, 'Hamburg', NULL, 1, '2022-03-25 01:12:24', '2022-03-25 01:12:24'),
	(220, 276, 'HE', NULL, 'Hessen', NULL, 1, '2022-03-25 01:12:24', '2022-03-25 01:12:24'),
	(221, 276, 'MV', NULL, 'Mecklenburg-Vorpommern', NULL, 1, '2022-03-25 01:12:24', '2022-03-25 01:12:24'),
	(222, 276, 'NI', NULL, 'Niedersachsen', NULL, 1, '2022-03-25 01:12:24', '2022-03-25 01:12:24'),
	(223, 276, 'NW', NULL, 'Nordrhein-Westfalen', NULL, 1, '2022-03-25 01:12:24', '2022-03-25 01:12:24'),
	(224, 276, 'RP', NULL, 'Rheinland-Pfalz', NULL, 1, '2022-03-25 01:12:24', '2022-03-25 01:12:24'),
	(225, 276, 'SL', NULL, 'Saarland', NULL, 1, '2022-03-25 01:12:24', '2022-03-25 01:12:24'),
	(226, 276, 'SN', NULL, 'Sachsen', NULL, 1, '2022-03-25 01:12:24', '2022-03-25 01:12:24'),
	(227, 276, 'ST', NULL, 'Sachsen-Anhalt', NULL, 1, '2022-03-25 01:12:24', '2022-03-25 01:12:24'),
	(228, 276, 'SH', NULL, 'Schleswig-Holstein', NULL, 1, '2022-03-25 01:12:24', '2022-03-25 01:12:24'),
	(229, 276, 'TH', NULL, 'Thringen', NULL, 1, '2022-03-25 01:12:24', '2022-03-25 01:12:24'),
	(230, 208, '84', NULL, 'Hovedstaden', NULL, 1, '2022-03-25 01:12:24', '2022-03-25 01:12:24'),
	(231, 208, '82', NULL, 'Midtjylland', NULL, 1, '2022-03-25 01:12:24', '2022-03-25 01:12:24'),
	(232, 208, '81', NULL, 'Nordjylland', NULL, 1, '2022-03-25 01:12:24', '2022-03-25 01:12:24'),
	(233, 208, '85', NULL, 'Sjlland', NULL, 1, '2022-03-25 01:12:24', '2022-03-25 01:12:24'),
	(234, 208, '83', NULL, 'Syddanmark', NULL, 1, '2022-03-25 01:12:24', '2022-03-25 01:12:24'),
	(235, 818, 'DK', NULL, 'Ad Daqahlyah', NULL, 1, '2022-03-25 01:12:24', '2022-03-25 01:12:24'),
	(236, 818, 'BA', NULL, 'Al Bar al Amar', NULL, 1, '2022-03-25 01:12:24', '2022-03-25 01:12:24'),
	(237, 818, 'BH', NULL, 'Al Buayrah', NULL, 1, '2022-03-25 01:12:24', '2022-03-25 01:12:24'),
	(238, 818, 'FYM', NULL, 'Al Fayym', NULL, 1, '2022-03-25 01:12:24', '2022-03-25 01:12:24'),
	(239, 818, 'GH', NULL, 'Al Gharbyah', NULL, 1, '2022-03-25 01:12:24', '2022-03-25 01:12:24'),
	(240, 818, 'ALX', NULL, 'Al Iskandaryah', NULL, 1, '2022-03-25 01:12:24', '2022-03-25 01:12:24'),
	(241, 818, 'IS', NULL, 'Al Ism\'lyah', NULL, 1, '2022-03-25 01:12:24', '2022-03-25 01:12:24'),
	(242, 818, 'GZ', NULL, 'Al Jzah', NULL, 1, '2022-03-25 01:12:24', '2022-03-25 01:12:24'),
	(243, 818, 'MN', NULL, 'Al Miny', NULL, 1, '2022-03-25 01:12:24', '2022-03-25 01:12:24'),
	(244, 818, 'MNF', NULL, 'Al Minfyah', NULL, 1, '2022-03-25 01:12:24', '2022-03-25 01:12:24'),
	(245, 818, 'KB', NULL, 'Al Qalybyah', NULL, 1, '2022-03-25 01:12:24', '2022-03-25 01:12:24'),
	(246, 818, 'C', NULL, 'Al Qhirah', NULL, 1, '2022-03-25 01:12:24', '2022-03-25 01:12:24'),
	(247, 818, 'LX', NULL, 'Al Uqur', NULL, 1, '2022-03-25 01:12:24', '2022-03-25 01:12:24'),
	(248, 818, 'WAD', NULL, 'Al Wd al Jadd', NULL, 1, '2022-03-25 01:12:24', '2022-03-25 01:12:24'),
	(249, 818, 'SUZ ', NULL, 'As Suways', NULL, 1, '2022-03-25 01:12:24', '2022-03-25 01:12:24'),
	(250, 818, 'SU', NULL, 'As Sdis min Uktbar', NULL, 1, '2022-03-25 01:12:24', '2022-03-25 01:12:24'),
	(251, 818, 'SHR', NULL, 'Ash Sharqyah', NULL, 1, '2022-03-25 01:12:24', '2022-03-25 01:12:24'),
	(252, 818, 'ASN', NULL, 'Aswn', NULL, 1, '2022-03-25 01:12:24', '2022-03-25 01:12:24'),
	(253, 818, 'AST', NULL, 'Asy', NULL, 1, '2022-03-25 01:12:24', '2022-03-25 01:12:24'),
	(254, 818, 'BNS', NULL, 'Ban Suwayf', NULL, 1, '2022-03-25 01:12:24', '2022-03-25 01:12:24'),
	(255, 818, 'PTS', NULL, 'Br Sad', NULL, 1, '2022-03-25 01:12:24', '2022-03-25 01:12:24'),
	(256, 818, 'DT', NULL, 'Dumy', NULL, 1, '2022-03-25 01:12:24', '2022-03-25 01:12:24'),
	(257, 818, 'JS', NULL, 'Janb Sn\'', NULL, 1, '2022-03-25 01:12:24', '2022-03-25 01:12:24'),
	(258, 818, 'KFS', NULL, 'Kafr ash Shaykh', NULL, 1, '2022-03-25 01:12:24', '2022-03-25 01:12:24'),
	(259, 818, 'MT', NULL, 'Mar', NULL, 1, '2022-03-25 01:12:24', '2022-03-25 01:12:24'),
	(260, 818, 'KN', NULL, 'Qin', NULL, 1, '2022-03-25 01:12:24', '2022-03-25 01:12:24'),
	(261, 818, 'SIN', NULL, 'Shaml Sn\'', NULL, 1, '2022-03-25 01:12:24', '2022-03-25 01:12:24'),
	(262, 818, 'SHG', NULL, 'Shj', NULL, 1, '2022-03-25 01:12:24', '2022-03-25 01:12:24'),
	(263, 818, 'HU', NULL, 'ulwn', NULL, 1, '2022-03-25 01:12:24', '2022-03-25 01:12:24'),
	(264, 724, 'AB', NULL, 'Albacete', NULL, 1, '2022-03-25 01:12:24', '2022-03-25 01:12:24'),
	(265, 724, 'A', NULL, 'Alicante', NULL, 1, '2022-03-25 01:12:24', '2022-03-25 01:12:24'),
	(266, 724, 'AL', NULL, 'Almeria', NULL, 1, '2022-03-25 01:12:24', '2022-03-25 01:12:24'),
	(267, 724, 'BA', NULL, 'Badajoz', NULL, 1, '2022-03-25 01:12:24', '2022-03-25 01:12:24'),
	(268, 724, 'B', NULL, 'Barcelona', NULL, 1, '2022-03-25 01:12:24', '2022-03-25 01:12:24'),
	(269, 724, 'BU', NULL, 'Burgos', NULL, 1, '2022-03-25 01:12:24', '2022-03-25 01:12:24'),
	(270, 724, 'CS', NULL, 'Castelln', NULL, 1, '2022-03-25 01:12:24', '2022-03-25 01:12:24'),
	(271, 724, 'CR', NULL, 'Ciudad Real', NULL, 1, '2022-03-25 01:12:24', '2022-03-25 01:12:24'),
	(272, 724, 'CU', NULL, 'Cuenca', NULL, 1, '2022-03-25 01:12:24', '2022-03-25 01:12:24'),
	(273, 724, 'CC', NULL, 'Cceres', NULL, 1, '2022-03-25 01:12:24', '2022-03-25 01:12:24'),
	(274, 724, 'CA', NULL, 'Cdiz', NULL, 1, '2022-03-25 01:12:24', '2022-03-25 01:12:24'),
	(275, 724, 'CO', NULL, 'Crdoba', NULL, 1, '2022-03-25 01:12:24', '2022-03-25 01:12:24'),
	(276, 724, 'GI', NULL, 'Gerona', NULL, 1, '2022-03-25 01:12:24', '2022-03-25 01:12:24'),
	(277, 724, 'GR', NULL, 'Granada', NULL, 1, '2022-03-25 01:12:24', '2022-03-25 01:12:24'),
	(278, 724, 'GU', NULL, 'Guadalajara', NULL, 1, '2022-03-25 01:12:24', '2022-03-25 01:12:24'),
	(279, 724, 'SS', NULL, 'Guipzcoa', NULL, 1, '2022-03-25 01:12:24', '2022-03-25 01:12:24'),
	(280, 724, 'H', NULL, 'Huelva', NULL, 1, '2022-03-25 01:12:24', '2022-03-25 01:12:24'),
	(281, 724, 'HU', NULL, 'Huesca', NULL, 1, '2022-03-25 01:12:24', '2022-03-25 01:12:24'),
	(282, 724, 'J', NULL, 'Jan', NULL, 1, '2022-03-25 01:12:24', '2022-03-25 01:12:24'),
	(283, 724, 'C', NULL, 'La Corua', NULL, 1, '2022-03-25 01:12:24', '2022-03-25 01:12:24'),
	(284, 724, 'LO', NULL, 'La Rioja', NULL, 1, '2022-03-25 01:12:24', '2022-03-25 01:12:24'),
	(285, 724, 'GC', NULL, 'Las Palmas', NULL, 1, '2022-03-25 01:12:24', '2022-03-25 01:12:24'),
	(286, 724, 'LE', NULL, 'Len', NULL, 1, '2022-03-25 01:12:24', '2022-03-25 01:12:24'),
	(287, 724, 'LU', NULL, 'Lugo', NULL, 1, '2022-03-25 01:12:24', '2022-03-25 01:12:24'),
	(288, 724, 'L', NULL, 'Lrida', NULL, 1, '2022-03-25 01:12:24', '2022-03-25 01:12:24'),
	(289, 724, 'M', NULL, 'Madrid', NULL, 1, '2022-03-25 01:12:24', '2022-03-25 01:12:24'),
	(290, 724, 'MU', NULL, 'Murcia', NULL, 1, '2022-03-25 01:12:24', '2022-03-25 01:12:24'),
	(291, 724, 'MA', NULL, 'Mlaga', NULL, 1, '2022-03-25 01:12:24', '2022-03-25 01:12:24'),
	(292, 724, 'OU', NULL, 'Orense', NULL, 1, '2022-03-25 01:12:24', '2022-03-25 01:12:24'),
	(293, 724, 'P', NULL, 'Palencia', NULL, 1, '2022-03-25 01:12:24', '2022-03-25 01:12:24'),
	(294, 724, 'PO', NULL, 'Pontevedra', NULL, 1, '2022-03-25 01:12:24', '2022-03-25 01:12:24'),
	(295, 724, 'SA', NULL, 'Salamanca', NULL, 1, '2022-03-25 01:12:24', '2022-03-25 01:12:24'),
	(296, 724, 'SG', NULL, 'Segovia', NULL, 1, '2022-03-25 01:12:24', '2022-03-25 01:12:24'),
	(297, 724, 'SE', NULL, 'Sevilla', NULL, 1, '2022-03-25 01:12:24', '2022-03-25 01:12:24'),
	(298, 724, 'SO', NULL, 'Soria', NULL, 1, '2022-03-25 01:12:24', '2022-03-25 01:12:24'),
	(299, 724, 'T', NULL, 'Tarragona', NULL, 1, '2022-03-25 01:12:24', '2022-03-25 01:12:24'),
	(300, 724, 'TF', NULL, 'Tenerife', NULL, 1, '2022-03-25 01:12:24', '2022-03-25 01:12:24'),
	(301, 724, 'TE', NULL, 'Teruel', NULL, 1, '2022-03-25 01:12:24', '2022-03-25 01:12:24'),
	(302, 724, 'TO', NULL, 'Toledo', NULL, 1, '2022-03-25 01:12:24', '2022-03-25 01:12:24'),
	(303, 724, 'V', NULL, 'Valencia', NULL, 1, '2022-03-25 01:12:24', '2022-03-25 01:12:24'),
	(304, 724, 'VA', NULL, 'Valladolid', NULL, 1, '2022-03-25 01:12:24', '2022-03-25 01:12:24'),
	(305, 724, 'BI', NULL, 'Vizcaya', NULL, 1, '2022-03-25 01:12:24', '2022-03-25 01:12:24'),
	(306, 724, 'ZA', NULL, 'Zamora', NULL, 1, '2022-03-25 01:12:24', '2022-03-25 01:12:24'),
	(307, 724, 'Z', NULL, 'Zaragoza', NULL, 1, '2022-03-25 01:12:24', '2022-03-25 01:12:24'),
	(308, 724, 'VI', NULL, 'lava', NULL, 1, '2022-03-25 01:12:24', '2022-03-25 01:12:24'),
	(309, 724, 'AV', NULL, 'vila', NULL, 1, '2022-03-25 01:12:24', '2022-03-25 01:12:24'),
	(310, 250, 'ARA', NULL, 'Auvergne-Rhne-Alpes', NULL, 1, '2022-03-25 01:12:24', '2022-03-25 01:12:24'),
	(311, 250, 'BFC', NULL, 'Bourgogne-Franche-Comt', NULL, 1, '2022-03-25 01:12:24', '2022-03-25 01:12:24'),
	(312, 250, 'BRE', NULL, 'Bretagne', NULL, 1, '2022-03-25 01:12:24', '2022-03-25 01:12:24'),
	(313, 250, 'CVL', NULL, 'Centre-Val de Loire', NULL, 1, '2022-03-25 01:12:24', '2022-03-25 01:12:24'),
	(314, 250, 'COR', NULL, 'Corse', NULL, 1, '2022-03-25 01:12:24', '2022-03-25 01:12:24'),
	(315, 250, 'GES', NULL, 'Grand-Est', NULL, 1, '2022-03-25 01:12:24', '2022-03-25 01:12:24'),
	(316, 250, 'GUA', NULL, 'Guadeloupe', NULL, 1, '2022-03-25 01:12:24', '2022-03-25 01:12:24'),
	(317, 250, 'HDF', NULL, 'Hauts-de-France', NULL, 1, '2022-03-25 01:12:24', '2022-03-25 01:12:24'),
	(318, 250, 'LRE', NULL, 'La Runion', NULL, 1, '2022-03-25 01:12:24', '2022-03-25 01:12:24'),
	(319, 250, 'MAY', NULL, 'Mayotte', NULL, 1, '2022-03-25 01:12:24', '2022-03-25 01:12:24'),
	(320, 250, 'NOR', NULL, 'Normandie', NULL, 1, '2022-03-25 01:12:24', '2022-03-25 01:12:24'),
	(321, 250, 'NAQ', NULL, 'Nouvelle-Aquitaine', NULL, 1, '2022-03-25 01:12:24', '2022-03-25 01:12:24'),
	(322, 250, 'OCC', NULL, 'Occitanie', NULL, 1, '2022-03-25 01:12:24', '2022-03-25 01:12:24'),
	(323, 250, 'PDL', NULL, 'Pays-de-la-Loire', NULL, 1, '2022-03-25 01:12:24', '2022-03-25 01:12:24'),
	(324, 250, 'PAC', NULL, 'Provence-Alpes-Cte-dAzur', NULL, 1, '2022-03-25 01:12:24', '2022-03-25 01:12:24'),
	(325, 250, 'IDF', NULL, 'le-de-France', NULL, 1, '2022-03-25 01:12:24', '2022-03-25 01:12:24'),
	(326, 826, 'ABE', NULL, 'Aberdeen City', NULL, 1, '2022-03-25 01:12:24', '2022-03-25 01:12:24'),
	(327, 826, 'ABD', NULL, 'Aberdeenshire', NULL, 1, '2022-03-25 01:12:24', '2022-03-25 01:12:24'),
	(328, 826, 'ANS', NULL, 'Angus', NULL, 1, '2022-03-25 01:12:24', '2022-03-25 01:12:24'),
	(329, 826, 'ANT', NULL, 'Antrim', NULL, 1, '2022-03-25 01:12:24', '2022-03-25 01:12:24'),
	(330, 826, 'ARD', NULL, 'Ards', NULL, 1, '2022-03-25 01:12:24', '2022-03-25 01:12:24'),
	(331, 826, 'AGB', NULL, 'Argyll and Bute', NULL, 1, '2022-03-25 01:12:24', '2022-03-25 01:12:24'),
	(332, 826, 'ARM', NULL, 'Armagh', NULL, 1, '2022-03-25 01:12:24', '2022-03-25 01:12:24'),
	(333, 826, 'BLA', NULL, 'Ballymena', NULL, 1, '2022-03-25 01:12:24', '2022-03-25 01:12:24'),
	(334, 826, 'BLY', NULL, 'Ballymoney', NULL, 1, '2022-03-25 01:12:24', '2022-03-25 01:12:24'),
	(335, 826, 'BNB', NULL, 'Banbridge', NULL, 1, '2022-03-25 01:12:24', '2022-03-25 01:12:24'),
	(336, 826, 'BDG', NULL, 'Barking and Dagenham', NULL, 1, '2022-03-25 01:12:24', '2022-03-25 01:12:24'),
	(337, 826, 'BNE', NULL, 'Barnet', NULL, 1, '2022-03-25 01:12:24', '2022-03-25 01:12:24'),
	(338, 826, 'BNS', NULL, 'Barnsley', NULL, 1, '2022-03-25 01:12:24', '2022-03-25 01:12:24'),
	(339, 826, 'BAS', NULL, 'Bath and North East Somerset', NULL, 1, '2022-03-25 01:12:24', '2022-03-25 01:12:24'),
	(340, 826, 'BDF', NULL, 'Bedfordshire', NULL, 1, '2022-03-25 01:12:24', '2022-03-25 01:12:24'),
	(341, 826, 'BFS', NULL, 'Belfast', NULL, 1, '2022-03-25 01:12:24', '2022-03-25 01:12:24'),
	(342, 826, 'BEX', NULL, 'Bexley', NULL, 1, '2022-03-25 01:12:24', '2022-03-25 01:12:24'),
	(343, 826, 'BIR', NULL, 'Birmingham', NULL, 1, '2022-03-25 01:12:24', '2022-03-25 01:12:24'),
	(344, 826, 'BBD', NULL, 'Blackburn with Darwen', NULL, 1, '2022-03-25 01:12:24', '2022-03-25 01:12:24'),
	(345, 826, 'BPL', NULL, 'Blackpool', NULL, 1, '2022-03-25 01:12:24', '2022-03-25 01:12:24'),
	(346, 826, 'BGW', NULL, 'Blaenau Gwent', NULL, 1, '2022-03-25 01:12:24', '2022-03-25 01:12:24'),
	(347, 826, 'BOL', NULL, 'Bolton', NULL, 1, '2022-03-25 01:12:24', '2022-03-25 01:12:24'),
	(348, 826, 'BMH', NULL, 'Bournemouth', NULL, 1, '2022-03-25 01:12:24', '2022-03-25 01:12:24'),
	(349, 826, 'BRC', NULL, 'Bracknell Forest', NULL, 1, '2022-03-25 01:12:24', '2022-03-25 01:12:24'),
	(350, 826, 'BRD', NULL, 'Bradford', NULL, 1, '2022-03-25 01:12:24', '2022-03-25 01:12:24'),
	(351, 826, 'BEN', NULL, 'Brent', NULL, 1, '2022-03-25 01:12:24', '2022-03-25 01:12:24'),
	(352, 826, 'BGE', NULL, 'Bridgend [Pen-y-bont ar Ogwr GB-POG]', NULL, 1, '2022-03-25 01:12:24', '2022-03-25 01:12:24'),
	(353, 826, 'BNH', NULL, 'Brighton and Hove', NULL, 1, '2022-03-25 01:12:24', '2022-03-25 01:12:24'),
	(354, 826, 'BST', NULL, 'Bristol, City of', NULL, 1, '2022-03-25 01:12:24', '2022-03-25 01:12:24'),
	(355, 826, 'BRY', NULL, 'Bromley', NULL, 1, '2022-03-25 01:12:24', '2022-03-25 01:12:24'),
	(356, 826, 'BKM', NULL, 'Buckinghamshire', NULL, 1, '2022-03-25 01:12:24', '2022-03-25 01:12:24'),
	(357, 826, 'BUR', NULL, 'Bury', NULL, 1, '2022-03-25 01:12:24', '2022-03-25 01:12:24'),
	(358, 826, 'CAY', NULL, 'Caerphilly [Caerffili GB-CAF]', NULL, 1, '2022-03-25 01:12:24', '2022-03-25 01:12:24'),
	(359, 826, 'CLD', NULL, 'Calderdale', NULL, 1, '2022-03-25 01:12:24', '2022-03-25 01:12:24'),
	(360, 826, 'CAM', NULL, 'Cambridgeshire', NULL, 1, '2022-03-25 01:12:24', '2022-03-25 01:12:24'),
	(361, 826, 'CMD', NULL, 'Camden', NULL, 1, '2022-03-25 01:12:24', '2022-03-25 01:12:24'),
	(362, 826, 'CRF', NULL, 'Cardiff [Caerdydd GB-CRD]', NULL, 1, '2022-03-25 01:12:24', '2022-03-25 01:12:24'),
	(363, 826, 'CMN', NULL, 'Carmarthenshire [Sir Gaerfyrddin GB-GFY]', NULL, 1, '2022-03-25 01:12:24', '2022-03-25 01:12:24'),
	(364, 826, 'CKF', NULL, 'Carrickfergus', NULL, 1, '2022-03-25 01:12:24', '2022-03-25 01:12:24'),
	(365, 826, 'CSR', NULL, 'Castlereagh', NULL, 1, '2022-03-25 01:12:24', '2022-03-25 01:12:24'),
	(366, 826, 'CBF', NULL, 'Central Bedfordshire', NULL, 1, '2022-03-25 01:12:24', '2022-03-25 01:12:24'),
	(367, 826, 'CGN', NULL, 'Ceredigion [Sir Ceredigion]', NULL, 1, '2022-03-25 01:12:24', '2022-03-25 01:12:24'),
	(368, 826, 'CHE', NULL, 'Cheshire East', NULL, 1, '2022-03-25 01:12:24', '2022-03-25 01:12:24'),
	(369, 826, 'CHW', NULL, 'Cheshire West and Chester', NULL, 1, '2022-03-25 01:12:24', '2022-03-25 01:12:24'),
	(370, 826, 'CLK', NULL, 'Clackmannanshire', NULL, 1, '2022-03-25 01:12:24', '2022-03-25 01:12:24'),
	(371, 826, 'CLR', NULL, 'Coleraine', NULL, 1, '2022-03-25 01:12:24', '2022-03-25 01:12:24'),
	(372, 826, 'CWY', NULL, 'Conwy', NULL, 1, '2022-03-25 01:12:24', '2022-03-25 01:12:24'),
	(373, 826, 'CKT', NULL, 'Cookstown', NULL, 1, '2022-03-25 01:12:24', '2022-03-25 01:12:24'),
	(374, 826, 'CON', NULL, 'Cornwall', NULL, 1, '2022-03-25 01:12:24', '2022-03-25 01:12:24'),
	(375, 826, 'COV', NULL, 'Coventry', NULL, 1, '2022-03-25 01:12:24', '2022-03-25 01:12:24'),
	(376, 826, 'CGV', NULL, 'Craigavon', NULL, 1, '2022-03-25 01:12:24', '2022-03-25 01:12:24'),
	(377, 826, 'CRY', NULL, 'Croydon', NULL, 1, '2022-03-25 01:12:24', '2022-03-25 01:12:24'),
	(378, 826, 'CMA', NULL, 'Cumbria', NULL, 1, '2022-03-25 01:12:24', '2022-03-25 01:12:24'),
	(379, 826, 'DAL', NULL, 'Darlington', NULL, 1, '2022-03-25 01:12:24', '2022-03-25 01:12:24'),
	(380, 826, 'DEN', NULL, 'Denbighshire [Sir Ddinbych GB-DDB]', NULL, 1, '2022-03-25 01:12:24', '2022-03-25 01:12:24'),
	(381, 826, 'DER', NULL, 'Derby', NULL, 1, '2022-03-25 01:12:24', '2022-03-25 01:12:24'),
	(382, 826, 'DBY', NULL, 'Derbyshire', NULL, 1, '2022-03-25 01:12:24', '2022-03-25 01:12:24'),
	(383, 826, 'DRY', NULL, 'Derry', NULL, 1, '2022-03-25 01:12:24', '2022-03-25 01:12:24'),
	(384, 826, 'DEV', NULL, 'Devon', NULL, 1, '2022-03-25 01:12:24', '2022-03-25 01:12:24'),
	(385, 826, 'DNC', NULL, 'Doncaster', NULL, 1, '2022-03-25 01:12:24', '2022-03-25 01:12:24'),
	(386, 826, 'DOR', NULL, 'Dorset', NULL, 1, '2022-03-25 01:12:24', '2022-03-25 01:12:24'),
	(387, 826, 'DOW', NULL, 'Down', NULL, 1, '2022-03-25 01:12:24', '2022-03-25 01:12:24'),
	(388, 826, 'DUD', NULL, 'Dudley', NULL, 1, '2022-03-25 01:12:24', '2022-03-25 01:12:24'),
	(389, 826, 'DGY', NULL, 'Dumfries and Galloway', NULL, 1, '2022-03-25 01:12:24', '2022-03-25 01:12:24'),
	(390, 826, 'DND', NULL, 'Dundee City', NULL, 1, '2022-03-25 01:12:24', '2022-03-25 01:12:24'),
	(391, 826, 'DGN', NULL, 'Dungannon', NULL, 1, '2022-03-25 01:12:24', '2022-03-25 01:12:24'),
	(392, 826, 'DUR', NULL, 'Durham', NULL, 1, '2022-03-25 01:12:24', '2022-03-25 01:12:24'),
	(393, 826, 'EAL', NULL, 'Ealing', NULL, 1, '2022-03-25 01:12:24', '2022-03-25 01:12:24'),
	(394, 826, 'EAY', NULL, 'East Ayrshire', NULL, 1, '2022-03-25 01:12:24', '2022-03-25 01:12:24'),
	(395, 826, 'EDU', NULL, 'East Dunbartonshire', NULL, 1, '2022-03-25 01:12:24', '2022-03-25 01:12:24'),
	(396, 826, 'ELN', NULL, 'East Lothian', NULL, 1, '2022-03-25 01:12:24', '2022-03-25 01:12:24'),
	(397, 826, 'ERW', NULL, 'East Renfrewshire', NULL, 1, '2022-03-25 01:12:24', '2022-03-25 01:12:24'),
	(398, 826, 'ERY', NULL, 'East Riding of Yorkshire', NULL, 1, '2022-03-25 01:12:24', '2022-03-25 01:12:24'),
	(399, 826, 'ESX', NULL, 'East Sussex', NULL, 1, '2022-03-25 01:12:24', '2022-03-25 01:12:24'),
	(400, 826, 'EDH', NULL, 'Edinburgh, City of', NULL, 1, '2022-03-25 01:12:24', '2022-03-25 01:12:24'),
	(401, 826, 'ELS', NULL, 'Eilean Siar', NULL, 1, '2022-03-25 01:12:24', '2022-03-25 01:12:24'),
	(402, 826, 'ENF', NULL, 'Enfield', NULL, 1, '2022-03-25 01:12:24', '2022-03-25 01:12:24'),
	(403, 826, 'ESS', NULL, 'Essex', NULL, 1, '2022-03-25 01:12:24', '2022-03-25 01:12:24'),
	(404, 826, 'FAL', NULL, 'Falkirk', NULL, 1, '2022-03-25 01:12:24', '2022-03-25 01:12:24'),
	(405, 826, 'FER', NULL, 'Fermanagh', NULL, 1, '2022-03-25 01:12:24', '2022-03-25 01:12:24'),
	(406, 826, 'FIF', NULL, 'Fife', NULL, 1, '2022-03-25 01:12:24', '2022-03-25 01:12:24'),
	(407, 826, 'FLN', NULL, 'Flintshire [Sir y Fflint GB-FFL]', NULL, 1, '2022-03-25 01:12:24', '2022-03-25 01:12:24'),
	(408, 826, 'GAT', NULL, 'Gateshead', NULL, 1, '2022-03-25 01:12:24', '2022-03-25 01:12:24'),
	(409, 826, 'GLG', NULL, 'Glasgow City', NULL, 1, '2022-03-25 01:12:24', '2022-03-25 01:12:24'),
	(410, 826, 'GLS', NULL, 'Gloucestershire', NULL, 1, '2022-03-25 01:12:24', '2022-03-25 01:12:24'),
	(411, 826, 'GRE', NULL, 'Greenwich', NULL, 1, '2022-03-25 01:12:24', '2022-03-25 01:12:24'),
	(412, 826, 'GWN', NULL, 'Gwynedd', NULL, 1, '2022-03-25 01:12:24', '2022-03-25 01:12:24'),
	(413, 826, 'HCK', NULL, 'Hackney', NULL, 1, '2022-03-25 01:12:24', '2022-03-25 01:12:24'),
	(414, 826, 'HAL', NULL, 'Halton', NULL, 1, '2022-03-25 01:12:24', '2022-03-25 01:12:24'),
	(415, 826, 'HMF', NULL, 'Hammersmith and Fulham', NULL, 1, '2022-03-25 01:12:24', '2022-03-25 01:12:24'),
	(416, 826, 'HAM', NULL, 'Hampshire', NULL, 1, '2022-03-25 01:12:24', '2022-03-25 01:12:24'),
	(417, 826, 'HRY', NULL, 'Haringey', NULL, 1, '2022-03-25 01:12:24', '2022-03-25 01:12:24'),
	(418, 826, 'HRW', NULL, 'Harrow', NULL, 1, '2022-03-25 01:12:24', '2022-03-25 01:12:24'),
	(419, 826, 'HPL', NULL, 'Hartlepool', NULL, 1, '2022-03-25 01:12:24', '2022-03-25 01:12:24'),
	(420, 826, 'HAV', NULL, 'Havering', NULL, 1, '2022-03-25 01:12:24', '2022-03-25 01:12:24'),
	(421, 826, 'HEF', NULL, 'Herefordshire, County of', NULL, 1, '2022-03-25 01:12:24', '2022-03-25 01:12:24'),
	(422, 826, 'HRT', NULL, 'Hertfordshire', NULL, 1, '2022-03-25 01:12:24', '2022-03-25 01:12:24'),
	(423, 826, 'HLD', NULL, 'Highland', NULL, 1, '2022-03-25 01:12:24', '2022-03-25 01:12:24'),
	(424, 826, 'HIL', NULL, 'Hillingdon', NULL, 1, '2022-03-25 01:12:24', '2022-03-25 01:12:24'),
	(425, 826, 'HNS', NULL, 'Hounslow', NULL, 1, '2022-03-25 01:12:24', '2022-03-25 01:12:24'),
	(426, 826, 'IVC', NULL, 'Inverclyde', NULL, 1, '2022-03-25 01:12:24', '2022-03-25 01:12:24'),
	(427, 826, 'AGY', NULL, 'Isle of Anglesey [Sir Ynys Mn GB-YNM]', NULL, 1, '2022-03-25 01:12:24', '2022-03-25 01:12:24'),
	(428, 826, 'IOW', NULL, 'Isle of Wight', NULL, 1, '2022-03-25 01:12:24', '2022-03-25 01:12:24'),
	(429, 826, 'ISL', NULL, 'Islington', NULL, 1, '2022-03-25 01:12:24', '2022-03-25 01:12:24'),
	(430, 826, 'KEC', NULL, 'Kensington and Chelsea', NULL, 1, '2022-03-25 01:12:24', '2022-03-25 01:12:24'),
	(431, 826, 'KEN', NULL, 'Kent', NULL, 1, '2022-03-25 01:12:24', '2022-03-25 01:12:24'),
	(432, 826, 'KHL', NULL, 'Kingston upon Hull, City of', NULL, 1, '2022-03-25 01:12:24', '2022-03-25 01:12:24'),
	(433, 826, 'KTT', NULL, 'Kingston upon Thames', NULL, 1, '2022-03-25 01:12:24', '2022-03-25 01:12:24'),
	(434, 826, 'KIR', NULL, 'Kirklees', NULL, 1, '2022-03-25 01:12:24', '2022-03-25 01:12:24'),
	(435, 826, 'KWL', NULL, 'Knowsley', NULL, 1, '2022-03-25 01:12:24', '2022-03-25 01:12:24'),
	(436, 826, 'LBH', NULL, 'Lambeth', NULL, 1, '2022-03-25 01:12:24', '2022-03-25 01:12:24'),
	(437, 826, 'LAN', NULL, 'Lancashire', NULL, 1, '2022-03-25 01:12:24', '2022-03-25 01:12:24'),
	(438, 826, 'LRN', NULL, 'Larne', NULL, 1, '2022-03-25 01:12:24', '2022-03-25 01:12:24'),
	(439, 826, 'LDS', NULL, 'Leeds', NULL, 1, '2022-03-25 01:12:24', '2022-03-25 01:12:24'),
	(440, 826, 'LCE', NULL, 'Leicester', NULL, 1, '2022-03-25 01:12:24', '2022-03-25 01:12:24'),
	(441, 826, 'LEC', NULL, 'Leicestershire', NULL, 1, '2022-03-25 01:12:24', '2022-03-25 01:12:24'),
	(442, 826, 'LEW', NULL, 'Lewisham', NULL, 1, '2022-03-25 01:12:24', '2022-03-25 01:12:24'),
	(443, 826, 'LMV', NULL, 'Limavady', NULL, 1, '2022-03-25 01:12:24', '2022-03-25 01:12:24'),
	(444, 826, 'LIN', NULL, 'Lincolnshire', NULL, 1, '2022-03-25 01:12:24', '2022-03-25 01:12:24'),
	(445, 826, 'LSB', NULL, 'Lisburn', NULL, 1, '2022-03-25 01:12:24', '2022-03-25 01:12:24'),
	(446, 826, 'LIV', NULL, 'Liverpool', NULL, 1, '2022-03-25 01:12:24', '2022-03-25 01:12:24'),
	(447, 826, 'LND', NULL, 'London, City of', NULL, 1, '2022-03-25 01:12:24', '2022-03-25 01:12:24'),
	(448, 826, 'LUT', NULL, 'Luton', NULL, 1, '2022-03-25 01:12:24', '2022-03-25 01:12:24'),
	(449, 826, 'MFT', NULL, 'Magherafelt', NULL, 1, '2022-03-25 01:12:24', '2022-03-25 01:12:24'),
	(450, 826, 'MAN', NULL, 'Manchester', NULL, 1, '2022-03-25 01:12:24', '2022-03-25 01:12:24'),
	(451, 826, 'MDW', NULL, 'Medway', NULL, 1, '2022-03-25 01:12:24', '2022-03-25 01:12:24'),
	(452, 826, 'MTY', NULL, 'Merthyr Tydfil [Merthyr Tudful GB-MTU]', NULL, 1, '2022-03-25 01:12:24', '2022-03-25 01:12:24'),
	(453, 826, 'MRT', NULL, 'Merton', NULL, 1, '2022-03-25 01:12:24', '2022-03-25 01:12:24'),
	(454, 826, 'MDB', NULL, 'Middlesbrough', NULL, 1, '2022-03-25 01:12:24', '2022-03-25 01:12:24'),
	(455, 826, 'MLN', NULL, 'Midlothian', NULL, 1, '2022-03-25 01:12:24', '2022-03-25 01:12:24'),
	(456, 826, 'MIK', NULL, 'Milton Keynes', NULL, 1, '2022-03-25 01:12:24', '2022-03-25 01:12:24'),
	(457, 826, 'MON', NULL, 'Monmouthshire [Sir Fynwy GB-FYN]', NULL, 1, '2022-03-25 01:12:24', '2022-03-25 01:12:24'),
	(458, 826, 'MRY', NULL, 'Moray', NULL, 1, '2022-03-25 01:12:24', '2022-03-25 01:12:24'),
	(459, 826, 'MYL', NULL, 'Moyle', NULL, 1, '2022-03-25 01:12:24', '2022-03-25 01:12:24'),
	(460, 826, 'NTL', NULL, 'Neath Port Talbot [Castell-nedd Port Talbot GB-CTL]', NULL, 1, '2022-03-25 01:12:24', '2022-03-25 01:12:24'),
	(461, 826, 'NET', NULL, 'Newcastle upon Tyne', NULL, 1, '2022-03-25 01:12:24', '2022-03-25 01:12:24'),
	(462, 826, 'NWM', NULL, 'Newham', NULL, 1, '2022-03-25 01:12:24', '2022-03-25 01:12:24'),
	(463, 826, 'NWP', NULL, 'Newport [Casnewydd GB-CNW]', NULL, 1, '2022-03-25 01:12:24', '2022-03-25 01:12:24'),
	(464, 826, 'NYM', NULL, 'Newry and Mourne', NULL, 1, '2022-03-25 01:12:24', '2022-03-25 01:12:24'),
	(465, 826, 'NTA', NULL, 'Newtownabbey', NULL, 1, '2022-03-25 01:12:24', '2022-03-25 01:12:24'),
	(466, 826, 'NFK', NULL, 'Norfolk', NULL, 1, '2022-03-25 01:12:24', '2022-03-25 01:12:24'),
	(467, 826, 'NAY', NULL, 'North Ayrshire', NULL, 1, '2022-03-25 01:12:24', '2022-03-25 01:12:24'),
	(468, 826, 'NDN', NULL, 'North Down', NULL, 1, '2022-03-25 01:12:24', '2022-03-25 01:12:24'),
	(469, 826, 'NEL', NULL, 'North East Lincolnshire', NULL, 1, '2022-03-25 01:12:24', '2022-03-25 01:12:24'),
	(470, 826, 'NLK', NULL, 'North Lanarkshire', NULL, 1, '2022-03-25 01:12:24', '2022-03-25 01:12:24'),
	(471, 826, 'NLN', NULL, 'North Lincolnshire', NULL, 1, '2022-03-25 01:12:24', '2022-03-25 01:12:24'),
	(472, 826, 'NSM', NULL, 'North Somerset', NULL, 1, '2022-03-25 01:12:24', '2022-03-25 01:12:24'),
	(473, 826, 'NTY', NULL, 'North Tyneside', NULL, 1, '2022-03-25 01:12:24', '2022-03-25 01:12:24'),
	(474, 826, 'NYK', NULL, 'North Yorkshire', NULL, 1, '2022-03-25 01:12:24', '2022-03-25 01:12:24'),
	(475, 826, 'NTH', NULL, 'Northamptonshire', NULL, 1, '2022-03-25 01:12:24', '2022-03-25 01:12:24'),
	(476, 826, 'NBL', NULL, 'Northumberland', NULL, 1, '2022-03-25 01:12:24', '2022-03-25 01:12:24'),
	(477, 826, 'NGM', NULL, 'Nottingham', NULL, 1, '2022-03-25 01:12:24', '2022-03-25 01:12:24'),
	(478, 826, 'NTT', NULL, 'Nottinghamshire', NULL, 1, '2022-03-25 01:12:24', '2022-03-25 01:12:24'),
	(479, 826, 'OLD', NULL, 'Oldham', NULL, 1, '2022-03-25 01:12:24', '2022-03-25 01:12:24'),
	(480, 826, 'OMH', NULL, 'Omagh', NULL, 1, '2022-03-25 01:12:24', '2022-03-25 01:12:24'),
	(481, 826, 'ORK', NULL, 'Orkney Islands', NULL, 1, '2022-03-25 01:12:24', '2022-03-25 01:12:24'),
	(482, 826, 'OXF', NULL, 'Oxfordshire', NULL, 1, '2022-03-25 01:12:24', '2022-03-25 01:12:24'),
	(483, 826, 'PEM', NULL, 'Pembrokeshire [Sir Benfro GB-BNF]', NULL, 1, '2022-03-25 01:12:24', '2022-03-25 01:12:24'),
	(484, 826, 'PKN', NULL, 'Perth and Kinross', NULL, 1, '2022-03-25 01:12:24', '2022-03-25 01:12:24'),
	(485, 826, 'PTE', NULL, 'Peterborough', NULL, 1, '2022-03-25 01:12:24', '2022-03-25 01:12:24'),
	(486, 826, 'PLY', NULL, 'Plymouth', NULL, 1, '2022-03-25 01:12:24', '2022-03-25 01:12:24'),
	(487, 826, 'POL', NULL, 'Poole', NULL, 1, '2022-03-25 01:12:24', '2022-03-25 01:12:24'),
	(488, 826, 'POR', NULL, 'Portsmouth', NULL, 1, '2022-03-25 01:12:24', '2022-03-25 01:12:24'),
	(489, 826, 'POW', NULL, 'Powys', NULL, 1, '2022-03-25 01:12:24', '2022-03-25 01:12:24'),
	(490, 826, 'RDG', NULL, 'Reading', NULL, 1, '2022-03-25 01:12:24', '2022-03-25 01:12:24'),
	(491, 826, 'RDB', NULL, 'Redbridge', NULL, 1, '2022-03-25 01:12:24', '2022-03-25 01:12:24'),
	(492, 826, 'RCC', NULL, 'Redcar and Cleveland', NULL, 1, '2022-03-25 01:12:24', '2022-03-25 01:12:24'),
	(493, 826, 'RFW', NULL, 'Renfrewshire', NULL, 1, '2022-03-25 01:12:24', '2022-03-25 01:12:24'),
	(494, 826, 'RCT', NULL, 'Rhondda, Cynon, Taff [Rhondda, Cynon,Taf]', NULL, 1, '2022-03-25 01:12:24', '2022-03-25 01:12:24'),
	(495, 826, 'RIC', NULL, 'Richmond upon Thames', NULL, 1, '2022-03-25 01:12:24', '2022-03-25 01:12:24'),
	(496, 826, 'RCH', NULL, 'Rochdale', NULL, 1, '2022-03-25 01:12:24', '2022-03-25 01:12:24'),
	(497, 826, 'ROT', NULL, 'Rotherham', NULL, 1, '2022-03-25 01:12:24', '2022-03-25 01:12:24'),
	(498, 826, 'RUT', NULL, 'Rutland', NULL, 1, '2022-03-25 01:12:24', '2022-03-25 01:12:24'),
	(499, 826, 'SLF', NULL, 'Salford', NULL, 1, '2022-03-25 01:12:24', '2022-03-25 01:12:24'),
	(500, 826, 'SAW', NULL, 'Sandwell', NULL, 1, '2022-03-25 01:12:24', '2022-03-25 01:12:24'),
	(501, 826, 'SCB', NULL, 'Scottish Borders, The', NULL, 1, '2022-03-25 01:12:24', '2022-03-25 01:12:24'),
	(502, 826, 'SFT', NULL, 'Sefton', NULL, 1, '2022-03-25 01:12:24', '2022-03-25 01:12:24'),
	(503, 826, 'SHF', NULL, 'Sheffield', NULL, 1, '2022-03-25 01:12:24', '2022-03-25 01:12:24'),
	(504, 826, 'ZET', NULL, 'Shetland Islands', NULL, 1, '2022-03-25 01:12:24', '2022-03-25 01:12:24'),
	(505, 826, 'SHR', NULL, 'Shropshire', NULL, 1, '2022-03-25 01:12:24', '2022-03-25 01:12:24'),
	(506, 826, 'SLG', NULL, 'Slough', NULL, 1, '2022-03-25 01:12:24', '2022-03-25 01:12:24'),
	(507, 826, 'SOL', NULL, 'Solihull', NULL, 1, '2022-03-25 01:12:24', '2022-03-25 01:12:24'),
	(508, 826, 'SOM', NULL, 'Somerset', NULL, 1, '2022-03-25 01:12:24', '2022-03-25 01:12:24'),
	(509, 826, 'SAY', NULL, 'South Ayrshire', NULL, 1, '2022-03-25 01:12:24', '2022-03-25 01:12:24'),
	(510, 826, 'SGC', NULL, 'South Gloucestershire', NULL, 1, '2022-03-25 01:12:24', '2022-03-25 01:12:24'),
	(511, 826, 'SLK', NULL, 'South Lanarkshire', NULL, 1, '2022-03-25 01:12:24', '2022-03-25 01:12:24'),
	(512, 826, 'STY', NULL, 'South Tyneside', NULL, 1, '2022-03-25 01:12:24', '2022-03-25 01:12:24'),
	(513, 826, 'STH', NULL, 'Southampton', NULL, 1, '2022-03-25 01:12:24', '2022-03-25 01:12:24'),
	(514, 826, 'SOS', NULL, 'Southend-on-Sea', NULL, 1, '2022-03-25 01:12:24', '2022-03-25 01:12:24'),
	(515, 826, 'SWK', NULL, 'Southwark', NULL, 1, '2022-03-25 01:12:24', '2022-03-25 01:12:24'),
	(516, 826, 'SHN', NULL, 'St. Helens', NULL, 1, '2022-03-25 01:12:24', '2022-03-25 01:12:24'),
	(517, 826, 'STS', NULL, 'Staffordshire', NULL, 1, '2022-03-25 01:12:24', '2022-03-25 01:12:24'),
	(518, 826, 'STG', NULL, 'Stirling', NULL, 1, '2022-03-25 01:12:24', '2022-03-25 01:12:24'),
	(519, 826, 'SKP', NULL, 'Stockport', NULL, 1, '2022-03-25 01:12:24', '2022-03-25 01:12:24'),
	(520, 826, 'STT', NULL, 'Stockton-on-Tees', NULL, 1, '2022-03-25 01:12:24', '2022-03-25 01:12:24'),
	(521, 826, 'STE', NULL, 'Stoke-on-Trent', NULL, 1, '2022-03-25 01:12:24', '2022-03-25 01:12:24'),
	(522, 826, 'STB', NULL, 'Strabane', NULL, 1, '2022-03-25 01:12:24', '2022-03-25 01:12:24'),
	(523, 826, 'SFK', NULL, 'Suffolk', NULL, 1, '2022-03-25 01:12:24', '2022-03-25 01:12:24'),
	(524, 826, 'SND', NULL, 'Sunderland', NULL, 1, '2022-03-25 01:12:24', '2022-03-25 01:12:24'),
	(525, 826, 'SRY', NULL, 'Surrey', NULL, 1, '2022-03-25 01:12:24', '2022-03-25 01:12:24'),
	(526, 826, 'STN', NULL, 'Sutton', NULL, 1, '2022-03-25 01:12:24', '2022-03-25 01:12:24'),
	(527, 826, 'SWA', NULL, 'Swansea [Abertawe GB-ATA]', NULL, 1, '2022-03-25 01:12:24', '2022-03-25 01:12:24'),
	(528, 826, 'SWD', NULL, 'Swindon', NULL, 1, '2022-03-25 01:12:24', '2022-03-25 01:12:24'),
	(529, 826, 'TAM', NULL, 'Tameside', NULL, 1, '2022-03-25 01:12:24', '2022-03-25 01:12:24'),
	(530, 826, 'TFW', NULL, 'Telford and Wrekin', NULL, 1, '2022-03-25 01:12:24', '2022-03-25 01:12:24'),
	(531, 826, 'THR', NULL, 'Thurrock', NULL, 1, '2022-03-25 01:12:24', '2022-03-25 01:12:24'),
	(532, 826, 'TOB', NULL, 'Torbay', NULL, 1, '2022-03-25 01:12:24', '2022-03-25 01:12:24'),
	(533, 826, 'TOF', NULL, 'Torfaen [Tor-faen]', NULL, 1, '2022-03-25 01:12:24', '2022-03-25 01:12:24'),
	(534, 826, 'TWH', NULL, 'Tower Hamlets', NULL, 1, '2022-03-25 01:12:24', '2022-03-25 01:12:24'),
	(535, 826, 'TRF', NULL, 'Trafford', NULL, 1, '2022-03-25 01:12:24', '2022-03-25 01:12:24'),
	(536, 826, 'VGL', NULL, 'Vale of Glamorgan, The [Bro Morgannwg GB-BMG]', NULL, 1, '2022-03-25 01:12:24', '2022-03-25 01:12:24'),
	(537, 826, 'WKF', NULL, 'Wakefield', NULL, 1, '2022-03-25 01:12:24', '2022-03-25 01:12:24'),
	(538, 826, 'WLL', NULL, 'Walsall', NULL, 1, '2022-03-25 01:12:24', '2022-03-25 01:12:24'),
	(539, 826, 'WFT', NULL, 'Waltham Forest', NULL, 1, '2022-03-25 01:12:24', '2022-03-25 01:12:24'),
	(540, 826, 'WND', NULL, 'Wandsworth', NULL, 1, '2022-03-25 01:12:24', '2022-03-25 01:12:24'),
	(541, 826, 'WRT', NULL, 'Warrington', NULL, 1, '2022-03-25 01:12:24', '2022-03-25 01:12:24'),
	(542, 826, 'WAR', NULL, 'Warwickshire', NULL, 1, '2022-03-25 01:12:24', '2022-03-25 01:12:24'),
	(543, 826, 'WBK', NULL, 'West Berkshire', NULL, 1, '2022-03-25 01:12:24', '2022-03-25 01:12:24'),
	(544, 826, 'WDU', NULL, 'West Dunbartonshire', NULL, 1, '2022-03-25 01:12:24', '2022-03-25 01:12:24'),
	(545, 826, 'WLN', NULL, 'West Lothian', NULL, 1, '2022-03-25 01:12:24', '2022-03-25 01:12:24'),
	(546, 826, 'WSX', NULL, 'West Sussex', NULL, 1, '2022-03-25 01:12:24', '2022-03-25 01:12:24'),
	(547, 826, 'WSM', NULL, 'Westminster', NULL, 1, '2022-03-25 01:12:24', '2022-03-25 01:12:24'),
	(548, 826, 'WGN', NULL, 'Wigan', NULL, 1, '2022-03-25 01:12:24', '2022-03-25 01:12:24'),
	(549, 826, 'WIL', NULL, 'Wiltshire', NULL, 1, '2022-03-25 01:12:24', '2022-03-25 01:12:24'),
	(550, 826, 'WNM', NULL, 'Windsor and Maidenhead', NULL, 1, '2022-03-25 01:12:24', '2022-03-25 01:12:24'),
	(551, 826, 'WRL', NULL, 'Wirral', NULL, 1, '2022-03-25 01:12:24', '2022-03-25 01:12:24'),
	(552, 826, 'WOK', NULL, 'Wokingham', NULL, 1, '2022-03-25 01:12:24', '2022-03-25 01:12:24'),
	(553, 826, 'WLV', NULL, 'Wolverhampton', NULL, 1, '2022-03-25 01:12:24', '2022-03-25 01:12:24'),
	(554, 826, 'WOR', NULL, 'Worcestershire', NULL, 1, '2022-03-25 01:12:24', '2022-03-25 01:12:24'),
	(555, 826, 'WRX', NULL, 'Wrexham [Wrecsam GB-WRC]', NULL, 1, '2022-03-25 01:12:24', '2022-03-25 01:12:24'),
	(556, 826, 'YOR', NULL, 'York', NULL, 1, '2022-03-25 01:12:24', '2022-03-25 01:12:24'),
	(557, 268, 'AB', NULL, 'Abkhazia', NULL, 1, '2022-03-25 01:12:24', '2022-03-25 01:12:24'),
	(558, 268, 'AJ', NULL, 'Ajaria', NULL, 1, '2022-03-25 01:12:24', '2022-03-25 01:12:24'),
	(559, 268, 'GU', NULL, 'Guria', NULL, 1, '2022-03-25 01:12:24', '2022-03-25 01:12:24'),
	(560, 268, 'IM', NULL, 'Imeret\'i', NULL, 1, '2022-03-25 01:12:24', '2022-03-25 01:12:24'),
	(561, 268, 'KK', NULL, 'K\'vemo K\'art\'li', NULL, 1, '2022-03-25 01:12:24', '2022-03-25 01:12:24'),
	(562, 268, 'KA', NULL, 'Kakhet\'i', NULL, 1, '2022-03-25 01:12:24', '2022-03-25 01:12:24'),
	(563, 268, 'MM', NULL, 'Mts\'khet\'a-Mt\'ianet\'i', NULL, 1, '2022-03-25 01:12:24', '2022-03-25 01:12:24'),
	(564, 268, 'RL', NULL, 'Racha-Lech\'khumi-K\'vemo Svanet\'i', NULL, 1, '2022-03-25 01:12:24', '2022-03-25 01:12:24'),
	(565, 268, 'SZ', NULL, 'Samegrelo-Zemo Svanet\'i', NULL, 1, '2022-03-25 01:12:24', '2022-03-25 01:12:24'),
	(566, 268, 'SJ', NULL, 'Samts\'khe-Javakhet\'i', NULL, 1, '2022-03-25 01:12:24', '2022-03-25 01:12:24'),
	(567, 268, 'SK', NULL, 'Shida K\'art\'li', NULL, 1, '2022-03-25 01:12:24', '2022-03-25 01:12:24'),
	(568, 268, 'TB', NULL, 'T\'bilisi', NULL, 1, '2022-03-25 01:12:24', '2022-03-25 01:12:24'),
	(569, 288, 'AH', NULL, 'Ashanti', NULL, 1, '2022-03-25 01:12:24', '2022-03-25 01:12:24'),
	(570, 288, 'BA', NULL, 'Brong-Ahafo', NULL, 1, '2022-03-25 01:12:24', '2022-03-25 01:12:24'),
	(571, 288, 'CP', NULL, 'Central', NULL, 1, '2022-03-25 01:12:24', '2022-03-25 01:12:24'),
	(572, 288, 'EP', NULL, 'Eastern', NULL, 1, '2022-03-25 01:12:24', '2022-03-25 01:12:24'),
	(573, 288, 'AA', NULL, 'Greater Accra', NULL, 1, '2022-03-25 01:12:24', '2022-03-25 01:12:24'),
	(574, 288, 'NP', NULL, 'Northern', NULL, 1, '2022-03-25 01:12:24', '2022-03-25 01:12:24'),
	(575, 288, 'UE', NULL, 'Upper East', NULL, 1, '2022-03-25 01:12:24', '2022-03-25 01:12:24'),
	(576, 288, 'UW', NULL, 'Upper West', NULL, 1, '2022-03-25 01:12:24', '2022-03-25 01:12:24'),
	(577, 288, 'TV', NULL, 'Volta', NULL, 1, '2022-03-25 01:12:24', '2022-03-25 01:12:24'),
	(578, 288, 'WP', NULL, 'Western', NULL, 1, '2022-03-25 01:12:24', '2022-03-25 01:12:24'),
	(579, 360, 'BA', NULL, 'Bali', NULL, 1, '2022-03-25 01:12:24', '2022-03-25 01:12:24'),
	(580, 360, 'BB', NULL, 'BangkaBelitung Islands', NULL, 1, '2022-03-25 01:12:24', '2022-03-25 01:12:24'),
	(581, 360, 'BT', NULL, 'Banten', NULL, 1, '2022-03-25 01:12:24', '2022-03-25 01:12:24'),
	(582, 360, 'BE', NULL, 'Bengkulu', NULL, 1, '2022-03-25 01:12:24', '2022-03-25 01:12:24'),
	(583, 360, 'JT', NULL, 'Central Java', NULL, 1, '2022-03-25 01:12:24', '2022-03-25 01:12:24'),
	(584, 360, 'KT', NULL, 'Central Kalimantan', NULL, 1, '2022-03-25 01:12:24', '2022-03-25 01:12:24'),
	(585, 360, 'ST', NULL, 'Central Sulawesi', NULL, 1, '2022-03-25 01:12:24', '2022-03-25 01:12:24'),
	(586, 360, 'JI', NULL, 'East Java', NULL, 1, '2022-03-25 01:12:24', '2022-03-25 01:12:24'),
	(587, 360, 'KI', NULL, 'East Kalimantan', NULL, 1, '2022-03-25 01:12:24', '2022-03-25 01:12:24'),
	(588, 360, 'NT', NULL, 'East Nusa Tenggara', NULL, 1, '2022-03-25 01:12:24', '2022-03-25 01:12:24'),
	(589, 360, 'GO', NULL, 'Gorontalo', NULL, 1, '2022-03-25 01:12:24', '2022-03-25 01:12:24'),
	(590, 360, 'JK', NULL, 'Jakarta Special Capital Region', NULL, 1, '2022-03-25 01:12:24', '2022-03-25 01:12:24'),
	(591, 360, 'JA', NULL, 'Jambi', NULL, 1, '2022-03-25 01:12:24', '2022-03-25 01:12:24'),
	(592, 360, 'LA', NULL, 'Lampung', NULL, 1, '2022-03-25 01:12:24', '2022-03-25 01:12:24'),
	(593, 360, 'MA', NULL, 'Maluku', NULL, 1, '2022-03-25 01:12:24', '2022-03-25 01:12:24'),
	(594, 360, 'KU', NULL, 'North Kalimantan', NULL, 1, '2022-03-25 01:12:24', '2022-03-25 01:12:24'),
	(595, 360, 'MU', NULL, 'North Maluku', NULL, 1, '2022-03-25 01:12:24', '2022-03-25 01:12:24'),
	(596, 360, 'SA', NULL, 'North Sulawesi', NULL, 1, '2022-03-25 01:12:24', '2022-03-25 01:12:24'),
	(597, 360, 'SU', NULL, 'North Sumatra', NULL, 1, '2022-03-25 01:12:24', '2022-03-25 01:12:24'),
	(598, 360, 'RI', NULL, 'Riau', NULL, 1, '2022-03-25 01:12:24', '2022-03-25 01:12:24'),
	(599, 360, 'KR', NULL, 'Riau Islands', NULL, 1, '2022-03-25 01:12:24', '2022-03-25 01:12:24'),
	(600, 360, 'KS', NULL, 'South Kalimantan', NULL, 1, '2022-03-25 01:12:24', '2022-03-25 01:12:24'),
	(601, 360, 'SN', NULL, 'South Sulawesi', NULL, 1, '2022-03-25 01:12:24', '2022-03-25 01:12:24'),
	(602, 360, 'SS', NULL, 'South Sumatra', NULL, 1, '2022-03-25 01:12:24', '2022-03-25 01:12:24'),
	(603, 360, 'SG', NULL, 'Southeast Sulawesi', NULL, 1, '2022-03-25 01:12:24', '2022-03-25 01:12:24'),
	(604, 360, 'AC', NULL, 'Special Region of Aceh', NULL, 1, '2022-03-25 01:12:24', '2022-03-25 01:12:24'),
	(605, 360, 'PA', NULL, 'Special Region of Papua', NULL, 1, '2022-03-25 01:12:24', '2022-03-25 01:12:24'),
	(606, 360, 'PB', NULL, 'Special Region of West Papua', NULL, 1, '2022-03-25 01:12:24', '2022-03-25 01:12:24'),
	(607, 360, 'JB', NULL, 'West Java', NULL, 1, '2022-03-25 01:12:24', '2022-03-25 01:12:24'),
	(608, 360, 'KB', NULL, 'West Kalimantan', NULL, 1, '2022-03-25 01:12:24', '2022-03-25 01:12:24'),
	(609, 360, 'NB', NULL, 'West Nusa Tenggara', NULL, 1, '2022-03-25 01:12:24', '2022-03-25 01:12:24'),
	(610, 360, 'SR', NULL, 'West Sulawesi', NULL, 1, '2022-03-25 01:12:24', '2022-03-25 01:12:24'),
	(611, 360, 'SB', NULL, 'West Sumatra', NULL, 1, '2022-03-25 01:12:24', '2022-03-25 01:12:24'),
	(612, 360, 'YO', NULL, 'Yogyakarta', NULL, 1, '2022-03-25 01:12:24', '2022-03-25 01:12:24'),
	(613, 376, 'JM', NULL, 'Al Quds / Yerushalayim', NULL, 1, '2022-03-25 01:12:24', '2022-03-25 01:12:24'),
	(614, 376, 'D', NULL, 'El Janb / HaDarom', NULL, 1, '2022-03-25 01:12:24', '2022-03-25 01:12:24'),
	(615, 376, 'Z', NULL, 'Esh Shaml / Ha afon', NULL, 1, '2022-03-25 01:12:24', '2022-03-25 01:12:24'),
	(616, 376, 'M', NULL, 'HaDarom / HaMerkaz', NULL, 1, '2022-03-25 01:12:24', '2022-03-25 01:12:24'),
	(617, 376, 'YOUR', NULL, 'Tell Abb / Tel Aviv', NULL, 1, '2022-03-25 01:12:24', '2022-03-25 01:12:24'),
	(618, 376, 'HA', NULL, 'eif / Hefa', NULL, 1, '2022-03-25 01:12:24', '2022-03-25 01:12:24'),
	(619, 356, 'AN', NULL, 'Andaman and Nicobar Islands', NULL, 1, '2022-03-25 01:12:24', '2022-03-25 01:12:24'),
	(620, 356, 'AP', NULL, 'Andhra Pradesh', NULL, 1, '2022-03-25 01:12:24', '2022-03-25 01:12:24'),
	(621, 356, 'AR', NULL, 'Arunachal Pradesh', NULL, 1, '2022-03-25 01:12:24', '2022-03-25 01:12:24'),
	(622, 356, 'AS', NULL, 'Assam', NULL, 1, '2022-03-25 01:12:24', '2022-03-25 01:12:24'),
	(623, 356, 'BR', NULL, 'Bihar', NULL, 1, '2022-03-25 01:12:24', '2022-03-25 01:12:24'),
	(624, 356, 'CH', NULL, 'Chandigarh', NULL, 1, '2022-03-25 01:12:24', '2022-03-25 01:12:24'),
	(625, 356, 'CT', NULL, 'Chhattisgarh', NULL, 1, '2022-03-25 01:12:24', '2022-03-25 01:12:24'),
	(626, 356, 'DN', NULL, 'Dadra and Nagar Haveli', NULL, 1, '2022-03-25 01:12:24', '2022-03-25 01:12:24'),
	(627, 356, 'DD', NULL, 'Daman and Diu', NULL, 1, '2022-03-25 01:12:24', '2022-03-25 01:12:24'),
	(628, 356, 'GA', NULL, 'Goa', NULL, 1, '2022-03-25 01:12:24', '2022-03-25 01:12:24'),
	(629, 356, 'GJ', NULL, 'Gujarat', NULL, 1, '2022-03-25 01:12:24', '2022-03-25 01:12:24'),
	(630, 356, 'HR', NULL, 'Haryana', NULL, 1, '2022-03-25 01:12:24', '2022-03-25 01:12:24'),
	(631, 356, 'HP', NULL, 'Himachal Pradesh', NULL, 1, '2022-03-25 01:12:24', '2022-03-25 01:12:24'),
	(632, 356, 'JK', NULL, 'Jammu and Kashmir', NULL, 1, '2022-03-25 01:12:24', '2022-03-25 01:12:24'),
	(633, 356, 'JH', NULL, 'Jharkhand', NULL, 1, '2022-03-25 01:12:24', '2022-03-25 01:12:24'),
	(634, 356, 'KA', NULL, 'Karnataka', NULL, 1, '2022-03-25 01:12:24', '2022-03-25 01:12:24'),
	(635, 356, 'KL', NULL, 'Kerala', NULL, 1, '2022-03-25 01:12:24', '2022-03-25 01:12:24'),
	(636, 356, 'LD', NULL, 'Lakshadweep', NULL, 1, '2022-03-25 01:12:24', '2022-03-25 01:12:24'),
	(637, 356, 'MP', NULL, 'Madhya Pradesh', NULL, 1, '2022-03-25 01:12:24', '2022-03-25 01:12:24'),
	(638, 356, 'MH', NULL, 'Maharashtra', NULL, 1, '2022-03-25 01:12:24', '2022-03-25 01:12:24'),
	(639, 356, 'MN', NULL, 'Manipur', NULL, 1, '2022-03-25 01:12:24', '2022-03-25 01:12:24'),
	(640, 356, 'ML', NULL, 'Meghalaya', NULL, 1, '2022-03-25 01:12:24', '2022-03-25 01:12:24'),
	(641, 356, 'MZ', NULL, 'Mizoram', NULL, 1, '2022-03-25 01:12:24', '2022-03-25 01:12:24'),
	(642, 356, 'NL', NULL, 'Nagaland', NULL, 1, '2022-03-25 01:12:24', '2022-03-25 01:12:24'),
	(643, 356, 'DL', NULL, 'National Capital Territory of Delhi', NULL, 1, '2022-03-25 01:12:24', '2022-03-25 01:12:24'),
	(644, 356, 'OR', NULL, 'Odisha', NULL, 1, '2022-03-25 01:12:24', '2022-03-25 01:12:24'),
	(645, 356, 'PY', NULL, 'Puducherry', NULL, 1, '2022-03-25 01:12:24', '2022-03-25 01:12:24'),
	(646, 356, 'PB', NULL, 'Punjab', NULL, 1, '2022-03-25 01:12:24', '2022-03-25 01:12:24'),
	(647, 356, 'RJ', NULL, 'Rajasthan', NULL, 1, '2022-03-25 01:12:24', '2022-03-25 01:12:24'),
	(648, 356, 'SK', NULL, 'Sikkim', NULL, 1, '2022-03-25 01:12:24', '2022-03-25 01:12:24'),
	(649, 356, 'TN', NULL, 'Tamil Nadu', NULL, 1, '2022-03-25 01:12:24', '2022-03-25 01:12:24'),
	(650, 356, 'TG', NULL, 'Telangana', NULL, 1, '2022-03-25 01:12:24', '2022-03-25 01:12:24'),
	(651, 356, 'TR', NULL, 'Tripura', NULL, 1, '2022-03-25 01:12:24', '2022-03-25 01:12:24'),
	(652, 356, 'UP', NULL, 'Uttar Pradesh', NULL, 1, '2022-03-25 01:12:24', '2022-03-25 01:12:24'),
	(653, 356, 'UT', NULL, 'Uttarakhand', NULL, 1, '2022-03-25 01:12:24', '2022-03-25 01:12:24'),
	(654, 356, 'WB', NULL, 'West Bengal', NULL, 1, '2022-03-25 01:12:24', '2022-03-25 01:12:24'),
	(655, 380, '65', NULL, 'Abruzzo', NULL, 1, '2022-03-25 01:12:24', '2022-03-25 01:12:24'),
	(656, 380, '23', NULL, 'Aosta Valley', NULL, 1, '2022-03-25 01:12:24', '2022-03-25 01:12:24'),
	(657, 380, '75', NULL, 'Apulia', NULL, 1, '2022-03-25 01:12:24', '2022-03-25 01:12:24'),
	(658, 380, '77', NULL, 'Basilicata', NULL, 1, '2022-03-25 01:12:24', '2022-03-25 01:12:24'),
	(659, 380, '78', NULL, 'Calabria', NULL, 1, '2022-03-25 01:12:24', '2022-03-25 01:12:24'),
	(660, 380, '72', NULL, 'Campania', NULL, 1, '2022-03-25 01:12:24', '2022-03-25 01:12:24'),
	(661, 380, '45', NULL, 'Emilia-Romagna', NULL, 1, '2022-03-25 01:12:24', '2022-03-25 01:12:24'),
	(662, 380, '36', NULL, 'Friuli Venezia Giulia', NULL, 1, '2022-03-25 01:12:24', '2022-03-25 01:12:24'),
	(663, 380, '62', NULL, 'Lazio', NULL, 1, '2022-03-25 01:12:24', '2022-03-25 01:12:24'),
	(664, 380, '42', NULL, 'Liguria', NULL, 1, '2022-03-25 01:12:24', '2022-03-25 01:12:24'),
	(665, 380, '25', NULL, 'Lombardy', NULL, 1, '2022-03-25 01:12:24', '2022-03-25 01:12:24'),
	(666, 380, '57', NULL, 'Marche', NULL, 1, '2022-03-25 01:12:24', '2022-03-25 01:12:24'),
	(667, 380, '67', NULL, 'Molise', NULL, 1, '2022-03-25 01:12:24', '2022-03-25 01:12:24'),
	(668, 380, '21', NULL, 'Piedmont', NULL, 1, '2022-03-25 01:12:24', '2022-03-25 01:12:24'),
	(669, 380, '88', NULL, 'Sardinia', NULL, 1, '2022-03-25 01:12:24', '2022-03-25 01:12:24'),
	(670, 380, '82', NULL, 'Sicily', NULL, 1, '2022-03-25 01:12:24', '2022-03-25 01:12:24'),
	(671, 380, '32', NULL, 'Trentino-South Tyrol', NULL, 1, '2022-03-25 01:12:24', '2022-03-25 01:12:24'),
	(672, 380, '52', NULL, 'Tuscany', NULL, 1, '2022-03-25 01:12:24', '2022-03-25 01:12:24'),
	(673, 380, '55', NULL, 'Umbria', NULL, 1, '2022-03-25 01:12:24', '2022-03-25 01:12:24'),
	(674, 380, '34', NULL, 'Veneto', NULL, 1, '2022-03-25 01:12:24', '2022-03-25 01:12:24'),
	(675, 392, '23', NULL, 'Aiti', NULL, 1, '2022-03-25 01:12:24', '2022-03-25 01:12:24'),
	(676, 392, '05', NULL, 'Akita', NULL, 1, '2022-03-25 01:12:24', '2022-03-25 01:12:24'),
	(677, 392, '02', NULL, 'Aomori', NULL, 1, '2022-03-25 01:12:24', '2022-03-25 01:12:24'),
	(678, 392, '38', NULL, 'Ehime', NULL, 1, '2022-03-25 01:12:24', '2022-03-25 01:12:24'),
	(679, 392, '21', NULL, 'Gihu', NULL, 1, '2022-03-25 01:12:24', '2022-03-25 01:12:24'),
	(680, 392, '10', NULL, 'Gunma', NULL, 1, '2022-03-25 01:12:24', '2022-03-25 01:12:24'),
	(681, 392, '34', NULL, 'Hirosima', NULL, 1, '2022-03-25 01:12:24', '2022-03-25 01:12:24'),
	(682, 392, '01', NULL, 'Hokkaid', NULL, 1, '2022-03-25 01:12:24', '2022-03-25 01:12:24'),
	(683, 392, '18', NULL, 'Hukui', NULL, 1, '2022-03-25 01:12:24', '2022-03-25 01:12:24'),
	(684, 392, '40', NULL, 'Hukuoka', NULL, 1, '2022-03-25 01:12:24', '2022-03-25 01:12:24'),
	(685, 392, '07', NULL, 'Hukusima', NULL, 1, '2022-03-25 01:12:24', '2022-03-25 01:12:24'),
	(686, 392, '28', NULL, 'Hygo', NULL, 1, '2022-03-25 01:12:24', '2022-03-25 01:12:24'),
	(687, 392, '08', NULL, 'Ibaraki', NULL, 1, '2022-03-25 01:12:24', '2022-03-25 01:12:24'),
	(688, 392, '17', NULL, 'Isikawa', NULL, 1, '2022-03-25 01:12:24', '2022-03-25 01:12:24'),
	(689, 392, '03', NULL, 'Iwate', NULL, 1, '2022-03-25 01:12:24', '2022-03-25 01:12:24'),
	(690, 392, '37', NULL, 'Kagawa', NULL, 1, '2022-03-25 01:12:24', '2022-03-25 01:12:24'),
	(691, 392, '46', NULL, 'Kagosima', NULL, 1, '2022-03-25 01:12:24', '2022-03-25 01:12:24'),
	(692, 392, '14', NULL, 'Kanagawa ', NULL, 1, '2022-03-25 01:12:24', '2022-03-25 01:12:24'),
	(693, 392, '43', NULL, 'Kumamoto ', NULL, 1, '2022-03-25 01:12:24', '2022-03-25 01:12:24'),
	(694, 392, '26', NULL, 'Kyto', NULL, 1, '2022-03-25 01:12:24', '2022-03-25 01:12:24'),
	(695, 392, '39', NULL, 'Kti', NULL, 1, '2022-03-25 01:12:24', '2022-03-25 01:12:24'),
	(696, 392, '24', NULL, 'Mie', NULL, 1, '2022-03-25 01:12:24', '2022-03-25 01:12:24'),
	(697, 392, '04', NULL, 'Miyagi', NULL, 1, '2022-03-25 01:12:24', '2022-03-25 01:12:24'),
	(698, 392, '45', NULL, 'Miyazaki', NULL, 1, '2022-03-25 01:12:24', '2022-03-25 01:12:24'),
	(699, 392, '20', NULL, 'Nagano', NULL, 1, '2022-03-25 01:12:24', '2022-03-25 01:12:24'),
	(700, 392, '42', NULL, 'Nagasaki', NULL, 1, '2022-03-25 01:12:24', '2022-03-25 01:12:24'),
	(701, 392, '29', NULL, 'Nara', NULL, 1, '2022-03-25 01:12:24', '2022-03-25 01:12:24'),
	(702, 392, '15', NULL, 'Niigata', NULL, 1, '2022-03-25 01:12:24', '2022-03-25 01:12:24'),
	(703, 392, '33', NULL, 'Okayama', NULL, 1, '2022-03-25 01:12:24', '2022-03-25 01:12:24'),
	(704, 392, '47', NULL, 'Okinawa', NULL, 1, '2022-03-25 01:12:24', '2022-03-25 01:12:24'),
	(705, 392, '41', NULL, 'Saga', NULL, 1, '2022-03-25 01:12:24', '2022-03-25 01:12:24'),
	(706, 392, '11', NULL, 'Saitama', NULL, 1, '2022-03-25 01:12:24', '2022-03-25 01:12:24'),
	(707, 392, '25', NULL, 'Siga', NULL, 1, '2022-03-25 01:12:24', '2022-03-25 01:12:24'),
	(708, 392, '32', NULL, 'Simane', NULL, 1, '2022-03-25 01:12:24', '2022-03-25 01:12:24'),
	(709, 392, '22', NULL, 'Sizuoka', NULL, 1, '2022-03-25 01:12:24', '2022-03-25 01:12:24'),
	(710, 392, '12', NULL, 'Tiba', NULL, 1, '2022-03-25 01:12:24', '2022-03-25 01:12:24'),
	(711, 392, '36', NULL, 'Tokusima', NULL, 1, '2022-03-25 01:12:24', '2022-03-25 01:12:24'),
	(712, 392, '09', NULL, 'Totigi', NULL, 1, '2022-03-25 01:12:24', '2022-03-25 01:12:24'),
	(713, 392, '31', NULL, 'Tottori', NULL, 1, '2022-03-25 01:12:24', '2022-03-25 01:12:24'),
	(714, 392, '16', NULL, 'Toyama', NULL, 1, '2022-03-25 01:12:24', '2022-03-25 01:12:24'),
	(715, 392, '13', NULL, 'Tky', NULL, 1, '2022-03-25 01:12:24', '2022-03-25 01:12:24'),
	(716, 392, '30', NULL, 'Wakayama', NULL, 1, '2022-03-25 01:12:24', '2022-03-25 01:12:24'),
	(717, 392, '06', NULL, 'Yamagata', NULL, 1, '2022-03-25 01:12:24', '2022-03-25 01:12:24'),
	(718, 392, '35', NULL, 'Yamaguti', NULL, 1, '2022-03-25 01:12:24', '2022-03-25 01:12:24'),
	(719, 392, '19', NULL, 'Yamanasi', NULL, 1, '2022-03-25 01:12:24', '2022-03-25 01:12:24'),
	(720, 392, '44', NULL, 'ita', NULL, 1, '2022-03-25 01:12:24', '2022-03-25 01:12:24'),
	(721, 392, '27', NULL, 'saka', NULL, 1, '2022-03-25 01:12:24', '2022-03-25 01:12:24'),
	(722, 404, '200', NULL, 'Central', NULL, 1, '2022-03-25 01:12:24', '2022-03-25 01:12:24'),
	(723, 404, '300', NULL, 'Coast', NULL, 1, '2022-03-25 01:12:24', '2022-03-25 01:12:24'),
	(724, 404, '400', NULL, 'Eastern', NULL, 1, '2022-03-25 01:12:24', '2022-03-25 01:12:24'),
	(725, 404, '110', NULL, 'Nairobi', NULL, 1, '2022-03-25 01:12:24', '2022-03-25 01:12:24'),
	(726, 404, '500', NULL, 'North-Eastern', NULL, 1, '2022-03-25 01:12:24', '2022-03-25 01:12:24'),
	(727, 404, '600', NULL, 'Nyanza', NULL, 1, '2022-03-25 01:12:24', '2022-03-25 01:12:24'),
	(728, 404, '700', NULL, 'Rift Valley', NULL, 1, '2022-03-25 01:12:24', '2022-03-25 01:12:24'),
	(729, 404, '800', NULL, 'Western', NULL, 1, '2022-03-25 01:12:24', '2022-03-25 01:12:24'),
	(730, 116, '2', NULL, 'Baat Dambang', NULL, 1, '2022-03-25 01:12:24', '2022-03-25 01:12:24'),
	(731, 116, '1', NULL, 'Banteay Mean Chey', NULL, 1, '2022-03-25 01:12:24', '2022-03-25 01:12:24'),
	(732, 116, '3', NULL, 'Kampong Chaam', NULL, 1, '2022-03-25 01:12:24', '2022-03-25 01:12:24'),
	(733, 116, '4', NULL, 'Kampong Chhnang', NULL, 1, '2022-03-25 01:12:24', '2022-03-25 01:12:24'),
	(734, 116, '5', NULL, 'Kampong Spueu', NULL, 1, '2022-03-25 01:12:24', '2022-03-25 01:12:24'),
	(735, 116, '6', NULL, 'Kampong Thum', NULL, 1, '2022-03-25 01:12:24', '2022-03-25 01:12:24'),
	(736, 116, '7', NULL, 'Kampot', NULL, 1, '2022-03-25 01:12:24', '2022-03-25 01:12:24'),
	(737, 116, '8', NULL, 'Kandaal', NULL, 1, '2022-03-25 01:12:24', '2022-03-25 01:12:24'),
	(738, 116, '9', NULL, 'Kaoh Kong', NULL, 1, '2022-03-25 01:12:24', '2022-03-25 01:12:24'),
	(739, 116, '10', NULL, 'Kracheh', NULL, 1, '2022-03-25 01:12:24', '2022-03-25 01:12:24'),
	(740, 116, '23', NULL, 'Krong Kaeb', NULL, 1, '2022-03-25 01:12:24', '2022-03-25 01:12:24'),
	(741, 116, '24', NULL, 'Krong Pailin', NULL, 1, '2022-03-25 01:12:24', '2022-03-25 01:12:24'),
	(742, 116, '18', NULL, 'Krong Preah Sihanouk', NULL, 1, '2022-03-25 01:12:24', '2022-03-25 01:12:24'),
	(743, 116, '11', NULL, 'Mondol Kiri', NULL, 1, '2022-03-25 01:12:24', '2022-03-25 01:12:24'),
	(744, 116, '22', NULL, 'Otdar Mean Chey', NULL, 1, '2022-03-25 01:12:24', '2022-03-25 01:12:24'),
	(745, 116, '12', NULL, 'Phnom Penh', NULL, 1, '2022-03-25 01:12:24', '2022-03-25 01:12:24'),
	(746, 116, '15', NULL, 'Pousaat', NULL, 1, '2022-03-25 01:12:24', '2022-03-25 01:12:24'),
	(747, 116, '13', NULL, 'Preah Vihear', NULL, 1, '2022-03-25 01:12:24', '2022-03-25 01:12:24'),
	(748, 116, '14', NULL, 'Prey Veaeng', NULL, 1, '2022-03-25 01:12:24', '2022-03-25 01:12:24'),
	(749, 116, '16', NULL, 'Rotanak Kiri', NULL, 1, '2022-03-25 01:12:24', '2022-03-25 01:12:24'),
	(750, 116, '17', NULL, 'Siem Reab', NULL, 1, '2022-03-25 01:12:24', '2022-03-25 01:12:24'),
	(751, 116, '19', NULL, 'Stueng Traeng', NULL, 1, '2022-03-25 01:12:24', '2022-03-25 01:12:24'),
	(752, 116, '20', NULL, 'Svaay Rieng', NULL, 1, '2022-03-25 01:12:24', '2022-03-25 01:12:24'),
	(753, 116, '21', NULL, 'Taakaev', NULL, 1, '2022-03-25 01:12:24', '2022-03-25 01:12:24'),
	(754, 116, '25', NULL, 'Tbong Khmum', NULL, 1, '2022-03-25 01:12:24', '2022-03-25 01:12:24'),
	(755, 414, 'AH', NULL, 'Al Amad', NULL, 1, '2022-03-25 01:12:24', '2022-03-25 01:12:24'),
	(756, 414, 'FA', NULL, 'Al Farwnyah', NULL, 1, '2022-03-25 01:12:24', '2022-03-25 01:12:24'),
	(757, 414, 'JA', NULL, 'Al Jahr', NULL, 1, '2022-03-25 01:12:24', '2022-03-25 01:12:24'),
	(758, 414, 'KU', NULL, 'Al Kuwayt (Al imah)', NULL, 1, '2022-03-25 01:12:24', '2022-03-25 01:12:24'),
	(759, 414, 'MU', NULL, 'Mubrak al Kabr', NULL, 1, '2022-03-25 01:12:24', '2022-03-25 01:12:24'),
	(760, 414, 'HA', NULL, 'awall', NULL, 1, '2022-03-25 01:12:24', '2022-03-25 01:12:24'),
	(761, 422, 'AK', NULL, 'Aakkrli', NULL, 1, '2022-03-25 01:12:24', '2022-03-25 01:12:24'),
	(762, 422, 'BH', NULL, 'Baalbek-Hermel', NULL, 1, '2022-03-25 01:12:24', '2022-03-25 01:12:24'),
	(763, 422, 'BA', NULL, 'Beyrouth', NULL, 1, '2022-03-25 01:12:24', '2022-03-25 01:12:24'),
	(764, 422, 'BI', NULL, 'Bqaa', NULL, 1, '2022-03-25 01:12:24', '2022-03-25 01:12:24'),
	(765, 422, 'AS', NULL, 'Liban-Nordli', NULL, 1, '2022-03-25 01:12:24', '2022-03-25 01:12:24'),
	(766, 422, 'JA', NULL, 'Liban-Sudbi', NULL, 1, '2022-03-25 01:12:24', '2022-03-25 01:12:24'),
	(767, 422, 'JL', NULL, 'Mont-Liban', NULL, 1, '2022-03-25 01:12:24', '2022-03-25 01:12:24'),
	(768, 422, 'NA', NULL, 'Nabaty', NULL, 1, '2022-03-25 01:12:24', '2022-03-25 01:12:24'),
	(769, 144, '52', NULL, 'Ampra', NULL, 1, '2022-03-25 01:12:24', '2022-03-25 01:12:24'),
	(770, 144, '71', NULL, 'Anurdhapura', NULL, 1, '2022-03-25 01:12:24', '2022-03-25 01:12:24'),
	(771, 144, '81', NULL, 'Badulla', NULL, 1, '2022-03-25 01:12:24', '2022-03-25 01:12:24'),
	(772, 144, '1', NULL, 'Basnhira pata', NULL, 1, '2022-03-25 01:12:24', '2022-03-25 01:12:24'),
	(773, 144, '3', NULL, 'Dakuu pata', NULL, 1, '2022-03-25 01:12:24', '2022-03-25 01:12:24'),
	(774, 144, '12', NULL, 'Gampaha', NULL, 1, '2022-03-25 01:12:24', '2022-03-25 01:12:24'),
	(775, 144, '31', NULL, 'Glla', NULL, 1, '2022-03-25 01:12:24', '2022-03-25 01:12:24'),
	(776, 144, '33', NULL, 'Hambanta', NULL, 1, '2022-03-25 01:12:24', '2022-03-25 01:12:24'),
	(777, 144, '13', NULL, 'Kautara', NULL, 1, '2022-03-25 01:12:24', '2022-03-25 01:12:24'),
	(778, 144, '42', NULL, 'Kilinchchi', NULL, 1, '2022-03-25 01:12:24', '2022-03-25 01:12:24'),
	(779, 144, '61', NULL, 'Kurugala', NULL, 1, '2022-03-25 01:12:24', '2022-03-25 01:12:24'),
	(780, 144, '92', NULL, 'Kgalla', NULL, 1, '2022-03-25 01:12:24', '2022-03-25 01:12:24'),
	(781, 144, '11', NULL, 'Kamba', NULL, 1, '2022-03-25 01:12:24', '2022-03-25 01:12:24'),
	(782, 144, '2', NULL, 'Madhyama pata', NULL, 1, '2022-03-25 01:12:24', '2022-03-25 01:12:24'),
	(783, 144, '21', NULL, 'Mahanuvara', NULL, 1, '2022-03-25 01:12:24', '2022-03-25 01:12:24'),
	(784, 144, '43', NULL, 'Mannrama', NULL, 1, '2022-03-25 01:12:24', '2022-03-25 01:12:24'),
	(785, 144, '51', NULL, 'Maakalapuva', NULL, 1, '2022-03-25 01:12:24', '2022-03-25 01:12:24'),
	(786, 144, '45', NULL, 'Mulativ', NULL, 1, '2022-03-25 01:12:24', '2022-03-25 01:12:24'),
	(787, 144, '22', NULL, 'Mtale', NULL, 1, '2022-03-25 01:12:24', '2022-03-25 01:12:24'),
	(788, 144, '32', NULL, 'Mtara', NULL, 1, '2022-03-25 01:12:24', '2022-03-25 01:12:24'),
	(789, 144, '82', NULL, 'Margala', NULL, 1, '2022-03-25 01:12:24', '2022-03-25 01:12:24'),
	(790, 144, '23', NULL, 'Nuvara liya', NULL, 1, '2022-03-25 01:12:24', '2022-03-25 01:12:24'),
	(791, 144, '5', NULL, 'Ngnahira pata', NULL, 1, '2022-03-25 01:12:24', '2022-03-25 01:12:24'),
	(792, 144, '62', NULL, 'Puttalama', NULL, 1, '2022-03-25 01:12:24', '2022-03-25 01:12:24'),
	(793, 144, '72', NULL, 'Pnnaruva', NULL, 1, '2022-03-25 01:12:24', '2022-03-25 01:12:24'),
	(794, 144, '91', NULL, 'Ratnapura', NULL, 1, '2022-03-25 01:12:24', '2022-03-25 01:12:24'),
	(795, 144, '9', NULL, 'Sabaragamuva pata', NULL, 1, '2022-03-25 01:12:24', '2022-03-25 01:12:24'),
	(796, 144, '53', NULL, 'Trikumalaya', NULL, 1, '2022-03-25 01:12:24', '2022-03-25 01:12:24'),
	(797, 144, '4', NULL, 'Uturu pata', NULL, 1, '2022-03-25 01:12:24', '2022-03-25 01:12:24'),
	(798, 144, '7', NULL, 'Uturumda pata', NULL, 1, '2022-03-25 01:12:24', '2022-03-25 01:12:24'),
	(799, 144, '44', NULL, 'Vavuniyva', NULL, 1, '2022-03-25 01:12:24', '2022-03-25 01:12:24'),
	(800, 144, '6', NULL, 'Vayamba pata', NULL, 1, '2022-03-25 01:12:24', '2022-03-25 01:12:24'),
	(801, 144, '41', NULL, 'Ypanaya', NULL, 1, '2022-03-25 01:12:24', '2022-03-25 01:12:24'),
	(802, 144, '8', NULL, 'va pata', NULL, 1, '2022-03-25 01:12:24', '2022-03-25 01:12:24'),
	(803, 484, 'AG', NULL, 'Aguascalientes', NULL, 1, '2022-03-25 01:12:24', '2022-03-25 01:12:24'),
	(804, 484, 'BC', NULL, 'Baja California', NULL, 1, '2022-03-25 01:12:24', '2022-03-25 01:12:24'),
	(805, 484, 'BS', NULL, 'Baja California Sur', NULL, 1, '2022-03-25 01:12:24', '2022-03-25 01:12:24'),
	(806, 484, 'CM', NULL, 'Campeche', NULL, 1, '2022-03-25 01:12:24', '2022-03-25 01:12:24'),
	(807, 484, 'CS', NULL, 'Chiapas', NULL, 1, '2022-03-25 01:12:24', '2022-03-25 01:12:24'),
	(808, 484, 'CH', NULL, 'Chihuahua', NULL, 1, '2022-03-25 01:12:24', '2022-03-25 01:12:24'),
	(809, 484, 'MX', NULL, 'Coahuila', NULL, 1, '2022-03-25 01:12:24', '2022-03-25 01:12:24'),
	(810, 484, 'CL', NULL, 'Colima', NULL, 1, '2022-03-25 01:12:24', '2022-03-25 01:12:24'),
	(811, 484, 'DG', NULL, 'Durango', NULL, 1, '2022-03-25 01:12:24', '2022-03-25 01:12:24'),
	(812, 484, 'DF', NULL, 'Federal District', NULL, 1, '2022-03-25 01:12:24', '2022-03-25 01:12:24'),
	(813, 484, 'GT', NULL, 'Guanajuato', NULL, 1, '2022-03-25 01:12:24', '2022-03-25 01:12:24'),
	(814, 484, 'GR', NULL, 'Guerrero', NULL, 1, '2022-03-25 01:12:24', '2022-03-25 01:12:24'),
	(815, 484, 'HG', NULL, 'Hidalgo', NULL, 1, '2022-03-25 01:12:24', '2022-03-25 01:12:24'),
	(816, 484, 'JA', NULL, 'Jalisco', NULL, 1, '2022-03-25 01:12:24', '2022-03-25 01:12:24'),
	(817, 484, 'ME', NULL, 'Mexico', NULL, 1, '2022-03-25 01:12:24', '2022-03-25 01:12:24'),
	(818, 484, 'MI', NULL, 'Michoacn', NULL, 1, '2022-03-25 01:12:24', '2022-03-25 01:12:24'),
	(819, 484, 'MO', NULL, 'Morelos', NULL, 1, '2022-03-25 01:12:24', '2022-03-25 01:12:24'),
	(820, 484, 'NA', NULL, 'Nayarit', NULL, 1, '2022-03-25 01:12:24', '2022-03-25 01:12:24'),
	(821, 484, 'NL', NULL, 'Nuevo Len', NULL, 1, '2022-03-25 01:12:24', '2022-03-25 01:12:24'),
	(822, 484, 'OA', NULL, 'Oaxaca', NULL, 1, '2022-03-25 01:12:24', '2022-03-25 01:12:24'),
	(823, 484, 'PU', NULL, 'Puebla', NULL, 1, '2022-03-25 01:12:24', '2022-03-25 01:12:24'),
	(824, 484, 'QE', NULL, 'Quertaro', NULL, 1, '2022-03-25 01:12:24', '2022-03-25 01:12:24'),
	(825, 484, 'QR', NULL, 'Quintana Roo', NULL, 1, '2022-03-25 01:12:24', '2022-03-25 01:12:24'),
	(826, 484, 'SL', NULL, 'San Luis Potos', NULL, 1, '2022-03-25 01:12:24', '2022-03-25 01:12:24'),
	(827, 484, 'SI', NULL, 'Sinaloa', NULL, 1, '2022-03-25 01:12:24', '2022-03-25 01:12:24'),
	(828, 484, 'SO', NULL, 'Sonora', NULL, 1, '2022-03-25 01:12:24', '2022-03-25 01:12:24'),
	(829, 484, 'TB', NULL, 'Tabasco', NULL, 1, '2022-03-25 01:12:24', '2022-03-25 01:12:24'),
	(830, 484, 'TM', NULL, 'Tamaulipas', NULL, 1, '2022-03-25 01:12:24', '2022-03-25 01:12:24'),
	(831, 484, 'TL', NULL, 'Tlaxcala', NULL, 1, '2022-03-25 01:12:24', '2022-03-25 01:12:24'),
	(832, 484, 'VE', NULL, 'Veracruz', NULL, 1, '2022-03-25 01:12:24', '2022-03-25 01:12:24'),
	(833, 484, 'YU', NULL, 'Yucatn', NULL, 1, '2022-03-25 01:12:24', '2022-03-25 01:12:24'),
	(834, 484, 'ZA', NULL, 'Zacatecas', NULL, 1, '2022-03-25 01:12:24', '2022-03-25 01:12:24'),
	(835, 458, '01', NULL, 'Johor', NULL, 1, '2022-03-25 01:12:24', '2022-03-25 01:12:24'),
	(836, 458, '02', NULL, 'Kedah', NULL, 1, '2022-03-25 01:12:24', '2022-03-25 01:12:24'),
	(837, 458, '03', NULL, 'Kelantan', NULL, 1, '2022-03-25 01:12:24', '2022-03-25 01:12:24'),
	(838, 458, '04', NULL, 'Melaka', NULL, 1, '2022-03-25 01:12:24', '2022-03-25 01:12:24'),
	(839, 458, '05', NULL, 'Negeri Sembilan', NULL, 1, '2022-03-25 01:12:24', '2022-03-25 01:12:24'),
	(840, 458, '06', NULL, 'Pahang', NULL, 1, '2022-03-25 01:12:24', '2022-03-25 01:12:24'),
	(841, 458, '08', NULL, 'Perak', NULL, 1, '2022-03-25 01:12:24', '2022-03-25 01:12:24'),
	(842, 458, '09', NULL, 'Perlis', NULL, 1, '2022-03-25 01:12:24', '2022-03-25 01:12:24'),
	(843, 458, '07', NULL, 'Pulau Pinang', NULL, 1, '2022-03-25 01:12:24', '2022-03-25 01:12:24'),
	(844, 458, '12', NULL, 'Sabah', NULL, 1, '2022-03-25 01:12:24', '2022-03-25 01:12:24'),
	(845, 458, '13', NULL, 'Sarawak', NULL, 1, '2022-03-25 01:12:24', '2022-03-25 01:12:24'),
	(846, 458, '10', NULL, 'Selangor', NULL, 1, '2022-03-25 01:12:24', '2022-03-25 01:12:24'),
	(847, 458, '11', NULL, 'Terengganu', NULL, 1, '2022-03-25 01:12:24', '2022-03-25 01:12:24'),
	(848, 458, '14', NULL, 'Wilayah Persekutuan Kuala Lumpur', NULL, 1, '2022-03-25 01:12:24', '2022-03-25 01:12:24'),
	(849, 458, '15', NULL, 'Wilayah Persekutuan Labuan', NULL, 1, '2022-03-25 01:12:24', '2022-03-25 01:12:24'),
	(850, 458, '16', NULL, 'Wilayah Persekutuan Putrajaya', NULL, 1, '2022-03-25 01:12:24', '2022-03-25 01:12:24'),
	(851, 562, '1', NULL, 'Agadez', NULL, 1, '2022-03-25 01:12:24', '2022-03-25 01:12:24'),
	(852, 562, '2', NULL, 'Diffa', NULL, 1, '2022-03-25 01:12:24', '2022-03-25 01:12:24'),
	(853, 562, '3', NULL, 'Dosso', NULL, 1, '2022-03-25 01:12:24', '2022-03-25 01:12:24'),
	(854, 562, '4', NULL, 'Maradi', NULL, 1, '2022-03-25 01:12:24', '2022-03-25 01:12:24'),
	(855, 562, '8', NULL, 'Niamey', NULL, 1, '2022-03-25 01:12:24', '2022-03-25 01:12:24'),
	(856, 562, '5', NULL, 'Tahoua', NULL, 1, '2022-03-25 01:12:24', '2022-03-25 01:12:24'),
	(857, 562, '6', NULL, 'Tillabri', NULL, 1, '2022-03-25 01:12:24', '2022-03-25 01:12:24'),
	(858, 562, '7', NULL, 'Zinder', NULL, 1, '2022-03-25 01:12:24', '2022-03-25 01:12:24'),
	(859, 566, 'AB', NULL, 'Abia', NULL, 1, '2022-03-25 01:12:24', '2022-03-25 01:12:24'),
	(860, 566, 'FC', NULL, 'Abuja Capital Territory', NULL, 1, '2022-03-25 01:12:24', '2022-03-25 01:12:24'),
	(861, 566, 'AD', NULL, 'Adamawa', NULL, 1, '2022-03-25 01:12:24', '2022-03-25 01:12:24'),
	(862, 566, 'AK', NULL, 'Akwa Ibom', NULL, 1, '2022-03-25 01:12:24', '2022-03-25 01:12:24'),
	(863, 566, 'AN', NULL, 'Anambra', NULL, 1, '2022-03-25 01:12:24', '2022-03-25 01:12:24'),
	(864, 566, 'BA', NULL, 'Bauchi', NULL, 1, '2022-03-25 01:12:24', '2022-03-25 01:12:24'),
	(865, 566, 'BY', NULL, 'Bayelsa', NULL, 1, '2022-03-25 01:12:24', '2022-03-25 01:12:24'),
	(866, 566, 'BE', NULL, 'Benue', NULL, 1, '2022-03-25 01:12:24', '2022-03-25 01:12:24'),
	(867, 566, 'BO', NULL, 'Borno', NULL, 1, '2022-03-25 01:12:24', '2022-03-25 01:12:24'),
	(868, 566, 'CR', NULL, 'Cross River', NULL, 1, '2022-03-25 01:12:24', '2022-03-25 01:12:24'),
	(869, 566, 'DE', NULL, 'Delta', NULL, 1, '2022-03-25 01:12:24', '2022-03-25 01:12:24'),
	(870, 566, 'EB', NULL, 'Ebonyi', NULL, 1, '2022-03-25 01:12:24', '2022-03-25 01:12:24'),
	(871, 566, 'ED', NULL, 'Edo', NULL, 1, '2022-03-25 01:12:24', '2022-03-25 01:12:24'),
	(872, 566, 'EK', NULL, 'Ekiti', NULL, 1, '2022-03-25 01:12:24', '2022-03-25 01:12:24'),
	(873, 566, 'EN', NULL, 'Enugu', NULL, 1, '2022-03-25 01:12:24', '2022-03-25 01:12:24'),
	(874, 566, 'GO', NULL, 'Gombe', NULL, 1, '2022-03-25 01:12:24', '2022-03-25 01:12:24'),
	(875, 566, 'IM', NULL, 'Imo', NULL, 1, '2022-03-25 01:12:24', '2022-03-25 01:12:24'),
	(876, 566, 'JI', NULL, 'Jigawa', NULL, 1, '2022-03-25 01:12:24', '2022-03-25 01:12:24'),
	(877, 566, 'KD', NULL, 'Kaduna', NULL, 1, '2022-03-25 01:12:24', '2022-03-25 01:12:24'),
	(878, 566, 'KN', NULL, 'Kano', NULL, 1, '2022-03-25 01:12:24', '2022-03-25 01:12:24'),
	(879, 566, 'KT', NULL, 'Katsina', NULL, 1, '2022-03-25 01:12:24', '2022-03-25 01:12:24'),
	(880, 566, 'KE', NULL, 'Kebbi', NULL, 1, '2022-03-25 01:12:24', '2022-03-25 01:12:24'),
	(881, 566, 'KO', NULL, 'Kogi', NULL, 1, '2022-03-25 01:12:24', '2022-03-25 01:12:24'),
	(882, 566, 'KW', NULL, 'Kwara', NULL, 1, '2022-03-25 01:12:24', '2022-03-25 01:12:24'),
	(883, 566, 'LA', NULL, 'Lagos', NULL, 1, '2022-03-25 01:12:24', '2022-03-25 01:12:24'),
	(884, 566, 'NA', NULL, 'Nassarawa', NULL, 1, '2022-03-25 01:12:24', '2022-03-25 01:12:24'),
	(885, 566, 'NI', NULL, 'Niger', NULL, 1, '2022-03-25 01:12:24', '2022-03-25 01:12:24'),
	(886, 566, 'OG', NULL, 'Ogun', NULL, 1, '2022-03-25 01:12:24', '2022-03-25 01:12:24'),
	(887, 566, 'ON', NULL, 'Ondo', NULL, 1, '2022-03-25 01:12:24', '2022-03-25 01:12:24'),
	(888, 566, 'OS', NULL, 'Osun', NULL, 1, '2022-03-25 01:12:24', '2022-03-25 01:12:24'),
	(889, 566, 'OY', NULL, 'Oyo', NULL, 1, '2022-03-25 01:12:24', '2022-03-25 01:12:24'),
	(890, 566, 'PL', NULL, 'Plateau', NULL, 1, '2022-03-25 01:12:24', '2022-03-25 01:12:24'),
	(891, 566, 'RI', NULL, 'Rivers', NULL, 1, '2022-03-25 01:12:24', '2022-03-25 01:12:24'),
	(892, 566, 'SO', NULL, 'Sokoto', NULL, 1, '2022-03-25 01:12:24', '2022-03-25 01:12:24'),
	(893, 566, 'TA', NULL, 'Taraba', NULL, 1, '2022-03-25 01:12:24', '2022-03-25 01:12:24'),
	(894, 566, 'YO', NULL, 'Yobe', NULL, 1, '2022-03-25 01:12:24', '2022-03-25 01:12:24'),
	(895, 566, 'ZA', NULL, 'Zamfara', NULL, 1, '2022-03-25 01:12:24', '2022-03-25 01:12:24'),
	(896, 528, 'AW', NULL, 'Aruba', NULL, 1, '2022-03-25 01:12:24', '2022-03-25 01:12:24'),
	(897, 528, 'BQ', NULL, 'Bonaire', NULL, 1, '2022-03-25 01:12:24', '2022-03-25 01:12:24'),
	(898, 528, 'CW', NULL, 'Curaao', NULL, 1, '2022-03-25 01:12:24', '2022-03-25 01:12:24'),
	(899, 528, 'DR', NULL, 'Drenthe', NULL, 1, '2022-03-25 01:12:24', '2022-03-25 01:12:24'),
	(900, 528, 'FL', NULL, 'Flevoland', NULL, 1, '2022-03-25 01:12:24', '2022-03-25 01:12:24'),
	(901, 528, 'FR', NULL, 'Friesland', NULL, 1, '2022-03-25 01:12:24', '2022-03-25 01:12:24'),
	(902, 528, 'GD', NULL, 'Gelderland', NULL, 1, '2022-03-25 01:12:24', '2022-03-25 01:12:24'),
	(903, 528, 'GR', NULL, 'Groningen', NULL, 1, '2022-03-25 01:12:24', '2022-03-25 01:12:24'),
	(904, 528, 'LB', NULL, 'Limburg', NULL, 1, '2022-03-25 01:12:24', '2022-03-25 01:12:24'),
	(905, 528, 'NB', NULL, 'Noord-Brabant', NULL, 1, '2022-03-25 01:12:24', '2022-03-25 01:12:24'),
	(906, 528, 'NH', NULL, 'Noord-Holland', NULL, 1, '2022-03-25 01:12:24', '2022-03-25 01:12:24'),
	(907, 528, 'OV', NULL, 'Overijssel', NULL, 1, '2022-03-25 01:12:24', '2022-03-25 01:12:24'),
	(908, 528, 'SX', NULL, 'Sint Maarten', NULL, 1, '2022-03-25 01:12:24', '2022-03-25 01:12:24'),
	(909, 528, 'UT', NULL, 'Utrecht', NULL, 1, '2022-03-25 01:12:24', '2022-03-25 01:12:24'),
	(910, 528, 'ZL', NULL, 'Zeeland', NULL, 1, '2022-03-25 01:12:24', '2022-03-25 01:12:24'),
	(911, 528, 'ZH', NULL, 'Zuid-Holland', NULL, 1, '2022-03-25 01:12:24', '2022-03-25 01:12:24'),
	(912, 524, 'BA', NULL, 'Bagmati', NULL, 1, '2022-03-25 01:12:24', '2022-03-25 01:12:24'),
	(913, 524, 'BH', NULL, 'Bheri', NULL, 1, '2022-03-25 01:12:24', '2022-03-25 01:12:24'),
	(914, 524, 'DH', NULL, 'Dhawalagiri', NULL, 1, '2022-03-25 01:12:24', '2022-03-25 01:12:24'),
	(915, 524, 'GA', NULL, 'Gandaki', NULL, 1, '2022-03-25 01:12:24', '2022-03-25 01:12:24'),
	(916, 524, 'JA', NULL, 'Janakpur', NULL, 1, '2022-03-25 01:12:24', '2022-03-25 01:12:24'),
	(917, 524, 'KA', NULL, 'Karnali', NULL, 1, '2022-03-25 01:12:24', '2022-03-25 01:12:24'),
	(918, 524, 'KO', NULL, 'Kosi [Koshi]', NULL, 1, '2022-03-25 01:12:24', '2022-03-25 01:12:24'),
	(919, 524, 'LU', NULL, 'Lumbini', NULL, 1, '2022-03-25 01:12:24', '2022-03-25 01:12:24'),
	(920, 524, '2', NULL, 'Madhya Pashchimanchal', NULL, 1, '2022-03-25 01:12:24', '2022-03-25 01:12:24'),
	(921, 524, '1', NULL, 'Madhyamanchal', NULL, 1, '2022-03-25 01:12:24', '2022-03-25 01:12:24'),
	(922, 524, 'MA', NULL, 'Mahakali', NULL, 1, '2022-03-25 01:12:24', '2022-03-25 01:12:24'),
	(923, 524, 'ME', NULL, 'Mechi', NULL, 1, '2022-03-25 01:12:24', '2022-03-25 01:12:24'),
	(924, 524, 'NA', NULL, 'Narayani', NULL, 1, '2022-03-25 01:12:24', '2022-03-25 01:12:24'),
	(925, 524, '3', NULL, 'Pashchimanchal', NULL, 1, '2022-03-25 01:12:24', '2022-03-25 01:12:24'),
	(926, 524, '4', NULL, 'Purwanchal', NULL, 1, '2022-03-25 01:12:24', '2022-03-25 01:12:24'),
	(927, 524, 'RA', NULL, 'Rapti', NULL, 1, '2022-03-25 01:12:24', '2022-03-25 01:12:24'),
	(928, 524, 'SA', NULL, 'Sagarmatha', NULL, 1, '2022-03-25 01:12:24', '2022-03-25 01:12:24'),
	(929, 524, 'SE', NULL, 'Seti', NULL, 1, '2022-03-25 01:12:24', '2022-03-25 01:12:24'),
	(930, 524, '5', NULL, 'Sudur Pashchimanchal', NULL, 1, '2022-03-25 01:12:24', '2022-03-25 01:12:24'),
	(931, 554, 'AUK', NULL, 'Auckland', NULL, 1, '2022-03-25 01:12:24', '2022-03-25 01:12:24'),
	(932, 554, 'BOP', NULL, 'Bay of Plenty', NULL, 1, '2022-03-25 01:12:24', '2022-03-25 01:12:24'),
	(933, 554, 'CAN', NULL, 'Canterbury', NULL, 1, '2022-03-25 01:12:24', '2022-03-25 01:12:24'),
	(934, 554, 'CIT', NULL, 'Chatham Islands Territory', NULL, 1, '2022-03-25 01:12:24', '2022-03-25 01:12:24'),
	(935, 554, 'GIS', NULL, 'Gisborne District', NULL, 1, '2022-03-25 01:12:24', '2022-03-25 01:12:24'),
	(936, 554, 'HKB', NULL, 'Hawkes\'s Bay', NULL, 1, '2022-03-25 01:12:24', '2022-03-25 01:12:24'),
	(937, 554, 'MWT', NULL, 'Manawatu-Wanganui', NULL, 1, '2022-03-25 01:12:24', '2022-03-25 01:12:24'),
	(938, 554, 'MBH', NULL, 'Marlborough District', NULL, 1, '2022-03-25 01:12:24', '2022-03-25 01:12:24'),
	(939, 554, 'NSN', NULL, 'Nelson City', NULL, 1, '2022-03-25 01:12:24', '2022-03-25 01:12:24'),
	(940, 554, 'NTL', NULL, 'Northland', NULL, 1, '2022-03-25 01:12:24', '2022-03-25 01:12:24'),
	(941, 554, 'OTA', NULL, 'Otago', NULL, 1, '2022-03-25 01:12:24', '2022-03-25 01:12:24'),
	(942, 554, 'STL', NULL, 'Southland', NULL, 1, '2022-03-25 01:12:24', '2022-03-25 01:12:24'),
	(943, 554, 'TKI', NULL, 'Taranaki', NULL, 1, '2022-03-25 01:12:24', '2022-03-25 01:12:24'),
	(944, 554, 'TAS', NULL, 'Tasman District', NULL, 1, '2022-03-25 01:12:24', '2022-03-25 01:12:24'),
	(945, 554, 'WKO', NULL, 'Waikato', NULL, 1, '2022-03-25 01:12:24', '2022-03-25 01:12:24'),
	(946, 554, 'WGN', NULL, 'Wellington', NULL, 1, '2022-03-25 01:12:24', '2022-03-25 01:12:24'),
	(947, 554, 'WTC', NULL, 'West Coast', NULL, 1, '2022-03-25 01:12:24', '2022-03-25 01:12:24'),
	(948, 512, 'DA', NULL, 'Ad Dkhilyah', NULL, 1, '2022-03-25 01:12:24', '2022-03-25 01:12:24'),
	(949, 512, 'BU', NULL, 'Al Buraym', NULL, 1, '2022-03-25 01:12:24', '2022-03-25 01:12:24'),
	(950, 512, 'BA', NULL, 'Al Binah', NULL, 1, '2022-03-25 01:12:24', '2022-03-25 01:12:24'),
	(951, 512, 'WU', NULL, 'Al Wus', NULL, 1, '2022-03-25 01:12:24', '2022-03-25 01:12:24'),
	(952, 512, 'SH', NULL, 'Ash Sharqyah', NULL, 1, '2022-03-25 01:12:24', '2022-03-25 01:12:24'),
	(953, 512, 'ZA', NULL, 'A hirah', NULL, 1, '2022-03-25 01:12:24', '2022-03-25 01:12:24'),
	(954, 512, 'MA', NULL, 'Masqa', NULL, 1, '2022-03-25 01:12:24', '2022-03-25 01:12:24'),
	(955, 512, 'MU', NULL, 'Musandam', NULL, 1, '2022-03-25 01:12:24', '2022-03-25 01:12:24'),
	(956, 512, 'ZU', NULL, 'Zufr', NULL, 1, '2022-03-25 01:12:24', '2022-03-25 01:12:24'),
	(957, 604, 'AMA', NULL, 'Amazonas', NULL, 1, '2022-03-25 01:12:24', '2022-03-25 01:12:24'),
	(958, 604, 'ANC', NULL, 'Ancash', NULL, 1, '2022-03-25 01:12:24', '2022-03-25 01:12:24'),
	(959, 604, 'APU', NULL, 'Apurmac', NULL, 1, '2022-03-25 01:12:24', '2022-03-25 01:12:24'),
	(960, 604, 'ARE', NULL, 'Arequipa', NULL, 1, '2022-03-25 01:12:24', '2022-03-25 01:12:24'),
	(961, 604, 'AYA', NULL, 'Ayacucho', NULL, 1, '2022-03-25 01:12:24', '2022-03-25 01:12:24'),
	(962, 604, 'CAJ', NULL, 'Cajamarca', NULL, 1, '2022-03-25 01:12:24', '2022-03-25 01:12:24'),
	(963, 604, 'CUS', NULL, 'Cusco', NULL, 1, '2022-03-25 01:12:24', '2022-03-25 01:12:24'),
	(964, 604, 'CAL', NULL, 'El Callao', NULL, 1, '2022-03-25 01:12:24', '2022-03-25 01:12:24'),
	(965, 604, 'HUV', NULL, 'Huancavelica', NULL, 1, '2022-03-25 01:12:24', '2022-03-25 01:12:24'),
	(966, 604, 'HUC', NULL, 'Hunuco', NULL, 1, '2022-03-25 01:12:24', '2022-03-25 01:12:24'),
	(967, 604, 'ICA', NULL, 'Ica', NULL, 1, '2022-03-25 01:12:24', '2022-03-25 01:12:24'),
	(968, 604, 'JUN', NULL, 'Junn', NULL, 1, '2022-03-25 01:12:24', '2022-03-25 01:12:24'),
	(969, 604, 'LAL', NULL, 'La Libertad', NULL, 1, '2022-03-25 01:12:24', '2022-03-25 01:12:24'),
	(970, 604, 'LAM', NULL, 'Lambayeque', NULL, 1, '2022-03-25 01:12:24', '2022-03-25 01:12:24'),
	(971, 604, 'LIM', NULL, 'Lima', NULL, 1, '2022-03-25 01:12:24', '2022-03-25 01:12:24'),
	(972, 604, 'LOR', NULL, 'Loreto', NULL, 1, '2022-03-25 01:12:24', '2022-03-25 01:12:24'),
	(973, 604, 'MDD', NULL, 'Madre de Dios', NULL, 1, '2022-03-25 01:12:24', '2022-03-25 01:12:24'),
	(974, 604, 'MOQ', NULL, 'Moquegua', NULL, 1, '2022-03-25 01:12:24', '2022-03-25 01:12:24'),
	(975, 604, 'LMA', NULL, 'Municipalidad Metropolitana de Lima', NULL, 1, '2022-03-25 01:12:24', '2022-03-25 01:12:24'),
	(976, 604, 'PAS', NULL, 'Pasco', NULL, 1, '2022-03-25 01:12:24', '2022-03-25 01:12:24'),
	(977, 604, 'PIU', NULL, 'Piura', NULL, 1, '2022-03-25 01:12:24', '2022-03-25 01:12:24'),
	(978, 604, 'PUN', NULL, 'Puno', NULL, 1, '2022-03-25 01:12:24', '2022-03-25 01:12:24'),
	(979, 604, 'SAM', NULL, 'San Martn', NULL, 1, '2022-03-25 01:12:24', '2022-03-25 01:12:24'),
	(980, 604, 'TAC', NULL, 'Tacna', NULL, 1, '2022-03-25 01:12:24', '2022-03-25 01:12:24'),
	(981, 604, 'TUM', NULL, 'Tumbes', NULL, 1, '2022-03-25 01:12:24', '2022-03-25 01:12:24'),
	(982, 604, 'UCA', NULL, 'Ucayali', NULL, 1, '2022-03-25 01:12:24', '2022-03-25 01:12:24'),
	(983, 608, 'ABR', NULL, 'Abra', NULL, 1, '2022-03-25 01:12:24', '2022-03-25 01:12:24'),
	(984, 608, 'AGN', NULL, 'Agusan del Norte', NULL, 1, '2022-03-25 01:12:24', '2022-03-25 01:12:24'),
	(985, 608, 'AGS', NULL, 'Agusan del Sur', NULL, 1, '2022-03-25 01:12:24', '2022-03-25 01:12:24'),
	(986, 608, 'AKL', NULL, 'Aklan', NULL, 1, '2022-03-25 01:12:24', '2022-03-25 01:12:24'),
	(987, 608, 'ALB', NULL, 'Albay', NULL, 1, '2022-03-25 01:12:24', '2022-03-25 01:12:24'),
	(988, 608, 'ANT', NULL, 'Antique', NULL, 1, '2022-03-25 01:12:24', '2022-03-25 01:12:24'),
	(989, 608, 'APA', NULL, 'Apayao', NULL, 1, '2022-03-25 01:12:24', '2022-03-25 01:12:24'),
	(990, 608, 'AUR', NULL, 'Aurora', NULL, 1, '2022-03-25 01:12:24', '2022-03-25 01:12:24'),
	(991, 608, 'BAS', NULL, 'Basilan', NULL, 1, '2022-03-25 01:12:24', '2022-03-25 01:12:24'),
	(992, 608, 'BAN', NULL, 'Bataan', NULL, 1, '2022-03-25 01:12:24', '2022-03-25 01:12:24'),
	(993, 608, 'BTN', NULL, 'Batanes', NULL, 1, '2022-03-25 01:12:24', '2022-03-25 01:12:24'),
	(994, 608, 'BTG', NULL, 'Batangas', NULL, 1, '2022-03-25 01:12:24', '2022-03-25 01:12:24'),
	(995, 608, 'BEN', NULL, 'Benguet', NULL, 1, '2022-03-25 01:12:24', '2022-03-25 01:12:24'),
	(996, 608, 'BIL', NULL, 'Biliran', NULL, 1, '2022-03-25 01:12:24', '2022-03-25 01:12:24'),
	(997, 608, 'BOH', NULL, 'Bohol', NULL, 1, '2022-03-25 01:12:24', '2022-03-25 01:12:24'),
	(998, 608, 'BUK', NULL, 'Bukidnon', NULL, 1, '2022-03-25 01:12:24', '2022-03-25 01:12:24'),
	(999, 608, 'BUL', NULL, 'Bulacan', NULL, 1, '2022-03-25 01:12:24', '2022-03-25 01:12:24'),
	(1000, 608, 'CAG', NULL, 'Cagayan', NULL, 1, '2022-03-25 01:12:24', '2022-03-25 01:12:24'),
	(1001, 608, 'CAN', NULL, 'Camarines Norte', NULL, 1, '2022-03-25 01:12:24', '2022-03-25 01:12:24'),
	(1002, 608, 'CAS', NULL, 'Camarines Sur', NULL, 1, '2022-03-25 01:12:24', '2022-03-25 01:12:24'),
	(1003, 608, 'CAM', NULL, 'Camiguin', NULL, 1, '2022-03-25 01:12:24', '2022-03-25 01:12:24'),
	(1004, 608, 'CAP', NULL, 'Capiz', NULL, 1, '2022-03-25 01:12:24', '2022-03-25 01:12:24'),
	(1005, 608, 'CAT', NULL, 'Catanduanes', NULL, 1, '2022-03-25 01:12:24', '2022-03-25 01:12:24'),
	(1006, 608, 'CAV', NULL, 'Cavite', NULL, 1, '2022-03-25 01:12:24', '2022-03-25 01:12:24'),
	(1007, 608, 'CEB', NULL, 'Cebu', NULL, 1, '2022-03-25 01:12:24', '2022-03-25 01:12:24'),
	(1008, 608, 'COM', NULL, 'Compostela Valley', NULL, 1, '2022-03-25 01:12:24', '2022-03-25 01:12:24'),
	(1009, 608, 'DAV', NULL, 'Davao', NULL, 1, '2022-03-25 01:12:24', '2022-03-25 01:12:24'),
	(1010, 608, 'DAO', NULL, 'Davao Oriental', NULL, 1, '2022-03-25 01:12:24', '2022-03-25 01:12:24'),
	(1011, 608, 'DAS', NULL, 'Davao del Sur', NULL, 1, '2022-03-25 01:12:24', '2022-03-25 01:12:24'),
	(1012, 608, 'DIN', NULL, 'Dinagat Islands', NULL, 1, '2022-03-25 01:12:24', '2022-03-25 01:12:24'),
	(1013, 608, 'EAS', NULL, 'Eastern Samar', NULL, 1, '2022-03-25 01:12:24', '2022-03-25 01:12:24'),
	(1014, 608, 'GUI', NULL, 'Guimaras', NULL, 1, '2022-03-25 01:12:24', '2022-03-25 01:12:24'),
	(1015, 608, 'IFU', NULL, 'Ifugao', NULL, 1, '2022-03-25 01:12:24', '2022-03-25 01:12:24'),
	(1016, 608, 'ILS', NULL, 'Ilocoq Sur', NULL, 1, '2022-03-25 01:12:24', '2022-03-25 01:12:24'),
	(1017, 608, 'ILN', NULL, 'Ilocos Norte', NULL, 1, '2022-03-25 01:12:24', '2022-03-25 01:12:24'),
	(1018, 608, 'ILI', NULL, 'Iloilo', NULL, 1, '2022-03-25 01:12:24', '2022-03-25 01:12:24'),
	(1019, 608, 'ISA', NULL, 'Isabela', NULL, 1, '2022-03-25 01:12:24', '2022-03-25 01:12:24'),
	(1020, 608, 'KAL', NULL, 'Kalinga-Apayao', NULL, 1, '2022-03-25 01:12:24', '2022-03-25 01:12:24'),
	(1021, 608, 'LUN', NULL, 'La Union', NULL, 1, '2022-03-25 01:12:24', '2022-03-25 01:12:24'),
	(1022, 608, 'LAG', NULL, 'Laguna', NULL, 1, '2022-03-25 01:12:24', '2022-03-25 01:12:24'),
	(1023, 608, 'LAN', NULL, 'Lanao del Norte', NULL, 1, '2022-03-25 01:12:24', '2022-03-25 01:12:24'),
	(1024, 608, 'LAS', NULL, 'Lanao del Sur', NULL, 1, '2022-03-25 01:12:24', '2022-03-25 01:12:24'),
	(1025, 608, 'LEY', NULL, 'Leyte', NULL, 1, '2022-03-25 01:12:24', '2022-03-25 01:12:24'),
	(1026, 608, 'MAG', NULL, 'Maguindanao', NULL, 1, '2022-03-25 01:12:24', '2022-03-25 01:12:24'),
	(1027, 608, 'MAD', NULL, 'Marinduque', NULL, 1, '2022-03-25 01:12:24', '2022-03-25 01:12:24'),
	(1028, 608, 'MAS', NULL, 'Masbate', NULL, 1, '2022-03-25 01:12:24', '2022-03-25 01:12:24'),
	(1029, 608, 'MDC', NULL, 'Mindoro Occidental', NULL, 1, '2022-03-25 01:12:24', '2022-03-25 01:12:24'),
	(1030, 608, 'MDR', NULL, 'Mindoro Oriental', NULL, 1, '2022-03-25 01:12:24', '2022-03-25 01:12:24'),
	(1031, 608, 'MSC', NULL, 'Misamis Occidental', NULL, 1, '2022-03-25 01:12:24', '2022-03-25 01:12:24'),
	(1032, 608, 'MSR', NULL, 'Misamis Oriental', NULL, 1, '2022-03-25 01:12:24', '2022-03-25 01:12:24'),
	(1033, 608, 'MOU', NULL, 'Mountain', NULL, 1, '2022-03-25 01:12:24', '2022-03-25 01:12:24'),
	(1034, 608, 'NEC', NULL, 'Negros occidental', NULL, 1, '2022-03-25 01:12:24', '2022-03-25 01:12:24'),
	(1035, 608, 'NER', NULL, 'Negros oriental', NULL, 1, '2022-03-25 01:12:24', '2022-03-25 01:12:24'),
	(1036, 608, 'NCO', NULL, 'North Cotabato', NULL, 1, '2022-03-25 01:12:24', '2022-03-25 01:12:24'),
	(1037, 608, 'NSA', NULL, 'Northern Samar', NULL, 1, '2022-03-25 01:12:24', '2022-03-25 01:12:24'),
	(1038, 608, 'NUE', NULL, 'Nueva Ecija', NULL, 1, '2022-03-25 01:12:24', '2022-03-25 01:12:24'),
	(1039, 608, 'NUV', NULL, 'Nueva Vizcaya', NULL, 1, '2022-03-25 01:12:24', '2022-03-25 01:12:24'),
	(1040, 608, 'PLW', NULL, 'Palawan', NULL, 1, '2022-03-25 01:12:24', '2022-03-25 01:12:24'),
	(1041, 608, 'PAM', NULL, 'Pampanga', NULL, 1, '2022-03-25 01:12:24', '2022-03-25 01:12:24'),
	(1042, 608, 'PAN', NULL, 'Pangasinan', NULL, 1, '2022-03-25 01:12:24', '2022-03-25 01:12:24'),
	(1043, 608, 'QUE', NULL, 'Quezon', NULL, 1, '2022-03-25 01:12:24', '2022-03-25 01:12:24'),
	(1044, 608, 'QUI', NULL, 'Quirino', NULL, 1, '2022-03-25 01:12:24', '2022-03-25 01:12:24'),
	(1045, 608, 'RIZ', NULL, 'Rizal', NULL, 1, '2022-03-25 01:12:24', '2022-03-25 01:12:24'),
	(1046, 608, 'ROM', NULL, 'Romblon', NULL, 1, '2022-03-25 01:12:24', '2022-03-25 01:12:24'),
	(1047, 608, 'SAR', NULL, 'Sarangani', NULL, 1, '2022-03-25 01:12:24', '2022-03-25 01:12:24'),
	(1048, 608, 'SIG', NULL, 'Siquijor', NULL, 1, '2022-03-25 01:12:24', '2022-03-25 01:12:24'),
	(1049, 608, 'SOR', NULL, 'Sorsogon', NULL, 1, '2022-03-25 01:12:24', '2022-03-25 01:12:24'),
	(1050, 608, 'SCO', NULL, 'South Cotabato', NULL, 1, '2022-03-25 01:12:24', '2022-03-25 01:12:24'),
	(1051, 608, 'SLE', NULL, 'Southern Leyte', NULL, 1, '2022-03-25 01:12:24', '2022-03-25 01:12:24'),
	(1052, 608, 'SUK', NULL, 'Sultan Kudarat', NULL, 1, '2022-03-25 01:12:24', '2022-03-25 01:12:24'),
	(1053, 608, 'SLU', NULL, 'Sulu', NULL, 1, '2022-03-25 01:12:24', '2022-03-25 01:12:24'),
	(1054, 608, 'SUN', NULL, 'Surigao del Norte', NULL, 1, '2022-03-25 01:12:24', '2022-03-25 01:12:24'),
	(1055, 608, 'SUR', NULL, 'Surigao del Sur', NULL, 1, '2022-03-25 01:12:24', '2022-03-25 01:12:24'),
	(1056, 608, 'TAR', NULL, 'Tarlac', NULL, 1, '2022-03-25 01:12:24', '2022-03-25 01:12:24'),
	(1057, 608, 'TAW', NULL, 'Tawi-Tawi', NULL, 1, '2022-03-25 01:12:24', '2022-03-25 01:12:24'),
	(1058, 608, 'WSA', NULL, 'Western Samar', NULL, 1, '2022-03-25 01:12:24', '2022-03-25 01:12:24'),
	(1059, 608, 'ZMB', NULL, 'Zambales', NULL, 1, '2022-03-25 01:12:24', '2022-03-25 01:12:24'),
	(1060, 608, 'ZSI', NULL, 'Zamboanga Sibuguey', NULL, 1, '2022-03-25 01:12:24', '2022-03-25 01:12:24'),
	(1061, 608, 'ZAN', NULL, 'Zamboanga del Norte', NULL, 1, '2022-03-25 01:12:24', '2022-03-25 01:12:24'),
	(1062, 608, 'ZAS', NULL, 'Zamboanga del Sur', NULL, 1, '2022-03-25 01:12:24', '2022-03-25 01:12:24'),
	(1063, 586, 'JK', NULL, 'Azad Kashmir', NULL, 1, '2022-03-25 01:12:24', '2022-03-25 01:12:24'),
	(1064, 586, 'BA', NULL, 'Baluchistan', NULL, 1, '2022-03-25 01:12:24', '2022-03-25 01:12:24'),
	(1065, 586, 'TA', NULL, 'Federally Administered Tribal Area', NULL, 1, '2022-03-25 01:12:24', '2022-03-25 01:12:24'),
	(1066, 586, 'GB', NULL, 'Gilgit-Baltistan', NULL, 1, '2022-03-25 01:12:24', '2022-03-25 01:12:24'),
	(1067, 586, 'IS', NULL, 'Islamabad', NULL, 1, '2022-03-25 01:12:24', '2022-03-25 01:12:24'),
	(1068, 586, 'KP', NULL, 'Khyber Pakhtunkhwa', NULL, 1, '2022-03-25 01:12:24', '2022-03-25 01:12:24'),
	(1069, 586, 'PB', NULL, 'Punjab', NULL, 1, '2022-03-25 01:12:24', '2022-03-25 01:12:24'),
	(1070, 586, 'SD', NULL, 'Sind', NULL, 1, '2022-03-25 01:12:24', '2022-03-25 01:12:24'),
	(1071, 634, 'DA', NULL, 'Ad Dawah', NULL, 1, '2022-03-25 01:12:24', '2022-03-25 01:12:24'),
	(1072, 634, 'KH', NULL, 'Al Khawr wa adh Dhakhrah', NULL, 1, '2022-03-25 01:12:24', '2022-03-25 01:12:24'),
	(1073, 634, 'WA', NULL, 'Al Wakrah', NULL, 1, '2022-03-25 01:12:24', '2022-03-25 01:12:24'),
	(1074, 634, 'RA', NULL, 'Ar Rayyn', NULL, 1, '2022-03-25 01:12:24', '2022-03-25 01:12:24'),
	(1075, 634, 'MS', NULL, 'Ash Shaml', NULL, 1, '2022-03-25 01:12:24', '2022-03-25 01:12:24'),
	(1076, 634, 'ZA', NULL, 'Az Zayin', NULL, 1, '2022-03-25 01:12:24', '2022-03-25 01:12:24'),
	(1077, 634, 'US', NULL, 'Umm all', NULL, 1, '2022-03-25 01:12:24', '2022-03-25 01:12:24'),
	(1078, 643, 'ALT', NULL, 'Altayskiy kray', NULL, 1, '2022-03-25 01:12:24', '2022-03-25 01:12:24'),
	(1079, 643, 'AMU', NULL, 'Amurskaya oblast\'', NULL, 1, '2022-03-25 01:12:24', '2022-03-25 01:12:24'),
	(1080, 643, 'ARK', NULL, 'Arkhangel\'skaya oblast', NULL, 1, '2022-03-25 01:12:24', '2022-03-25 01:12:24'),
	(1081, 643, 'AST', NULL, 'Astrakhanskaya oblast\'', NULL, 1, '2022-03-25 01:12:24', '2022-03-25 01:12:24'),
	(1082, 643, 'BEL', NULL, 'Belgorodskaya oblast\'', NULL, 1, '2022-03-25 01:12:24', '2022-03-25 01:12:24'),
	(1083, 643, 'BRY', NULL, 'Bryanskaya oblast\'', NULL, 1, '2022-03-25 01:12:24', '2022-03-25 01:12:24'),
	(1084, 643, 'CHE', NULL, 'Chelyabinskaya oblast\'', NULL, 1, '2022-03-25 01:12:24', '2022-03-25 01:12:24'),
	(1085, 643, 'CHU', NULL, 'Chukotskiy avtonomnyy okrug', NULL, 1, '2022-03-25 01:12:24', '2022-03-25 01:12:24'),
	(1086, 643, 'IRK', NULL, 'Irkutskaya oblast\'', NULL, 1, '2022-03-25 01:12:24', '2022-03-25 01:12:24'),
	(1087, 643, 'IVA', NULL, 'Ivanovskaya oblast\'', NULL, 1, '2022-03-25 01:12:24', '2022-03-25 01:12:24'),
	(1088, 643, 'KGD', NULL, 'Kaliningradskaya oblast', NULL, 1, '2022-03-25 01:12:24', '2022-03-25 01:12:24'),
	(1089, 643, 'KLU', NULL, 'Kaluzhskaya oblast\'', NULL, 1, '2022-03-25 01:12:24', '2022-03-25 01:12:24'),
	(1090, 643, 'KAM', NULL, 'Kamchatskiy kray', NULL, 1, '2022-03-25 01:12:24', '2022-03-25 01:12:24'),
	(1091, 643, 'KEM', NULL, 'Kemerovskaya oblast\'', NULL, 1, '2022-03-25 01:12:24', '2022-03-25 01:12:24'),
	(1092, 643, 'KHA', NULL, 'Khabarovskiy kray', NULL, 1, '2022-03-25 01:12:24', '2022-03-25 01:12:24'),
	(1093, 643, 'KHM', NULL, 'Khanty-Mansiyskiy avtonomnyy okrug-Yugra', NULL, 1, '2022-03-25 01:12:24', '2022-03-25 01:12:24'),
	(1094, 643, 'KIR', NULL, 'Kirovskaya oblast\'', NULL, 1, '2022-03-25 01:12:24', '2022-03-25 01:12:24'),
	(1095, 643, 'KOS', NULL, 'Kostromskaya oblast\'', NULL, 1, '2022-03-25 01:12:24', '2022-03-25 01:12:24'),
	(1096, 643, 'KDA', NULL, 'Krasnodarskiy kray', NULL, 1, '2022-03-25 01:12:24', '2022-03-25 01:12:24'),
	(1097, 643, 'KYA', NULL, 'Krasnoyarskiy kray', NULL, 1, '2022-03-25 01:12:24', '2022-03-25 01:12:24'),
	(1098, 643, 'KGN', NULL, 'Kurganskaya oblast\'', NULL, 1, '2022-03-25 01:12:24', '2022-03-25 01:12:24'),
	(1099, 643, 'KRS', NULL, 'Kurskaya oblast\'', NULL, 1, '2022-03-25 01:12:24', '2022-03-25 01:12:24'),
	(1100, 643, 'LEN', NULL, 'Leningradskaya oblast\'', NULL, 1, '2022-03-25 01:12:24', '2022-03-25 01:12:24'),
	(1101, 643, 'LIP', NULL, 'Lipetskaya oblast\'', NULL, 1, '2022-03-25 01:12:24', '2022-03-25 01:12:24'),
	(1102, 643, 'MAG', NULL, 'Magadanskaya oblast\'', NULL, 1, '2022-03-25 01:12:24', '2022-03-25 01:12:24'),
	(1103, 643, 'MOS', NULL, 'Moskovskaya oblast\'', NULL, 1, '2022-03-25 01:12:24', '2022-03-25 01:12:24'),
	(1104, 643, 'MOW', NULL, 'Moskva', NULL, 1, '2022-03-25 01:12:24', '2022-03-25 01:12:24'),
	(1105, 643, 'MUR', NULL, 'Murmanskaya oblast\'', NULL, 1, '2022-03-25 01:12:24', '2022-03-25 01:12:24'),
	(1106, 643, 'NEN', NULL, 'Nenetskiy avtonomnyy okrug', NULL, 1, '2022-03-25 01:12:24', '2022-03-25 01:12:24'),
	(1107, 643, 'NIZ', NULL, 'Nizbegorodskaya oblast', NULL, 1, '2022-03-25 01:12:24', '2022-03-25 01:12:24'),
	(1108, 643, 'NGR', NULL, 'Novgorodskaya oblast\'', NULL, 1, '2022-03-25 01:12:24', '2022-03-25 01:12:24'),
	(1109, 643, 'NVS', NULL, 'Novosibirskaya oblast\'', NULL, 1, '2022-03-25 01:12:24', '2022-03-25 01:12:24'),
	(1110, 643, 'OMS', NULL, 'Omskaya oblast\'', NULL, 1, '2022-03-25 01:12:24', '2022-03-25 01:12:24'),
	(1111, 643, 'ORE', NULL, 'Orenburgskaya oblast\'', NULL, 1, '2022-03-25 01:12:24', '2022-03-25 01:12:24'),
	(1112, 643, 'ORL', NULL, 'Orlovskaya oblast\'', NULL, 1, '2022-03-25 01:12:24', '2022-03-25 01:12:24'),
	(1113, 643, 'PNZ', NULL, 'Penzenskaya oblast\'', NULL, 1, '2022-03-25 01:12:24', '2022-03-25 01:12:24'),
	(1114, 643, 'PER', NULL, 'Permskiy kray', NULL, 1, '2022-03-25 01:12:24', '2022-03-25 01:12:24'),
	(1115, 643, 'PRI', NULL, 'Primorskiy kray', NULL, 1, '2022-03-25 01:12:24', '2022-03-25 01:12:24'),
	(1116, 643, 'PSK', NULL, 'Pskovskaya oblast\'', NULL, 1, '2022-03-25 01:12:24', '2022-03-25 01:12:24'),
	(1117, 643, 'ROS', NULL, 'Rostovskaya oblast\'', NULL, 1, '2022-03-25 01:12:24', '2022-03-25 01:12:24'),
	(1118, 643, 'RYA', NULL, 'Ryazanskaya oblast\'', NULL, 1, '2022-03-25 01:12:24', '2022-03-25 01:12:24'),
	(1119, 643, 'SAK', NULL, 'Sakhalinskaya oblast\'', NULL, 1, '2022-03-25 01:12:24', '2022-03-25 01:12:24'),
	(1120, 643, 'SAM', NULL, 'Samarskaya oblast\'', NULL, 1, '2022-03-25 01:12:24', '2022-03-25 01:12:24'),
	(1121, 643, 'SPE', NULL, 'Sankt-Peterburg', NULL, 1, '2022-03-25 01:12:24', '2022-03-25 01:12:24'),
	(1122, 643, 'SAR', NULL, 'Saratovskaya oblast\'', NULL, 1, '2022-03-25 01:12:24', '2022-03-25 01:12:24'),
	(1123, 643, 'SMO', NULL, 'Smolenskaya oblast\'', NULL, 1, '2022-03-25 01:12:24', '2022-03-25 01:12:24'),
	(1124, 643, 'STA', NULL, 'Stavropol\'skiy kray', NULL, 1, '2022-03-25 01:12:24', '2022-03-25 01:12:24'),
	(1125, 643, 'SVE', NULL, 'Sverdlovskaya oblast\'', NULL, 1, '2022-03-25 01:12:24', '2022-03-25 01:12:24'),
	(1126, 643, 'TAM', NULL, 'Tambovskaya oblast\'', NULL, 1, '2022-03-25 01:12:24', '2022-03-25 01:12:24'),
	(1127, 643, 'TOM', NULL, 'Tomskaya oblast\'', NULL, 1, '2022-03-25 01:12:24', '2022-03-25 01:12:24'),
	(1128, 643, 'TUL', NULL, 'Tul\'skaya oblast\'', NULL, 1, '2022-03-25 01:12:24', '2022-03-25 01:12:24'),
	(1129, 643, 'TVE', NULL, 'Tverskaya oblast\'', NULL, 1, '2022-03-25 01:12:24', '2022-03-25 01:12:24'),
	(1130, 643, 'TYU', NULL, 'Tyumenskaya oblast\'', NULL, 1, '2022-03-25 01:12:24', '2022-03-25 01:12:24'),
	(1131, 643, 'ULY', NULL, 'Ul\'yanovskaya oblast\'', NULL, 1, '2022-03-25 01:12:24', '2022-03-25 01:12:24'),
	(1132, 643, 'VLA', NULL, 'Vladimirskaya oblast\'', NULL, 1, '2022-03-25 01:12:24', '2022-03-25 01:12:24'),
	(1133, 643, 'VGG', NULL, 'Volgogradskaya oblast\'', NULL, 1, '2022-03-25 01:12:24', '2022-03-25 01:12:24'),
	(1134, 643, 'VLG', NULL, 'Vologodskaya oblast\'', NULL, 1, '2022-03-25 01:12:24', '2022-03-25 01:12:24'),
	(1135, 643, 'VOR', NULL, 'Voronezhskaya oblast\'', NULL, 1, '2022-03-25 01:12:24', '2022-03-25 01:12:24'),
	(1136, 643, 'YAN', NULL, 'Yamalo-Nenetskiy avtonomnyy okrug', NULL, 1, '2022-03-25 01:12:24', '2022-03-25 01:12:24'),
	(1137, 643, 'YAR', NULL, 'Yaroslavskaya oblast\'', NULL, 1, '2022-03-25 01:12:24', '2022-03-25 01:12:24'),
	(1138, 643, 'YEV', NULL, 'Yevreyskaya avtonomnaya oblast\'ug', NULL, 1, '2022-03-25 01:12:24', '2022-03-25 01:12:24'),
	(1139, 643, 'ZAB', NULL, 'Zabaykal\'skiy kray', NULL, 1, '2022-03-25 01:12:24', '2022-03-25 01:12:24'),
	(1140, 682, '12', NULL, 'AI Jawf', NULL, 1, '2022-03-25 01:12:24', '2022-03-25 01:12:24'),
	(1141, 682, '11', NULL, 'Al Bah', NULL, 1, '2022-03-25 01:12:24', '2022-03-25 01:12:24'),
	(1142, 682, '3', NULL, 'Al Madnah', NULL, 1, '2022-03-25 01:12:24', '2022-03-25 01:12:24'),
	(1143, 682, '5', NULL, 'Al Qam', NULL, 1, '2022-03-25 01:12:24', '2022-03-25 01:12:24'),
	(1144, 682, '8', NULL, 'Al udd ash Shamlyah', NULL, 1, '2022-03-25 01:12:24', '2022-03-25 01:12:24'),
	(1145, 682, '1', NULL, 'Ar Riy', NULL, 1, '2022-03-25 01:12:24', '2022-03-25 01:12:24'),
	(1146, 682, '4', NULL, 'Ash Sharqyah', NULL, 1, '2022-03-25 01:12:24', '2022-03-25 01:12:24'),
	(1147, 682, '14', NULL, 'Asr', NULL, 1, '2022-03-25 01:12:24', '2022-03-25 01:12:24'),
	(1148, 682, '9', NULL, 'Jzn', NULL, 1, '2022-03-25 01:12:24', '2022-03-25 01:12:24'),
	(1149, 682, '2', NULL, 'Makkah', NULL, 1, '2022-03-25 01:12:24', '2022-03-25 01:12:24'),
	(1150, 682, '10', NULL, 'Najrn', NULL, 1, '2022-03-25 01:12:24', '2022-03-25 01:12:24'),
	(1151, 682, '7', NULL, 'Tabk', NULL, 1, '2022-03-25 01:12:24', '2022-03-25 01:12:24'),
	(1152, 682, '6', NULL, '\'il', NULL, 1, '2022-03-25 01:12:24', '2022-03-25 01:12:24'),
	(1153, 690, '02', NULL, 'Anse Boileau', NULL, 1, '2022-03-25 01:12:24', '2022-03-25 01:12:24'),
	(1154, 690, '05', NULL, 'Anse Royale', NULL, 1, '2022-03-25 01:12:24', '2022-03-25 01:12:24'),
	(1155, 690, '01', NULL, 'Anse aux Pins', NULL, 1, '2022-03-25 01:12:24', '2022-03-25 01:12:24'),
	(1156, 690, '03', NULL, 'Anse toile', NULL, 1, '2022-03-25 01:12:24', '2022-03-25 01:12:24'),
	(1157, 690, '04', NULL, 'Au Cap', NULL, 1, '2022-03-25 01:12:24', '2022-03-25 01:12:24'),
	(1158, 690, '06', NULL, 'Baie Lazare', NULL, 1, '2022-03-25 01:12:24', '2022-03-25 01:12:24'),
	(1159, 690, '07', NULL, 'Baie Sainte-Anne', NULL, 1, '2022-03-25 01:12:24', '2022-03-25 01:12:24'),
	(1160, 690, '08', NULL, 'Beau Vallon', NULL, 1, '2022-03-25 01:12:24', '2022-03-25 01:12:24'),
	(1161, 690, '09', NULL, 'Bel Air', NULL, 1, '2022-03-25 01:12:24', '2022-03-25 01:12:24'),
	(1162, 690, '10', NULL, 'Bel Ombre', NULL, 1, '2022-03-25 01:12:24', '2022-03-25 01:12:24'),
	(1163, 690, '11', NULL, 'Cascade', NULL, 1, '2022-03-25 01:12:24', '2022-03-25 01:12:24'),
	(1164, 690, '12', NULL, 'Glacis', NULL, 1, '2022-03-25 01:12:24', '2022-03-25 01:12:24'),
	(1165, 690, '13', NULL, 'Grand\' Anse Mah', NULL, 1, '2022-03-25 01:12:24', '2022-03-25 01:12:24'),
	(1166, 690, '14', NULL, 'Grand\' Anse Praslin', NULL, 1, '2022-03-25 01:12:24', '2022-03-25 01:12:24'),
	(1167, 690, '15', NULL, 'La Digue', NULL, 1, '2022-03-25 01:12:24', '2022-03-25 01:12:24'),
	(1168, 690, '16', NULL, 'La Rivire Anglaise', NULL, 1, '2022-03-25 01:12:24', '2022-03-25 01:12:24'),
	(1169, 690, '24', NULL, 'Les Mamelles', NULL, 1, '2022-03-25 01:12:24', '2022-03-25 01:12:24'),
	(1170, 690, '17', NULL, 'Mont Buxton', NULL, 1, '2022-03-25 01:12:24', '2022-03-25 01:12:24'),
	(1171, 690, '18', NULL, 'Mont Fleuri', NULL, 1, '2022-03-25 01:12:24', '2022-03-25 01:12:24'),
	(1172, 690, '19', NULL, 'Plaisance', NULL, 1, '2022-03-25 01:12:24', '2022-03-25 01:12:24'),
	(1173, 690, '20', NULL, 'Pointe La Rue', NULL, 1, '2022-03-25 01:12:24', '2022-03-25 01:12:24'),
	(1174, 690, '21', NULL, 'Port Glaud', NULL, 1, '2022-03-25 01:12:24', '2022-03-25 01:12:24'),
	(1175, 690, '25', NULL, 'Roche Caman', NULL, 1, '2022-03-25 01:12:24', '2022-03-25 01:12:24'),
	(1176, 690, '22', NULL, 'Saint Louis', NULL, 1, '2022-03-25 01:12:24', '2022-03-25 01:12:24'),
	(1177, 690, '23', NULL, 'Takamaka', NULL, 1, '2022-03-25 01:12:24', '2022-03-25 01:12:24'),
	(1178, 702, '01', NULL, 'Central Singapore', NULL, 1, '2022-03-25 01:12:24', '2022-03-25 01:12:24'),
	(1179, 702, '02', NULL, 'North East', NULL, 1, '2022-03-25 01:12:24', '2022-03-25 01:12:24'),
	(1180, 702, '03', NULL, 'North West', NULL, 1, '2022-03-25 01:12:24', '2022-03-25 01:12:24'),
	(1181, 702, '04', NULL, 'South East', NULL, 1, '2022-03-25 01:12:24', '2022-03-25 01:12:24'),
	(1182, 702, '05', NULL, 'South West', NULL, 1, '2022-03-25 01:12:24', '2022-03-25 01:12:24'),
	(1183, 764, '37', NULL, 'Amnat Charoen', NULL, 1, '2022-03-25 01:12:24', '2022-03-25 01:12:24'),
	(1184, 764, '15', NULL, 'Ang Thong', NULL, 1, '2022-03-25 01:12:24', '2022-03-25 01:12:24'),
	(1185, 764, '38', NULL, 'Bueng Kan', NULL, 1, '2022-03-25 01:12:24', '2022-03-25 01:12:24'),
	(1186, 764, '31', NULL, 'Buri Ram', NULL, 1, '2022-03-25 01:12:24', '2022-03-25 01:12:24'),
	(1187, 764, '24', NULL, 'Chachoengsao', NULL, 1, '2022-03-25 01:12:24', '2022-03-25 01:12:24'),
	(1188, 764, '18', NULL, 'Chai Nat', NULL, 1, '2022-03-25 01:12:24', '2022-03-25 01:12:24'),
	(1189, 764, '36', NULL, 'Chaiyaphum', NULL, 1, '2022-03-25 01:12:24', '2022-03-25 01:12:24'),
	(1190, 764, '22', NULL, 'Chanthaburi', NULL, 1, '2022-03-25 01:12:24', '2022-03-25 01:12:24'),
	(1191, 764, '50', NULL, 'Chiang Mai', NULL, 1, '2022-03-25 01:12:24', '2022-03-25 01:12:24'),
	(1192, 764, '57', NULL, 'Chiang Rai', NULL, 1, '2022-03-25 01:12:24', '2022-03-25 01:12:24'),
	(1193, 764, '20', NULL, 'Chon Buri', NULL, 1, '2022-03-25 01:12:24', '2022-03-25 01:12:24'),
	(1194, 764, '86', NULL, 'Chumphon', NULL, 1, '2022-03-25 01:12:24', '2022-03-25 01:12:24'),
	(1195, 764, '46', NULL, 'Kalasin', NULL, 1, '2022-03-25 01:12:24', '2022-03-25 01:12:24'),
	(1196, 764, '62', NULL, 'Kamphaeng Phet', NULL, 1, '2022-03-25 01:12:24', '2022-03-25 01:12:24'),
	(1197, 764, '71', NULL, 'Kanchanaburi', NULL, 1, '2022-03-25 01:12:24', '2022-03-25 01:12:24'),
	(1198, 764, '40', NULL, 'Khon Kaen', NULL, 1, '2022-03-25 01:12:24', '2022-03-25 01:12:24'),
	(1199, 764, '81', NULL, 'Krabi', NULL, 1, '2022-03-25 01:12:24', '2022-03-25 01:12:24'),
	(1200, 764, '52', NULL, 'Lampang', NULL, 1, '2022-03-25 01:12:24', '2022-03-25 01:12:24'),
	(1201, 764, '51', NULL, 'Lamphun', NULL, 1, '2022-03-25 01:12:24', '2022-03-25 01:12:24'),
	(1202, 764, '42', NULL, 'Loei', NULL, 1, '2022-03-25 01:12:24', '2022-03-25 01:12:24'),
	(1203, 764, '16', NULL, 'Lop Buri', NULL, 1, '2022-03-25 01:12:24', '2022-03-25 01:12:24'),
	(1204, 764, '58', NULL, 'Mae Hong Son', NULL, 1, '2022-03-25 01:12:24', '2022-03-25 01:12:24'),
	(1205, 764, '44', NULL, 'Maha Sarakham', NULL, 1, '2022-03-25 01:12:24', '2022-03-25 01:12:24'),
	(1206, 764, '49', NULL, 'Mukdahan', NULL, 1, '2022-03-25 01:12:24', '2022-03-25 01:12:24'),
	(1207, 764, '26', NULL, 'Nakhon Nayok', NULL, 1, '2022-03-25 01:12:24', '2022-03-25 01:12:24'),
	(1208, 764, '73', NULL, 'Nakhon Pathom', NULL, 1, '2022-03-25 01:12:24', '2022-03-25 01:12:24'),
	(1209, 764, '48', NULL, 'Nakhon Phanom', NULL, 1, '2022-03-25 01:12:24', '2022-03-25 01:12:24'),
	(1210, 764, '30', NULL, 'Nakhon Ratchasima', NULL, 1, '2022-03-25 01:12:24', '2022-03-25 01:12:24'),
	(1211, 764, '60', NULL, 'Nakhon Sawan', NULL, 1, '2022-03-25 01:12:24', '2022-03-25 01:12:24'),
	(1212, 764, '80', NULL, 'Nakhon Si Thammarat', NULL, 1, '2022-03-25 01:12:24', '2022-03-25 01:12:24'),
	(1213, 764, '55', NULL, 'Nan', NULL, 1, '2022-03-25 01:12:24', '2022-03-25 01:12:24'),
	(1214, 764, '96', NULL, 'Narathiwat', NULL, 1, '2022-03-25 01:12:24', '2022-03-25 01:12:24'),
	(1215, 764, '39', NULL, 'Nong Bua Lam Phu', NULL, 1, '2022-03-25 01:12:24', '2022-03-25 01:12:24'),
	(1216, 764, '43', NULL, 'Nong Khai', NULL, 1, '2022-03-25 01:12:24', '2022-03-25 01:12:24'),
	(1217, 764, '12', NULL, 'Nonthaburi', NULL, 1, '2022-03-25 01:12:24', '2022-03-25 01:12:24'),
	(1218, 764, '13', NULL, 'Pathum Thani', NULL, 1, '2022-03-25 01:12:24', '2022-03-25 01:12:24'),
	(1219, 764, '94', NULL, 'Pattani', NULL, 1, '2022-03-25 01:12:24', '2022-03-25 01:12:24'),
	(1220, 764, '82', NULL, 'Phangnga', NULL, 1, '2022-03-25 01:12:24', '2022-03-25 01:12:24'),
	(1221, 764, '93', NULL, 'Phatthalung', NULL, 1, '2022-03-25 01:12:24', '2022-03-25 01:12:24'),
	(1222, 764, '56', NULL, 'Phayao', NULL, 1, '2022-03-25 01:12:24', '2022-03-25 01:12:24'),
	(1223, 764, '67', NULL, 'Phetchabun', NULL, 1, '2022-03-25 01:12:24', '2022-03-25 01:12:24'),
	(1224, 764, '76', NULL, 'Phetchaburi', NULL, 1, '2022-03-25 01:12:24', '2022-03-25 01:12:24'),
	(1225, 764, '66', NULL, 'Phichit', NULL, 1, '2022-03-25 01:12:24', '2022-03-25 01:12:24'),
	(1226, 764, '65', NULL, 'Phitsanulok', NULL, 1, '2022-03-25 01:12:24', '2022-03-25 01:12:24'),
	(1227, 764, '14', NULL, 'Phra Nakhon Si Ayutthaya', NULL, 1, '2022-03-25 01:12:24', '2022-03-25 01:12:24'),
	(1228, 764, '54', NULL, 'Phrae', NULL, 1, '2022-03-25 01:12:24', '2022-03-25 01:12:24'),
	(1229, 764, '83', NULL, 'Phuket', NULL, 1, '2022-03-25 01:12:24', '2022-03-25 01:12:24'),
	(1230, 764, '25', NULL, 'Prachin Buri', NULL, 1, '2022-03-25 01:12:24', '2022-03-25 01:12:24'),
	(1231, 764, '77', NULL, 'Prachuap Khiri Khan', NULL, 1, '2022-03-25 01:12:24', '2022-03-25 01:12:24'),
	(1232, 764, '85', NULL, 'Ranong', NULL, 1, '2022-03-25 01:12:24', '2022-03-25 01:12:24'),
	(1233, 764, '70', NULL, 'Ratchaburi', NULL, 1, '2022-03-25 01:12:24', '2022-03-25 01:12:24'),
	(1234, 764, '21', NULL, 'Rayong', NULL, 1, '2022-03-25 01:12:24', '2022-03-25 01:12:24'),
	(1235, 764, '45', NULL, 'Roi Et', NULL, 1, '2022-03-25 01:12:24', '2022-03-25 01:12:24'),
	(1236, 764, '27', NULL, 'Sa Kaeo', NULL, 1, '2022-03-25 01:12:24', '2022-03-25 01:12:24'),
	(1237, 764, '47', NULL, 'Sakon Nakhon', NULL, 1, '2022-03-25 01:12:24', '2022-03-25 01:12:24'),
	(1238, 764, '11', NULL, 'Samut Prakan', NULL, 1, '2022-03-25 01:12:24', '2022-03-25 01:12:24'),
	(1239, 764, '74', NULL, 'Samut Sakhon', NULL, 1, '2022-03-25 01:12:24', '2022-03-25 01:12:24'),
	(1240, 764, '75', NULL, 'Samut Songkhram', NULL, 1, '2022-03-25 01:12:24', '2022-03-25 01:12:24'),
	(1241, 764, '19', NULL, 'Saraburi', NULL, 1, '2022-03-25 01:12:24', '2022-03-25 01:12:24'),
	(1242, 764, '91', NULL, 'Satun', NULL, 1, '2022-03-25 01:12:24', '2022-03-25 01:12:24'),
	(1243, 764, '33', NULL, 'Si Sa Ket', NULL, 1, '2022-03-25 01:12:24', '2022-03-25 01:12:24'),
	(1244, 764, '17', NULL, 'Sing Buri', NULL, 1, '2022-03-25 01:12:24', '2022-03-25 01:12:24'),
	(1245, 764, '90', NULL, 'Songkhla', NULL, 1, '2022-03-25 01:12:24', '2022-03-25 01:12:24'),
	(1246, 764, '64', NULL, 'Sukhothai', NULL, 1, '2022-03-25 01:12:24', '2022-03-25 01:12:24'),
	(1247, 764, '72', NULL, 'Suphan Buri', NULL, 1, '2022-03-25 01:12:24', '2022-03-25 01:12:24'),
	(1248, 764, '84', NULL, 'Surat Thani', NULL, 1, '2022-03-25 01:12:24', '2022-03-25 01:12:24'),
	(1249, 764, '32', NULL, 'Surin', NULL, 1, '2022-03-25 01:12:24', '2022-03-25 01:12:24'),
	(1250, 764, '63', NULL, 'Tak', NULL, 1, '2022-03-25 01:12:24', '2022-03-25 01:12:24'),
	(1251, 764, '92', NULL, 'Trang', NULL, 1, '2022-03-25 01:12:24', '2022-03-25 01:12:24'),
	(1252, 764, '23', NULL, 'Trat', NULL, 1, '2022-03-25 01:12:24', '2022-03-25 01:12:24'),
	(1253, 764, '34', NULL, 'Ubon Ratchathani', NULL, 1, '2022-03-25 01:12:24', '2022-03-25 01:12:24'),
	(1254, 764, '41', NULL, 'Udon Thani', NULL, 1, '2022-03-25 01:12:24', '2022-03-25 01:12:24'),
	(1255, 764, '61', NULL, 'Uthai Thani', NULL, 1, '2022-03-25 01:12:24', '2022-03-25 01:12:24'),
	(1256, 764, '53', NULL, 'Uttaradit', NULL, 1, '2022-03-25 01:12:24', '2022-03-25 01:12:24'),
	(1257, 764, '95', NULL, 'Yala', NULL, 1, '2022-03-25 01:12:24', '2022-03-25 01:12:24'),
	(1258, 764, '35', NULL, 'Yasothon', NULL, 1, '2022-03-25 01:12:24', '2022-03-25 01:12:24'),
	(1259, 792, '1', NULL, 'Adana', NULL, 1, '2022-03-25 01:12:24', '2022-03-25 01:12:24'),
	(1260, 792, '2', NULL, 'Adiyaman', NULL, 1, '2022-03-25 01:12:24', '2022-03-25 01:12:24'),
	(1261, 792, '3', NULL, 'Afyon', NULL, 1, '2022-03-25 01:12:24', '2022-03-25 01:12:24'),
	(1262, 792, '68', NULL, 'Aksaray', NULL, 1, '2022-03-25 01:12:24', '2022-03-25 01:12:24'),
	(1263, 792, '5', NULL, 'Amasya', NULL, 1, '2022-03-25 01:12:24', '2022-03-25 01:12:24'),
	(1264, 792, '6', NULL, 'Ankara', NULL, 1, '2022-03-25 01:12:24', '2022-03-25 01:12:24'),
	(1265, 792, '7', NULL, 'Antalya', NULL, 1, '2022-03-25 01:12:24', '2022-03-25 01:12:24'),
	(1266, 792, '75', NULL, 'Ardahan', NULL, 1, '2022-03-25 01:12:24', '2022-03-25 01:12:24'),
	(1267, 792, '8', NULL, 'Artvin', NULL, 1, '2022-03-25 01:12:24', '2022-03-25 01:12:24'),
	(1268, 792, '9', NULL, 'Aydin', NULL, 1, '2022-03-25 01:12:24', '2022-03-25 01:12:24'),
	(1269, 792, '4', NULL, 'Ar', NULL, 1, '2022-03-25 01:12:24', '2022-03-25 01:12:24'),
	(1270, 792, '10', NULL, 'Balikesir', NULL, 1, '2022-03-25 01:12:24', '2022-03-25 01:12:24'),
	(1271, 792, '74', NULL, 'Bartin', NULL, 1, '2022-03-25 01:12:24', '2022-03-25 01:12:24'),
	(1272, 792, '72', NULL, 'Batman', NULL, 1, '2022-03-25 01:12:24', '2022-03-25 01:12:24'),
	(1273, 792, '69', NULL, 'Bayburt', NULL, 1, '2022-03-25 01:12:24', '2022-03-25 01:12:24'),
	(1274, 792, '11', NULL, 'Bilecik', NULL, 1, '2022-03-25 01:12:24', '2022-03-25 01:12:24'),
	(1275, 792, '12', NULL, 'Bingl', NULL, 1, '2022-03-25 01:12:24', '2022-03-25 01:12:24'),
	(1276, 792, '13', NULL, 'Bitlis', NULL, 1, '2022-03-25 01:12:24', '2022-03-25 01:12:24'),
	(1277, 792, '14', NULL, 'Bolu', NULL, 1, '2022-03-25 01:12:24', '2022-03-25 01:12:24'),
	(1278, 792, '15', NULL, 'Burdur', NULL, 1, '2022-03-25 01:12:24', '2022-03-25 01:12:24'),
	(1279, 792, '16', NULL, 'Bursa', NULL, 1, '2022-03-25 01:12:24', '2022-03-25 01:12:24'),
	(1280, 792, '20', NULL, 'Denizli', NULL, 1, '2022-03-25 01:12:24', '2022-03-25 01:12:24'),
	(1281, 792, '21', NULL, 'Diyarbakir', NULL, 1, '2022-03-25 01:12:24', '2022-03-25 01:12:24'),
	(1282, 792, '81', NULL, 'Dzce', NULL, 1, '2022-03-25 01:12:24', '2022-03-25 01:12:24'),
	(1283, 792, '22', NULL, 'Edirne', NULL, 1, '2022-03-25 01:12:24', '2022-03-25 01:12:24'),
	(1284, 792, '23', NULL, 'Elaz', NULL, 1, '2022-03-25 01:12:24', '2022-03-25 01:12:24'),
	(1285, 792, '24', NULL, 'Erzincan', NULL, 1, '2022-03-25 01:12:24', '2022-03-25 01:12:24'),
	(1286, 792, '25', NULL, 'Erzurum', NULL, 1, '2022-03-25 01:12:24', '2022-03-25 01:12:24'),
	(1287, 792, '26', NULL, 'Eskiehir', NULL, 1, '2022-03-25 01:12:24', '2022-03-25 01:12:24'),
	(1288, 792, '27', NULL, 'Gaziantep', NULL, 1, '2022-03-25 01:12:24', '2022-03-25 01:12:24'),
	(1289, 792, '28', NULL, 'Giresun', NULL, 1, '2022-03-25 01:12:24', '2022-03-25 01:12:24'),
	(1290, 792, '29', NULL, 'Gmhane', NULL, 1, '2022-03-25 01:12:24', '2022-03-25 01:12:24'),
	(1291, 792, '30', NULL, 'Hakkri', NULL, 1, '2022-03-25 01:12:24', '2022-03-25 01:12:24'),
	(1292, 792, '31', NULL, 'Hatay', NULL, 1, '2022-03-25 01:12:24', '2022-03-25 01:12:24'),
	(1293, 792, '33', NULL, 'Icel', NULL, 1, '2022-03-25 01:12:24', '2022-03-25 01:12:24'),
	(1294, 792, '32', NULL, 'Isparta', NULL, 1, '2022-03-25 01:12:24', '2022-03-25 01:12:24'),
	(1295, 792, '34', NULL, 'Istanbul', NULL, 1, '2022-03-25 01:12:24', '2022-03-25 01:12:24'),
	(1296, 792, '35', NULL, 'Izmir', NULL, 1, '2022-03-25 01:12:24', '2022-03-25 01:12:24'),
	(1297, 792, '76', NULL, 'Idr', NULL, 1, '2022-03-25 01:12:24', '2022-03-25 01:12:24'),
	(1298, 792, '46', NULL, 'Kahramanmara', NULL, 1, '2022-03-25 01:12:24', '2022-03-25 01:12:24'),
	(1299, 792, '78', NULL, 'Karabk', NULL, 1, '2022-03-25 01:12:24', '2022-03-25 01:12:24'),
	(1300, 792, '70', NULL, 'Karaman', NULL, 1, '2022-03-25 01:12:24', '2022-03-25 01:12:24'),
	(1301, 792, '36', NULL, 'Kars', NULL, 1, '2022-03-25 01:12:24', '2022-03-25 01:12:24'),
	(1302, 792, '37', NULL, 'Kastamonu', NULL, 1, '2022-03-25 01:12:24', '2022-03-25 01:12:24'),
	(1303, 792, '38', NULL, 'Kayseri', NULL, 1, '2022-03-25 01:12:24', '2022-03-25 01:12:24'),
	(1304, 792, '79', NULL, 'Kilis', NULL, 1, '2022-03-25 01:12:24', '2022-03-25 01:12:24'),
	(1305, 792, '71', NULL, 'Kirkkale', NULL, 1, '2022-03-25 01:12:24', '2022-03-25 01:12:24'),
	(1306, 792, '39', NULL, 'Kirklareli', NULL, 1, '2022-03-25 01:12:24', '2022-03-25 01:12:24'),
	(1307, 792, '41', NULL, 'Kocaeli', NULL, 1, '2022-03-25 01:12:24', '2022-03-25 01:12:24'),
	(1308, 792, '42', NULL, 'Konya', NULL, 1, '2022-03-25 01:12:24', '2022-03-25 01:12:24'),
	(1309, 792, '43', NULL, 'Ktahya', NULL, 1, '2022-03-25 01:12:24', '2022-03-25 01:12:24'),
	(1310, 792, '40', NULL, 'Krehir', NULL, 1, '2022-03-25 01:12:24', '2022-03-25 01:12:24'),
	(1311, 792, '44', NULL, 'Malatya', NULL, 1, '2022-03-25 01:12:24', '2022-03-25 01:12:24'),
	(1312, 792, '45', NULL, 'Manisa', NULL, 1, '2022-03-25 01:12:24', '2022-03-25 01:12:24'),
	(1313, 792, '47', NULL, 'Mardin', NULL, 1, '2022-03-25 01:12:24', '2022-03-25 01:12:24'),
	(1314, 792, '48', NULL, 'Mula', NULL, 1, '2022-03-25 01:12:24', '2022-03-25 01:12:24'),
	(1315, 792, '49', NULL, 'Mu', NULL, 1, '2022-03-25 01:12:24', '2022-03-25 01:12:24'),
	(1316, 792, '50', NULL, 'Nevehir', NULL, 1, '2022-03-25 01:12:24', '2022-03-25 01:12:24'),
	(1317, 792, '51', NULL, 'Nide', NULL, 1, '2022-03-25 01:12:24', '2022-03-25 01:12:24'),
	(1318, 792, '52', NULL, 'Ordu', NULL, 1, '2022-03-25 01:12:24', '2022-03-25 01:12:24'),
	(1319, 792, '80', NULL, 'Osmaniye', NULL, 1, '2022-03-25 01:12:24', '2022-03-25 01:12:24'),
	(1320, 792, '53', NULL, 'Rize', NULL, 1, '2022-03-25 01:12:24', '2022-03-25 01:12:24'),
	(1321, 792, '54', NULL, 'Sakarya', NULL, 1, '2022-03-25 01:12:24', '2022-03-25 01:12:24'),
	(1322, 792, '55', NULL, 'Samsun', NULL, 1, '2022-03-25 01:12:24', '2022-03-25 01:12:24'),
	(1323, 792, '56', NULL, 'Siirt', NULL, 1, '2022-03-25 01:12:24', '2022-03-25 01:12:24'),
	(1324, 792, '57', NULL, 'Sinop', NULL, 1, '2022-03-25 01:12:24', '2022-03-25 01:12:24'),
	(1325, 792, '58', NULL, 'Sivas', NULL, 1, '2022-03-25 01:12:24', '2022-03-25 01:12:24'),
	(1326, 792, '59', NULL, 'Tekirda', NULL, 1, '2022-03-25 01:12:24', '2022-03-25 01:12:24'),
	(1327, 792, '60', NULL, 'Tokat', NULL, 1, '2022-03-25 01:12:24', '2022-03-25 01:12:24'),
	(1328, 792, '61', NULL, 'Trabzon', NULL, 1, '2022-03-25 01:12:24', '2022-03-25 01:12:24'),
	(1329, 792, '62', NULL, 'Tunceli', NULL, 1, '2022-03-25 01:12:24', '2022-03-25 01:12:24'),
	(1330, 792, '64', NULL, 'Uak', NULL, 1, '2022-03-25 01:12:24', '2022-03-25 01:12:24'),
	(1331, 792, '65', NULL, 'Van', NULL, 1, '2022-03-25 01:12:24', '2022-03-25 01:12:24'),
	(1332, 792, '77', NULL, 'Yalova', NULL, 1, '2022-03-25 01:12:24', '2022-03-25 01:12:24'),
	(1333, 792, '66', NULL, 'Yozgat', NULL, 1, '2022-03-25 01:12:24', '2022-03-25 01:12:24'),
	(1334, 792, '67', NULL, 'Zonguldak', NULL, 1, '2022-03-25 01:12:24', '2022-03-25 01:12:24'),
	(1335, 792, '17', NULL, 'anakkale', NULL, 1, '2022-03-25 01:12:24', '2022-03-25 01:12:24'),
	(1336, 792, '18', NULL, 'ankr', NULL, 1, '2022-03-25 01:12:24', '2022-03-25 01:12:24'),
	(1337, 792, '19', NULL, 'orum', NULL, 1, '2022-03-25 01:12:24', '2022-03-25 01:12:24'),
	(1338, 792, '63', NULL, 'anlurfa', NULL, 1, '2022-03-25 01:12:24', '2022-03-25 01:12:24'),
	(1339, 792, '73', NULL, 'rnak', NULL, 1, '2022-03-25 01:12:24', '2022-03-25 01:12:24'),
	(1340, 834, '01', NULL, 'Arusha', NULL, 1, '2022-03-25 01:12:24', '2022-03-25 01:12:24'),
	(1341, 834, '02', NULL, 'Dar es Salaam', NULL, 1, '2022-03-25 01:12:24', '2022-03-25 01:12:24'),
	(1342, 834, '03', NULL, 'Dodoma', NULL, 1, '2022-03-25 01:12:24', '2022-03-25 01:12:24'),
	(1343, 834, '27', NULL, 'Geita', NULL, 1, '2022-03-25 01:12:24', '2022-03-25 01:12:24'),
	(1344, 834, '04', NULL, 'Iringa', NULL, 1, '2022-03-25 01:12:24', '2022-03-25 01:12:24'),
	(1345, 834, '05', NULL, 'Kagera', NULL, 1, '2022-03-25 01:12:24', '2022-03-25 01:12:24'),
	(1346, 834, '06', NULL, 'Kaskazini Pemba', NULL, 1, '2022-03-25 01:12:24', '2022-03-25 01:12:24'),
	(1347, 834, '07', NULL, 'Kaskazini Unguja', NULL, 1, '2022-03-25 01:12:24', '2022-03-25 01:12:24'),
	(1348, 834, '28', NULL, 'Katavi', NULL, 1, '2022-03-25 01:12:24', '2022-03-25 01:12:24'),
	(1349, 834, '08', NULL, 'Kigoma', NULL, 1, '2022-03-25 01:12:24', '2022-03-25 01:12:24'),
	(1350, 834, '09', NULL, 'Kilimanjaro', NULL, 1, '2022-03-25 01:12:24', '2022-03-25 01:12:24'),
	(1351, 834, '10', NULL, 'Kusini Pemba', NULL, 1, '2022-03-25 01:12:24', '2022-03-25 01:12:24'),
	(1352, 834, '11', NULL, 'Kusini Unguja', NULL, 1, '2022-03-25 01:12:24', '2022-03-25 01:12:24'),
	(1353, 834, '12', NULL, 'Lindi', NULL, 1, '2022-03-25 01:12:24', '2022-03-25 01:12:24'),
	(1354, 834, '26', NULL, 'Manyara', NULL, 1, '2022-03-25 01:12:24', '2022-03-25 01:12:24'),
	(1355, 834, '13', NULL, 'Mara', NULL, 1, '2022-03-25 01:12:24', '2022-03-25 01:12:24'),
	(1356, 834, '14', NULL, 'Mbeya', NULL, 1, '2022-03-25 01:12:24', '2022-03-25 01:12:24'),
	(1357, 834, '15', NULL, 'Mjini Magharibi', NULL, 1, '2022-03-25 01:12:24', '2022-03-25 01:12:24'),
	(1358, 834, '16', NULL, 'Morogoro', NULL, 1, '2022-03-25 01:12:24', '2022-03-25 01:12:24'),
	(1359, 834, '17', NULL, 'Mtwara', NULL, 1, '2022-03-25 01:12:24', '2022-03-25 01:12:24'),
	(1360, 834, '18', NULL, 'Mwanza', NULL, 1, '2022-03-25 01:12:24', '2022-03-25 01:12:24'),
	(1361, 834, '29', NULL, 'Njombe', NULL, 1, '2022-03-25 01:12:24', '2022-03-25 01:12:24'),
	(1362, 834, '19', NULL, 'Pwani Coast', NULL, 1, '2022-03-25 01:12:24', '2022-03-25 01:12:24'),
	(1363, 834, '20', NULL, 'Rukwa', NULL, 1, '2022-03-25 01:12:24', '2022-03-25 01:12:24'),
	(1364, 834, '21', NULL, 'Ruvuma', NULL, 1, '2022-03-25 01:12:24', '2022-03-25 01:12:24'),
	(1365, 834, '22', NULL, 'Shinyanga', NULL, 1, '2022-03-25 01:12:24', '2022-03-25 01:12:24'),
	(1366, 834, '30', NULL, 'Simiyu', NULL, 1, '2022-03-25 01:12:24', '2022-03-25 01:12:24'),
	(1367, 834, '23', NULL, 'Singida', NULL, 1, '2022-03-25 01:12:24', '2022-03-25 01:12:24'),
	(1368, 834, '31', NULL, 'Songwe', NULL, 1, '2022-03-25 01:12:24', '2022-03-25 01:12:24'),
	(1369, 834, '24', NULL, 'Tabora', NULL, 1, '2022-03-25 01:12:24', '2022-03-25 01:12:24'),
	(1370, 834, '25', NULL, 'Tanga', NULL, 1, '2022-03-25 01:12:24', '2022-03-25 01:12:24'),
	(1371, 840, 'AL', NULL, 'Alabama', NULL, 1, '2022-03-25 01:12:24', '2022-03-25 01:12:24'),
	(1372, 840, 'AK', NULL, 'Alaska', NULL, 1, '2022-03-25 01:12:24', '2022-03-25 01:12:24'),
	(1373, 840, 'AS', NULL, 'American Samoa', NULL, 1, '2022-03-25 01:12:24', '2022-03-25 01:12:24'),
	(1374, 840, 'AZ', NULL, 'Arizona', NULL, 1, '2022-03-25 01:12:24', '2022-03-25 01:12:24'),
	(1375, 840, 'AR', NULL, 'Arkansas', NULL, 1, '2022-03-25 01:12:24', '2022-03-25 01:12:24'),
	(1376, 840, 'CA', NULL, 'California', NULL, 1, '2022-03-25 01:12:24', '2022-03-25 01:12:24'),
	(1377, 840, 'CO', NULL, 'Colorado', NULL, 1, '2022-03-25 01:12:24', '2022-03-25 01:12:24'),
	(1378, 840, 'CT', NULL, 'Connecticut', NULL, 1, '2022-03-25 01:12:24', '2022-03-25 01:12:24'),
	(1379, 840, 'DE', NULL, 'Delaware', NULL, 1, '2022-03-25 01:12:24', '2022-03-25 01:12:24'),
	(1380, 840, 'DC', NULL, 'District Of Columbia', NULL, 1, '2022-03-25 01:12:24', '2022-03-25 01:12:24'),
	(1381, 840, 'FM', NULL, 'Federated States Of Micronesia', NULL, 1, '2022-03-25 01:12:24', '2022-03-25 01:12:24'),
	(1382, 840, 'FL', NULL, 'Florida', NULL, 1, '2022-03-25 01:12:24', '2022-03-25 01:12:24'),
	(1383, 840, 'GA', NULL, 'Georgia', NULL, 1, '2022-03-25 01:12:24', '2022-03-25 01:12:24'),
	(1384, 840, 'GU', NULL, 'Guam', NULL, 1, '2022-03-25 01:12:24', '2022-03-25 01:12:24'),
	(1385, 840, 'HI', NULL, 'Hawaii', NULL, 1, '2022-03-25 01:12:24', '2022-03-25 01:12:24'),
	(1386, 840, 'ID', NULL, 'Idaho', NULL, 1, '2022-03-25 01:12:24', '2022-03-25 01:12:24'),
	(1387, 840, 'IL', NULL, 'Illinois', NULL, 1, '2022-03-25 01:12:24', '2022-03-25 01:12:24'),
	(1388, 840, 'IN', NULL, 'Indiana', NULL, 1, '2022-03-25 01:12:24', '2022-03-25 01:12:24'),
	(1389, 840, 'IA', NULL, 'Iowa', NULL, 1, '2022-03-25 01:12:24', '2022-03-25 01:12:24'),
	(1390, 840, 'KS', NULL, 'Kansas', NULL, 1, '2022-03-25 01:12:24', '2022-03-25 01:12:24'),
	(1391, 840, 'KY', NULL, 'Kentucky', NULL, 1, '2022-03-25 01:12:24', '2022-03-25 01:12:24'),
	(1392, 840, 'LA', NULL, 'Louisiana', NULL, 1, '2022-03-25 01:12:24', '2022-03-25 01:12:24'),
	(1393, 840, 'ME', NULL, 'Maine', NULL, 1, '2022-03-25 01:12:24', '2022-03-25 01:12:24'),
	(1394, 840, 'MH', NULL, 'Marshall Islands', NULL, 1, '2022-03-25 01:12:24', '2022-03-25 01:12:24'),
	(1395, 840, 'MD', NULL, 'Maryland', NULL, 1, '2022-03-25 01:12:24', '2022-03-25 01:12:24'),
	(1396, 840, 'MA', NULL, 'Massachusetts', NULL, 1, '2022-03-25 01:12:24', '2022-03-25 01:12:24'),
	(1397, 840, 'MI', NULL, 'Michigan', NULL, 1, '2022-03-25 01:12:24', '2022-03-25 01:12:24'),
	(1398, 840, 'MN', NULL, 'Minnesota', NULL, 1, '2022-03-25 01:12:24', '2022-03-25 01:12:24'),
	(1399, 840, 'MS', NULL, 'Mississippi', NULL, 1, '2022-03-25 01:12:24', '2022-03-25 01:12:24'),
	(1400, 840, 'MO', NULL, 'Missouri', NULL, 1, '2022-03-25 01:12:24', '2022-03-25 01:12:24'),
	(1401, 840, 'MT', NULL, 'Montana', NULL, 1, '2022-03-25 01:12:24', '2022-03-25 01:12:24'),
	(1402, 840, 'NE', NULL, 'Nebraska', NULL, 1, '2022-03-25 01:12:24', '2022-03-25 01:12:24'),
	(1403, 840, 'NV', NULL, 'Nevada', NULL, 1, '2022-03-25 01:12:24', '2022-03-25 01:12:24'),
	(1404, 840, 'NH', NULL, 'New Hampshire', NULL, 1, '2022-03-25 01:12:24', '2022-03-25 01:12:24'),
	(1405, 840, 'NJ', NULL, 'New Jersey', NULL, 1, '2022-03-25 01:12:24', '2022-03-25 01:12:24'),
	(1406, 840, 'NM', NULL, 'New Mexico', NULL, 1, '2022-03-25 01:12:24', '2022-03-25 01:12:24'),
	(1407, 840, 'NY', NULL, 'New York', NULL, 1, '2022-03-25 01:12:24', '2022-03-25 01:12:24'),
	(1408, 840, 'NC', NULL, 'North Carolina', NULL, 1, '2022-03-25 01:12:24', '2022-03-25 01:12:24'),
	(1409, 840, 'ND', NULL, 'North Dakota', NULL, 1, '2022-03-25 01:12:24', '2022-03-25 01:12:24'),
	(1410, 840, 'MP', NULL, 'Northern Mariana Islands', NULL, 1, '2022-03-25 01:12:24', '2022-03-25 01:12:24'),
	(1411, 840, 'OH', NULL, 'Ohio', NULL, 1, '2022-03-25 01:12:24', '2022-03-25 01:12:24'),
	(1412, 840, 'OK', NULL, 'Oklahoma', NULL, 1, '2022-03-25 01:12:24', '2022-03-25 01:12:24'),
	(1413, 840, 'OR', NULL, 'Oregon', NULL, 1, '2022-03-25 01:12:24', '2022-03-25 01:12:24'),
	(1414, 840, 'PW', NULL, 'Palau', NULL, 1, '2022-03-25 01:12:24', '2022-03-25 01:12:24'),
	(1415, 840, 'PA', NULL, 'Pennsylvania', NULL, 1, '2022-03-25 01:12:24', '2022-03-25 01:12:24'),
	(1416, 840, 'PR', NULL, 'Puerto Rico', NULL, 1, '2022-03-25 01:12:24', '2022-03-25 01:12:24'),
	(1417, 840, 'RI', NULL, 'Rhode Island', NULL, 1, '2022-03-25 01:12:24', '2022-03-25 01:12:24'),
	(1418, 840, 'SC', NULL, 'South Carolina', NULL, 1, '2022-03-25 01:12:24', '2022-03-25 01:12:24'),
	(1419, 840, 'SD', NULL, 'South Dakota', NULL, 1, '2022-03-25 01:12:24', '2022-03-25 01:12:24'),
	(1420, 840, 'TN', NULL, 'Tennessee', NULL, 1, '2022-03-25 01:12:24', '2022-03-25 01:12:24'),
	(1421, 840, 'TX', NULL, 'Texas', NULL, 1, '2022-03-25 01:12:24', '2022-03-25 01:12:24'),
	(1422, 840, 'UT', NULL, 'Utah', NULL, 1, '2022-03-25 01:12:24', '2022-03-25 01:12:24'),
	(1423, 840, 'VT', NULL, 'Vermont', NULL, 1, '2022-03-25 01:12:24', '2022-03-25 01:12:24'),
	(1424, 840, 'VI', NULL, 'Virgin Islands', NULL, 1, '2022-03-25 01:12:24', '2022-03-25 01:12:24'),
	(1425, 840, 'VA', NULL, 'Virginia', NULL, 1, '2022-03-25 01:12:24', '2022-03-25 01:12:24'),
	(1426, 840, 'WA', NULL, 'Washington', NULL, 1, '2022-03-25 01:12:24', '2022-03-25 01:12:24'),
	(1427, 840, 'WV', NULL, 'West Virginia', NULL, 1, '2022-03-25 01:12:24', '2022-03-25 01:12:24'),
	(1428, 840, 'WI', NULL, 'Wisconsin', NULL, 1, '2022-03-25 01:12:24', '2022-03-25 01:12:24'),
	(1429, 840, 'WY', NULL, 'Wyoming', NULL, 1, '2022-03-25 01:12:24', '2022-03-25 01:12:24'),
	(1430, 704, '44', NULL, 'An Giang', NULL, 1, '2022-03-25 01:12:24', '2022-03-25 01:12:24'),
	(1431, 704, '43', NULL, 'Ba Ria - Vung Tau', NULL, 1, '2022-03-25 01:12:24', '2022-03-25 01:12:24'),
	(1432, 704, '53', NULL, 'Bac Can', NULL, 1, '2022-03-25 01:12:24', '2022-03-25 01:12:24'),
	(1433, 704, '54', NULL, 'Bac Giang', NULL, 1, '2022-03-25 01:12:24', '2022-03-25 01:12:24'),
	(1434, 704, '55', NULL, 'Bac Lieu', NULL, 1, '2022-03-25 01:12:24', '2022-03-25 01:12:24'),
	(1435, 704, '56', NULL, 'Bac Ninh', NULL, 1, '2022-03-25 01:12:24', '2022-03-25 01:12:24'),
	(1436, 704, '50', NULL, 'Ben Tre', NULL, 1, '2022-03-25 01:12:24', '2022-03-25 01:12:24'),
	(1437, 704, '31', NULL, 'Binh Dinh', NULL, 1, '2022-03-25 01:12:24', '2022-03-25 01:12:24'),
	(1438, 704, '57', NULL, 'Binh Duong', NULL, 1, '2022-03-25 01:12:24', '2022-03-25 01:12:24'),
	(1439, 704, '58', NULL, 'Binh Phuoc', NULL, 1, '2022-03-25 01:12:24', '2022-03-25 01:12:24'),
	(1440, 704, '40', NULL, 'Binh Thuan', NULL, 1, '2022-03-25 01:12:24', '2022-03-25 01:12:24'),
	(1441, 704, '59', NULL, 'Ca Mau', NULL, 1, '2022-03-25 01:12:24', '2022-03-25 01:12:24'),
	(1442, 704, 'CT', NULL, 'Can Tho', NULL, 1, '2022-03-25 01:12:24', '2022-03-25 01:12:24'),
	(1443, 704, '4', NULL, 'Cao Bang', NULL, 1, '2022-03-25 01:12:24', '2022-03-25 01:12:24'),
	(1444, 704, 'DN', NULL, 'Da Nang', NULL, 1, '2022-03-25 01:12:24', '2022-03-25 01:12:24'),
	(1445, 704, '60', NULL, 'Da Nang, thanh pho', NULL, 1, '2022-03-25 01:12:24', '2022-03-25 01:12:24'),
	(1446, 704, '33', NULL, 'Dac Lac', NULL, 1, '2022-03-25 01:12:24', '2022-03-25 01:12:24'),
	(1447, 704, '72', NULL, 'Dak Nong', NULL, 1, '2022-03-25 01:12:24', '2022-03-25 01:12:24'),
	(1448, 704, '71', NULL, 'Dien Bien', NULL, 1, '2022-03-25 01:12:24', '2022-03-25 01:12:24'),
	(1449, 704, '39', NULL, 'Dong Nai', NULL, 1, '2022-03-25 01:12:24', '2022-03-25 01:12:24'),
	(1450, 704, '45', NULL, 'Dong Thap', NULL, 1, '2022-03-25 01:12:24', '2022-03-25 01:12:24'),
	(1451, 704, '30', NULL, 'Gia Lai', NULL, 1, '2022-03-25 01:12:24', '2022-03-25 01:12:24'),
	(1452, 704, '3', NULL, 'Ha Giang', NULL, 1, '2022-03-25 01:12:24', '2022-03-25 01:12:24'),
	(1453, 704, '63', NULL, 'Ha Nam', NULL, 1, '2022-03-25 01:12:24', '2022-03-25 01:12:24'),
	(1454, 704, 'HN', NULL, 'Ha Noi', NULL, 1, '2022-03-25 01:12:24', '2022-03-25 01:12:24'),
	(1455, 704, '15', NULL, 'Ha Tay', NULL, 1, '2022-03-25 01:12:24', '2022-03-25 01:12:24'),
	(1456, 704, '23', NULL, 'Ha Tinh', NULL, 1, '2022-03-25 01:12:24', '2022-03-25 01:12:24'),
	(1457, 704, '61', NULL, 'Hai Duong', NULL, 1, '2022-03-25 01:12:24', '2022-03-25 01:12:24'),
	(1458, 704, 'HP', NULL, 'Hai Phong', NULL, 1, '2022-03-25 01:12:24', '2022-03-25 01:12:24'),
	(1459, 704, '62', NULL, 'Hai Phong, thanh pho', NULL, 1, '2022-03-25 01:12:24', '2022-03-25 01:12:24'),
	(1460, 704, '73', NULL, 'Hau Giang', NULL, 1, '2022-03-25 01:12:24', '2022-03-25 01:12:24'),
	(1461, 704, 'SG', NULL, 'Ho Chi Minh', NULL, 1, '2022-03-25 01:12:24', '2022-03-25 01:12:24'),
	(1462, 704, '14', NULL, 'Hoa Binh', NULL, 1, '2022-03-25 01:12:24', '2022-03-25 01:12:24'),
	(1463, 704, '66', NULL, 'Hung Yen', NULL, 1, '2022-03-25 01:12:24', '2022-03-25 01:12:24'),
	(1464, 704, '34', NULL, 'Khanh Hoa', NULL, 1, '2022-03-25 01:12:24', '2022-03-25 01:12:24'),
	(1465, 704, '47', NULL, 'Kien Giang', NULL, 1, '2022-03-25 01:12:24', '2022-03-25 01:12:24'),
	(1466, 704, '28', NULL, 'Kon Tum', NULL, 1, '2022-03-25 01:12:24', '2022-03-25 01:12:24'),
	(1467, 704, '1', NULL, 'Lai Chau', NULL, 1, '2022-03-25 01:12:24', '2022-03-25 01:12:24'),
	(1468, 704, '35', NULL, 'Lam Dong', NULL, 1, '2022-03-25 01:12:24', '2022-03-25 01:12:24'),
	(1469, 704, '9', NULL, 'Lang Son', NULL, 1, '2022-03-25 01:12:24', '2022-03-25 01:12:24'),
	(1470, 704, '2', NULL, 'Lao Cai', NULL, 1, '2022-03-25 01:12:24', '2022-03-25 01:12:24'),
	(1471, 704, '41', NULL, 'Long An', NULL, 1, '2022-03-25 01:12:24', '2022-03-25 01:12:24'),
	(1472, 704, '67', NULL, 'Nam Dinh', NULL, 1, '2022-03-25 01:12:24', '2022-03-25 01:12:24'),
	(1473, 704, '22', NULL, 'Nghe An', NULL, 1, '2022-03-25 01:12:24', '2022-03-25 01:12:24'),
	(1474, 704, '18', NULL, 'Ninh Binh', NULL, 1, '2022-03-25 01:12:24', '2022-03-25 01:12:24'),
	(1475, 704, '36', NULL, 'Ninh Thuan', NULL, 1, '2022-03-25 01:12:24', '2022-03-25 01:12:24'),
	(1476, 704, '68', NULL, 'Phu Tho', NULL, 1, '2022-03-25 01:12:24', '2022-03-25 01:12:24'),
	(1477, 704, '32', NULL, 'Phu Yen', NULL, 1, '2022-03-25 01:12:24', '2022-03-25 01:12:24'),
	(1478, 704, '24', NULL, 'Quang Binh', NULL, 1, '2022-03-25 01:12:24', '2022-03-25 01:12:24'),
	(1479, 704, '27', NULL, 'Quang Nam', NULL, 1, '2022-03-25 01:12:24', '2022-03-25 01:12:24'),
	(1480, 704, '29', NULL, 'Quang Ngai', NULL, 1, '2022-03-25 01:12:24', '2022-03-25 01:12:24'),
	(1481, 704, '13', NULL, 'Quang Ninh', NULL, 1, '2022-03-25 01:12:24', '2022-03-25 01:12:24'),
	(1482, 704, '25', NULL, 'Quang Tri', NULL, 1, '2022-03-25 01:12:24', '2022-03-25 01:12:24'),
	(1483, 704, '52', NULL, 'Soc Trang', NULL, 1, '2022-03-25 01:12:24', '2022-03-25 01:12:24'),
	(1484, 704, '5', NULL, 'Son La', NULL, 1, '2022-03-25 01:12:24', '2022-03-25 01:12:24'),
	(1485, 704, '37', NULL, 'Tay Ninh', NULL, 1, '2022-03-25 01:12:24', '2022-03-25 01:12:24'),
	(1486, 704, '20', NULL, 'Thai Binh', NULL, 1, '2022-03-25 01:12:24', '2022-03-25 01:12:24'),
	(1487, 704, '69', NULL, 'Thai Nguyen', NULL, 1, '2022-03-25 01:12:24', '2022-03-25 01:12:24'),
	(1488, 704, '21', NULL, 'Thanh Hoa', NULL, 1, '2022-03-25 01:12:24', '2022-03-25 01:12:24'),
	(1489, 704, '26', NULL, 'Thua Thien-Hue', NULL, 1, '2022-03-25 01:12:24', '2022-03-25 01:12:24'),
	(1490, 704, '46', NULL, 'Tien Giang', NULL, 1, '2022-03-25 01:12:24', '2022-03-25 01:12:24'),
	(1491, 704, '51', NULL, 'Tra Vinh', NULL, 1, '2022-03-25 01:12:24', '2022-03-25 01:12:24'),
	(1492, 704, '7', NULL, 'Tuyen Quang', NULL, 1, '2022-03-25 01:12:24', '2022-03-25 01:12:24'),
	(1493, 704, '49', NULL, 'Vinh Long', NULL, 1, '2022-03-25 01:12:24', '2022-03-25 01:12:24'),
	(1494, 704, '70', NULL, 'Vinh Yen', NULL, 1, '2022-03-25 01:12:24', '2022-03-25 01:12:24'),
	(1495, 704, '6', NULL, 'Yen Bai', NULL, 1, '2022-03-25 01:12:24', '2022-03-25 01:12:24'),
	(1496, 887, 'AD', NULL, '\'Adan', NULL, 1, '2022-03-25 01:12:24', '2022-03-25 01:12:24'),
	(1497, 887, 'AM', NULL, '\'Amrn', NULL, 1, '2022-03-25 01:12:24', '2022-03-25 01:12:24'),
	(1498, 887, 'AB', NULL, 'Abyan', NULL, 1, '2022-03-25 01:12:24', '2022-03-25 01:12:24'),
	(1499, 887, 'BA', NULL, 'Al Bay\'', NULL, 1, '2022-03-25 01:12:24', '2022-03-25 01:12:24'),
	(1500, 887, 'JA', NULL, 'Al Jawf', NULL, 1, '2022-03-25 01:12:24', '2022-03-25 01:12:24'),
	(1501, 887, 'MR', NULL, 'Al Mahrah', NULL, 1, '2022-03-25 01:12:24', '2022-03-25 01:12:24'),
	(1502, 887, 'MW', NULL, 'Al Mawt', NULL, 1, '2022-03-25 01:12:24', '2022-03-25 01:12:24'),
	(1503, 887, 'HU', NULL, 'Al udaydah', NULL, 1, '2022-03-25 01:12:24', '2022-03-25 01:12:24'),
	(1504, 887, 'DA', NULL, 'A li\'', NULL, 1, '2022-03-25 01:12:24', '2022-03-25 01:12:24'),
	(1505, 887, 'DH', NULL, 'Dhamr', NULL, 1, '2022-03-25 01:12:24', '2022-03-25 01:12:24'),
	(1506, 887, 'IB', NULL, 'Ibb', NULL, 1, '2022-03-25 01:12:24', '2022-03-25 01:12:24'),
	(1507, 887, 'LA', NULL, 'Laij', NULL, 1, '2022-03-25 01:12:24', '2022-03-25 01:12:24'),
	(1508, 887, 'MA', NULL, 'Ma\'rib', NULL, 1, '2022-03-25 01:12:24', '2022-03-25 01:12:24'),
	(1509, 887, 'RA', NULL, 'Raymah', NULL, 1, '2022-03-25 01:12:24', '2022-03-25 01:12:24'),
	(1510, 887, 'SH', NULL, 'Shabwah', NULL, 1, '2022-03-25 01:12:24', '2022-03-25 01:12:24'),
	(1511, 887, 'TA', NULL, 'Tizz', NULL, 1, '2022-03-25 01:12:24', '2022-03-25 01:12:24'),
	(1512, 887, 'SN', NULL, 'an\'', NULL, 1, '2022-03-25 01:12:24', '2022-03-25 01:12:24'),
	(1513, 887, 'SA', NULL, 'an\'', NULL, 1, '2022-03-25 01:12:24', '2022-03-25 01:12:24'),
	(1514, 887, 'SD', NULL, 'dah', NULL, 1, '2022-03-25 01:12:24', '2022-03-25 01:12:24'),
	(1515, 887, 'HJ', NULL, 'ajjah', NULL, 1, '2022-03-25 01:12:24', '2022-03-25 01:12:24'),
	(1516, 887, 'HD', NULL, 'aramawt', NULL, 1, '2022-03-25 01:12:24', '2022-03-25 01:12:24');
/*!40000 ALTER TABLE `states` ENABLE KEYS */;

-- Dumping structure for table zcart2511.subscriptions
CREATE TABLE IF NOT EXISTS `subscriptions` (
  `id` int(10) unsigned NOT NULL AUTO_INCREMENT,
  `shop_id` int(10) unsigned NOT NULL,
  `name` varchar(255) COLLATE utf8_unicode_ci NOT NULL,
  `stripe_id` varchar(255) COLLATE utf8_unicode_ci DEFAULT NULL,
  `stripe_status` varchar(255) COLLATE utf8_unicode_ci DEFAULT NULL,
  `stripe_price` varchar(255) COLLATE utf8_unicode_ci DEFAULT NULL,
  `quantity` int(11) DEFAULT '1',
  `trial_ends_at` timestamp NULL DEFAULT NULL,
  `ends_at` timestamp NULL DEFAULT NULL,
  `notification_sent_at` timestamp NULL DEFAULT NULL,
  `created_at` timestamp NULL DEFAULT NULL,
  `updated_at` timestamp NULL DEFAULT NULL,
  PRIMARY KEY (`id`),
  KEY `subscriptions_shop_id_stripe_status_index` (`shop_id`,`stripe_status`)
) ENGINE=InnoDB AUTO_INCREMENT=6 DEFAULT CHARSET=utf8 COLLATE=utf8_unicode_ci;

-- Dumping data for table zcart2511.subscriptions: ~5 rows (approximately)
/*!40000 ALTER TABLE `subscriptions` DISABLE KEYS */;
INSERT INTO `subscriptions` (`id`, `shop_id`, `name`, `stripe_id`, `stripe_status`, `stripe_price`, `quantity`, `trial_ends_at`, `ends_at`, `notification_sent_at`, `created_at`, `updated_at`) VALUES
	(1, 1, 'Business', NULL, NULL, NULL, 1, NULL, NULL, NULL, '2022-03-25 01:13:38', '2022-03-25 01:13:38'),
	(2, 2, 'Business', NULL, NULL, NULL, 1, NULL, NULL, NULL, '2022-03-25 01:13:38', '2022-03-25 01:13:38'),
	(3, 3, 'Business', NULL, NULL, NULL, 1, NULL, NULL, NULL, '2022-03-25 01:13:38', '2022-03-25 01:13:38'),
	(4, 4, 'Business', NULL, NULL, NULL, 1, NULL, NULL, NULL, '2022-03-25 01:13:38', '2022-03-25 01:13:38'),
	(5, 5, 'Business', NULL, NULL, NULL, 1, NULL, NULL, NULL, '2022-03-25 01:13:38', '2022-03-25 01:13:38');
/*!40000 ALTER TABLE `subscriptions` ENABLE KEYS */;

-- Dumping structure for table zcart2511.subscription_items
CREATE TABLE IF NOT EXISTS `subscription_items` (
  `id` bigint(20) unsigned NOT NULL AUTO_INCREMENT,
  `subscription_id` bigint(20) unsigned NOT NULL,
  `stripe_id` varchar(255) COLLATE utf8_unicode_ci NOT NULL,
  `stripe_product` varchar(255) COLLATE utf8_unicode_ci DEFAULT NULL,
  `stripe_price` varchar(255) COLLATE utf8_unicode_ci NOT NULL,
  `quantity` int(11) DEFAULT NULL,
  `created_at` timestamp NULL DEFAULT NULL,
  `updated_at` timestamp NULL DEFAULT NULL,
  PRIMARY KEY (`id`),
  UNIQUE KEY `subscription_items_subscription_id_stripe_price_unique` (`subscription_id`,`stripe_price`),
  KEY `subscription_items_stripe_id_index` (`stripe_id`)
) ENGINE=InnoDB DEFAULT CHARSET=utf8 COLLATE=utf8_unicode_ci;

-- Dumping data for table zcart2511.subscription_items: ~0 rows (approximately)
/*!40000 ALTER TABLE `subscription_items` DISABLE KEYS */;
/*!40000 ALTER TABLE `subscription_items` ENABLE KEYS */;

-- Dumping structure for table zcart2511.subscription_plans
CREATE TABLE IF NOT EXISTS `subscription_plans` (
  `name` varchar(255) COLLATE utf8_unicode_ci NOT NULL,
  `plan_id` varchar(255) COLLATE utf8_unicode_ci NOT NULL,
  `best_for` varchar(255) COLLATE utf8_unicode_ci DEFAULT NULL,
  `cost` decimal(8,2) NOT NULL DEFAULT '0.00',
  `transaction_fee` decimal(8,2) NOT NULL DEFAULT '0.00',
  `marketplace_commission` decimal(8,2) NOT NULL DEFAULT '0.00',
  `order_per_month` int(11) DEFAULT NULL,
  `revenue_per_month` int(11) DEFAULT NULL,
  `team_size` int(11) NOT NULL DEFAULT '1',
  `inventory_limit` int(11) NOT NULL DEFAULT '0',
  `featured` tinyint(1) NOT NULL DEFAULT '0',
  `order` int(11) DEFAULT NULL,
  `deleted_at` timestamp NULL DEFAULT NULL,
  `created_at` timestamp NULL DEFAULT NULL,
  `updated_at` timestamp NULL DEFAULT NULL,
  PRIMARY KEY (`plan_id`),
  UNIQUE KEY `subscription_plans_name_unique` (`name`)
) ENGINE=InnoDB DEFAULT CHARSET=utf8 COLLATE=utf8_unicode_ci;

-- Dumping data for table zcart2511.subscription_plans: ~3 rows (approximately)
/*!40000 ALTER TABLE `subscription_plans` DISABLE KEYS */;
INSERT INTO `subscription_plans` (`name`, `plan_id`, `best_for`, `cost`, `transaction_fee`, `marketplace_commission`, `order_per_month`, `revenue_per_month`, `team_size`, `inventory_limit`, `featured`, `order`, `deleted_at`, `created_at`, `updated_at`) VALUES
	('Business', 'price_1GyyRyJewI4n8wVFSRWlMSHy', NULL, 29.00, 1.90, 2.50, NULL, NULL, 5, 200, 1, 2, NULL, '2022-03-25 01:12:46', '2022-03-25 01:12:46'),
	('Individual', 'price_1H1HUQJewI4n8wVFTnjx77Ws', NULL, 9.00, 2.50, 3.00, NULL, NULL, 1, 20, 0, 1, NULL, '2022-03-25 01:12:46', '2022-03-25 01:12:46'),
	('Professional', 'price_1H1HW7JewI4n8wVFl8Ukknoz', NULL, 49.00, 1.00, 1.50, NULL, NULL, 10, 500, 0, 3, NULL, '2022-03-25 01:12:46', '2022-03-25 01:12:46');
/*!40000 ALTER TABLE `subscription_plans` ENABLE KEYS */;

-- Dumping structure for table zcart2511.suppliers
CREATE TABLE IF NOT EXISTS `suppliers` (
  `id` int(10) unsigned NOT NULL AUTO_INCREMENT,
  `shop_id` int(10) unsigned DEFAULT NULL,
  `name` varchar(255) COLLATE utf8_unicode_ci NOT NULL,
  `email` varchar(255) COLLATE utf8_unicode_ci DEFAULT NULL,
  `contact_person` varchar(255) COLLATE utf8_unicode_ci DEFAULT NULL,
  `url` text COLLATE utf8_unicode_ci,
  `description` longtext COLLATE utf8_unicode_ci,
  `active` tinyint(1) NOT NULL DEFAULT '1',
  `deleted_at` timestamp NULL DEFAULT NULL,
  `created_at` timestamp NULL DEFAULT NULL,
  `updated_at` timestamp NULL DEFAULT NULL,
  PRIMARY KEY (`id`)
) ENGINE=InnoDB AUTO_INCREMENT=6 DEFAULT CHARSET=utf8 COLLATE=utf8_unicode_ci;

-- Dumping data for table zcart2511.suppliers: ~5 rows (approximately)
/*!40000 ALTER TABLE `suppliers` DISABLE KEYS */;
INSERT INTO `suppliers` (`id`, `shop_id`, `name`, `email`, `contact_person`, `url`, `description`, `active`, `deleted_at`, `created_at`, `updated_at`) VALUES
	(1, 2, 'Satterfield Group', 'eudora73@yahoo.com', 'Greta Frami MD', 'https://www.blanda.com/molestiae-qui-consequuntur-non-laboriosam-sequi-laudantium-eos-voluptas', 'Id molestiae consequuntur quod suscipit quia. Maxime nostrum minima rerum iste cupiditate cum aut maxime. Qui impedit quia incidunt consequatur cupiditate. Sunt labore architecto consequatur sint dolores illo sint voluptatem. Magni voluptas aut fugit error. Doloribus voluptatem asperiores et nesciunt. Sequi et voluptatibus sapiente iure totam similique pariatur.', 1, NULL, '2022-03-25 01:13:57', '2022-03-25 01:13:57'),
	(2, 4, 'Zboncak, Stehr and Howe', 'gorn@yahoo.com', 'Lillian Medhurst', 'http://kling.com/enim-nulla-libero-numquam.html', 'Rem quo autem odit. Amet officia distinctio dolor. Corrupti explicabo modi inventore quas quis sint repellat. Tempora at perferendis eligendi in ducimus. Recusandae mollitia cumque est repellendus delectus. Ut impedit et atque molestias quo. Ut voluptas deserunt iure quisquam soluta. Magnam labore dignissimos corporis hic voluptatem fugit iusto fuga. Mollitia blanditiis odit sunt non at commodi. Molestiae doloribus laborum rerum et.', 1, NULL, '2022-03-25 01:13:58', '2022-03-25 01:13:58'),
	(3, 4, 'Labadie-Kuhic', 'rbahringer@herman.biz', 'Mr. Jaren Gulgowski', 'http://quitzon.org/', 'Ullam dolorum itaque voluptas laboriosam. Ut sed illo dignissimos qui qui eius. Quia sit quia quibusdam voluptatem aspernatur eligendi quia. Est mollitia suscipit facere hic consequatur natus. Nemo tenetur deserunt aspernatur. Minus impedit provident voluptatem sit accusamus. Sit quos in aut praesentium error officiis. Aperiam et numquam ipsa sunt. Porro rem aut blanditiis aut ex. Voluptas sunt saepe et quia neque et voluptatem.', 1, NULL, '2022-03-25 01:13:58', '2022-03-25 01:13:58'),
	(4, 2, 'Bailey LLC', 'zieme.ramona@yahoo.com', 'Terrance Will', 'https://oberbrunner.com/in-quasi-ex-eligendi-saepe-eum-laborum.html', 'Quia quo alias ratione qui assumenda ut. Sed tempora vel accusamus placeat aliquid occaecati. Ullam eos deleniti blanditiis delectus minus. Esse ipsam illo hic id. Cupiditate provident odit odio ratione debitis sunt sunt. Corporis illum quo in culpa distinctio et porro commodi. Qui optio et officiis exercitationem. Dicta corrupti error amet doloribus et. Omnis culpa nobis repellat et similique odio.', 1, NULL, '2022-03-25 01:13:58', '2022-03-25 01:13:58'),
	(5, 4, 'Blanda, Beatty and Goyette', 'ucartwright@gmail.com', 'Guiseppe Sauer', 'http://herman.org/voluptates-ducimus-tempore-nisi-nam.html', 'Aliquam quae qui sint consectetur est quo. Qui eaque nemo blanditiis. Nam iste fugit repudiandae dignissimos. Sapiente tempora excepturi fugiat perspiciatis cumque nam. Ea blanditiis maxime a eligendi fuga qui. Modi aut quis omnis impedit aspernatur sed.', 1, NULL, '2022-03-25 01:13:58', '2022-03-25 01:13:58');
/*!40000 ALTER TABLE `suppliers` ENABLE KEYS */;

-- Dumping structure for table zcart2511.systems
CREATE TABLE IF NOT EXISTS `systems` (
  `id` int(10) unsigned NOT NULL AUTO_INCREMENT,
  `maintenance_mode` tinyint(1) DEFAULT NULL,
  `install_verion` varchar(255) COLLATE utf8_unicode_ci DEFAULT NULL,
  `name` varchar(255) COLLATE utf8_unicode_ci NOT NULL DEFAULT 'Marketplace',
  `slogan` text COLLATE utf8_unicode_ci,
  `legal_name` text COLLATE utf8_unicode_ci,
  `email` varchar(255) COLLATE utf8_unicode_ci DEFAULT NULL,
  `worldwide_business_area` tinyint(1) DEFAULT '1',
  `timezone_id` int(11) NOT NULL DEFAULT '35',
  `currency_id` int(11) NOT NULL DEFAULT '148',
  `default_language` varchar(3) COLLATE utf8_unicode_ci NOT NULL DEFAULT 'en',
  `vendor_can_view_customer_info` tinyint(1) DEFAULT '0',
  `can_use_own_catalog_only` tinyint(1) DEFAULT '0',
  `google_analytic_report` tinyint(1) DEFAULT '0',
  `required_card_upfront` tinyint(1) DEFAULT '1',
  `vendor_needs_approval` tinyint(1) DEFAULT '1',
  `vendor_order_cancellation_fee` decimal(20,2) DEFAULT '0.00',
  `show_merchant_info_as_vendor` tinyint(1) NOT NULL DEFAULT '0',
  `trial_days` int(11) DEFAULT NULL,
  `ask_customer_for_email_subscription` tinyint(1) DEFAULT '1',
  `can_cancel_order_within` int(11) DEFAULT '0',
  `support_phone` varchar(255) COLLATE utf8_unicode_ci DEFAULT NULL,
  `support_phone_toll_free` varchar(255) COLLATE utf8_unicode_ci DEFAULT NULL,
  `support_email` varchar(255) COLLATE utf8_unicode_ci NOT NULL,
  `default_sender_email_address` varchar(255) COLLATE utf8_unicode_ci DEFAULT NULL,
  `default_email_sender_name` varchar(255) COLLATE utf8_unicode_ci DEFAULT NULL,
  `facebook_link` varchar(255) COLLATE utf8_unicode_ci DEFAULT NULL,
  `google_plus_link` varchar(255) COLLATE utf8_unicode_ci DEFAULT NULL,
  `twitter_link` varchar(255) COLLATE utf8_unicode_ci DEFAULT NULL,
  `pinterest_link` varchar(255) COLLATE utf8_unicode_ci DEFAULT NULL,
  `instagram_link` varchar(255) COLLATE utf8_unicode_ci DEFAULT NULL,
  `youtube_link` varchar(255) COLLATE utf8_unicode_ci DEFAULT NULL,
  `social_auth` tinyint(1) NOT NULL DEFAULT '1',
  `length_unit` varchar(255) COLLATE utf8_unicode_ci NOT NULL DEFAULT 'meter',
  `weight_unit` varchar(255) COLLATE utf8_unicode_ci NOT NULL DEFAULT 'g',
  `valume_unit` varchar(255) COLLATE utf8_unicode_ci NOT NULL DEFAULT 'liter',
  `decimals` enum('0','2','3','4','5','6') COLLATE utf8_unicode_ci NOT NULL DEFAULT '2',
  `show_currency_symbol` tinyint(1) NOT NULL DEFAULT '1',
  `show_space_after_symbol` tinyint(1) NOT NULL DEFAULT '1',
  `coupon_code_size` int(11) NOT NULL DEFAULT '8',
  `gift_card_serial_number_size` int(11) NOT NULL DEFAULT '13',
  `gift_card_pin_size` int(11) NOT NULL DEFAULT '10',
  `active_theme` varchar(255) COLLATE utf8_unicode_ci NOT NULL DEFAULT 'default',
  `selling_theme` varchar(255) COLLATE utf8_unicode_ci NOT NULL DEFAULT 'default',
  `pagination` int(10) unsigned NOT NULL DEFAULT '10',
  `show_seo_info_to_frontend` tinyint(1) DEFAULT '1',
  `max_img_size_limit_kb` int(11) NOT NULL DEFAULT '5000',
  `max_number_of_inventory_imgs` int(10) unsigned NOT NULL DEFAULT '10',
  `show_item_conditions` tinyint(1) DEFAULT '1',
  `address_default_country` int(11) DEFAULT NULL,
  `address_default_state` int(11) DEFAULT NULL,
  `show_address_title` tinyint(1) DEFAULT NULL,
  `address_show_country` tinyint(1) DEFAULT NULL,
  `address_show_map` tinyint(1) DEFAULT NULL,
  `allow_guest_checkout` tinyint(1) DEFAULT '1',
  `auto_approve_order` tinyint(1) DEFAULT '0',
  `notify_when_vendor_registered` tinyint(1) DEFAULT '1',
  `notify_when_dispute_appealed` tinyint(1) DEFAULT '1',
  `notify_new_message` tinyint(1) DEFAULT NULL,
  `notify_new_ticket` tinyint(1) DEFAULT '1',
  `enable_chat` tinyint(1) DEFAULT '1',
  `digital_goods_only` tinyint(1) DEFAULT '0',
  `is_multi_vendor` tinyint(1) DEFAULT '1',
  `max_role_level` int(10) unsigned NOT NULL DEFAULT '99',
  `created_at` timestamp NULL DEFAULT NULL,
  `updated_at` timestamp NULL DEFAULT NULL,
  PRIMARY KEY (`id`)
) ENGINE=InnoDB AUTO_INCREMENT=2 DEFAULT CHARSET=utf8 COLLATE=utf8_unicode_ci;

-- Dumping data for table zcart2511.systems: ~0 rows (approximately)
/*!40000 ALTER TABLE `systems` DISABLE KEYS */;
INSERT INTO `systems` (`id`, `maintenance_mode`, `install_verion`, `name`, `slogan`, `legal_name`, `email`, `worldwide_business_area`, `timezone_id`, `currency_id`, `default_language`, `vendor_can_view_customer_info`, `can_use_own_catalog_only`, `google_analytic_report`, `required_card_upfront`, `vendor_needs_approval`, `vendor_order_cancellation_fee`, `show_merchant_info_as_vendor`, `trial_days`, `ask_customer_for_email_subscription`, `can_cancel_order_within`, `support_phone`, `support_phone_toll_free`, `support_email`, `default_sender_email_address`, `default_email_sender_name`, `facebook_link`, `google_plus_link`, `twitter_link`, `pinterest_link`, `instagram_link`, `youtube_link`, `social_auth`, `length_unit`, `weight_unit`, `valume_unit`, `decimals`, `show_currency_symbol`, `show_space_after_symbol`, `coupon_code_size`, `gift_card_serial_number_size`, `gift_card_pin_size`, `active_theme`, `selling_theme`, `pagination`, `show_seo_info_to_frontend`, `max_img_size_limit_kb`, `max_number_of_inventory_imgs`, `show_item_conditions`, `address_default_country`, `address_default_state`, `show_address_title`, `address_show_country`, `address_show_map`, `allow_guest_checkout`, `auto_approve_order`, `notify_when_vendor_registered`, `notify_when_dispute_appealed`, `notify_new_message`, `notify_new_ticket`, `enable_chat`, `digital_goods_only`, `is_multi_vendor`, `max_role_level`, `created_at`, `updated_at`) VALUES
	(1, NULL, '2.5.1', 'arabcode', NULL, 'arabcode', 'notify@demo.com', 1, 35, 148, 'en', 1, 1, 0, NULL, 1, 0.00, 1, 13, 1, 0, NULL, NULL, 'support@demo.com', NULL, NULL, 'https://www.facebook.com/', 'https://plus.google.com/', 'https://twitter.com/', 'https://www.pinterest.com/', 'https://www.instagram.com/', 'https://www.youtube.com/', 1, 'cm', 'g', 'liter', '2', 1, 0, 8, 13, 10, 'default', 'default', 10, 1, 5000, 10, 1, 840, NULL, NULL, 1, 1, 1, 0, 1, 1, NULL, 1, 1, 0, 1, 99, '2022-03-25 01:12:30', '2022-03-25 02:09:21');
/*!40000 ALTER TABLE `systems` ENABLE KEYS */;

-- Dumping structure for table zcart2511.taggables
CREATE TABLE IF NOT EXISTS `taggables` (
  `tag_id` int(10) unsigned NOT NULL,
  `taggable_id` int(10) unsigned NOT NULL,
  `taggable_type` varchar(255) COLLATE utf8_unicode_ci NOT NULL,
  KEY `taggables_tag_id_foreign` (`tag_id`),
  CONSTRAINT `taggables_tag_id_foreign` FOREIGN KEY (`tag_id`) REFERENCES `tags` (`id`) ON DELETE CASCADE
) ENGINE=InnoDB DEFAULT CHARSET=utf8 COLLATE=utf8_unicode_ci;

-- Dumping data for table zcart2511.taggables: ~28 rows (approximately)
/*!40000 ALTER TABLE `taggables` DISABLE KEYS */;
INSERT INTO `taggables` (`tag_id`, `taggable_id`, `taggable_type`) VALUES
	(23, 4, 'App\\Models\\Blog'),
	(9, 4, 'App\\Models\\Blog'),
	(10, 4, 'App\\Models\\Blog'),
	(30, 4, 'App\\Models\\Blog'),
	(14, 4, 'App\\Models\\Blog'),
	(22, 6, 'App\\Models\\Blog'),
	(11, 6, 'App\\Models\\Blog'),
	(30, 6, 'App\\Models\\Blog'),
	(7, 6, 'App\\Models\\Blog'),
	(15, 6, 'App\\Models\\Blog'),
	(22, 6, 'App\\Models\\Blog'),
	(9, 6, 'App\\Models\\Blog'),
	(23, 5, 'App\\Models\\Blog'),
	(27, 5, 'App\\Models\\Blog'),
	(7, 5, 'App\\Models\\Blog'),
	(9, 1, 'App\\Models\\Blog'),
	(25, 1, 'App\\Models\\Blog'),
	(28, 1, 'App\\Models\\Blog'),
	(8, 1, 'App\\Models\\Blog'),
	(9, 1, 'App\\Models\\Blog'),
	(28, 2, 'App\\Models\\Blog'),
	(14, 2, 'App\\Models\\Blog'),
	(14, 2, 'App\\Models\\Blog'),
	(12, 2, 'App\\Models\\Blog'),
	(17, 2, 'App\\Models\\Blog'),
	(11, 3, 'App\\Models\\Blog'),
	(4, 3, 'App\\Models\\Blog'),
	(2, 3, 'App\\Models\\Blog');
/*!40000 ALTER TABLE `taggables` ENABLE KEYS */;

-- Dumping structure for table zcart2511.tags
CREATE TABLE IF NOT EXISTS `tags` (
  `id` int(10) unsigned NOT NULL AUTO_INCREMENT,
  `name` varchar(255) COLLATE utf8_unicode_ci NOT NULL,
  `created_at` timestamp NULL DEFAULT NULL,
  `updated_at` timestamp NULL DEFAULT NULL,
  PRIMARY KEY (`id`)
) ENGINE=InnoDB AUTO_INCREMENT=31 DEFAULT CHARSET=utf8 COLLATE=utf8_unicode_ci;

-- Dumping data for table zcart2511.tags: ~30 rows (approximately)
/*!40000 ALTER TABLE `tags` DISABLE KEYS */;
INSERT INTO `tags` (`id`, `name`, `created_at`, `updated_at`) VALUES
	(1, 'delectus', '2022-03-25 01:15:33', '2022-03-25 01:15:33'),
	(2, 'nam', '2022-03-25 01:15:33', '2022-03-25 01:15:33'),
	(3, 'nesciunt', '2022-03-25 01:15:33', '2022-03-25 01:15:33'),
	(4, 'id', '2022-03-25 01:15:33', '2022-03-25 01:15:33'),
	(5, 'sed', '2022-03-25 01:15:33', '2022-03-25 01:15:33'),
	(6, 'nulla', '2022-03-25 01:15:33', '2022-03-25 01:15:33'),
	(7, 'molestiae', '2022-03-25 01:15:33', '2022-03-25 01:15:33'),
	(8, 'quidem', '2022-03-25 01:15:33', '2022-03-25 01:15:33'),
	(9, 'magni', '2022-03-25 01:15:33', '2022-03-25 01:15:33'),
	(10, 'ea', '2022-03-25 01:15:33', '2022-03-25 01:15:33'),
	(11, 'tempore', '2022-03-25 01:15:33', '2022-03-25 01:15:33'),
	(12, 'minus', '2022-03-25 01:15:33', '2022-03-25 01:15:33'),
	(13, 'sit', '2022-03-25 01:15:33', '2022-03-25 01:15:33'),
	(14, 'officiis', '2022-03-25 01:15:33', '2022-03-25 01:15:33'),
	(15, 'delectus', '2022-03-25 01:15:33', '2022-03-25 01:15:33'),
	(16, 'doloribus', '2022-03-25 01:15:33', '2022-03-25 01:15:33'),
	(17, 'ad', '2022-03-25 01:15:33', '2022-03-25 01:15:33'),
	(18, 'quae', '2022-03-25 01:15:33', '2022-03-25 01:15:33'),
	(19, 'qui', '2022-03-25 01:15:33', '2022-03-25 01:15:33'),
	(20, 'quam', '2022-03-25 01:15:34', '2022-03-25 01:15:34'),
	(21, 'non', '2022-03-25 01:15:34', '2022-03-25 01:15:34'),
	(22, 'reiciendis', '2022-03-25 01:15:34', '2022-03-25 01:15:34'),
	(23, 'saepe', '2022-03-25 01:15:34', '2022-03-25 01:15:34'),
	(24, 'possimus', '2022-03-25 01:15:34', '2022-03-25 01:15:34'),
	(25, 'repellat', '2022-03-25 01:15:34', '2022-03-25 01:15:34'),
	(26, 'at', '2022-03-25 01:15:34', '2022-03-25 01:15:34'),
	(27, 'doloribus', '2022-03-25 01:15:34', '2022-03-25 01:15:34'),
	(28, 'dolores', '2022-03-25 01:15:34', '2022-03-25 01:15:34'),
	(29, 'vitae', '2022-03-25 01:15:34', '2022-03-25 01:15:34'),
	(30, 'iusto', '2022-03-25 01:15:34', '2022-03-25 01:15:34');
/*!40000 ALTER TABLE `tags` ENABLE KEYS */;

-- Dumping structure for table zcart2511.taxes
CREATE TABLE IF NOT EXISTS `taxes` (
  `id` int(10) unsigned NOT NULL AUTO_INCREMENT,
  `shop_id` int(10) unsigned DEFAULT NULL,
  `name` varchar(255) COLLATE utf8_unicode_ci NOT NULL,
  `taxrate` decimal(20,6) NOT NULL DEFAULT '0.000000',
  `country_id` int(10) unsigned DEFAULT NULL,
  `state_id` int(10) unsigned DEFAULT NULL,
  `public` tinyint(1) DEFAULT NULL,
  `active` tinyint(1) NOT NULL DEFAULT '1',
  `deleted_at` timestamp NULL DEFAULT NULL,
  `created_at` timestamp NULL DEFAULT NULL,
  `updated_at` timestamp NULL DEFAULT NULL,
  PRIMARY KEY (`id`)
) ENGINE=InnoDB AUTO_INCREMENT=7 DEFAULT CHARSET=utf8 COLLATE=utf8_unicode_ci;

-- Dumping data for table zcart2511.taxes: ~6 rows (approximately)
/*!40000 ALTER TABLE `taxes` DISABLE KEYS */;
INSERT INTO `taxes` (`id`, `shop_id`, `name`, `taxrate`, `country_id`, `state_id`, `public`, `active`, `deleted_at`, `created_at`, `updated_at`) VALUES
	(1, NULL, '- No tax -', 0.000000, NULL, NULL, 1, 1, NULL, '2022-03-25 01:12:46', '2022-03-25 01:12:46'),
	(2, 5, 'ut 4.64%', 4.635264, 566, 879, NULL, 1, NULL, '2022-03-25 01:14:27', '2022-03-25 01:14:27'),
	(3, 3, 'est 2%', 2.000000, 250, 311, NULL, 1, NULL, '2022-03-25 01:14:27', '2022-03-25 01:14:27'),
	(4, 5, 'nisi 8.44%', 8.440140, 659, NULL, NULL, 1, NULL, '2022-03-25 01:14:27', '2022-03-25 01:14:27'),
	(5, 4, 'quaerat 2.56%', 2.557100, 316, NULL, NULL, 1, NULL, '2022-03-25 01:14:27', '2022-03-25 01:14:27'),
	(6, 3, 'reprehenderit 3.63%', 3.633000, 630, NULL, NULL, 1, NULL, '2022-03-25 01:14:27', '2022-03-25 01:14:27');
/*!40000 ALTER TABLE `taxes` ENABLE KEYS */;

-- Dumping structure for table zcart2511.tickets
CREATE TABLE IF NOT EXISTS `tickets` (
  `id` bigint(20) unsigned NOT NULL AUTO_INCREMENT,
  `shop_id` int(10) unsigned DEFAULT NULL,
  `user_id` bigint(20) unsigned DEFAULT NULL,
  `category_id` int(10) unsigned DEFAULT NULL,
  `subject` varchar(255) COLLATE utf8_unicode_ci DEFAULT NULL,
  `message` longtext COLLATE utf8_unicode_ci,
  `assigned_to` bigint(20) unsigned DEFAULT NULL,
  `status` int(10) unsigned NOT NULL DEFAULT '1',
  `priority` int(10) unsigned NOT NULL DEFAULT '1',
  `deleted_at` timestamp NULL DEFAULT NULL,
  `created_at` timestamp NULL DEFAULT NULL,
  `updated_at` timestamp NULL DEFAULT NULL,
  PRIMARY KEY (`id`),
  KEY `tickets_user_id_foreign` (`user_id`),
  KEY `tickets_category_id_foreign` (`category_id`),
  CONSTRAINT `tickets_category_id_foreign` FOREIGN KEY (`category_id`) REFERENCES `ticket_categories` (`id`) ON DELETE SET NULL,
  CONSTRAINT `tickets_user_id_foreign` FOREIGN KEY (`user_id`) REFERENCES `users` (`id`) ON DELETE SET NULL
) ENGINE=InnoDB AUTO_INCREMENT=6 DEFAULT CHARSET=utf8 COLLATE=utf8_unicode_ci;

-- Dumping data for table zcart2511.tickets: ~5 rows (approximately)
/*!40000 ALTER TABLE `tickets` DISABLE KEYS */;
INSERT INTO `tickets` (`id`, `shop_id`, `user_id`, `category_id`, `subject`, `message`, `assigned_to`, `status`, `priority`, `deleted_at`, `created_at`, `updated_at`) VALUES
	(1, 3, 3, 1, 'Magni qui error ducimus dolorum tenetur omnis dolorem.', 'Asperiores delectus quia et aliquam. Necessitatibus officiis eos quia vel reiciendis. Repellat magnam ut quos sed tenetur. Vel corporis magni qui magni reprehenderit distinctio ea laudantium.', NULL, 4, 1, NULL, '2022-03-21 01:15:36', '2022-03-25 01:15:38'),
	(2, 1, 3, 4, 'Velit fugiat cupiditate qui amet.', 'Ratione est dignissimos debitis maiores qui corporis et soluta. Velit sit tempore repellat quisquam numquam recusandae. Possimus dolore fugiat consequatur occaecati natus odit aut.', NULL, 5, 1, NULL, '2022-03-14 01:15:36', '2022-03-11 01:15:36'),
	(3, 1, 3, 2, 'Ea vitae molestiae laboriosam numquam quas.', 'Est aut error laudantium nihil natus et placeat. Ipsa non expedita aliquam et corporis et. Corrupti et adipisci aut dolor quae optio. Soluta commodi assumenda sunt consectetur fugit.', NULL, 6, 1, NULL, '2022-03-12 01:15:36', '2022-03-25 01:15:39'),
	(4, 1, 3, 4, 'Quasi consequatur atque quia tempora ipsam exercitationem aut tempore.', 'Quia voluptatibus blanditiis ratione inventore magni officiis repellendus commodi. Enim necessitatibus eum voluptatem quos aut eum dignissimos est. Ullam magni incidunt sit atque aut. Est rerum soluta velit ipsum non veniam est.', NULL, 2, 3, NULL, '2022-03-10 01:15:36', '2022-03-25 01:15:38'),
	(5, 2, 3, 2, 'Pariatur suscipit facilis officiis dolore et autem voluptas.', 'Sapiente optio est officiis. Ab voluptatem dolorum voluptas. Praesentium voluptatem minima numquam eligendi et esse aut. Officia ullam facere eos iure in.', NULL, 4, 4, NULL, '2022-03-21 01:15:36', '2022-03-25 01:15:38');
/*!40000 ALTER TABLE `tickets` ENABLE KEYS */;

-- Dumping structure for table zcart2511.ticket_categories
CREATE TABLE IF NOT EXISTS `ticket_categories` (
  `id` int(10) unsigned NOT NULL AUTO_INCREMENT,
  `name` varchar(255) COLLATE utf8_unicode_ci NOT NULL,
  PRIMARY KEY (`id`),
  UNIQUE KEY `ticket_categories_name_unique` (`name`)
) ENGINE=InnoDB AUTO_INCREMENT=5 DEFAULT CHARSET=utf8 COLLATE=utf8_unicode_ci;

-- Dumping data for table zcart2511.ticket_categories: ~4 rows (approximately)
/*!40000 ALTER TABLE `ticket_categories` DISABLE KEYS */;
INSERT INTO `ticket_categories` (`id`, `name`) VALUES
	(1, 'General query'),
	(2, 'Merchant support'),
	(3, 'Technical support'),
	(4, 'Webmaster');
/*!40000 ALTER TABLE `ticket_categories` ENABLE KEYS */;

-- Dumping structure for table zcart2511.timezones
CREATE TABLE IF NOT EXISTS `timezones` (
  `id` int(10) unsigned NOT NULL AUTO_INCREMENT,
  `value` varchar(255) COLLATE utf8_unicode_ci DEFAULT NULL,
  `abbr` varchar(255) COLLATE utf8_unicode_ci DEFAULT NULL,
  `offset` int(11) DEFAULT NULL,
  `text` varchar(255) COLLATE utf8_unicode_ci DEFAULT NULL,
  `utc` varchar(255) COLLATE utf8_unicode_ci DEFAULT NULL,
  `dst` tinyint(1) DEFAULT '0',
  `created_at` timestamp NULL DEFAULT NULL,
  `updated_at` timestamp NULL DEFAULT NULL,
  PRIMARY KEY (`id`)
) ENGINE=InnoDB AUTO_INCREMENT=98 DEFAULT CHARSET=utf8 COLLATE=utf8_unicode_ci;

-- Dumping data for table zcart2511.timezones: ~97 rows (approximately)
/*!40000 ALTER TABLE `timezones` DISABLE KEYS */;
INSERT INTO `timezones` (`id`, `value`, `abbr`, `offset`, `text`, `utc`, `dst`, `created_at`, `updated_at`) VALUES
	(1, 'Dateline Standard Time', 'DST', -12, '(UTC-12:00) International Date Line West', 'Etc/GMT+12', 0, '2022-03-25 01:12:12', '2022-03-25 01:12:12'),
	(2, 'UTC-11', 'U', -11, '(UTC-11:00) Coordinated Universal Time-11', 'Pacific/Midway', 0, '2022-03-25 01:12:12', '2022-03-25 01:12:12'),
	(3, 'Hawaiian Standard Time', 'HST', -10, '(UTC-10:00) Hawaii', 'Pacific/Honolulu', 0, '2022-03-25 01:12:12', '2022-03-25 01:12:12'),
	(4, 'Alaskan Standard Time', 'AKDT', -8, '(UTC-09:00) Alaska', 'America/Anchorage', 1, '2022-03-25 01:12:12', '2022-03-25 01:12:12'),
	(5, 'Pacific Standard Time (Mexico)', 'PDT', -7, '(UTC-08:00) Baja California', 'America/Santa_Isabel', 1, '2022-03-25 01:12:12', '2022-03-25 01:12:12'),
	(6, 'Pacific Standard Time', 'PDT', -7, '(UTC-08:00) Pacific Time (US & Canada)', 'America/Los_Angeles', 1, '2022-03-25 01:12:12', '2022-03-25 01:12:12'),
	(7, 'US Mountain Standard Time', 'UMST', -7, '(UTC-07:00) Arizona', 'America/Phoenix', 0, '2022-03-25 01:12:12', '2022-03-25 01:12:12'),
	(8, 'Mountain Standard Time (Mexico)', 'MDT', -6, '(UTC-07:00) Chihuahua, La Paz, Mazatlan', 'America/Chihuahua', 1, '2022-03-25 01:12:12', '2022-03-25 01:12:12'),
	(9, 'Mountain Standard Time', 'MDT', -6, '(UTC-07:00) Mountain Time (US & Canada)', 'America/Denver', 1, '2022-03-25 01:12:12', '2022-03-25 01:12:12'),
	(10, 'Central America Standard Time', 'CAST', -6, '(UTC-06:00) Central America', 'America/Guatemala', 0, '2022-03-25 01:12:12', '2022-03-25 01:12:12'),
	(11, 'Central Standard Time', 'CDT', -5, '(UTC-06:00) Central Time (US & Canada)', 'America/Chicago', 1, '2022-03-25 01:12:12', '2022-03-25 01:12:12'),
	(12, 'Central Standard Time (Mexico)', 'CDT', -5, '(UTC-06:00) Guadalajara, Mexico City, Monterrey', 'America/Mexico_City', 1, '2022-03-25 01:12:12', '2022-03-25 01:12:12'),
	(13, 'Canada Central Standard Time', 'CCST', -6, '(UTC-06:00) Saskatchewan', 'America/Regina', 0, '2022-03-25 01:12:12', '2022-03-25 01:12:12'),
	(14, 'SA Pacific Standard Time', 'SPST', -5, '(UTC-05:00) Bogota, Lima, Quito', 'America/Lima', 0, '2022-03-25 01:12:12', '2022-03-25 01:12:12'),
	(15, 'Eastern Standard Time', 'EDT', -4, '(UTC-05:00) Eastern Time (US & Canada)', 'America/New_York', 1, '2022-03-25 01:12:12', '2022-03-25 01:12:12'),
	(16, 'US Eastern Standard Time', 'UEDT', -4, '(UTC-05:00) Indiana (East)', 'America/Indianapolis', 1, '2022-03-25 01:12:12', '2022-03-25 01:12:12'),
	(17, 'Venezuela Standard Time', 'VST', -5, '(UTC-04:30) Caracas', 'America/Caracas', 0, '2022-03-25 01:12:12', '2022-03-25 01:12:12'),
	(18, 'Paraguay Standard Time', 'PST', -4, '(UTC-04:00) Asuncion', 'America/Asuncion', 0, '2022-03-25 01:12:12', '2022-03-25 01:12:12'),
	(19, 'Atlantic Standard Time', 'ADT', -3, '(UTC-04:00) Atlantic Time (Canada)', 'Atlantic/Bermuda', 1, '2022-03-25 01:12:12', '2022-03-25 01:12:12'),
	(20, 'Central Brazilian Standard Time', 'CBST', -4, '(UTC-04:00) Cuiaba', 'America/Cuiaba', 0, '2022-03-25 01:12:12', '2022-03-25 01:12:12'),
	(21, 'SA Western Standard Time', 'SWST', -4, '(UTC-04:00) Georgetown, La Paz, Manaus, San Juan', 'America/Aruba', 0, '2022-03-25 01:12:13', '2022-03-25 01:12:13'),
	(22, 'Pacific SA Standard Time', 'PSST', -4, '(UTC-04:00) Santiago', 'America/Santiago', 0, '2022-03-25 01:12:13', '2022-03-25 01:12:13'),
	(23, 'Newfoundland Standard Time', 'NDT', -3, '(UTC-03:30) Newfoundland', 'America/St_Johns', 1, '2022-03-25 01:12:13', '2022-03-25 01:12:13'),
	(24, 'E. South America Standard Time', 'ESAST', -3, '(UTC-03:00) Brasilia', 'America/Sao_Paulo', 0, '2022-03-25 01:12:13', '2022-03-25 01:12:13'),
	(25, 'Argentina Standard Time', 'AST', -3, '(UTC-03:00) Buenos Aires', 'America/Buenos_Aires', 0, '2022-03-25 01:12:13', '2022-03-25 01:12:13'),
	(26, 'SA Eastern Standard Time', 'SEST', -3, '(UTC-03:00) Cayenne, Fortaleza', 'America/Cayenne', 0, '2022-03-25 01:12:13', '2022-03-25 01:12:13'),
	(27, 'Greenland Standard Time', 'GDT', -2, '(UTC-03:00) Greenland', 'America/Godthab', 1, '2022-03-25 01:12:13', '2022-03-25 01:12:13'),
	(28, 'Montevideo Standard Time', 'MST', -3, '(UTC-03:00) Montevideo', 'America/Montevideo', 0, '2022-03-25 01:12:13', '2022-03-25 01:12:13'),
	(29, 'Bahia Standard Time', 'BST', -3, '(UTC-03:00) Salvador', 'America/Bahia', 0, '2022-03-25 01:12:13', '2022-03-25 01:12:13'),
	(30, 'UTC-02', 'U', -2, '(UTC-02:00) Coordinated Universal Time-02', 'America/Noronha', 0, '2022-03-25 01:12:13', '2022-03-25 01:12:13'),
	(31, 'Azores Standard Time', 'ADT', 0, '(UTC-01:00) Azores', 'Atlantic/Azores', 1, '2022-03-25 01:12:13', '2022-03-25 01:12:13'),
	(32, 'Cape Verde Standard Time', 'CVST', -1, '(UTC-01:00) Cape Verde Is.', 'Atlantic/Cape_Verde', 0, '2022-03-25 01:12:13', '2022-03-25 01:12:13'),
	(33, 'Morocco Standard Time', 'MDT', 1, '(UTC) Casablanca', 'Africa/Casablanca', 1, '2022-03-25 01:12:13', '2022-03-25 01:12:13'),
	(34, 'UTC', 'CUT', 0, '(UTC) Coordinated Universal Time', 'America/Danmarkshavn', 0, '2022-03-25 01:12:13', '2022-03-25 01:12:13'),
	(35, 'GMT Standard Time', 'GDT', 1, '(UTC) Dublin, Edinburgh, Lisbon, London', 'Europe/London', 1, '2022-03-25 01:12:13', '2022-03-25 01:12:13'),
	(36, 'Greenwich Standard Time', 'GST', 0, '(UTC) Monrovia, Reykjavik', 'Africa/Monrovia', 0, '2022-03-25 01:12:13', '2022-03-25 01:12:13'),
	(37, 'W. Europe Standard Time', 'WEDT', 2, '(UTC+01:00) Amsterdam, Berlin, Bern, Rome, Stockholm, Vienna', 'Europe/Amsterdam', 1, '2022-03-25 01:12:13', '2022-03-25 01:12:13'),
	(38, 'Central Europe Standard Time', 'CEDT', 2, '(UTC+01:00) Belgrade, Bratislava, Budapest, Ljubljana, Prague', 'Europe/Budapest', 1, '2022-03-25 01:12:13', '2022-03-25 01:12:13'),
	(39, 'Romance Standard Time', 'RDT', 2, '(UTC+01:00) Brussels, Copenhagen, Madrid, Paris', 'Europe/Paris', 1, '2022-03-25 01:12:13', '2022-03-25 01:12:13'),
	(40, 'Central European Standard Time', 'CEDT', 2, '(UTC+01:00) Sarajevo, Skopje, Warsaw, Zagreb', 'Europe/Warsaw', 1, '2022-03-25 01:12:13', '2022-03-25 01:12:13'),
	(41, 'W. Central Africa Standard Time', 'WCAST', 1, '(UTC+01:00) West Central Africa', 'Africa/Lagos', 0, '2022-03-25 01:12:14', '2022-03-25 01:12:14'),
	(42, 'Namibia Standard Time', 'NST', 1, '(UTC+01:00) Windhoek', 'Africa/Windhoek', 0, '2022-03-25 01:12:14', '2022-03-25 01:12:14'),
	(43, 'GTB Standard Time', 'GDT', 3, '(UTC+02:00) Athens, Bucharest, Chisinau, Nicosia', 'Europe/Athens', 1, '2022-03-25 01:12:14', '2022-03-25 01:12:14'),
	(44, 'Middle East Standard Time', 'MEDT', 3, '(UTC+02:00) Beirut', 'Asia/Beirut', 1, '2022-03-25 01:12:14', '2022-03-25 01:12:14'),
	(45, 'Egypt Standard Time', 'EST', 2, '(UTC+02:00) Cairo', 'Africa/Cairo', 0, '2022-03-25 01:12:14', '2022-03-25 01:12:14'),
	(46, 'Syria Standard Time', 'SDT', 3, '(UTC+02:00) Damascus', 'Asia/Damascus', 1, '2022-03-25 01:12:14', '2022-03-25 01:12:14'),
	(47, 'South Africa Standard Time', 'SAST', 2, '(UTC+02:00) Harare, Pretoria, Johannesburg, Bujumbura', 'Africa/Harare', 0, '2022-03-25 01:12:14', '2022-03-25 01:12:14'),
	(48, 'FLE Standard Time', 'FDT', 3, '(UTC+02:00) Helsinki, Kyiv, Riga, Sofia, Tallinn, Vilnius', 'Europe/Helsinki', 1, '2022-03-25 01:12:14', '2022-03-25 01:12:14'),
	(49, 'Turkey Standard Time', 'TDT', 3, '(UTC+02:00) Istanbul', 'Europe/Istanbul', 1, '2022-03-25 01:12:14', '2022-03-25 01:12:14'),
	(50, 'Israel Standard Time', 'JDT', 3, '(UTC+02:00) Jerusalem', 'Asia/Jerusalem', 1, '2022-03-25 01:12:14', '2022-03-25 01:12:14'),
	(51, 'Libya Standard Time', 'LST', 2, '(UTC+02:00) Tripoli', 'Africa/Tripoli', 0, '2022-03-25 01:12:14', '2022-03-25 01:12:14'),
	(52, 'Jordan Standard Time', 'JST', 3, '(UTC+03:00) Amman', 'Asia/Amman', 0, '2022-03-25 01:12:14', '2022-03-25 01:12:14'),
	(53, 'Arabic Standard Time', 'AST', 3, '(UTC+03:00) Baghdad', 'Asia/Baghdad', 0, '2022-03-25 01:12:14', '2022-03-25 01:12:14'),
	(54, 'Kaliningrad Standard Time', 'KST', 3, '(UTC+03:00) Kaliningrad, Minsk', 'Europe/Kaliningrad', 0, '2022-03-25 01:12:14', '2022-03-25 01:12:14'),
	(55, 'Arab Standard Time', 'AST', 3, '(UTC+03:00) Aden, Bahrain, Kuwait, Riyadh, Qatar', 'Asia/Qatar', 0, '2022-03-25 01:12:14', '2022-03-25 01:12:14'),
	(56, 'E. Africa Standard Time', 'EAST', 3, '(UTC+03:00) Nairobi, Comoro, Juba', 'Africa/Nairobi', 0, '2022-03-25 01:12:14', '2022-03-25 01:12:14'),
	(57, 'Iran Standard Time', 'IDT', 5, '(UTC+03:30) Tehran', 'Asia/Tehran', 1, '2022-03-25 01:12:15', '2022-03-25 01:12:15'),
	(58, 'Arabian Standard Time', 'AST', 4, '(UTC+04:00) Abu Dhabi, Muscat', 'Asia/Dubai', 0, '2022-03-25 01:12:15', '2022-03-25 01:12:15'),
	(59, 'Azerbaijan Standard Time', 'ADT', 5, '(UTC+04:00) Baku', 'Asia/Baku', 1, '2022-03-25 01:12:15', '2022-03-25 01:12:15'),
	(60, 'Russian Standard Time', 'RST', 4, '(UTC+04:00) Samara, Moscow, St. Petersburg, Simferopol, Volgograd', 'Europe/Moscow', 0, '2022-03-25 01:12:15', '2022-03-25 01:12:15'),
	(61, 'Mauritius Standard Time', 'MST', 4, '(UTC+04:00) Port Louis, Mauritius, Reunion, Mahe', 'Indian/Mauritius', 0, '2022-03-25 01:12:15', '2022-03-25 01:12:15'),
	(62, 'Georgian Standard Time', 'GST', 4, '(UTC+04:00) Tbilisi', 'Asia/Tbilisi', 0, '2022-03-25 01:12:15', '2022-03-25 01:12:15'),
	(63, 'Caucasus Standard Time', 'CST', 4, '(UTC+04:00) Yerevan', 'Asia/Yerevan', 0, '2022-03-25 01:12:15', '2022-03-25 01:12:15'),
	(64, 'Afghanistan Standard Time', 'AST', 5, '(UTC+04:30) Kabul', 'Asia/Kabul', 0, '2022-03-25 01:12:15', '2022-03-25 01:12:15'),
	(65, 'West Asia Standard Time', 'WAST', 5, '(UTC+05:00) Ashgabat, Dushanbe, Tashkent, Maldives', 'Asia/Tashkent', 0, '2022-03-25 01:12:15', '2022-03-25 01:12:15'),
	(66, 'Pakistan Standard Time', 'PST', 5, '(UTC+05:00) Islamabad, Karachi', 'Asia/Karachi', 0, '2022-03-25 01:12:15', '2022-03-25 01:12:15'),
	(67, 'India Standard Time', 'IST', 6, '(UTC+05:30) Chennai, Kolkata, Mumbai, New Delhi', 'Asia/Calcutta', 0, '2022-03-25 01:12:15', '2022-03-25 01:12:15'),
	(68, 'Sri Lanka Standard Time', 'SLST', 6, '(UTC+05:30) Sri Jayawardenepura', 'Asia/Colombo', 0, '2022-03-25 01:12:15', '2022-03-25 01:12:15'),
	(69, 'Nepal Standard Time', 'NST', 6, '(UTC+05:45) Kathmandu', 'Asia/Katmandu', 0, '2022-03-25 01:12:15', '2022-03-25 01:12:15'),
	(70, 'Central Asia Standard Time', 'CAST', 6, '(UTC+06:00) Astana, Dhaka, Thimphu', 'Asia/Dhaka', 0, '2022-03-25 01:12:15', '2022-03-25 01:12:15'),
	(71, 'Ekaterinburg Standard Time', 'EST', 6, '(UTC+06:00) Ekaterinburg', 'Asia/Yekaterinburg', 0, '2022-03-25 01:12:15', '2022-03-25 01:12:15'),
	(72, 'Myanmar Standard Time', 'MST', 7, '(UTC+06:30) Yangon (Rangoon), Cocos', 'Asia/Rangoon', 0, '2022-03-25 01:12:15', '2022-03-25 01:12:15'),
	(73, 'SE Asia Standard Time', 'SAST', 7, '(UTC+07:00) Bangkok, Hanoi, Jakarta, Saigon', 'Asia/Bangkok', 0, '2022-03-25 01:12:15', '2022-03-25 01:12:15'),
	(74, 'N. Central Asia Standard Time', 'NCAST', 7, '(UTC+07:00) Novosibirsk', 'Asia/Novosibirsk', 0, '2022-03-25 01:12:15', '2022-03-25 01:12:15'),
	(75, 'China Standard Time', 'CST', 8, '(UTC+08:00) Beijing, Chongqing, Hong Kong, Macau, Shanghai, Urumqi', 'Asia/Shanghai', 0, '2022-03-25 01:12:15', '2022-03-25 01:12:15'),
	(76, 'North Asia Standard Time', 'NAST', 8, '(UTC+08:00) Krasnoyarsk', 'Asia/Krasnoyarsk', 0, '2022-03-25 01:12:15', '2022-03-25 01:12:15'),
	(77, 'Singapore Standard Time', 'MPST', 8, '(UTC+08:00) Kuala Lumpur, Singapore, Brunei, Makassar, Manila', 'Asia/Singapore', 0, '2022-03-25 01:12:15', '2022-03-25 01:12:15'),
	(78, 'W. Australia Standard Time', 'WAST', 8, '(UTC+08:00) Perth', 'Australia/Perth', 0, '2022-03-25 01:12:15', '2022-03-25 01:12:15'),
	(79, 'Taipei Standard Time', 'TST', 8, '(UTC+08:00) Taipei', 'Asia/Taipei', 0, '2022-03-25 01:12:15', '2022-03-25 01:12:15'),
	(80, 'Ulaanbaatar Standard Time', 'UST', 8, '(UTC+08:00) Ulaanbaatar', 'Asia/Ulaanbaatar', 0, '2022-03-25 01:12:15', '2022-03-25 01:12:15'),
	(81, 'North Asia East Standard Time', 'NAEST', 9, '(UTC+09:00) Irkutsk', 'Asia/Irkutsk', 0, '2022-03-25 01:12:15', '2022-03-25 01:12:15'),
	(82, 'Tokyo Standard Time', 'TST', 9, '(UTC+09:00) Dili, Osaka, Palau, Sapporo, Tokyo', 'Asia/Tokyo', 0, '2022-03-25 01:12:16', '2022-03-25 01:12:16'),
	(83, 'Korea Standard Time', 'KST', 9, '(UTC+09:00) Pyongyang, Seoul', 'Asia/Seoul', 0, '2022-03-25 01:12:16', '2022-03-25 01:12:16'),
	(84, 'Cen. Australia Standard Time', 'CAST', 10, '(UTC+09:30) Adelaide', 'Australia/Adelaide', 0, '2022-03-25 01:12:16', '2022-03-25 01:12:16'),
	(85, 'AUS Central Standard Time', 'ACST', 10, '(UTC+09:30) Darwin', 'Australia/Darwin', 0, '2022-03-25 01:12:16', '2022-03-25 01:12:16'),
	(86, 'E. Australia Standard Time', 'EAST', 10, '(UTC+10:00) Brisbane', 'Australia/Brisbane', 0, '2022-03-25 01:12:16', '2022-03-25 01:12:16'),
	(87, 'AUS Eastern Standard Time', 'AEST', 10, '(UTC+10:00) Canberra, Melbourne, Sydney', 'Australia/Sydney', 0, '2022-03-25 01:12:16', '2022-03-25 01:12:16'),
	(88, 'West Pacific Standard Time', 'WPST', 10, '(UTC+10:00) Guam, Port Moresby', 'Pacific/Guam', 0, '2022-03-25 01:12:16', '2022-03-25 01:12:16'),
	(89, 'Tasmania Standard Time', 'TST', 10, '(UTC+10:00) Hobart', 'Australia/Hobart', 0, '2022-03-25 01:12:16', '2022-03-25 01:12:16'),
	(90, 'Yakutsk Standard Time', 'YST', 10, '(UTC+10:00) Yakutsk', 'Asia/Yakutsk', 0, '2022-03-25 01:12:16', '2022-03-25 01:12:16'),
	(91, 'Central Pacific Standard Time', 'CPST', 11, '(UTC+11:00) Solomon Is., New Caledonia', 'Pacific/Guadalcanal', 0, '2022-03-25 01:12:16', '2022-03-25 01:12:16'),
	(92, 'Vladivostok Standard Time', 'VST', 11, '(UTC+11:00) Vladivostok', 'Asia/Vladivostok', 0, '2022-03-25 01:12:16', '2022-03-25 01:12:16'),
	(93, 'New Zealand Standard Time', 'NZST', 12, '(UTC+12:00) Auckland, Wellington', 'Antarctica/McMurdo', 0, '2022-03-25 01:12:16', '2022-03-25 01:12:16'),
	(94, 'UTC+12', 'U', 12, '(UTC+12:00) Coordinated Universal Time+12', 'Pacific/Tarawa', 0, '2022-03-25 01:12:16', '2022-03-25 01:12:16'),
	(95, 'Fiji Standard Time', 'FST', 12, '(UTC+12:00) Fiji', 'Pacific/Fiji', 0, '2022-03-25 01:12:16', '2022-03-25 01:12:16'),
	(96, 'Magadan Standard Time', 'MST', 12, '(UTC+12:00) Magadan', 'Asia/Magadan', 0, '2022-03-25 01:12:16', '2022-03-25 01:12:16'),
	(97, 'Samoa/Tonga/Kamchatka Standard Time', 'SST', 13, '(UTC+13:00) Samoa, Tongatapu, Fakaofo, Enderbury', 'Pacific/Apia', 0, '2022-03-25 01:12:16', '2022-03-25 01:12:16');
/*!40000 ALTER TABLE `timezones` ENABLE KEYS */;

-- Dumping structure for table zcart2511.users
CREATE TABLE IF NOT EXISTS `users` (
  `id` bigint(20) unsigned NOT NULL AUTO_INCREMENT,
  `shop_id` int(10) unsigned DEFAULT NULL,
  `role_id` int(10) unsigned NOT NULL DEFAULT '3',
  `name` varchar(255) COLLATE utf8_unicode_ci DEFAULT NULL,
  `nice_name` varchar(255) COLLATE utf8_unicode_ci DEFAULT NULL,
  `email` varchar(255) COLLATE utf8_unicode_ci NOT NULL,
  `password` varchar(60) COLLATE utf8_unicode_ci NOT NULL,
  `dob` date DEFAULT NULL,
  `sex` varchar(255) COLLATE utf8_unicode_ci DEFAULT NULL,
  `description` longtext COLLATE utf8_unicode_ci,
  `last_visited_at` timestamp NULL DEFAULT NULL,
  `last_visited_from` varchar(45) COLLATE utf8_unicode_ci DEFAULT NULL,
  `active` tinyint(1) NOT NULL DEFAULT '1',
  `read_announcements_at` timestamp NULL DEFAULT NULL,
  `verification_token` varchar(100) COLLATE utf8_unicode_ci DEFAULT NULL,
  `email_verified_at` timestamp NULL DEFAULT NULL,
  `remember_token` varchar(100) COLLATE utf8_unicode_ci DEFAULT NULL,
  `deleted_at` timestamp NULL DEFAULT NULL,
  `created_at` timestamp NULL DEFAULT NULL,
  `updated_at` timestamp NULL DEFAULT NULL,
  PRIMARY KEY (`id`),
  UNIQUE KEY `users_email_unique` (`email`)
) ENGINE=InnoDB AUTO_INCREMENT=11 DEFAULT CHARSET=utf8 COLLATE=utf8_unicode_ci;

-- Dumping data for table zcart2511.users: ~10 rows (approximately)
/*!40000 ALTER TABLE `users` DISABLE KEYS */;
INSERT INTO `users` (`id`, `shop_id`, `role_id`, `name`, `nice_name`, `email`, `password`, `dob`, `sex`, `description`, `last_visited_at`, `last_visited_from`, `active`, `read_announcements_at`, `verification_token`, `email_verified_at`, `remember_token`, `deleted_at`, `created_at`, `updated_at`) VALUES
	(1, NULL, 1, 'Super Admin', 'SuperAdmin', 'superadmin@demo.com', '$2y$10$sNCXr1GH/mj4wEuPUm7ut.1GCaBjSqjA09oPYbpbD.dJ5r0nn4jmm', NULL, NULL, NULL, NULL, NULL, 1, NULL, NULL, NULL, 'PqFa9ARKn9SDWcMt2nq51ZHf9pEN2wxQN4qagkkieFlzJufx9adrbqd9REk6', NULL, '2022-03-25 01:12:30', '2022-03-25 01:12:30'),
	(2, NULL, 2, 'Admin User', 'Admin', 'admin@demo.com', '$2y$10$xJThf0jYaSxuX/OQpKg3POazQp7qwR9nE8cieob4b/V98dcu7u/pK', '1973-08-08', 'app.male', NULL, NULL, NULL, 1, NULL, NULL, NULL, 'rq2emrRo72', NULL, '2022-03-22 01:13:35', '2022-03-25 15:23:52'),
	(3, 1, 3, 'harajmarib', 'Haraj', 'info@harajmarib.com', '$2y$10$DRwjicHCBv3LlSxdEFCn6O6iVLveWSSCKy96OZFOU1aZdD4AOkcge', '2001-07-20', 'app.male', 'Haraj marib is market place to sell and buy&nbsp;', NULL, NULL, 1, NULL, NULL, NULL, NULL, NULL, '2022-03-25 01:13:36', '2022-03-25 15:03:04'),
	(4, 2, 3, 'ehsas', 'ehsas', 'info@ehsas.net', '$2y$10$uKZM13QDaw1tEjXCMlhFFuf5X6.j21x.I0mUFJGoE1wJRQUzrGH8K', '1990-06-30', 'app.male', 'Ehsas is ecommerce website for perfumes dropshopping', NULL, NULL, 1, NULL, NULL, NULL, NULL, NULL, '2022-03-18 01:13:36', '2022-03-25 15:05:03'),
	(5, 3, 3, 'muqak', 'muqak', 'info@muqak.com', '$2y$10$U36UdSPlvyFQORfpFidVXOp.ZE/BtBOsV1BjnN4fS2pZrQd9EUqEm', '2015-10-28', 'app.male', NULL, NULL, NULL, 1, NULL, NULL, NULL, NULL, NULL, '2022-03-19 01:13:37', '2022-03-25 15:06:26'),
	(6, 4, 3, 'salty', 'salty', 'info@salty.com', '$2y$10$XHN1zHWrbmG4b7NEe5u/y.R9KYINkjoEF5vQUNxapB/stsZf.9BcO', '1977-10-18', 'app.male', NULL, NULL, NULL, 1, '2022-03-25 01:56:04', NULL, NULL, NULL, NULL, '2022-03-12 01:13:37', '2022-03-25 15:06:59'),
	(7, 5, 3, 'hesapk', 'hesabek', 'info@hesbek.com', '$2y$10$uOy5cly6trG2oO5KTUtTKe10NMGxLNPoKdW0khtdCrrY18rf7g7Cq', '2010-07-04', 'app.female', NULL, NULL, NULL, 1, NULL, NULL, NULL, NULL, NULL, '2022-03-13 01:13:38', '2022-03-25 15:07:42'),
	(8, 6, 3, NULL, NULL, 'mohammed.hudair@gmail.com', '$2y$10$DcAIeToPRtw8yLJaBBSFt.vX9Iy.dHQh.vReDocUdvUaGzUvgHu/C', NULL, NULL, NULL, NULL, NULL, 1, NULL, 'zEAnOJDjdYSm9TDD2427yidz7e5zymlRZqgKuFY4', NULL, NULL, '2022-03-25 16:05:47', '2022-03-25 01:59:52', '2022-03-25 16:05:47'),
	(9, 7, 3, NULL, NULL, 'arab6ode@gmail.com', '$2y$10$Zxr7CqvizXzboZhNL3AHquGVCW8uvvuB/UmKoTyHeUQE2igX4vOZa', NULL, NULL, NULL, NULL, NULL, 1, NULL, 'dBAZWam2H6pjCdoP8zL6W9VdrzWCT8vKSrkGfg2l', NULL, NULL, '2022-03-25 16:05:33', '2022-03-25 02:18:54', '2022-03-25 16:05:33'),
	(10, 8, 3, NULL, NULL, 'mhudair30@gmail.com', '$2y$10$IhfpZFHJOOmBm2lAgFoPkOPQ/Jh/FtKpO0lpSDfPHJ7IEhZ0/lTWe', NULL, NULL, NULL, NULL, NULL, 1, NULL, 'kOH3E109XY4jGjeEb0PQCVWXt2M5ZldySUiaJT8b', NULL, NULL, '2022-03-25 16:05:06', '2022-03-25 02:19:41', '2022-03-25 16:05:06');
/*!40000 ALTER TABLE `users` ENABLE KEYS */;

-- Dumping structure for table zcart2511.user_warehouse
CREATE TABLE IF NOT EXISTS `user_warehouse` (
  `user_id` bigint(20) unsigned NOT NULL,
  `warehouse_id` int(10) unsigned NOT NULL,
  `created_at` timestamp NULL DEFAULT NULL,
  `updated_at` timestamp NULL DEFAULT NULL,
  KEY `user_warehouse_user_id_index` (`user_id`),
  KEY `user_warehouse_warehouse_id_index` (`warehouse_id`),
  CONSTRAINT `user_warehouse_user_id_foreign` FOREIGN KEY (`user_id`) REFERENCES `users` (`id`) ON DELETE CASCADE,
  CONSTRAINT `user_warehouse_warehouse_id_foreign` FOREIGN KEY (`warehouse_id`) REFERENCES `warehouses` (`id`) ON DELETE CASCADE
) ENGINE=InnoDB DEFAULT CHARSET=utf8 COLLATE=utf8_unicode_ci;

-- Dumping data for table zcart2511.user_warehouse: ~0 rows (approximately)
/*!40000 ALTER TABLE `user_warehouse` DISABLE KEYS */;
/*!40000 ALTER TABLE `user_warehouse` ENABLE KEYS */;

-- Dumping structure for table zcart2511.visitors
CREATE TABLE IF NOT EXISTS `visitors` (
  `ip` varchar(45) COLLATE utf8_unicode_ci NOT NULL,
  `mac` varchar(17) COLLATE utf8_unicode_ci DEFAULT NULL,
  `device` varchar(255) COLLATE utf8_unicode_ci DEFAULT NULL,
  `hits` mediumint(9) NOT NULL DEFAULT '0',
  `page_views` bigint(20) DEFAULT NULL,
  `country_code` varchar(2) COLLATE utf8_unicode_ci DEFAULT NULL,
  `info` text COLLATE utf8_unicode_ci,
  `deleted_at` timestamp NULL DEFAULT NULL,
  `created_at` timestamp NULL DEFAULT NULL,
  `updated_at` timestamp NULL DEFAULT NULL,
  PRIMARY KEY (`ip`)
) ENGINE=InnoDB DEFAULT CHARSET=utf8 COLLATE=utf8_unicode_ci;

-- Dumping data for table zcart2511.visitors: ~31 rows (approximately)
/*!40000 ALTER TABLE `visitors` DISABLE KEYS */;
INSERT INTO `visitors` (`ip`, `mac`, `device`, `hits`, `page_views`, `country_code`, `info`, `deleted_at`, `created_at`, `updated_at`) VALUES
	('::1', NULL, NULL, 1, 2, NULL, NULL, NULL, '2022-03-25 17:22:01', '2022-03-25 17:22:10'),
	('101.22.61.175', '58:31:E1:39:C9:EE', NULL, 447, 879, 'LR', NULL, NULL, '2021-10-25 01:15:54', '2021-10-25 01:15:54'),
	('107.32.198.89', '6C:F5:31:78:51:CC', NULL, 839, 1489, 'VG', NULL, NULL, '2021-10-25 01:15:54', '2021-10-25 01:15:54'),
	('11.235.59.111', 'F1:15:DE:0A:C1:D0', NULL, 701, 1094, 'UY', NULL, NULL, '2021-09-25 01:15:54', '2021-09-25 01:15:54'),
	('119.134.153.72', 'AB:2B:C1:F5:84:DF', NULL, 53, 710, 'GD', NULL, NULL, '2022-03-25 01:15:54', '2022-03-25 01:15:54'),
	('127.0.0.1', NULL, NULL, 1, 76, NULL, NULL, NULL, '2022-03-25 01:21:29', '2022-03-25 17:49:22'),
	('132.152.135.69', 'EB:39:2F:60:F9:6E', NULL, 1, 636, 'BE', NULL, NULL, '2021-11-25 01:15:54', '2021-11-25 01:15:54'),
	('137.184.159.101', 'AC:99:A8:F5:D7:83', NULL, 857, 1612, 'SE', NULL, NULL, '2021-10-25 01:15:54', '2021-10-25 01:15:54'),
	('137.95.11.248', '75:B3:77:4F:BA:F7', NULL, 326, 1262, 'DE', NULL, NULL, '2022-02-25 01:15:54', '2022-02-25 01:15:54'),
	('149.135.128.189', 'E2:BB:12:9D:5D:E9', NULL, 882, 941, 'PR', NULL, NULL, '2022-01-25 01:15:54', '2022-01-25 01:15:54'),
	('16.82.37.136', '60:D7:53:C5:84:6E', NULL, 496, 749, 'PT', NULL, NULL, '2021-11-25 01:15:54', '2021-11-25 01:15:54'),
	('171.61.18.190', 'CB:40:10:2C:53:65', NULL, 820, 956, 'GD', NULL, NULL, '2021-09-25 01:15:54', '2021-09-25 01:15:54'),
	('173.198.235.10', '80:1C:AF:07:37:66', NULL, 581, 1168, 'BO', NULL, NULL, '2022-03-25 01:15:54', '2022-03-25 01:15:54'),
	('181.148.119.127', '58:31:D1:80:0E:C8', NULL, 662, 931, 'PY', NULL, NULL, '2022-01-25 01:15:54', '2022-01-25 01:15:54'),
	('184.98.196.26', '60:F9:93:71:CB:D5', NULL, 567, 930, 'QA', NULL, NULL, '2021-12-25 01:15:54', '2021-12-25 01:15:54'),
	('198.185.129.115', '27:CB:83:DC:D5:90', NULL, 511, 925, 'GM', NULL, NULL, '2021-11-25 01:15:54', '2021-11-25 01:15:54'),
	('211.157.134.122', '1A:C0:37:D1:6D:B4', NULL, 417, 531, 'ZM', NULL, NULL, '2021-11-25 01:15:54', '2021-11-25 01:15:54'),
	('216.142.108.183', '20:47:57:96:69:CA', NULL, 853, 958, 'NE', NULL, NULL, '2021-09-25 01:15:54', '2021-09-25 01:15:54'),
	('218.115.58.28', 'AA:C9:A3:E2:9F:8E', NULL, 792, 1316, 'SN', NULL, NULL, '2021-09-25 01:15:54', '2021-09-25 01:15:54'),
	('222.49.114.44', '7F:0A:AA:91:87:AC', NULL, 224, 860, 'IL', NULL, NULL, '2022-03-25 01:15:54', '2022-03-25 01:15:54'),
	('225.60.255.214', '05:39:EA:88:51:1C', NULL, 79, 450, 'SC', NULL, NULL, '2022-03-25 01:15:54', '2022-03-25 01:15:54'),
	('231.195.51.59', 'F5:D0:48:30:0D:5A', NULL, 726, 1083, 'CR', NULL, NULL, '2021-10-25 01:15:54', '2021-10-25 01:15:54'),
	('236.182.122.72', '32:BE:DF:29:45:4B', NULL, 700, 884, 'KI', NULL, NULL, '2022-03-25 01:15:54', '2022-03-25 01:15:54'),
	('238.169.60.28', '71:34:B1:8B:70:81', NULL, 133, 431, 'TT', NULL, NULL, '2021-10-25 01:15:54', '2021-10-25 01:15:54'),
	('241.139.101.95', '94:F4:65:C2:98:D2', NULL, 265, 647, 'AZ', NULL, NULL, '2022-03-25 01:15:54', '2022-03-25 01:15:54'),
	('3.252.214.174', '7E:84:F1:07:39:7E', NULL, 282, 711, 'KR', NULL, NULL, '2022-02-25 01:15:54', '2022-02-25 01:15:54'),
	('33.9.143.103', '24:65:63:64:50:C9', NULL, 460, 1355, 'LB', NULL, NULL, '2022-01-25 01:15:54', '2022-01-25 01:15:54'),
	('52.126.157.36', '24:83:FE:98:75:A2', NULL, 275, 549, 'BN', NULL, NULL, '2022-03-25 01:15:54', '2022-03-25 01:15:54'),
	('62.52.141.224', '2F:41:EA:D7:9C:BF', NULL, 828, 1142, 'UA', NULL, NULL, '2022-01-25 01:15:54', '2022-01-25 01:15:54'),
	('91.164.123.241', '09:D6:D6:97:F7:E2', NULL, 468, 1207, 'MA', NULL, NULL, '2021-09-25 01:15:54', '2021-09-25 01:15:54'),
	('95.165.187.237', 'A3:B4:AE:AE:44:A8', NULL, 25, 607, 'MA', NULL, NULL, '2021-11-25 01:15:54', '2021-11-25 01:15:54'),
	('99.92.70.87', '39:59:55:E6:6D:C3', NULL, 373, 753, 'SI', NULL, NULL, '2022-03-25 01:15:54', '2022-03-25 01:15:54');
/*!40000 ALTER TABLE `visitors` ENABLE KEYS */;

-- Dumping structure for table zcart2511.warehouses
CREATE TABLE IF NOT EXISTS `warehouses` (
  `id` int(10) unsigned NOT NULL AUTO_INCREMENT,
  `shop_id` int(10) unsigned DEFAULT NULL,
  `name` varchar(255) COLLATE utf8_unicode_ci NOT NULL,
  `email` varchar(255) COLLATE utf8_unicode_ci DEFAULT NULL,
  `incharge` bigint(20) unsigned DEFAULT NULL,
  `description` longtext COLLATE utf8_unicode_ci,
  `opening_time` varchar(20) COLLATE utf8_unicode_ci NOT NULL DEFAULT '0',
  `close_time` varchar(20) COLLATE utf8_unicode_ci NOT NULL DEFAULT '0',
  `business_days` varchar(200) COLLATE utf8_unicode_ci DEFAULT NULL,
  `active` tinyint(1) NOT NULL DEFAULT '1',
  `deleted_at` timestamp NULL DEFAULT NULL,
  `created_at` timestamp NULL DEFAULT NULL,
  `updated_at` timestamp NULL DEFAULT NULL,
  PRIMARY KEY (`id`),
  KEY `warehouses_shop_id_foreign` (`shop_id`),
  CONSTRAINT `warehouses_shop_id_foreign` FOREIGN KEY (`shop_id`) REFERENCES `shops` (`id`) ON DELETE CASCADE
) ENGINE=InnoDB AUTO_INCREMENT=2 DEFAULT CHARSET=utf8 COLLATE=utf8_unicode_ci;

-- Dumping data for table zcart2511.warehouses: ~0 rows (approximately)
/*!40000 ALTER TABLE `warehouses` DISABLE KEYS */;
INSERT INTO `warehouses` (`id`, `shop_id`, `name`, `email`, `incharge`, `description`, `opening_time`, `close_time`, `business_days`, `active`, `deleted_at`, `created_at`, `updated_at`) VALUES
	(1, 4, 'Lesch-Lynch', 'theresia.kuhic@hilpert.com', 6, 'Et fuga quidem omnis aut numquam. Aut nemo qui incidunt quis esse modi. Dolorum non occaecati recusandae consequatur cumque dolorem omnis minima. Eum accusamus cupiditate nesciunt labore tempore laudantium. Quidem voluptatem voluptatibus expedita repellat culpa voluptas. Pariatur saepe voluptatem adipisci laudantium voluptatum qui. Neque expedita et consectetur sit dolorum eum dolorem. Qui dolores provident maxime deleniti sint.', '0', '0', NULL, 1, NULL, '2022-03-25 01:14:25', '2022-03-25 01:14:25');
/*!40000 ALTER TABLE `warehouses` ENABLE KEYS */;

-- Dumping structure for table zcart2511.wishlists
CREATE TABLE IF NOT EXISTS `wishlists` (
  `id` bigint(20) unsigned NOT NULL AUTO_INCREMENT,
  `inventory_id` bigint(20) unsigned DEFAULT NULL,
  `product_id` bigint(20) unsigned DEFAULT NULL,
  `customer_id` bigint(20) unsigned NOT NULL,
  `created_at` timestamp NULL DEFAULT NULL,
  `updated_at` timestamp NULL DEFAULT NULL,
  PRIMARY KEY (`id`),
  KEY `wishlists_product_id_foreign` (`product_id`),
  KEY `wishlists_inventory_id_foreign` (`inventory_id`),
  CONSTRAINT `wishlists_inventory_id_foreign` FOREIGN KEY (`inventory_id`) REFERENCES `inventories` (`id`) ON DELETE SET NULL,
  CONSTRAINT `wishlists_product_id_foreign` FOREIGN KEY (`product_id`) REFERENCES `products` (`id`) ON DELETE CASCADE
) ENGINE=InnoDB AUTO_INCREMENT=16 DEFAULT CHARSET=utf8 COLLATE=utf8_unicode_ci;

-- Dumping data for table zcart2511.wishlists: ~15 rows (approximately)
/*!40000 ALTER TABLE `wishlists` DISABLE KEYS */;
INSERT INTO `wishlists` (`id`, `inventory_id`, `product_id`, `customer_id`, `created_at`, `updated_at`) VALUES
	(1, 82, 7, 1, '2022-03-18 01:15:43', '2022-03-18 01:15:43'),
	(2, 48, 35, 1, '2022-03-23 01:15:43', '2022-03-23 01:15:43'),
	(3, 62, 41, 1, '2022-03-15 01:15:43', '2022-03-15 01:15:43'),
	(4, 33, 32, 1, '2022-03-16 01:15:43', '2022-03-16 01:15:43'),
	(5, 80, 51, 1, '2022-03-22 01:15:43', '2022-03-22 01:15:43'),
	(6, 78, 30, 1, '2022-03-21 01:15:43', '2022-03-21 01:15:43'),
	(7, 72, 33, 1, '2022-03-15 01:15:43', '2022-03-15 01:15:43'),
	(8, 32, 11, 1, '2022-03-19 01:15:43', '2022-03-19 01:15:43'),
	(9, 47, 46, 1, '2022-03-19 01:15:43', '2022-03-19 01:15:43'),
	(10, 88, 11, 1, '2022-03-14 01:15:43', '2022-03-14 01:15:43'),
	(11, 76, 10, 1, '2022-03-20 01:15:43', '2022-03-20 01:15:43'),
	(12, 7, 20, 1, '2022-03-15 01:15:43', '2022-03-15 01:15:43'),
	(13, 83, 45, 1, '2022-03-17 01:15:43', '2022-03-17 01:15:43'),
	(14, 35, 32, 1, '2022-03-14 01:15:43', '2022-03-14 01:15:43'),
	(15, 35, 32, 1, '2022-03-16 01:15:43', '2022-03-16 01:15:43');
/*!40000 ALTER TABLE `wishlists` ENABLE KEYS */;

/*!40101 SET SQL_MODE=IFNULL(@OLD_SQL_MODE, '') */;
/*!40014 SET FOREIGN_KEY_CHECKS=IFNULL(@OLD_FOREIGN_KEY_CHECKS, 1) */;
/*!40101 SET CHARACTER_SET_CLIENT=@OLD_CHARACTER_SET_CLIENT */;
/*!40111 SET SQL_NOTES=IFNULL(@OLD_SQL_NOTES, 1) */;
